-- phpMyAdmin SQL Dump
-- version 4.9.5deb2
-- https://www.phpmyadmin.net/
--
-- Host: localhost:3306
-- Generation Time: Nov 06, 2022 at 03:03 PM
-- Server version: 8.0.31-0ubuntu0.20.04.1
-- PHP Version: 7.4.3

SET SQL_MODE = "NO_AUTO_VALUE_ON_ZERO";
SET AUTOCOMMIT = 0;
START TRANSACTION;
SET time_zone = "+00:00";


/*!40101 SET @OLD_CHARACTER_SET_CLIENT=@@CHARACTER_SET_CLIENT */;
/*!40101 SET @OLD_CHARACTER_SET_RESULTS=@@CHARACTER_SET_RESULTS */;
/*!40101 SET @OLD_COLLATION_CONNECTION=@@COLLATION_CONNECTION */;
/*!40101 SET NAMES utf8mb4 */;

--
-- Database: `uat_mawfoo`
--

-- --------------------------------------------------------

--
-- Table structure for table `admins`
--

CREATE TABLE `admins` (
  `id` int NOT NULL,
  `storeId` int DEFAULT NULL,
  `parentId` int DEFAULT NULL,
  `username` varchar(255) DEFAULT NULL,
  `password` varchar(255) DEFAULT NULL,
  `type` varchar(255) DEFAULT NULL,
  `adminName` varchar(255) DEFAULT NULL,
  `email` varchar(255) DEFAULT NULL,
  `mobile` varchar(255) DEFAULT NULL,
  `address` text,
  `image` varchar(255) DEFAULT NULL,
  `designation` varchar(255) DEFAULT NULL,
  `otp` int DEFAULT NULL,
  `pushToken` text,
  `status` enum('active','inactive','archive') DEFAULT 'active',
  `createdBy` varchar(100) DEFAULT NULL,
  `createdAt` datetime DEFAULT NULL,
  `updatedBy` varchar(100) DEFAULT NULL,
  `updatedAt` datetime DEFAULT NULL
) ENGINE=InnoDB DEFAULT CHARSET=utf8mb4 COLLATE=utf8mb4_0900_ai_ci COMMENT='Admins Table';

--
-- Dumping data for table `admins`
--

INSERT INTO `admins` (`id`, `storeId`, `parentId`, `username`, `password`, `type`, `adminName`, `email`, `mobile`, `address`, `image`, `designation`, `otp`, `pushToken`, `status`, `createdBy`, `createdAt`, `updatedBy`, `updatedAt`) VALUES
(1, NULL, NULL, 'admin@shanviatech.in', '$2a$10$YqcUTw5cEHjgJQfvpX7y9eyp6/BqM693cIa4zIii01BFWsKwiosz2', NULL, 'admin@shanviatech.in', 'admin@shanviatech.in', '9887655421', '', NULL, NULL, NULL, NULL, 'active', NULL, '2022-01-05 16:21:25', '1', '2022-06-22 16:30:30'),
(13, 30, NULL, 'p@gmail.com', '$2a$10$LMxnNGLKBKwgMjhrN71ZueBuuvnHVeEnoqHEA/AbfqiCjZgtBApIe', NULL, 'Admin', 'p@gmail.com', '8670211650', 'Station Road, Balichak, Paschim Medinipur', NULL, NULL, 6537, NULL, 'archive', NULL, '2022-01-05 16:27:58', '1', '2022-07-04 14:34:35'),
(43, 30, NULL, 'digital@lastingsillage.com', '$2a$10$Hnapn4XZzGAvN/JTF44pP.HeMOPypn.WG2eFvSph9PLAZFvNzK5zi', NULL, 'Zeeshan Anjum', 'digital@lastingsillage.com', '+971551630694', '901, Lake central tower, Marasi Drive, Business Bay, Dubai', NULL, NULL, NULL, NULL, 'active', '1', '2022-07-04 11:12:06', '1', '2022-08-15 15:55:12'),
(44, 30, NULL, 'test@gmail.com', '$2a$10$qEvvZQhyl7azJVnK3N6u/.XaDKZpRmRqfYu7i5wWNQWs.ND9f4hje', NULL, 'test', 'test@gmail.com', '8670211650', 'test,', NULL, NULL, NULL, NULL, 'active', '1', '2022-07-04 14:36:49', NULL, '2022-07-04 14:36:49'),
(45, 30, NULL, 'tt@tm.com', '$2a$10$TdEeuF0j93Cu7LdP22tY8OTVjCzbCTEU4mqkN0h8805g/BjCdwxM.', NULL, 'test', 'tt@tm.com', '8670211651', 'oiuoireuoi', NULL, NULL, NULL, NULL, 'active', '1', '2022-07-04 14:38:43', NULL, '2022-07-04 14:38:43');

-- --------------------------------------------------------

--
-- Table structure for table `admins_bkp_05_01_2022`
--

CREATE TABLE `admins_bkp_05_01_2022` (
  `id` int NOT NULL,
  `storeId` int DEFAULT NULL,
  `parentId` int DEFAULT NULL,
  `username` varchar(255) CHARACTER SET utf8mb3 COLLATE utf8mb3_bin DEFAULT NULL,
  `password` varchar(255) CHARACTER SET utf8mb3 COLLATE utf8mb3_bin DEFAULT NULL,
  `type` varchar(255) CHARACTER SET utf8mb3 COLLATE utf8mb3_bin DEFAULT NULL,
  `adminName` varchar(255) CHARACTER SET utf8mb3 COLLATE utf8mb3_bin DEFAULT NULL,
  `email` varchar(255) CHARACTER SET utf8mb3 COLLATE utf8mb3_bin DEFAULT NULL,
  `mobile` varchar(255) CHARACTER SET utf8mb3 COLLATE utf8mb3_bin DEFAULT NULL,
  `address` text CHARACTER SET utf8mb3 COLLATE utf8mb3_bin,
  `image` varchar(255) CHARACTER SET utf8mb3 COLLATE utf8mb3_bin DEFAULT NULL,
  `designation` varchar(255) CHARACTER SET utf8mb3 COLLATE utf8mb3_bin DEFAULT NULL,
  `otp` int DEFAULT NULL,
  `pushToken` text CHARACTER SET utf8mb3 COLLATE utf8mb3_bin,
  `status` enum('active','inactive','archive') CHARACTER SET utf8mb3 COLLATE utf8mb3_bin DEFAULT 'active',
  `createdBy` varchar(100) CHARACTER SET utf8mb3 COLLATE utf8mb3_bin DEFAULT NULL,
  `createdAt` datetime DEFAULT NULL,
  `updatedBy` varchar(100) CHARACTER SET utf8mb3 COLLATE utf8mb3_bin DEFAULT NULL,
  `updatedAt` datetime DEFAULT NULL
) ENGINE=InnoDB DEFAULT CHARSET=utf8mb3 COLLATE=utf8mb3_bin COMMENT='Admins Table';

--
-- Dumping data for table `admins_bkp_05_01_2022`
--

INSERT INTO `admins_bkp_05_01_2022` (`id`, `storeId`, `parentId`, `username`, `password`, `type`, `adminName`, `email`, `mobile`, `address`, `image`, `designation`, `otp`, `pushToken`, `status`, `createdBy`, `createdAt`, `updatedBy`, `updatedAt`) VALUES
(1, NULL, NULL, 'admin@shanviatech.in', '$2a$10$LMxnNGLKBKwgMjhrN71ZueBuuvnHVeEnoqHEA/AbfqiCjZgtBApIe', NULL, 'admin@shanviatech.in', 'admin@shanviatech.in', NULL, NULL, NULL, NULL, NULL, NULL, 'active', NULL, NULL, NULL, NULL),
(14, NULL, 14, 'manager@mdn.com', '$2a$10$yva47LvwbfKLzWGPR9kX5eWSZTXy2DeW7YyD3Qr/EbfZM3RQTktca', NULL, 'Manager Midnapur', 'manager@mdn.com', '1234567890', 'test', NULL, NULL, NULL, NULL, 'archive', '1', '2021-07-07 02:38:52', '1', '2021-08-20 06:29:41'),
(15, NULL, 14, 'admin@mdn.com', '$2a$10$HJ2p1QnJ5MUanOgVkF53EOoTsZfsdu/8W2WznGcu3MwazT0PRERwe', NULL, 'Admin Midnapur', 'admin@mdn.com', '8965852659', 'test', NULL, NULL, NULL, NULL, 'active', '1', '2021-07-07 07:16:19', '14', '2021-08-20 06:30:51'),
(16, NULL, NULL, 'admin@belda.com', '$2a$10$LMxnNGLKBKwgMjhrN71ZueBuuvnHVeEnoqHEA/AbfqiCjZgtBApIe', NULL, 'Admin Belda', 'admin@belda.com', '4586985265', 'test', NULL, NULL, NULL, NULL, 'archive', '1', '2021-07-07 11:17:05', '1', '2021-08-20 06:31:49'),
(17, NULL, NULL, 'plywale@gmail.com', '$2a$10$wxObmYdRcQZM.GgtkVXlSuEbLqLUbhRM2L6t/n5hrASk3qO43Dt8W', NULL, 'Plywale', 'plywale@gmail.com', '9851911670', NULL, NULL, NULL, 8231, 'cl7Tm43TXo0:APA91bH_3XfaZhVLZb3SCiLBaNCVNjNR_c_fwXoAIjtTCnmCXCuGnsLOGJxsW3Yh39CD5uOqfSYuGz1hFrCsszZavrNHWpafdPqMviL5MgIXlEl_VhjlOhlL4qSULFjhhKD95GMfUhmu', 'active', NULL, '2021-08-30 08:27:25', '17', '2021-12-30 12:13:46'),
(18, NULL, 18, 'zbrdst@gmail.com', '$2a$10$WBrFnLbRhfZxUPMNnq8f2O6rikDpUDxgbxzE8GtAoxTmgW41nbSsC', NULL, 'Zbrdst Admin', 'zbrdst@gmail.com', '9614271996', 'B/8,Aurobindo Nagar, Judge Court road, Midnapore', NULL, NULL, 9766, 'dPmDGYsvQjI:APA91bH9oeu83ugnZkMqoycAVSo0PYsc9ks9B59LEePvo8XMB1i_IBtDQlRyuTO6LJX9Ji_oThd2Fz3ouCivtb3uEJG6AjlWa3Rs0TZaAMC215CIw1SKNji4kgmS1Fv9-WtpWA4l_9sT', 'archive', NULL, '2021-10-26 12:03:08', '18', '2022-01-05 07:13:45'),
(19, NULL, NULL, NULL, NULL, NULL, 'Debrajg', 'gfh@gg.com', '8888899999', NULL, NULL, 'hfghf', NULL, NULL, 'active', NULL, '2021-12-01 12:24:37', NULL, '2021-12-11 09:17:09'),
(25, NULL, NULL, 'grocery@gmail.com', '$2a$10$WBrFnLbRhfZxUPMNnq8f2O6rikDpUDxgbxzE8GtAoxTmgW41nbSsC', NULL, 'Admin', 'grocery@gmail.com', '8670211650', 'Station Road, Balichak, Paschim Medinipur', NULL, NULL, 2919, 'dPmDGYsvQjI:APA91bH9oeu83ugnZkMqoycAVSo0PYsc9ks9B59LEePvo8XMB1i_IBtDQlRyuTO6LJX9Ji_oThd2Fz3ouCivtb3uEJG6AjlWa3Rs0TZaAMC215CIw1SKNji4kgmS1Fv9-WtpWA4l_9sT', 'active', NULL, '2021-12-30 13:58:29', '25', '2022-01-05 10:29:08');

-- --------------------------------------------------------

--
-- Table structure for table `admins_bkp_06_01`
--

CREATE TABLE `admins_bkp_06_01` (
  `id` int NOT NULL,
  `storeId` int DEFAULT NULL,
  `cId` int DEFAULT NULL,
  `parentId` int DEFAULT NULL,
  `username` varchar(255) DEFAULT NULL,
  `password` varchar(255) DEFAULT NULL,
  `type` varchar(255) DEFAULT NULL,
  `adminName` varchar(255) DEFAULT NULL,
  `email` varchar(255) DEFAULT NULL,
  `mobile` varchar(255) DEFAULT NULL,
  `address` text,
  `image` varchar(255) DEFAULT NULL,
  `designation` varchar(255) DEFAULT NULL,
  `otp` int DEFAULT NULL,
  `pushToken` text,
  `status` enum('active','inactive','archive') DEFAULT 'active',
  `createdBy` varchar(100) DEFAULT NULL,
  `createdAt` datetime DEFAULT NULL,
  `updatedBy` varchar(100) DEFAULT NULL,
  `updatedAt` datetime DEFAULT NULL
) ENGINE=InnoDB DEFAULT CHARSET=utf8mb4 COLLATE=utf8mb4_0900_ai_ci COMMENT='Admins Table';

--
-- Dumping data for table `admins_bkp_06_01`
--

INSERT INTO `admins_bkp_06_01` (`id`, `storeId`, `cId`, `parentId`, `username`, `password`, `type`, `adminName`, `email`, `mobile`, `address`, `image`, `designation`, `otp`, `pushToken`, `status`, `createdBy`, `createdAt`, `updatedBy`, `updatedAt`) VALUES
(1, NULL, NULL, NULL, 'admin@shanviatech.in', '$2a$10$LMxnNGLKBKwgMjhrN71ZueBuuvnHVeEnoqHEA/AbfqiCjZgtBApIe', NULL, 'admin@shanviatech.in', 'admin@shanviatech.in', NULL, NULL, NULL, NULL, NULL, NULL, 'active', NULL, '2022-01-05 16:21:25', NULL, '2022-01-05 16:21:25'),
(3, NULL, NULL, NULL, 'plywale@gmail.com', '$2a$10$wxObmYdRcQZM.GgtkVXlSuEbLqLUbhRM2L6t/n5hrASk3qO43Dt8W', NULL, 'Plywale', 'plywale@gmail.com', '9851911670', NULL, NULL, NULL, 8231, 'cl7Tm43TXo0:APA91bH_3XfaZhVLZb3SCiLBaNCVNjNR_c_fwXoAIjtTCnmCXCuGnsLOGJxsW3Yh39CD5uOqfSYuGz1hFrCsszZavrNHWpafdPqMviL5MgIXlEl_VhjlOhlL4qSULFjhhKD95GMfUhmu', 'active', NULL, '2022-01-05 16:25:07', NULL, '2022-01-05 16:25:07'),
(4, NULL, NULL, NULL, 'zbrdst@gmail.com', '$2a$10$LMxnNGLKBKwgMjhrN71ZueBuuvnHVeEnoqHEA/AbfqiCjZgtBApIe', NULL, 'Zbrdst Admin', 'zbrdst@gmail.com', '9614271996', 'B/8,Aurobindo Nagar, Judge Court road, Midnapore', NULL, NULL, 3348, 'dPmDGYsvQjI:APA91bH9oeu83ugnZkMqoycAVSo0PYsc9ks9B59LEePvo8XMB1i_IBtDQlRyuTO6LJX9Ji_oThd2Fz3ouCivtb3uEJG6AjlWa3Rs0TZaAMC215CIw1SKNji4kgmS1Fv9-WtpWA4l_9sT', 'active', NULL, '2022-01-05 16:26:40', NULL, '2022-01-06 10:14:55'),
(5, NULL, NULL, NULL, 'grocery@gmail.com', '$2a$10$WBrFnLbRhfZxUPMNnq8f2O6rikDpUDxgbxzE8GtAoxTmgW41nbSsC', NULL, 'Admin', 'grocery@gmail.com', '8670211650', 'Station Road, Balichak, Paschim Medinipur', NULL, NULL, 2919, 'dPmDGYsvQjI:APA91bH9oeu83ugnZkMqoycAVSo0PYsc9ks9B59LEePvo8XMB1i_IBtDQlRyuTO6LJX9Ji_oThd2Fz3ouCivtb3uEJG6AjlWa3Rs0TZaAMC215CIw1SKNji4kgmS1Fv9-WtpWA4l_9sT', 'active', NULL, '2022-01-05 16:27:58', NULL, '2022-01-05 16:27:58'),
(6, NULL, NULL, NULL, 'smarteducation@bluehorse.in', '$2a$10$0VPaJkzXzhCSo40WtGqcAucZjf7N.pad8dzH8J3s6W1L4A8tfbyGK', NULL, 'Smart education', 'smarteducation@bluehorse.in', '9876543210', 'Midnapore', NULL, NULL, NULL, NULL, 'active', NULL, '2022-01-06 07:49:56', NULL, '2022-01-06 07:49:56'),
(7, NULL, NULL, NULL, 'tezcommerce@bluehorse.in', '$2a$10$om9E6VaYKzn3VjSGJOGYt.CfoinaubD9dLwhy90YOWDll/wujpfZ.', NULL, 'Tezcommerce', 'tezcommerce@bluehorse.in', '9898989899', 'Midnapore', NULL, NULL, NULL, NULL, 'active', NULL, '2022-01-06 07:50:33', NULL, '2022-01-06 07:50:33'),
(8, NULL, NULL, NULL, 'kultigiri@bluehorse.in', '$2a$10$b/cu5dMwyc2nHR/BV0YSL.nlQQPz3XCsc8GaGNa8iicM1wYrghsSm', NULL, 'Kultigiri', 'kultigiri@bluehorse.in', '9999545454', 'Midnapore', NULL, NULL, NULL, NULL, 'active', NULL, '2022-01-06 07:51:08', NULL, '2022-01-06 07:51:08');

-- --------------------------------------------------------

--
-- Table structure for table `attributesetting`
--

CREATE TABLE `attributesetting` (
  `id` int NOT NULL,
  `storeId` int DEFAULT NULL,
  `attrName` varchar(255) CHARACTER SET utf8mb3 COLLATE utf8mb3_bin DEFAULT NULL,
  `fieldName` varchar(255) CHARACTER SET utf8mb3 COLLATE utf8mb3_bin DEFAULT NULL,
  `displayName` varchar(255) CHARACTER SET utf8mb3 COLLATE utf8mb3_bin DEFAULT NULL,
  `dataType` varchar(255) CHARACTER SET utf8mb3 COLLATE utf8mb3_bin DEFAULT NULL,
  `status` enum('Yes','No') CHARACTER SET utf8mb3 COLLATE utf8mb3_bin NOT NULL DEFAULT 'Yes',
  `createdBy` varchar(100) CHARACTER SET utf8mb3 COLLATE utf8mb3_bin DEFAULT NULL,
  `updatedBy` varchar(100) CHARACTER SET utf8mb3 COLLATE utf8mb3_bin DEFAULT NULL,
  `createdAt` datetime NOT NULL,
  `updatedAt` datetime NOT NULL
) ENGINE=InnoDB DEFAULT CHARSET=utf8mb3 COLLATE=utf8mb3_bin COMMENT='Attribute Setting Table';

-- --------------------------------------------------------

--
-- Table structure for table `attributevalue`
--

CREATE TABLE `attributevalue` (
  `id` int NOT NULL,
  `storeId` int DEFAULT NULL,
  `attrSettingId` int DEFAULT NULL,
  `attrName` varchar(255) CHARACTER SET utf8mb3 COLLATE utf8mb3_bin DEFAULT NULL,
  `label` varchar(255) CHARACTER SET utf8mb3 COLLATE utf8mb3_bin DEFAULT NULL,
  `value` varchar(255) CHARACTER SET utf8mb3 COLLATE utf8mb3_bin DEFAULT NULL,
  `slug` varchar(255) CHARACTER SET utf8mb3 COLLATE utf8mb3_bin DEFAULT NULL,
  `description` varchar(255) CHARACTER SET utf8mb3 COLLATE utf8mb3_bin DEFAULT NULL,
  `image` varchar(255) CHARACTER SET utf8mb3 COLLATE utf8mb3_bin DEFAULT NULL,
  `status` enum('Yes','No') CHARACTER SET utf8mb3 COLLATE utf8mb3_bin NOT NULL DEFAULT 'Yes',
  `createdBy` varchar(100) CHARACTER SET utf8mb3 COLLATE utf8mb3_bin DEFAULT NULL,
  `updatedBy` varchar(100) CHARACTER SET utf8mb3 COLLATE utf8mb3_bin DEFAULT NULL,
  `createdAt` datetime NOT NULL,
  `updatedAt` datetime NOT NULL
) ENGINE=InnoDB DEFAULT CHARSET=utf8mb3 COLLATE=utf8mb3_bin COMMENT='Attribute Value Table';

-- --------------------------------------------------------

--
-- Table structure for table `banner`
--

CREATE TABLE `banner` (
  `id` int NOT NULL,
  `storeId` int DEFAULT NULL,
  `title` varchar(255) CHARACTER SET utf8mb3 COLLATE utf8mb3_bin DEFAULT NULL,
  `categoryId` int DEFAULT NULL,
  `brandId` int DEFAULT NULL,
  `shortDescription` text CHARACTER SET utf8mb3 COLLATE utf8mb3_bin,
  `link` varchar(255) CHARACTER SET utf8mb3 COLLATE utf8mb3_bin DEFAULT NULL,
  `target` varchar(255) CHARACTER SET utf8mb3 COLLATE utf8mb3_bin DEFAULT NULL,
  `image` text CHARACTER SET utf8mb3 COLLATE utf8mb3_bin,
  `coverImage` text CHARACTER SET utf8mb3 COLLATE utf8mb3_bin,
  `mobileBannerImage` text CHARACTER SET utf8mb3 COLLATE utf8mb3_bin,
  `tabBannerImage` text CHARACTER SET utf8mb3 COLLATE utf8mb3_bin,
  `type` varchar(255) CHARACTER SET utf8mb3 COLLATE utf8mb3_bin DEFAULT NULL,
  `section` int DEFAULT NULL,
  `displayType` int DEFAULT NULL,
  `sequence` int DEFAULT NULL,
  `status` enum('Yes','No') CHARACTER SET utf8mb3 COLLATE utf8mb3_bin DEFAULT NULL,
  `ar_title` varchar(255) COLLATE utf8mb3_bin DEFAULT NULL,
  `ar_shortDescription` text COLLATE utf8mb3_bin,
  `createdBy` varchar(100) CHARACTER SET utf8mb3 COLLATE utf8mb3_bin DEFAULT NULL,
  `createdAt` datetime DEFAULT NULL,
  `updatedBy` varchar(100) CHARACTER SET utf8mb3 COLLATE utf8mb3_bin DEFAULT NULL,
  `updatedAt` datetime DEFAULT NULL
) ENGINE=InnoDB DEFAULT CHARSET=utf8mb3 COLLATE=utf8mb3_bin COMMENT='Banner Table';

--
-- Dumping data for table `banner`
--

INSERT INTO `banner` (`id`, `storeId`, `title`, `categoryId`, `brandId`, `shortDescription`, `link`, `target`, `image`, `coverImage`, `mobileBannerImage`, `tabBannerImage`, `type`, `section`, `displayType`, `sequence`, `status`, `ar_title`, `ar_shortDescription`, `createdBy`, `createdAt`, `updatedBy`, `updatedAt`) VALUES
(1, 30, 'Hair Perfume', 268, NULL, '', NULL, NULL, '1659599960990.jpg', NULL, NULL, NULL, 'slider', 1, 1, 4, 'Yes', ' البريمير و الافد ميدا كومبوزر', ' البريمير و الافد ميدا كومبوزر البريمير و الافد ميدا كومبوزر', '1', '2021-08-22 07:23:48', '1', '2022-10-13 17:47:16'),
(13, 30, 'banner 1', NULL, 9, '', NULL, NULL, '1659599981922.jpg', NULL, NULL, NULL, 'slider', NULL, NULL, 2, 'Yes', NULL, NULL, NULL, '2021-12-29 18:06:51', '1', '2022-08-04 17:16:30'),
(14, 30, 'banner 2', 271, 6, '', NULL, NULL, '1659599773976.jpg', NULL, NULL, NULL, 'slider', NULL, NULL, 3, 'Yes', NULL, NULL, NULL, '2021-12-29 18:06:51', '1', '2022-08-04 17:12:04'),
(51, 30, 'New Products', NULL, 9, '', NULL, NULL, '1656088935801.jpg', NULL, NULL, NULL, 'advertise', NULL, NULL, 4, 'Yes', NULL, NULL, '1', '2022-06-24 14:59:17', '1', '2022-08-12 18:56:01'),
(52, 30, 'Luxury Fragrances', 270, NULL, '', NULL, NULL, '1656089091361.jpg', NULL, NULL, NULL, 'advertise', NULL, NULL, 5, 'Yes', NULL, NULL, '1', '2022-06-24 22:14:51', '1', '2022-08-04 17:12:30'),
(53, 30, 'Gift Sets', 273, NULL, '', NULL, NULL, '1656089163446.jpg', NULL, NULL, NULL, 'advertise', NULL, NULL, 6, 'Yes', NULL, NULL, '1', '2022-06-24 22:16:03', '1', '2022-08-04 17:12:37'),
(54, 30, 'Hair & Body Care', 268, NULL, '', NULL, NULL, '1656089222242.jpg', NULL, NULL, NULL, 'advertise', NULL, NULL, 7, 'Yes', NULL, NULL, '1', '2022-06-24 22:17:02', '1', '2022-08-04 17:12:44'),
(56, 30, 'Nishane Time Capsule Collection', 271, 6, '', NULL, NULL, '1667202222830.jpg', '1667202222830.jpg', NULL, NULL, 'slider', NULL, NULL, -2, 'Yes', 'نيشاني', 'نيشاني', '1', '2022-10-13 15:48:10', '1', '2022-10-31 13:13:42');

-- --------------------------------------------------------

--
-- Table structure for table `bannerdisplay`
--

CREATE TABLE `bannerdisplay` (
  `id` int NOT NULL,
  `storeId` int DEFAULT NULL,
  `title` varchar(128) CHARACTER SET utf8mb3 COLLATE utf8mb3_bin DEFAULT NULL,
  `sequence` int DEFAULT NULL,
  `status` enum('Yes','No') CHARACTER SET utf8mb3 COLLATE utf8mb3_bin DEFAULT NULL,
  `createdBy` varchar(255) CHARACTER SET utf8mb3 COLLATE utf8mb3_bin DEFAULT NULL,
  `createdAt` datetime DEFAULT NULL,
  `updatedBy` varchar(255) CHARACTER SET utf8mb3 COLLATE utf8mb3_bin DEFAULT NULL,
  `updatedAt` datetime DEFAULT NULL
) ENGINE=InnoDB DEFAULT CHARSET=utf8mb3 COLLATE=utf8mb3_bin COMMENT='Banner Display Table';

--
-- Dumping data for table `bannerdisplay`
--

INSERT INTO `bannerdisplay` (`id`, `storeId`, `title`, `sequence`, `status`, `createdBy`, `createdAt`, `updatedBy`, `updatedAt`) VALUES
(1, NULL, 'Demo', 2, 'Yes', '1', '2021-08-22 07:20:54', NULL, '2021-08-22 07:20:54'),
(2, NULL, 'Testing', 2, 'Yes', '1', '2021-09-11 04:46:28', NULL, '2021-09-11 04:46:28');

-- --------------------------------------------------------

--
-- Table structure for table `bannersection`
--

CREATE TABLE `bannersection` (
  `id` int NOT NULL,
  `storeId` int DEFAULT NULL,
  `title` varchar(128) CHARACTER SET utf8mb3 COLLATE utf8mb3_bin DEFAULT NULL,
  `sequence` int DEFAULT NULL,
  `status` enum('Yes','No') CHARACTER SET utf8mb3 COLLATE utf8mb3_bin DEFAULT NULL,
  `createdBy` varchar(255) CHARACTER SET utf8mb3 COLLATE utf8mb3_bin DEFAULT NULL,
  `createdAt` datetime DEFAULT NULL,
  `updatedBy` varchar(255) CHARACTER SET utf8mb3 COLLATE utf8mb3_bin DEFAULT NULL,
  `updatedAt` datetime DEFAULT NULL
) ENGINE=InnoDB DEFAULT CHARSET=utf8mb3 COLLATE=utf8mb3_bin COMMENT='Banner Section Table';

--
-- Dumping data for table `bannersection`
--

INSERT INTO `bannersection` (`id`, `storeId`, `title`, `sequence`, `status`, `createdBy`, `createdAt`, `updatedBy`, `updatedAt`) VALUES
(1, NULL, 'Demo', 2, 'Yes', '1', '2021-08-22 07:21:14', '1', '2021-08-22 07:21:20'),
(2, NULL, 'Testing', 3, 'Yes', '1', '2021-09-11 04:46:42', NULL, '2021-09-11 04:46:42');

-- --------------------------------------------------------

--
-- Table structure for table `billingFeedback`
--

CREATE TABLE `billingFeedback` (
  `id` int NOT NULL,
  `storeId` int DEFAULT NULL,
  `customerId` int DEFAULT NULL,
  `billingNo` varchar(255) DEFAULT NULL,
  `amount` varchar(50) DEFAULT NULL,
  `image` varchar(255) DEFAULT NULL,
  `foodQualityRating` varchar(50) DEFAULT NULL,
  `foodQualityRemarks` text,
  `serviceRating` varchar(50) DEFAULT NULL,
  `serviceRemarks` text,
  `ambienceRating` varchar(50) DEFAULT NULL,
  `ambienceRemarks` text,
  `overallRating` varchar(50) DEFAULT NULL,
  `overallRemarks` text,
  `status` enum('Yes','No') DEFAULT 'No',
  `createdAt` datetime DEFAULT NULL,
  `updatedAt` datetime DEFAULT NULL
) ENGINE=InnoDB DEFAULT CHARSET=utf8mb4 COLLATE=utf8mb4_0900_ai_ci;

--
-- Dumping data for table `billingFeedback`
--

INSERT INTO `billingFeedback` (`id`, `storeId`, `customerId`, `billingNo`, `amount`, `image`, `foodQualityRating`, `foodQualityRemarks`, `serviceRating`, `serviceRemarks`, `ambienceRating`, `ambienceRemarks`, `overallRating`, `overallRemarks`, `status`, `createdAt`, `updatedAt`) VALUES
(1, 32, 101, '1234', '1000', '1640347247885.jpg', '1', 'FOOD QUALITY', '2', 'SERVICE', '3', 'AMBIANCE', '4', 'OVERALL', 'Yes', '2021-12-24 12:00:47', '2021-12-24 12:00:47'),
(2, 32, 101, 'ccc123', '123', '1640591174250.jpg', '4', 'ewfwef', '3', 'wgwrg', '3', 'wegg', '3', 'wegeg', 'Yes', '2021-12-27 07:46:14', '2021-12-27 07:46:14'),
(3, 32, 101, 'Test', '1222', '1640615563690.jpg', '1', 'FOOD QUALITY', '2', 'sss', '3', 'bbhbhbhbhbhb', '4', 'over', 'Yes', '2021-12-27 14:32:43', '2021-12-27 14:32:43'),
(4, 32, 101, 'A123', '1233', '1640666241610.jpg', NULL, NULL, NULL, NULL, NULL, NULL, NULL, NULL, 'Yes', '2021-12-28 04:37:21', '2021-12-28 04:37:21'),
(5, 32, 101, 'sdvdsv', '2334', '1640667779542.jpg', NULL, NULL, NULL, NULL, NULL, NULL, NULL, NULL, 'Yes', '2021-12-28 05:02:59', '2021-12-28 05:02:59'),
(6, 32, 101, '123', '123', '1640668615629.jpg', NULL, NULL, NULL, NULL, NULL, NULL, NULL, NULL, 'Yes', '2021-12-28 05:16:55', '2021-12-28 05:16:55'),
(7, 32, 101, 'asdasd', '201', '1641207114910.png', '5', NULL, '4', NULL, '3', NULL, '4', 'gfhffhg', 'Yes', '2022-01-03 10:51:54', '2022-01-03 10:51:54'),
(8, 32, 101, 'BILL-123-21/22', '103', '1641207457623.jpg', '1', 'Food', '2', 'remarks', NULL, NULL, NULL, NULL, 'Yes', '2022-01-03 10:57:37', '2022-01-03 10:57:37'),
(9, 32, 105, 'c czv cv cv', '33', '1641215651574.jpg', NULL, NULL, NULL, NULL, NULL, NULL, NULL, NULL, 'Yes', '2022-01-03 13:14:11', '2022-01-03 13:14:11'),
(10, 32, 105, 'BILL-125369', '123', '1641215999409.jpg', NULL, NULL, NULL, NULL, NULL, NULL, NULL, NULL, 'Yes', '2022-01-03 13:19:59', '2022-01-03 13:19:59'),
(11, 32, 128, '533739442635', '20', '1642766318542.jpeg', '5', NULL, '5', NULL, '5', NULL, '5', NULL, 'Yes', '2022-01-21 11:58:38', '2022-01-21 11:58:38'),
(12, 32, 172, '34', '324', '1643090645932.jpeg', '3', NULL, '5', NULL, '4', NULL, '5', 'Hello', 'Yes', '2022-01-25 06:04:05', '2022-01-25 06:04:05'),
(13, 32, 128, '2010001', '380', '1643268072024.jpg', '5', 'Good', '5', 'Good', '5', 'Good', '5', 'Good', 'Yes', '2022-01-27 07:21:12', '2022-01-27 07:21:12'),
(14, 17, 105, 'S-njkkj', '199', '1643642458110.png', '1', 'not good', '2', 'services', '3', 'sssss', '4', 'xxfgv', 'Yes', '2022-01-31 15:20:58', '2022-02-07 11:40:36'),
(15, 17, 183, '12096', '730', '1644077473677.jpg', NULL, 'Good', NULL, 'Good', NULL, 'Good', NULL, 'Good', 'No', '2022-02-05 16:11:13', '2022-02-05 16:11:13'),
(16, 17, 129, 'sadasd', '222', '1644216971534.jpg', '4', NULL, '3', NULL, '3', NULL, '2', NULL, 'Yes', '2022-02-07 06:56:11', '2022-02-07 06:56:11'),
(17, 17, 128, '51101', '300', '1644311060687.jpg', '5', 'Good ', '5', 'Good ', '5', 'Good', '5', NULL, 'No', '2022-02-08 09:04:20', '2022-02-08 09:04:20'),
(18, 17, 105, '123', '100', '1644336007182.jpg', NULL, NULL, NULL, NULL, NULL, NULL, NULL, NULL, 'Yes', '2022-02-08 16:00:07', '2022-02-08 16:10:31'),
(19, 17, 185, '12272', '180', '1644477337956.jpeg', '5', NULL, '5', NULL, '5', NULL, '5', NULL, 'No', '2022-02-10 07:15:37', '2022-02-10 07:15:37'),
(20, 17, 105, 'BILL-125369', '100', '1644560662840.jpg', NULL, NULL, NULL, NULL, NULL, NULL, NULL, NULL, 'Yes', '2022-02-11 06:24:22', '2022-02-11 06:24:43'),
(21, 17, 101, 'Dndjdj', '22222', '1644816461356.jpg', '4', NULL, '4', NULL, '4', NULL, '5', NULL, 'Yes', '2022-02-14 05:27:41', '2022-02-14 05:28:55'),
(22, 17, 105, '123', '100', '1644914490873.jpg', NULL, NULL, NULL, NULL, NULL, NULL, NULL, NULL, 'Yes', '2022-02-15 08:41:30', '2022-02-15 08:42:44'),
(23, 17, 185, '12359', '620', '1645079868886.jpeg', '5', NULL, '5', NULL, '5', NULL, NULL, NULL, 'No', '2022-02-17 06:37:48', '2022-02-17 06:37:48'),
(24, 17, 198, '12970', '580', '1645871631060.jpg', NULL, NULL, NULL, NULL, NULL, NULL, NULL, NULL, 'No', '2022-02-26 10:33:51', '2022-02-26 10:33:51');

-- --------------------------------------------------------

--
-- Table structure for table `blogauthor`
--

CREATE TABLE `blogauthor` (
  `id` int NOT NULL,
  `storeId` int DEFAULT NULL,
  `firstName` varchar(255) CHARACTER SET utf8mb3 COLLATE utf8mb3_bin DEFAULT NULL,
  `lastName` varchar(255) CHARACTER SET utf8mb3 COLLATE utf8mb3_bin DEFAULT NULL,
  `profilePic` varchar(255) CHARACTER SET utf8mb3 COLLATE utf8mb3_bin DEFAULT NULL,
  `email` text CHARACTER SET utf8mb3 COLLATE utf8mb3_bin,
  `facebook` text CHARACTER SET utf8mb3 COLLATE utf8mb3_bin,
  `twitter` text CHARACTER SET utf8mb3 COLLATE utf8mb3_bin,
  `linkedin` text CHARACTER SET utf8mb3 COLLATE utf8mb3_bin,
  `github` text CHARACTER SET utf8mb3 COLLATE utf8mb3_bin,
  `status` enum('Yes','No') CHARACTER SET utf8mb3 COLLATE utf8mb3_bin NOT NULL DEFAULT 'Yes',
  `createdBy` varchar(100) CHARACTER SET utf8mb3 COLLATE utf8mb3_bin DEFAULT NULL,
  `updatedBy` varchar(100) CHARACTER SET utf8mb3 COLLATE utf8mb3_bin DEFAULT NULL,
  `createdAt` datetime NOT NULL,
  `updatedAt` datetime NOT NULL
) ENGINE=InnoDB DEFAULT CHARSET=utf8mb3 COLLATE=utf8mb3_bin COMMENT='Blog Author Table';

--
-- Dumping data for table `blogauthor`
--

INSERT INTO `blogauthor` (`id`, `storeId`, `firstName`, `lastName`, `profilePic`, `email`, `facebook`, `twitter`, `linkedin`, `github`, `status`, `createdBy`, `updatedBy`, `createdAt`, `updatedAt`) VALUES
(3, NULL, 'samrat', 'jana', '1641487377016.jpg', 'samrat@gmail.com', 'aa', 'aaaaa', 'ssss', 'ssss', 'Yes', NULL, NULL, '2022-01-06 16:42:56', '2022-01-06 16:42:57'),
(4, NULL, 'Partha', 'Mandal', '1641649452939.jpg', 'partha@gmail.com', 'facebook.com', 'twitter.com', 'linkedin.com', 'github.com', 'Yes', NULL, NULL, '2022-01-08 13:44:12', '2022-01-08 13:44:12'),
(5, NULL, 'Shabana', 'Fatima', '1643872626615.jpeg', 'shabana.fatima@bluehorse.in', 'shabana.fatima', 'shabana.fatima', 'shabana.fatima', 'shabana.fatima', 'Yes', NULL, NULL, '2022-02-03 07:17:06', '2022-02-03 07:17:06'),
(6, NULL, 'Sanjay', 'Nandy', '1643872716228.jpg', 'sanjay.nandy@bluehorse.in', 'sanjay.nandy', 'sanjay.nandy', 'sanjay.nandy', 'sanjay.nandy', 'Yes', NULL, NULL, '2022-02-03 07:18:36', '2022-02-03 07:18:36'),
(7, NULL, 'Sumita', 'Dey', '1643872836975.jpeg', 'sumita.dey@bluehorse.in', 'sumita.dey', 'sumita.dey', 'sumita.dey', 'sumita.dey', 'Yes', NULL, NULL, '2022-02-03 07:20:36', '2022-02-03 07:20:36');

-- --------------------------------------------------------

--
-- Table structure for table `blogcategory`
--

CREATE TABLE `blogcategory` (
  `id` int NOT NULL,
  `storeId` int DEFAULT NULL,
  `categoryName` varchar(255) CHARACTER SET utf8mb3 COLLATE utf8mb3_bin DEFAULT NULL,
  `status` enum('Yes','No') CHARACTER SET utf8mb3 COLLATE utf8mb3_bin NOT NULL DEFAULT 'Yes',
  `createdBy` varchar(100) CHARACTER SET utf8mb3 COLLATE utf8mb3_bin DEFAULT NULL,
  `updatedBy` varchar(100) CHARACTER SET utf8mb3 COLLATE utf8mb3_bin DEFAULT NULL,
  `createdAt` datetime NOT NULL,
  `updatedAt` datetime NOT NULL
) ENGINE=InnoDB DEFAULT CHARSET=utf8mb3 COLLATE=utf8mb3_bin COMMENT='Blog Category Table';

--
-- Dumping data for table `blogcategory`
--

INSERT INTO `blogcategory` (`id`, `storeId`, `categoryName`, `status`, `createdBy`, `updatedBy`, `createdAt`, `updatedAt`) VALUES
(1, NULL, 'Design', 'Yes', NULL, NULL, '2021-09-16 19:14:56', '2021-09-16 19:14:56'),
(2, NULL, 'Development', 'Yes', NULL, NULL, '2021-09-16 19:14:56', '2021-09-16 19:14:56'),
(3, NULL, 'test', 'Yes', '18', NULL, '2022-01-04 11:27:40', '2022-01-04 11:27:40'),
(4, NULL, 'LARAVEL', 'Yes', NULL, NULL, '2022-01-06 16:51:03', '2022-01-06 16:51:03'),
(5, NULL, 'NODE JS', 'Yes', NULL, NULL, '2022-01-08 10:28:45', '2022-01-08 10:28:45');

-- --------------------------------------------------------

--
-- Table structure for table `blogcomments`
--

CREATE TABLE `blogcomments` (
  `id` int NOT NULL,
  `storeId` int DEFAULT NULL,
  `blogId` int DEFAULT NULL,
  `commentDescription` text CHARACTER SET utf8mb3 COLLATE utf8mb3_bin,
  `status` enum('Yes','No') CHARACTER SET utf8mb3 COLLATE utf8mb3_bin NOT NULL DEFAULT 'Yes',
  `createrName` varchar(255) CHARACTER SET utf8mb3 COLLATE utf8mb3_bin DEFAULT NULL,
  `createrEmail` varchar(255) CHARACTER SET utf8mb3 COLLATE utf8mb3_bin DEFAULT NULL,
  `createdAt` datetime NOT NULL,
  `updatedAt` datetime NOT NULL
) ENGINE=InnoDB DEFAULT CHARSET=utf8mb3 COLLATE=utf8mb3_bin COMMENT='Blog Comments Table';

-- --------------------------------------------------------

--
-- Table structure for table `blogs`
--

CREATE TABLE `blogs` (
  `id` int NOT NULL,
  `storeId` int DEFAULT NULL,
  `authorId` int DEFAULT NULL,
  `blogTitle` varchar(255) CHARACTER SET utf8mb3 COLLATE utf8mb3_bin DEFAULT NULL,
  `slug` varchar(255) CHARACTER SET utf8mb3 COLLATE utf8mb3_bin DEFAULT NULL,
  `summary` varchar(255) CHARACTER SET utf8mb3 COLLATE utf8mb3_bin DEFAULT NULL,
  `tags` varchar(255) CHARACTER SET utf8mb3 COLLATE utf8mb3_bin DEFAULT NULL,
  `blogImage` varchar(255) CHARACTER SET utf8mb3 COLLATE utf8mb3_bin DEFAULT NULL,
  `blogDescription` longtext CHARACTER SET utf8mb3 COLLATE utf8mb3_bin,
  `metaTitle` varchar(255) CHARACTER SET utf8mb3 COLLATE utf8mb3_bin DEFAULT NULL,
  `metaDescription` text CHARACTER SET utf8mb3 COLLATE utf8mb3_bin,
  `metaKeywords` varchar(255) CHARACTER SET utf8mb3 COLLATE utf8mb3_bin DEFAULT NULL,
  `status` enum('Yes','No') CHARACTER SET utf8mb3 COLLATE utf8mb3_bin NOT NULL DEFAULT 'No',
  `createdBy` varchar(100) CHARACTER SET utf8mb3 COLLATE utf8mb3_bin DEFAULT NULL,
  `updatedBy` varchar(100) CHARACTER SET utf8mb3 COLLATE utf8mb3_bin DEFAULT NULL,
  `createdAt` datetime NOT NULL,
  `updatedAt` datetime NOT NULL
) ENGINE=InnoDB DEFAULT CHARSET=utf8mb3 COLLATE=utf8mb3_bin COMMENT='Blogs Table';

--
-- Dumping data for table `blogs`
--

INSERT INTO `blogs` (`id`, `storeId`, `authorId`, `blogTitle`, `slug`, `summary`, `tags`, `blogImage`, `blogDescription`, `metaTitle`, `metaDescription`, `metaKeywords`, `status`, `createdBy`, `updatedBy`, `createdAt`, `updatedAt`) VALUES
(6, NULL, 3, 'BLOG', NULL, 'blog', NULL, '1641489170876.jpg', 'blog blog', 'ss', 'ww', 'ww', 'No', NULL, NULL, '2022-01-06 17:12:50', '2022-01-06 17:12:50'),
(7, NULL, 4, 'Testing blog', NULL, 'Just for testing', NULL, '1641649555368.jpg', 'Just for testing Just for testing Just for testing Just for testing Just for testing ', 'Demo', 'Demo', 'Demo', 'No', NULL, NULL, '2022-01-08 13:45:55', '2022-01-08 13:45:55');

-- --------------------------------------------------------

--
-- Table structure for table `blogselectedcategory`
--

CREATE TABLE `blogselectedcategory` (
  `id` int NOT NULL,
  `storeId` int DEFAULT NULL,
  `categoryId` int DEFAULT NULL,
  `blogId` int DEFAULT NULL,
  `createdAt` datetime NOT NULL,
  `updatedAt` datetime NOT NULL
) ENGINE=InnoDB DEFAULT CHARSET=utf8mb3 COLLATE=utf8mb3_bin COMMENT='Blog Selected Category Table';

--
-- Dumping data for table `blogselectedcategory`
--

INSERT INTO `blogselectedcategory` (`id`, `storeId`, `categoryId`, `blogId`, `createdAt`, `updatedAt`) VALUES
(1, NULL, 1, NULL, '2021-09-16 13:50:19', '2021-09-16 13:50:19'),
(2, NULL, 2, NULL, '2021-09-16 13:50:19', '2021-09-16 13:50:19'),
(3, NULL, 1, NULL, '2021-09-16 13:53:50', '2021-09-16 13:53:50'),
(4, NULL, 2, NULL, '2021-09-16 13:53:51', '2021-09-16 13:53:51'),
(5, NULL, 1, NULL, '2021-09-17 05:33:12', '2021-09-17 05:33:12'),
(6, NULL, 2, NULL, '2021-09-17 05:33:12', '2021-09-17 05:33:12'),
(7, NULL, 1, NULL, '2021-09-17 09:10:12', '2021-09-17 09:10:12'),
(8, NULL, 4, 6, '2022-01-06 17:12:50', '2022-01-06 17:12:50'),
(9, NULL, 4, 7, '2022-01-08 13:45:55', '2022-01-08 13:45:55'),
(10, NULL, 5, 7, '2022-01-08 13:45:55', '2022-01-08 13:45:55');

-- --------------------------------------------------------

--
-- Table structure for table `brands`
--

CREATE TABLE `brands` (
  `id` int NOT NULL,
  `storeId` int DEFAULT NULL,
  `title` varchar(255) CHARACTER SET utf8mb3 COLLATE utf8mb3_bin DEFAULT NULL,
  `slug` varchar(255) CHARACTER SET utf8mb3 COLLATE utf8mb3_bin DEFAULT NULL,
  `image` varchar(255) CHARACTER SET utf8mb3 COLLATE utf8mb3_bin DEFAULT NULL,
  `shortDescriptions` text CHARACTER SET utf8mb3 COLLATE utf8mb3_bin,
  `descriptions` text CHARACTER SET utf8mb3 COLLATE utf8mb3_bin,
  `address` varchar(255) CHARACTER SET utf8mb3 COLLATE utf8mb3_bin DEFAULT NULL,
  `phone` varchar(20) CHARACTER SET utf8mb3 COLLATE utf8mb3_bin DEFAULT NULL,
  `email` varchar(150) CHARACTER SET utf8mb3 COLLATE utf8mb3_bin DEFAULT NULL,
  `isoName` varchar(255) CHARACTER SET utf8mb3 COLLATE utf8mb3_bin DEFAULT NULL,
  `rating` varchar(20) CHARACTER SET utf8mb3 COLLATE utf8mb3_bin DEFAULT NULL,
  `sequence` int DEFAULT NULL,
  `status` enum('Yes','No') CHARACTER SET utf8mb3 COLLATE utf8mb3_bin DEFAULT NULL,
  `ar_title` varchar(255) COLLATE utf8mb3_bin DEFAULT NULL,
  `ar_shortDescriptions` text COLLATE utf8mb3_bin,
  `ar_descriptions` text COLLATE utf8mb3_bin,
  `ar_address` text COLLATE utf8mb3_bin,
  `ar_phone` varchar(100) COLLATE utf8mb3_bin DEFAULT NULL,
  `ar_email` varchar(255) COLLATE utf8mb3_bin DEFAULT NULL,
  `createdBy` varchar(100) CHARACTER SET utf8mb3 COLLATE utf8mb3_bin DEFAULT NULL,
  `createdAt` datetime DEFAULT NULL,
  `updatedBy` varchar(100) CHARACTER SET utf8mb3 COLLATE utf8mb3_bin DEFAULT NULL,
  `updatedAt` datetime DEFAULT NULL
) ENGINE=InnoDB DEFAULT CHARSET=utf8mb3 COLLATE=utf8mb3_bin COMMENT='Brands Table';

--
-- Dumping data for table `brands`
--

INSERT INTO `brands` (`id`, `storeId`, `title`, `slug`, `image`, `shortDescriptions`, `descriptions`, `address`, `phone`, `email`, `isoName`, `rating`, `sequence`, `status`, `ar_title`, `ar_shortDescriptions`, `ar_descriptions`, `ar_address`, `ar_phone`, `ar_email`, `createdBy`, `createdAt`, `updatedBy`, `updatedAt`) VALUES
(6, 30, 'NISHANE', 'nishane30-2678', '1655824753396.jpg', 'NISHANE', 'sponser', 'NISHANE', '7547905968', 'tanbir.hossain@gmail.com', 'NISHANE', '4.0', 1, 'Yes', 'نيشاني', 'نيشاني', 'العطور\r\n', 'نيشاني', '551630694', 'digital@lastingsillage.com', '17', '2021-11-22 11:00:27', '1', '2022-10-20 18:35:16'),
(7, 30, 'La Manufacture', 'la-manufacture30-5337', '1655824909006.jpg', 'sponser', 'sponser', 'La Manufacture', '551630694', 'digital@lastingsillage.com', 'La Manufacture', '3.5', 2, 'Yes', 'لا مانوفكتور', 'لا مانوفكتور', 'لا مانوفكتور\r\n', 'لا مانوفكتور', '551630694', 'digital@lastingsillage.com', '17', '2021-11-22 11:02:19', '1', '2022-10-20 18:35:57'),
(8, 30, 'MiN NEW YORK', 'min-new-york30-8379', '1655824984030.jpg', 'MiN New York', 'MiN New York', 'MiN New York', '551630694', 'digital@lastingsillage.com', 'MiN New York', '5', 3, 'Yes', 'من نيو يورك', 'من نيو يورك', 'من نيو يورك\r\n', 'من نيو يورك', '551630694', 'digital@lastingsillage.com', '13', '2022-01-19 12:36:13', '1', '2022-10-20 18:36:31'),
(9, 30, 'Rosendo Mateu', 'rosendo-mateu30-5836', '1655825048529.jpg', 'Rosendo Mateu', 'Rosendo Mateu', 'Rosendo Mateu', '551630694', 'digital@lastingsillage.com', 'Rosendo Mateu', '5', 4, 'Yes', 'روزندو ماتيوو', 'روزندو ماتيوو', 'روزندو ماتيوو\r\n', 'روزندو ماتيوو', '551630694', 'digital@lastingsillage.com', '13', '2022-01-19 12:37:38', '1', '2022-10-20 18:37:01'),
(10, 30, 'Les Parfums De Rosine', 'les-parfums-de-rosine30-2966', '1655825167480.jpg', 'Les Parfums De Rosine', 'Les Parfums De Rosine', 'Les Parfums De Rosine', '551630694', 'digital@lastingsillage.com', 'Les Parfums De Rosine', '5', 5, 'Yes', 'لي بارفام دي روزين', 'لي بارفام دي روزين', 'لي بارفام دي روزين\r\n', 'لي بارفام دي روزين', '551630694', 'digital@lastingsillage.com', '13', '2022-01-19 12:38:48', '1', '2022-10-20 18:37:30'),
(11, 30, 'Parle Moi De Parfum', 'parle-moi-de-parfum30-1674', '1655825215469.jpg', 'Parle Moi De Parfum', 'Parle Moi De Parfum', 'Parle Moi De Parfum', '551630694', 'digital@lastingsillage.com', 'Parle Moi De Parfum', '5', 6, 'Yes', 'بارل موا دي بارفام', 'بارل موا دي بارفام', 'بارل موا دي بارفام\r\n', 'بارل موا دي بارفام', '551630694', 'digital@lastingsillage.com', '13', '2022-01-19 12:40:41', '1', '2022-10-20 18:38:09'),
(12, 30, 'Wala', 'wala30-2903', '1655825263334.jpg', 'Wala ', 'Wala', 'Wala ', '551630694', 'digital@lastingsillage.com', 'Wala', '5', 7, 'Yes', 'ولا', 'ولا', 'ولا', 'ولا', '551630694', 'digital@lastingsillage.com', '13', '2022-01-19 12:42:16', '1', '2022-10-24 10:41:07');

-- --------------------------------------------------------

--
-- Table structure for table `brandsIsoImage`
--

CREATE TABLE `brandsIsoImage` (
  `id` int NOT NULL,
  `storeId` int DEFAULT NULL,
  `brandId` int DEFAULT NULL,
  `isoImage` varchar(255) CHARACTER SET utf8mb3 COLLATE utf8mb3_bin DEFAULT NULL,
  `createdBy` varchar(100) CHARACTER SET utf8mb3 COLLATE utf8mb3_bin DEFAULT NULL,
  `createdAt` datetime DEFAULT NULL,
  `updatedAt` datetime NOT NULL
) ENGINE=InnoDB DEFAULT CHARSET=utf8mb3 COLLATE=utf8mb3_bin COMMENT='Brands Iso Image Table';

-- --------------------------------------------------------

--
-- Table structure for table `campaignDetails`
--

CREATE TABLE `campaignDetails` (
  `id` int NOT NULL,
  `storeId` int DEFAULT NULL,
  `contactId` int DEFAULT NULL,
  `configurationId` int DEFAULT NULL,
  `title` varchar(200) DEFAULT NULL,
  `subject` varchar(255) DEFAULT NULL,
  `content` text,
  `status` enum('Active','Inactive') NOT NULL DEFAULT 'Active',
  `createdBy` varchar(100) DEFAULT NULL,
  `createdAt` datetime NOT NULL,
  `updatedAt` datetime NOT NULL
) ENGINE=InnoDB DEFAULT CHARSET=utf8mb4 COLLATE=utf8mb4_0900_ai_ci COMMENT='Campaign Details Table';

-- --------------------------------------------------------

--
-- Table structure for table `campaignDetailsEmail`
--

CREATE TABLE `campaignDetailsEmail` (
  `id` int NOT NULL,
  `storeId` int DEFAULT NULL,
  `campaignId` int DEFAULT NULL,
  `email` varchar(255) DEFAULT NULL,
  `createdAt` datetime NOT NULL,
  `updatedAt` datetime NOT NULL
) ENGINE=InnoDB DEFAULT CHARSET=utf8mb4 COLLATE=utf8mb4_0900_ai_ci COMMENT='Campaign Details Email Table';

-- --------------------------------------------------------

--
-- Table structure for table `carpenter`
--

CREATE TABLE `carpenter` (
  `id` int NOT NULL,
  `storeId` int DEFAULT NULL,
  `firstName` varchar(255) DEFAULT NULL,
  `lastName` varchar(255) DEFAULT NULL,
  `email` varchar(255) DEFAULT NULL,
  `password` text,
  `mobile` varchar(255) DEFAULT NULL,
  `address` varchar(255) NOT NULL,
  `city` varchar(255) DEFAULT NULL,
  `state` varchar(255) DEFAULT NULL,
  `pin` varchar(255) DEFAULT NULL,
  `country` varchar(255) DEFAULT NULL,
  `otp` int UNSIGNED DEFAULT NULL,
  `status` enum('active','inactive') DEFAULT NULL,
  `createdAt` datetime NOT NULL,
  `createdBy` varchar(128) DEFAULT NULL,
  `updatedAt` datetime NOT NULL,
  `updatedBy` varchar(128) DEFAULT NULL
) ENGINE=InnoDB DEFAULT CHARSET=utf8mb4 COLLATE=utf8mb4_0900_ai_ci;

--
-- Dumping data for table `carpenter`
--

INSERT INTO `carpenter` (`id`, `storeId`, `firstName`, `lastName`, `email`, `password`, `mobile`, `address`, `city`, `state`, `pin`, `country`, `otp`, `status`, `createdAt`, `createdBy`, `updatedAt`, `updatedBy`) VALUES
(1, NULL, 'ranajit', 'manna', 'mannaranajit34@gmail.com', '$2a$10$iLr6OjRZJqQoz9bdfXFQ9Oa1FdiMoOp1WamnYHwLq3ZW70GXVA8hi', '9733904033', 'Tarakeswar', 'Tarakeswar', 'West Bengal', '712401', 'India', 5516, 'active', '2021-10-18 15:23:03', NULL, '2021-10-18 15:23:03', NULL),
(2, NULL, 'asifur', 'rahaman', 'asifur.rahaman@bluehorse.in', '$2a$10$C8sKg8bRpmeBjpvvUox0SuDKvFWAsF44tx/PtYepoAGBvdsruxvfC', '9477078705', 'ad sd', 'asd asd', 'West Bengal', '232143', 'India', 8830, 'active', '2021-10-20 06:35:35', NULL, '2021-10-20 06:35:35', NULL),
(3, NULL, 'ranajit', 'manna', 'mannaranajit34@gmail.com', '$2a$10$romBkysT4cOvrOdqFzFCfuuGFnSn4c4RlY99UGdMtvfQYzAf4.nj6', '9733904033', 'Tarakeswar', 'Tarakeswar', 'West Bengal', '712401', 'India', 6985, 'active', '2021-10-20 08:02:07', NULL, '2021-10-20 08:02:07', NULL),
(4, NULL, 'ranajit', 'manna', 'mannaranajit34@gmail.com', '$2a$10$2VRuGFiAU29ir6UZDUPr.elXY98MufsOC4WwEJhdhC/Hkq4jaOauO', '9733904033', 'Tarakeswar', 'Tarakeswar', 'West Bengal', '712401', 'India', 3645, 'active', '2021-11-02 06:16:01', NULL, '2021-11-02 06:16:01', NULL),
(5, NULL, 'Atanu', 'Mondal', 'mannaranajit34@gmail.com', '$2a$10$qFgBEJ8mfJ7cW4nrkNkoA.SIEKY0U5zHJAXeVEkAzEJEQQ.l/ouva', '9087563410', 'champadanga,hooghly', 'champadanga', 'West Bengal', '712401', 'India', 7667, 'active', '2021-11-02 06:19:34', NULL, '2021-11-02 06:19:34', NULL),
(6, NULL, 'Partha', 'Mandal', 'parthamandal512@gmail.com', '$2a$10$f/LYyKq9MFunadqPxN.2V.ral.Ai4o30zhNs3q/dLO8JHF/SLqMaq', '8888888888', 'Bandwan', 'Amlabad', 'jamshedpur', '723128', 'India', 3406, 'active', '2021-11-02 14:01:30', NULL, '2021-11-02 14:01:30', NULL),
(7, NULL, 'asiddd', 'asa', '3rdnov@bluehorse.in', '$2a$10$0G309vm.LzjBkQLmWSi0COlFtjrwpC1ZsREC0ZrPEn1TFcJrH4QV6', '9988552233', '3rd november', 'sssss', 'West Bengal', '785696', 'India', 2287, 'active', '2021-11-03 14:34:28', NULL, '2021-11-03 14:34:28', NULL);

-- --------------------------------------------------------

--
-- Table structure for table `carpenterregistration15`
--

CREATE TABLE `carpenterregistration15` (
  `id` int NOT NULL,
  `firstname` varchar(255) DEFAULT NULL,
  `lastname` varchar(255) DEFAULT NULL,
  `email` varchar(255) DEFAULT NULL,
  `password` varchar(255) DEFAULT NULL,
  `address` varchar(255) DEFAULT NULL,
  `city` varchar(255) DEFAULT NULL,
  `state` varchar(255) DEFAULT NULL,
  `pin` varchar(255) DEFAULT NULL,
  `mobileno` varchar(255) DEFAULT NULL,
  `country` varchar(255) DEFAULT NULL,
  `gender` varchar(255) DEFAULT NULL
) ENGINE=InnoDB DEFAULT CHARSET=utf8mb4 COLLATE=utf8mb4_0900_ai_ci;

--
-- Dumping data for table `carpenterregistration15`
--

INSERT INTO `carpenterregistration15` (`id`, `firstname`, `lastname`, `email`, `password`, `address`, `city`, `state`, `pin`, `mobileno`, `country`, `gender`) VALUES
(1, 'Partha', 'Mandal', 'parthamandal512@gmail.com', '123456', 'Bandwan\r\nPurulia', 'Amlabad', 'jamshedpur', '723129', '8250761658', 'India', 'Male');

-- --------------------------------------------------------

--
-- Table structure for table `cartAddon`
--

CREATE TABLE `cartAddon` (
  `id` int NOT NULL,
  `storeId` int DEFAULT NULL,
  `cartId` varchar(100) DEFAULT NULL,
  `parentsProductId` varchar(100) DEFAULT NULL,
  `customerId` varchar(100) DEFAULT NULL,
  `productId` varchar(100) DEFAULT NULL,
  `itemQuantity` int UNSIGNED DEFAULT NULL,
  `createdAt` datetime NOT NULL,
  `updatedAt` datetime NOT NULL
) ENGINE=InnoDB DEFAULT CHARSET=utf8mb4 COLLATE=utf8mb4_0900_ai_ci;

-- --------------------------------------------------------

--
-- Table structure for table `cartPriceRule`
--

CREATE TABLE `cartPriceRule` (
  `id` int NOT NULL,
  `storeId` int DEFAULT NULL,
  `title` varchar(255) DEFAULT NULL,
  `description` text,
  `discountType` enum('fixed','percentage') DEFAULT NULL,
  `discountValue` int DEFAULT NULL,
  `minDiscountValue` int DEFAULT NULL,
  `maxDiscountValue` int DEFAULT NULL,
  `purchaseLimit` int DEFAULT NULL,
  `offerFrom` date DEFAULT NULL,
  `offerTo` date DEFAULT NULL,
  `customerType` enum('new','existing') DEFAULT NULL,
  `couponType` enum('noCoupon','specificCoupon') DEFAULT NULL,
  `couponCode` varchar(255) DEFAULT NULL,
  `usesPerCoupon` int DEFAULT NULL,
  `usesPerCustomer` int DEFAULT NULL,
  `sequence` int DEFAULT NULL,
  `status` enum('Yes','No') NOT NULL DEFAULT 'Yes',
  `createdBy` varchar(128) DEFAULT NULL,
  `updatedBy` varchar(128) DEFAULT NULL,
  `createdAt` datetime NOT NULL,
  `updatedAt` datetime NOT NULL
) ENGINE=InnoDB DEFAULT CHARSET=utf8mb4 COLLATE=utf8mb4_0900_ai_ci;

-- --------------------------------------------------------

--
-- Table structure for table `cartPriceRuleAttributes`
--

CREATE TABLE `cartPriceRuleAttributes` (
  `id` int NOT NULL,
  `storeId` int DEFAULT NULL,
  `cartPriceRuleId` int DEFAULT NULL,
  `attributeName` varchar(255) DEFAULT NULL,
  `condition` enum('gte','lte','eq','in') DEFAULT NULL,
  `attributeValue` varchar(255) DEFAULT NULL,
  `createdBy` varchar(128) DEFAULT NULL,
  `updatedBy` varchar(128) DEFAULT NULL,
  `createdAt` datetime NOT NULL,
  `updatedAt` datetime NOT NULL
) ENGINE=InnoDB DEFAULT CHARSET=utf8mb4 COLLATE=utf8mb4_0900_ai_ci;

-- --------------------------------------------------------

--
-- Table structure for table `carts`
--

CREATE TABLE `carts` (
  `id` int NOT NULL,
  `storeId` int DEFAULT NULL,
  `customerId` int DEFAULT NULL,
  `productId` int DEFAULT NULL,
  `configProductId` int DEFAULT NULL,
  `itemQuantity` varchar(30) DEFAULT NULL,
  `wrapId` int DEFAULT NULL,
  `createdBy` varchar(100) DEFAULT NULL,
  `createdAt` datetime DEFAULT NULL,
  `updatedBy` varchar(100) DEFAULT NULL,
  `updatedAt` datetime DEFAULT NULL
) ENGINE=InnoDB DEFAULT CHARSET=utf8mb4 COLLATE=utf8mb4_0900_ai_ci COMMENT='Carts Table';

--
-- Dumping data for table `carts`
--

INSERT INTO `carts` (`id`, `storeId`, `customerId`, `productId`, `configProductId`, `itemQuantity`, `wrapId`, `createdBy`, `createdAt`, `updatedBy`, `updatedAt`) VALUES
(345, 30, NULL, 1252, NULL, '1', NULL, NULL, '2022-08-12 18:45:25', NULL, '2022-08-12 18:45:25'),
(346, 30, NULL, 1252, NULL, '1', NULL, NULL, '2022-08-12 18:45:25', NULL, '2022-08-12 18:45:25'),
(348, 30, 342, 1248, NULL, '1', NULL, NULL, '2022-08-21 11:14:32', NULL, '2022-08-21 11:14:32'),
(353, 30, 344, 1231, NULL, '1', NULL, NULL, '2022-08-22 12:37:55', NULL, '2022-08-22 12:37:55'),
(356, 30, 345, 1257, NULL, '1', NULL, NULL, '2022-08-24 17:12:24', NULL, '2022-08-24 17:12:24'),
(518, 30, 351, 1309, NULL, '1', NULL, NULL, '2022-11-04 13:57:23', NULL, '2022-11-04 13:57:23'),
(519, 30, 351, 1311, NULL, '1', NULL, NULL, '2022-11-04 14:11:06', NULL, '2022-11-04 14:11:06'),
(520, 30, 351, 1313, NULL, '1', NULL, NULL, '2022-11-04 16:22:04', NULL, '2022-11-04 16:22:04'),
(521, 30, 351, 1310, NULL, '1', NULL, NULL, '2022-11-04 16:26:04', NULL, '2022-11-04 16:26:04'),
(522, 30, 346, 1313, NULL, '1', NULL, NULL, '2022-11-04 16:29:19', NULL, '2022-11-04 16:29:19'),
(523, 30, 352, 1311, NULL, '1', NULL, NULL, '2022-11-04 16:45:32', NULL, '2022-11-04 16:45:32');

-- --------------------------------------------------------

--
-- Table structure for table `catalogPriceRule`
--

CREATE TABLE `catalogPriceRule` (
  `id` int NOT NULL,
  `storeId` int DEFAULT NULL,
  `title` varchar(255) DEFAULT NULL,
  `description` text,
  `offerType` enum('general','wholesale','retailers') DEFAULT NULL,
  `discountType` enum('fixed','percentage') DEFAULT NULL,
  `discountValue` int DEFAULT NULL,
  `offerFrom` date DEFAULT NULL,
  `offerTo` date DEFAULT NULL,
  `customerType` enum('new','existing') DEFAULT NULL,
  `productCategory` varchar(255) DEFAULT NULL,
  `productSubcategory` varchar(255) DEFAULT NULL,
  `size` varchar(255) DEFAULT NULL,
  `color` varchar(255) DEFAULT NULL,
  `piece` int DEFAULT NULL,
  `sequence` int DEFAULT NULL,
  `status` enum('Yes','No') NOT NULL DEFAULT 'Yes',
  `createdBy` varchar(128) DEFAULT NULL,
  `updatedBy` varchar(128) DEFAULT NULL,
  `createdAt` datetime NOT NULL,
  `updatedAt` datetime NOT NULL
) ENGINE=InnoDB DEFAULT CHARSET=utf8mb4 COLLATE=utf8mb4_0900_ai_ci;

-- --------------------------------------------------------

--
-- Table structure for table `catalogPriceRuleAttributes`
--

CREATE TABLE `catalogPriceRuleAttributes` (
  `id` int NOT NULL,
  `storeId` int DEFAULT NULL,
  `catalogPriceRuleId` int DEFAULT NULL,
  `attributeName` varchar(255) DEFAULT NULL,
  `attributeValue` varchar(255) DEFAULT NULL,
  `createdBy` varchar(128) DEFAULT NULL,
  `updatedBy` varchar(128) DEFAULT NULL,
  `createdAt` datetime NOT NULL,
  `updatedAt` datetime NOT NULL
) ENGINE=InnoDB DEFAULT CHARSET=utf8mb4 COLLATE=utf8mb4_0900_ai_ci;

-- --------------------------------------------------------

--
-- Table structure for table `categories`
--

CREATE TABLE `categories` (
  `id` int NOT NULL,
  `storeId` int DEFAULT NULL,
  `parentCategoryId` int DEFAULT NULL,
  `position` int DEFAULT NULL,
  `title` varchar(255) CHARACTER SET utf8mb3 COLLATE utf8mb3_bin DEFAULT NULL,
  `ar_title` varchar(255) COLLATE utf8mb3_bin DEFAULT NULL,
  `slug` varchar(200) CHARACTER SET utf8mb3 COLLATE utf8mb3_bin DEFAULT NULL,
  `anchor` enum('yes','no') CHARACTER SET utf8mb3 COLLATE utf8mb3_bin DEFAULT 'no',
  `url` varchar(255) CHARACTER SET utf8mb3 COLLATE utf8mb3_bin DEFAULT NULL,
  `description` text CHARACTER SET utf8mb3 COLLATE utf8mb3_bin,
  `ar_description` text COLLATE utf8mb3_bin,
  `image` varchar(255) CHARACTER SET utf8mb3 COLLATE utf8mb3_bin DEFAULT NULL,
  `includeInHome` enum('yes','no') CHARACTER SET utf8mb3 COLLATE utf8mb3_bin DEFAULT 'no',
  `includeInMenu` enum('yes','no') CHARACTER SET utf8mb3 COLLATE utf8mb3_bin DEFAULT 'no',
  `includeInFooter` enum('yes','no') CHARACTER SET utf8mb3 COLLATE utf8mb3_bin DEFAULT 'no',
  `metaTitle` text CHARACTER SET utf8mb3 COLLATE utf8mb3_bin,
  `metaKey` text CHARACTER SET utf8mb3 COLLATE utf8mb3_bin,
  `metaDescription` text CHARACTER SET utf8mb3 COLLATE utf8mb3_bin,
  `metaImage` varchar(255) CHARACTER SET utf8mb3 COLLATE utf8mb3_bin DEFAULT NULL,
  `sequence` int DEFAULT NULL,
  `status` enum('Yes','No','Archive') CHARACTER SET utf8mb3 COLLATE utf8mb3_bin DEFAULT 'Yes',
  `createdBy` varchar(100) CHARACTER SET utf8mb3 COLLATE utf8mb3_bin DEFAULT NULL,
  `createdAt` datetime DEFAULT NULL,
  `updatedBy` varchar(100) CHARACTER SET utf8mb3 COLLATE utf8mb3_bin DEFAULT NULL,
  `updatedAt` datetime DEFAULT NULL
) ENGINE=InnoDB DEFAULT CHARSET=utf8mb3 COLLATE=utf8mb3_bin COMMENT='Categories Table';

--
-- Dumping data for table `categories`
--

INSERT INTO `categories` (`id`, `storeId`, `parentCategoryId`, `position`, `title`, `ar_title`, `slug`, `anchor`, `url`, `description`, `ar_description`, `image`, `includeInHome`, `includeInMenu`, `includeInFooter`, `metaTitle`, `metaKey`, `metaDescription`, `metaImage`, `sequence`, `status`, `createdBy`, `createdAt`, `updatedBy`, `updatedAt`) VALUES
(266, 30, NULL, NULL, 'Body Spray', 'بخاخ للجسم', 'body-spray', 'no', NULL, 'Body spray', 'بخاخ للجسم', '1655875434045.png', 'no', 'no', 'no', NULL, NULL, NULL, NULL, NULL, 'No', '1', '2022-06-22 01:34:54', NULL, '2022-10-21 10:51:16'),
(267, 30, NULL, NULL, 'Body Oils', 'زيت للجسم', 'hair-perfume', 'no', NULL, 'Body Oils', 'زيت للجسم', '1655890811653.png', 'no', 'no', 'no', NULL, NULL, NULL, NULL, 4, 'Yes', '1', '2022-06-22 15:10:11', NULL, '2022-10-21 10:50:58'),
(268, 30, NULL, NULL, 'Hair Care', 'عنابة بالشعر', 'body-perfume', 'no', NULL, 'Hair Fragrance', 'عنابة بالشعر', '1655891924178.png', 'no', 'no', 'no', NULL, NULL, NULL, NULL, 3, 'Yes', '1', '2022-06-22 15:28:44', NULL, '2022-10-21 10:50:39'),
(270, 30, NULL, NULL, 'Eau De Parfum', 'أو دي بارفام', 'eau-de-parfum', 'no', NULL, 'Eau De Parfum', 'أو دي بارفام\r\n', NULL, 'no', 'no', 'no', NULL, NULL, NULL, NULL, 1, 'Yes', '1', '2022-07-04 10:42:03', NULL, '2022-10-20 18:42:55'),
(271, 30, NULL, NULL, 'Extrait De Parfum', 'أكستري دي بارفام', 'extrait-de-parfum', 'no', NULL, 'Perfume Intense', 'أكستري دي بارفام\r\n', NULL, 'no', 'no', 'no', NULL, NULL, NULL, NULL, 2, 'Yes', '1', '2022-07-04 10:42:43', NULL, '2022-10-20 18:43:14'),
(272, 30, NULL, NULL, 'Home Fragrance', NULL, 'home-fragrance', 'no', NULL, 'Home Fragrance', NULL, NULL, 'no', 'no', 'no', NULL, NULL, NULL, NULL, 5, 'No', '1', '2022-07-04 10:42:58', NULL, '2022-08-11 16:39:31'),
(273, 30, NULL, NULL, 'Gift Sets', 'أطقم هدايا', 'gift-sets', 'no', NULL, 'Gift Sets', 'أطقم هدايا', NULL, 'no', 'no', 'no', NULL, NULL, NULL, NULL, 6, 'Yes', '1', '2022-07-04 10:43:18', NULL, '2022-10-24 10:40:40');

-- --------------------------------------------------------

--
-- Table structure for table `chatMessages`
--

CREATE TABLE `chatMessages` (
  `id` int NOT NULL,
  `store_id` int DEFAULT NULL,
  `chatUserId` int DEFAULT NULL,
  `type` enum('sender','receiver') DEFAULT NULL,
  `adminUserId` int DEFAULT NULL,
  `adminUserName` varchar(100) DEFAULT NULL,
  `adminProfilePic` varchar(100) DEFAULT NULL,
  `message` text,
  `msg_read` enum('yes','no') NOT NULL,
  `page_url` varchar(150) DEFAULT NULL,
  `createdAt` timestamp NULL DEFAULT NULL,
  `updatedAt` timestamp NULL DEFAULT CURRENT_TIMESTAMP
) ENGINE=InnoDB DEFAULT CHARSET=utf8mb4 COLLATE=utf8mb4_0900_ai_ci COMMENT='Chat Message Table';

--
-- Dumping data for table `chatMessages`
--

INSERT INTO `chatMessages` (`id`, `store_id`, `chatUserId`, `type`, `adminUserId`, `adminUserName`, `adminProfilePic`, `message`, `msg_read`, `page_url`, `createdAt`, `updatedAt`) VALUES
(1, 37, 1, 'receiver', 1, 'Sibaprasad Maiti', NULL, 'Hi', 'yes', 'https://sg.tezcommerce.com/', '2022-05-20 12:22:59', '2022-06-08 06:59:31'),
(2, 37, 1, 'sender', 19, 'shyamsgroup', NULL, 'Hello', 'yes', 'http://localhost:8100/', '2022-05-20 12:23:11', '2022-06-08 06:59:31'),
(3, 37, 1, 'receiver', 1, 'Sibaprasad Maiti', NULL, 'How are you', 'yes', 'https://sg.tezcommerce.com/', '2022-05-20 12:23:24', '2022-06-08 06:59:31'),
(4, 37, 2, 'receiver', 2, 'Mithun Maity', NULL, 'Hi', 'yes', 'https://sg.tezcommerce.com/', '2022-05-20 12:24:15', '2022-05-30 10:04:54'),
(5, 37, 2, 'receiver', 2, 'Mithun Maity', NULL, 'Hello admin', 'yes', 'https://sg.tezcommerce.com/', '2022-05-20 12:24:35', '2022-05-30 10:04:54'),
(6, 37, 2, 'sender', 19, 'shyamsgroup', NULL, 'Hi mithun', 'yes', 'http://localhost:8100/', '2022-05-20 12:24:56', '2022-05-30 10:04:54'),
(7, 37, 2, 'receiver', 2, 'Mithun Maity', NULL, 'hello', 'yes', 'https://sg.tezcommerce.com/', '2022-05-20 12:25:10', '2022-05-30 10:04:54'),
(8, 37, 1, 'receiver', 1, 'Sibaprasad Maiti', NULL, 'In publishing and graphic design, Lorem ipsum is a placeholder text commonly used to demonstrate the visual form of a document or a typeface without relying on meaningful content. Lorem ipsum may be used as a placeholder before final copy is available.', 'yes', 'https://sg.tezcommerce.com/', '2022-05-20 12:27:03', '2022-06-08 06:59:31'),
(9, 37, 2, 'sender', 19, 'shyamsgroup', NULL, 'In publishing and graphic design, Lorem ipsum is a placeholder text commonly used to demonstrate the visual form of a document or a typeface without relying on meaningful content. Lorem ipsum may be used as a placeholder before final copy is available.', 'yes', 'http://localhost:8100/', '2022-05-20 12:27:30', '2022-05-30 10:04:54'),
(10, 37, 2, 'receiver', 2, 'Mithun Maity', NULL, 'rh6juju', 'yes', 'https://sg.tezcommerce.com/', '2022-05-20 12:33:43', '2022-05-30 10:04:54'),
(11, 37, 2, 'receiver', 2, 'Mithun Maity', NULL, 'rgt', 'yes', 'https://sg.tezcommerce.com/', '2022-05-20 12:34:24', '2022-05-30 10:04:54'),
(12, 37, 2, 'receiver', 2, 'Mithun Maity', NULL, 'dstgfg', 'yes', 'https://sg.tezcommerce.com/', '2022-05-20 12:34:36', '2022-05-30 10:04:54'),
(13, 37, 2, 'receiver', 2, 'Mithun Maity', NULL, 'aefaefaef', 'yes', 'https://sg.tezcommerce.com/', '2022-05-20 12:36:20', '2022-05-30 10:04:54'),
(14, 37, 2, 'receiver', 2, 'Mithun Maity', NULL, 'fwefetert', 'yes', 'https://sg.tezcommerce.com/', '2022-05-20 12:37:23', '2022-05-30 10:04:54'),
(15, 37, 1, 'receiver', 1, 'Sibaprasad Maiti', NULL, 'hi', 'yes', 'https://sg.tezcommerce.com/', '2022-05-20 13:12:13', '2022-06-08 06:59:31'),
(16, 37, 1, 'sender', 19, 'shyamsgroup', NULL, 'fstf', 'yes', 'http://localhost:8100/', '2022-05-20 13:12:20', '2022-06-08 06:59:31'),
(17, 37, 1, 'receiver', 1, 'Sibaprasad Maiti', NULL, 'Hello', 'yes', 'https://sg.tezcommerce.com/', '2022-05-20 13:52:16', '2022-06-08 06:59:31'),
(18, 37, 1, 'sender', 19, 'shyamsgroup', NULL, 'hi', 'yes', 'https://partner.tezcommerce.com/', '2022-05-20 13:52:28', '2022-06-08 06:59:31'),
(19, 37, 1, 'receiver', 1, 'Sibaprasad Maiti', NULL, 'sdfasFSDFGSFG', 'yes', 'https://sg.tezcommerce.com/', '2022-05-20 13:52:34', '2022-06-08 06:59:31'),
(20, 37, 1, 'receiver', 1, 'Sibaprasad Maiti', NULL, 'awFdaf', 'yes', 'https://sg.tezcommerce.com/', '2022-05-20 13:52:38', '2022-06-08 06:59:31'),
(21, 37, 1, 'sender', 19, 'shyamsgroup', NULL, 'adadawesdfasedf', 'yes', 'https://partner.tezcommerce.com/', '2022-05-20 13:52:49', '2022-06-08 06:59:31'),
(22, 37, 2, 'sender', 19, 'shyamsgroup', NULL, 'fasfasfsfsf', 'yes', 'https://partner.tezcommerce.com/', '2022-05-20 13:53:22', '2022-05-30 10:04:54'),
(23, 37, 2, 'receiver', 2, 'Mithun Maity', NULL, 'adasdfasfasf', 'yes', 'https://sg.tezcommerce.com/', '2022-05-20 13:53:55', '2022-05-30 10:04:54'),
(24, 37, 1, 'receiver', 1, 'Sibaprasad Maiti', NULL, 'asdaSDaSD', 'yes', 'https://sg.tezcommerce.com/', '2022-05-20 13:54:26', '2022-06-08 06:59:31'),
(25, 37, 1, 'receiver', 1, 'Sibaprasad Maiti', NULL, 'ADasdasdasd', 'yes', 'https://sg.tezcommerce.com/', '2022-05-20 13:54:34', '2022-06-08 06:59:31'),
(26, 37, 2, 'receiver', 2, 'Mithun Maity', NULL, 'adwdqwdqd', 'yes', 'https://sg.tezcommerce.com/', '2022-05-20 13:54:43', '2022-05-30 10:04:54'),
(27, 37, 2, 'sender', 19, 'shyamsgroup', NULL, 'WWWWWWWWWWWWWW', 'yes', 'https://partner.tezcommerce.com/', '2022-05-20 13:55:05', '2022-05-30 10:04:54'),
(28, 37, 1, 'sender', 19, 'shyamsgroup', NULL, 'DFGXFGDFGV', 'yes', 'https://partner.tezcommerce.com/', '2022-05-20 13:55:16', '2022-06-08 06:59:31'),
(29, 37, 3, 'receiver', 3, 'Suman', NULL, 'Hi admin', 'yes', 'https://sg.tezcommerce.com/', '2022-05-21 06:26:45', '2022-05-27 10:41:45'),
(30, 37, 3, 'sender', 19, 'shyamsgroup', NULL, 'hi suman', 'yes', 'https://partner.tezcommerce.com/', '2022-05-21 06:27:31', '2022-05-27 10:41:45'),
(31, 37, 3, 'sender', 19, 'shyamsgroup', NULL, '😉😉😉😉', 'yes', 'https://partner.tezcommerce.com/', '2022-05-21 06:33:10', '2022-05-27 10:41:45'),
(32, 37, 3, 'receiver', 3, 'Suman', NULL, 'How are you', 'yes', 'https://sg.tezcommerce.com/', '2022-05-21 06:33:39', '2022-05-27 10:41:45'),
(33, 37, 3, 'receiver', 3, 'Suman', NULL, 'Fggfghh', 'yes', 'https://sg.tezcommerce.com/', '2022-05-21 06:33:43', '2022-05-27 10:41:45'),
(34, 37, 4, 'receiver', 4, 'Abcd', NULL, 'Hiiiiiiiii', 'yes', 'https://sg.tezcommerce.com/', '2022-05-21 06:35:12', '2022-05-30 10:11:25'),
(35, 37, 1, 'receiver', 1, 'Sibaprasad Maiti', NULL, 'hi', 'yes', 'https://sg.tezcommerce.com/', '2022-05-23 05:48:40', '2022-06-08 06:59:31'),
(36, 37, 1, 'sender', 19, 'shyamsgroup', NULL, 'hello', 'yes', 'https://partner.tezcommerce.com/', '2022-05-23 05:48:49', '2022-06-08 06:59:31'),
(37, 37, 1, 'sender', 19, 'shyamsgroup', NULL, 'jhgfu', 'yes', 'https://partner.tezcommerce.com/', '2022-05-23 05:49:23', '2022-06-08 06:59:31'),
(38, 37, 1, 'receiver', 1, 'Sibaprasad Maiti', NULL, 'hi', 'yes', 'https://sg.tezcommerce.com/', '2022-05-23 05:57:23', '2022-06-08 06:59:31'),
(39, 37, 1, 'sender', 19, 'shyamsgroup', NULL, 'ssfcsfs', 'yes', 'https://partner.tezcommerce.com/', '2022-05-23 05:58:04', '2022-06-08 06:59:31'),
(40, 37, 1, 'receiver', 1, 'Sibaprasad Maiti', NULL, 'fsfsd', 'yes', 'https://sg.tezcommerce.com/', '2022-05-23 05:58:16', '2022-06-08 06:59:31'),
(41, 37, 2, 'sender', 19, 'shyamsgroup', NULL, 'hi mithun', 'yes', 'https://partner.tezcommerce.com/', '2022-05-23 06:02:20', '2022-05-30 10:04:54'),
(42, 37, 1, 'receiver', 1, 'Sibaprasad Maiti', NULL, 'fffxddf', 'yes', 'https://sg.tezcommerce.com/', '2022-05-23 06:03:16', '2022-06-08 06:59:31'),
(43, 37, 1, 'sender', 19, 'shyamsgroup', NULL, 'sdfsdf', 'yes', 'https://partner.tezcommerce.com/', '2022-05-23 06:03:24', '2022-06-08 06:59:31'),
(44, 37, 1, 'sender', 19, 'shyamsgroup', NULL, 'afafsdfs', 'yes', 'https://partner.tezcommerce.com/', '2022-05-23 06:03:49', '2022-06-08 06:59:31'),
(45, 37, 1, 'receiver', 1, 'Sibaprasad Maiti', NULL, 'fsdfsdf', 'yes', 'https://sg.tezcommerce.com/', '2022-05-23 06:05:07', '2022-06-08 06:59:31'),
(46, 37, 1, 'receiver', 1, 'Sibaprasad Maiti', NULL, 'szfsdfsdf', 'yes', 'https://sg.tezcommerce.com/', '2022-05-23 06:05:37', '2022-06-08 06:59:31'),
(47, 37, 1, 'receiver', 1, 'Sibaprasad Maiti', NULL, 'sfsdf', 'yes', 'https://sg.tezcommerce.com/', '2022-05-23 06:06:11', '2022-06-08 06:59:31'),
(48, 37, 1, 'receiver', 1, 'Sibaprasad Maiti', NULL, 'gggggggggg', 'yes', 'https://sg.tezcommerce.com/', '2022-05-23 06:06:52', '2022-06-08 06:59:31'),
(49, 37, 1, 'sender', 19, 'shyamsgroup', NULL, 'uuuuuuuuuuuuuuuuuuu', 'yes', 'https://partner.tezcommerce.com/', '2022-05-23 06:07:14', '2022-06-08 06:59:31'),
(50, 37, 1, 'sender', 19, 'shyamsgroup', NULL, 'ttttttttttttttttttttttttttttttttttttttttt', 'yes', 'https://partner.tezcommerce.com/', '2022-05-23 06:07:46', '2022-06-08 06:59:31'),
(51, 37, 1, 'receiver', 1, 'Sibaprasad Maiti', NULL, 'gghhhhhhj', 'yes', 'https://sg.tezcommerce.com/', '2022-05-23 06:09:19', '2022-06-08 06:59:31'),
(52, 37, 1, 'sender', 19, 'shyamsgroup', NULL, 'ttrrrrrrrrrrrrrrrrrrrrrr', 'yes', 'https://partner.tezcommerce.com/', '2022-05-23 06:09:33', '2022-06-08 06:59:31'),
(53, 37, 1, 'receiver', 1, 'Sibaprasad Maiti', NULL, 'ssssssssssssssssssssssss', 'yes', 'https://sg.tezcommerce.com/', '2022-05-23 06:11:34', '2022-06-08 06:59:31'),
(54, 37, 1, 'sender', 19, 'shyamsgroup', NULL, 'sddfsdfzsdf', 'yes', 'https://partner.tezcommerce.com/', '2022-05-23 06:12:13', '2022-06-08 06:59:31'),
(55, 37, 1, 'sender', 19, 'shyamsgroup', NULL, 'adadasD', 'yes', 'https://partner.tezcommerce.com/', '2022-05-23 06:12:36', '2022-06-08 06:59:31'),
(56, 37, 1, 'sender', 19, 'shyamsgroup', NULL, 'sfsdfdfgsdff', 'yes', 'https://partner.tezcommerce.com/', '2022-05-23 06:13:17', '2022-06-08 06:59:31'),
(57, 37, 1, 'sender', 19, 'shyamsgroup', NULL, 'asdasDFSFsf', 'yes', 'https://partner.tezcommerce.com/', '2022-05-23 06:20:35', '2022-06-08 06:59:31'),
(58, 37, 1, 'sender', 19, 'shyamsgroup', NULL, 'asdasdas', 'yes', 'https://partner.tezcommerce.com/', '2022-05-23 06:20:51', '2022-06-08 06:59:31'),
(59, 37, 1, 'receiver', 1, 'Sibaprasad Maiti', NULL, 'dASDd', 'yes', 'https://sg.tezcommerce.com/', '2022-05-23 06:21:37', '2022-06-08 06:59:31'),
(60, 37, 1, 'sender', 19, 'shyamsgroup', NULL, 'asdwdawd', 'yes', 'https://partner.tezcommerce.com/', '2022-05-23 06:21:45', '2022-06-08 06:59:31'),
(61, 37, 1, 'receiver', 1, 'Sibaprasad Maiti', NULL, 'DWddw', 'yes', 'https://sg.tezcommerce.com/', '2022-05-23 06:22:00', '2022-06-08 06:59:31'),
(62, 37, 1, 'sender', 19, 'shyamsgroup', NULL, 'dfasDsc', 'yes', 'https://partner.tezcommerce.com/', '2022-05-23 06:22:04', '2022-06-08 06:59:31'),
(63, 37, 1, 'sender', 19, 'shyamsgroup', NULL, 'dadawdawdw', 'yes', 'https://partner.tezcommerce.com/', '2022-05-23 06:22:17', '2022-06-08 06:59:31'),
(64, 37, 4, 'receiver', 4, 'asifur', NULL, 'sadasd', 'yes', 'https://sg.tezcommerce.com/', '2022-05-23 06:54:14', '2022-05-30 10:11:25'),
(65, 37, 4, 'sender', 19, 'shyamsgroup', NULL, '2', 'yes', 'https://partner.tezcommerce.com/', '2022-05-23 06:54:39', '2022-05-30 10:11:25'),
(66, 37, 4, 'receiver', 4, 'asifur', NULL, 'ok', 'yes', 'https://sg.tezcommerce.com/', '2022-05-23 06:54:45', '2022-05-30 10:11:25'),
(67, 37, 4, 'sender', 19, 'shyamsgroup', NULL, 'grt', 'yes', 'https://partner.tezcommerce.com/', '2022-05-23 06:54:51', '2022-05-30 10:11:25'),
(68, 37, 3, 'receiver', 3, 'Suman', NULL, 'ffffffffff', 'yes', 'https://sg.tezcommerce.com/', '2022-05-24 08:43:13', '2022-05-27 10:41:45'),
(69, 37, 3, 'sender', 19, 'shyamsgroup', NULL, 'fvdfgdgzdg', 'yes', 'https://partner.tezcommerce.com/', '2022-05-24 08:43:33', '2022-05-27 10:41:45'),
(70, 37, 3, 'receiver', 3, 'Suman', NULL, 'warfwrfaf', 'yes', 'https://sg.tezcommerce.com/', '2022-05-24 08:45:13', '2022-05-27 10:41:45'),
(71, 37, 3, 'receiver', 3, 'Suman', NULL, 'hi', 'yes', 'https://sg.tezcommerce.com/', '2022-05-24 08:45:28', '2022-05-27 10:41:45'),
(72, 26, 5, 'receiver', 5, 'suman kalyan Nag', NULL, 'ucihdsciusdhvu', 'yes', 'https://www.iudyog.com/', '2022-05-24 12:23:06', '2022-05-26 11:33:51'),
(73, 26, 5, 'sender', 16, 'Iudyog', NULL, 'ljkjlgiuybnk;lml', 'yes', 'https://partner.tezcommerce.com/', '2022-05-24 12:23:22', '2022-05-26 11:33:51'),
(74, 26, 5, 'receiver', 5, 'suman kalyan Nag', NULL, 'yf', 'yes', 'https://www.iudyog.com/', '2022-05-24 12:23:33', '2022-05-26 11:33:51'),
(75, 26, 5, 'receiver', 5, 'suman kalyan Nag', NULL, 'fdasfdfdf', 'yes', 'https://www.iudyog.com/', '2022-05-24 12:31:07', '2022-05-26 11:33:51'),
(76, 26, 5, 'receiver', 5, 'suman kalyan Nag', NULL, 'wefawefef', 'yes', 'https://www.iudyog.com/', '2022-05-24 12:38:50', '2022-05-26 11:33:51'),
(77, 26, 5, 'sender', 16, 'Iudyog', NULL, 'werwaefawefa', 'yes', 'https://partner.tezcommerce.com/', '2022-05-24 12:38:55', '2022-05-26 11:33:51'),
(78, 26, 5, 'receiver', 5, 'suman kalyan Nag', NULL, 'input', 'yes', 'https://www.iudyog.com/', '2022-05-24 12:56:06', '2022-05-26 11:33:51'),
(79, 26, 5, 'sender', 16, 'Iudyog', NULL, ',L;,;/', 'yes', 'https://partner.tezcommerce.com/', '2022-05-24 12:56:30', '2022-05-26 11:33:51'),
(80, 26, 5, 'sender', 16, 'Iudyog', NULL, '\'/', 'yes', 'https://partner.tezcommerce.com/', '2022-05-24 12:56:30', '2022-05-26 11:33:51'),
(81, 26, 5, 'sender', 16, 'Iudyog', NULL, 'UI89', 'yes', 'https://partner.tezcommerce.com/', '2022-05-24 12:56:36', '2022-05-26 11:33:51'),
(82, 26, 6, 'receiver', 6, 'Sibaprasad Maiti', NULL, 'Hi', 'yes', 'https://www.iudyog.com/', '2022-05-25 05:30:21', '2022-05-25 10:54:56'),
(83, 26, 6, 'sender', 16, 'Iudyog', NULL, 'vbxjvbfkj', 'yes', 'https://partner.tezcommerce.com/', '2022-05-25 05:31:03', '2022-05-25 10:54:56'),
(84, 26, 6, 'receiver', 6, 'Sibaprasad Maiti', NULL, 'jgyufuif', 'yes', 'https://www.iudyog.com/', '2022-05-25 05:31:10', '2022-05-25 10:54:56'),
(85, 26, 7, 'receiver', 7, 'Mithun Maity', NULL, 'sdtfsfdsf', 'yes', 'https://www.iudyog.com/', '2022-05-25 06:16:13', '2022-05-25 10:54:52'),
(86, 26, 7, 'sender', 16, 'Iudyog', NULL, 'gdfhfghjf', 'yes', 'https://partner.tezcommerce.com/', '2022-05-25 06:17:43', '2022-05-25 10:54:52'),
(87, 37, 1, 'receiver', 1, 'Sibaprasad Maiti', NULL, 'hi', 'yes', 'https://sg.tezcommerce.com/', '2022-05-26 05:41:44', '2022-06-08 06:59:31'),
(88, 37, 1, 'sender', 19, 'shyamsgroup', NULL, 'asdasdfasf', 'yes', 'http://localhost:8100/', '2022-05-26 05:42:02', '2022-06-08 06:59:31'),
(89, 37, 1, 'receiver', 1, 'Sibaprasad Maiti', NULL, 'asfcasf', 'yes', 'https://sg.tezcommerce.com/', '2022-05-26 05:42:07', '2022-06-08 06:59:31'),
(90, 37, 1, 'sender', 19, 'shyamsgroup', NULL, 'dgdgdfgv', 'yes', 'https://partner.tezcommerce.com/', '2022-05-26 06:17:59', '2022-06-08 06:59:31'),
(91, 37, 1, 'sender', 19, 'shyamsgroup', NULL, 'rgrfg', 'yes', 'https://partner.tezcommerce.com/', '2022-05-26 06:18:22', '2022-06-08 06:59:31'),
(92, 37, 1, 'receiver', 1, 'Sibaprasad Maiti', NULL, 'sdfgsdf', 'yes', 'https://sg.tezcommerce.com/', '2022-05-26 06:18:26', '2022-06-08 06:59:31'),
(93, 17, 8, 'receiver', 8, 'Sibaprasad Maiti', NULL, 'Hi', 'yes', 'http://localhost:8100/', '2022-05-26 07:05:32', '2022-06-07 05:58:10'),
(94, 17, 8, 'sender', 4, 'Zbrdst Admin', NULL, 'hello', 'yes', 'https://partner.tezcommerce.com/', '2022-05-26 07:08:56', '2022-06-07 05:58:10'),
(95, 17, 8, 'receiver', 8, 'Sibaprasad Maiti', NULL, 'szfsfgsdfg', 'yes', 'http://localhost:8100/', '2022-05-26 07:09:01', '2022-06-07 05:58:10'),
(96, 17, 8, 'sender', 4, 'Zbrdst Admin', NULL, 'tgstg', 'yes', 'https://partner.tezcommerce.com/', '2022-05-26 07:10:00', '2022-06-07 05:58:10'),
(97, 17, 8, 'receiver', 8, 'Sibaprasad Maiti', NULL, 'rfgserfg', 'yes', 'http://localhost:8100/', '2022-05-26 07:10:06', '2022-06-07 05:58:10'),
(98, 17, 8, 'receiver', 8, 'Sibaprasad Maiti', NULL, 'klhlkhujn', 'yes', 'http://localhost:8100/', '2022-05-26 07:41:34', '2022-06-07 05:58:10'),
(99, 26, 5, 'receiver', 5, 'suman kalyan Nag', NULL, 'jbfibggjifb', 'yes', 'https://www.iudyog.com/', '2022-05-26 08:38:54', '2022-05-26 11:33:51'),
(100, 26, 5, 'receiver', 5, 'suman kalyan Nag', NULL, 'gbfhfgh', 'yes', 'https://www.iudyog.com/', '2022-05-26 08:38:58', '2022-05-26 11:33:51'),
(101, 26, 5, 'receiver', 5, 'suman kalyan Nag', NULL, 'bgfgbhgfh', 'yes', 'https://www.iudyog.com/', '2022-05-26 08:39:00', '2022-05-26 11:33:51'),
(102, 37, 3, 'receiver', 3, 'Suman', NULL, 'dsgrdrg', 'yes', 'https://www.shyamsgroup.com/', '2022-05-26 11:32:56', '2022-05-27 10:41:45'),
(103, 17, 9, 'receiver', 9, 'Mithun Maity', NULL, 'Testing', 'yes', 'http://localhost:8100/', '2022-05-26 11:34:16', '2022-05-26 12:32:24'),
(104, 17, 9, 'sender', 4, 'Zbrdst Admin', NULL, 'hello', 'yes', 'https://partner.tezcommerce.com/', '2022-05-26 11:39:19', '2022-05-26 12:32:24'),
(105, 17, 9, 'sender', 4, 'Zbrdst Admin', NULL, 'hello mithun ', 'yes', 'https://partner.tezcommerce.com/', '2022-05-26 11:39:33', '2022-05-26 12:32:24'),
(106, 37, 3, 'receiver', 3, 'fhdhj', NULL, 'sdkjfbvdkjsbgvk', 'yes', 'https://www.shyamsgroup.com/', '2022-05-26 11:49:30', '2022-05-27 10:41:45'),
(107, 37, 3, 'receiver', 3, 'fhdhj', NULL, 'vgdfg', 'yes', 'https://www.shyamsgroup.com/', '2022-05-26 11:49:35', '2022-05-27 10:41:45'),
(108, 37, 3, 'receiver', 3, 'fhdhj', NULL, 'suman nag', 'yes', 'https://www.shyamsgroup.com/', '2022-05-26 11:50:03', '2022-05-27 10:41:45'),
(109, 17, 9, 'receiver', 9, 'Mithun Maity', NULL, 'Lorem Ipsum is simply dummy text of the printing and typesetting industry. Lorem Ipsum has been the industry\'s standard dummy text ever since the 1500s, when an unknown printer took a galley of type and scrambled it to make a type specimen book. It has survived not only five centuries, but also the leap into electronic typesetting, remaining essentially unchanged. It was popularised in the 1960s with the release of Letraset sheets containing Lorem Ipsum passages, and more recently with desktop publishing software like Aldus PageMaker including versions of Lorem Ipsum.', 'yes', 'http://localhost:8100/', '2022-05-26 12:13:16', '2022-05-26 12:32:24'),
(110, 17, 8, 'receiver', 8, 'Sibaprasad Maiti', NULL, 'dfsdfsdf', 'yes', 'http://localhost:8100/', '2022-05-26 12:32:19', '2022-06-07 05:58:10'),
(111, 17, 8, 'sender', 4, 'Zbrdst Admin', NULL, 'sdfsfs', 'yes', 'https://partner.tezcommerce.com/', '2022-05-26 12:32:30', '2022-06-07 05:58:10'),
(112, 49, 10, 'receiver', 10, 'suman', NULL, 'cvsdfsg', 'yes', 'https://www.ipathsala.com/', '2022-05-26 12:40:35', '2022-05-27 08:22:03'),
(113, 17, 8, 'receiver', 8, 'Sibaprasad Maiti', NULL, 'hi', 'yes', 'https://zbrdst.com/', '2022-05-26 12:57:40', '2022-06-07 05:58:10'),
(114, 17, 8, 'sender', 4, 'Zbrdst Admin', NULL, 'hello', 'yes', 'https://partner.tezcommerce.com/', '2022-05-26 12:57:59', '2022-06-07 05:58:10'),
(115, 17, 11, 'receiver', 11, 'asifur rahaman', NULL, 'asdasdasd', 'yes', 'https://zbrdst.com/', '2022-05-26 12:58:49', '2022-06-06 13:59:45'),
(116, 49, 10, 'receiver', 10, 'suman', NULL, 'gfrtg', 'yes', 'https://www.ipathsala.com/', '2022-05-26 12:59:24', '2022-05-27 08:22:03'),
(117, 17, 11, 'sender', 4, 'Zbrdst Admin', NULL, 'grtetqwksda\'asd', 'yes', 'https://partner.tezcommerce.com/', '2022-05-26 13:01:35', '2022-06-06 13:59:45'),
(118, 17, 11, 'sender', 4, 'Zbrdst Admin', NULL, 'now', 'yes', 'https://partner.tezcommerce.com/', '2022-05-26 13:02:53', '2022-06-06 13:59:45'),
(119, 17, 11, 'receiver', 11, 'asifur rahaman', NULL, 'gggg', 'yes', 'https://zbrdst.com/', '2022-05-26 13:03:03', '2022-06-06 13:59:45'),
(120, 17, 11, 'receiver', 11, 'asifur rahaman', NULL, 'vb', 'yes', 'https://zbrdst.com/', '2022-05-26 13:03:14', '2022-06-06 13:59:45'),
(121, 17, 11, 'sender', 4, 'Zbrdst Admin', NULL, 'mnjgyufufyk', 'yes', 'https://partner.tezcommerce.com/', '2022-05-26 13:03:56', '2022-06-06 13:59:45'),
(122, 17, 12, 'receiver', 12, 'susanta da', NULL, 'asdjasdjh\r\n', 'yes', 'https://zbrdst.com/', '2022-05-26 13:05:18', '2022-06-06 10:25:42'),
(123, 17, 12, 'sender', 4, 'Zbrdst Admin', NULL, 'fgyutyu;huiojhi', 'yes', 'https://partner.tezcommerce.com/', '2022-05-26 13:05:27', '2022-06-06 10:25:42'),
(124, 17, 12, 'sender', 4, 'Zbrdst Admin', NULL, 'trdf', 'yes', 'https://partner.tezcommerce.com/', '2022-05-26 13:05:30', '2022-06-06 10:25:42'),
(125, 17, 12, 'sender', 4, 'Zbrdst Admin', NULL, 'yuri', 'yes', 'https://partner.tezcommerce.com/', '2022-05-26 13:05:31', '2022-06-06 10:25:42'),
(126, 17, 11, 'sender', 4, 'Washim Raja', NULL, 'dzfvdsfdzf', 'yes', 'https://partner.tezcommerce.com/', '2022-05-26 13:14:54', '2022-06-06 13:59:45'),
(127, 17, 8, 'sender', 4, 'Washim Raja', NULL, 'ssfcsfs', 'yes', 'https://partner.tezcommerce.com/', '2022-05-26 13:15:18', '2022-06-07 05:58:10'),
(128, 17, 8, 'sender', 4, 'Washim Raja', NULL, 'jkgijkiji', 'yes', 'https://partner.tezcommerce.com/', '2022-05-26 13:15:31', '2022-06-07 05:58:10'),
(129, 17, 11, 'sender', 4, 'Washim Raja', NULL, 'hi', 'yes', 'https://partner.tezcommerce.com/', '2022-05-26 13:15:42', '2022-06-06 13:59:45'),
(130, 17, 11, 'sender', 4, 'Washim Raja', NULL, 'sfddgg', 'yes', 'https://partner.tezcommerce.com/', '2022-05-26 13:15:47', '2022-06-06 13:59:45'),
(131, 17, 13, 'receiver', 13, 'test', NULL, 'tst', 'yes', 'https://www.zbrdst.com/', '2022-05-26 13:17:53', '2022-05-27 10:55:37'),
(132, 17, 13, 'receiver', 13, 'test', NULL, 'dadssd', 'yes', 'https://www.zbrdst.com/', '2022-05-26 13:17:59', '2022-05-27 10:55:37'),
(133, 17, 13, 'receiver', 13, 'test', NULL, 'ffddsds', 'yes', 'https://www.zbrdst.com/', '2022-05-26 13:18:01', '2022-05-27 10:55:37'),
(134, 17, 13, 'receiver', 13, 'test', NULL, 'sdssdsssda', 'yes', 'https://www.zbrdst.com/', '2022-05-26 13:18:04', '2022-05-27 10:55:37'),
(135, 17, 13, 'receiver', 13, 'test', NULL, 'Test', 'yes', 'https://www.zbrdst.com/', '2022-05-26 13:19:23', '2022-05-27 10:55:37'),
(136, 17, 13, 'receiver', 13, 'Sumit', NULL, 'Bzbsvanan', 'yes', 'https://www.zbrdst.com/', '2022-05-26 13:19:35', '2022-05-27 10:55:37'),
(137, 25, 14, 'receiver', 14, 'suman', NULL, 'fdsgdgdrg', 'yes', 'https://www.rabedc.com/', '2022-05-26 13:19:46', '2022-06-03 08:00:17'),
(138, 17, 13, 'sender', 4, 'Washim Raja', NULL, 'hhh', 'yes', 'https://partner.tezcommerce.com/', '2022-05-26 13:19:47', '2022-05-27 10:55:37'),
(139, 17, 13, 'sender', 4, 'Washim Raja', NULL, 'working good?', 'yes', 'https://partner.tezcommerce.com/', '2022-05-26 13:19:53', '2022-05-27 10:55:37'),
(140, 25, 14, 'receiver', 14, 'suman', NULL, 'cxdvf', 'yes', 'https://www.rabedc.com/', '2022-05-26 13:20:35', '2022-06-03 08:00:17'),
(141, 25, 14, 'receiver', 14, 'suman', NULL, 'input', 'yes', 'https://www.rabedc.com/', '2022-05-26 13:21:26', '2022-06-03 08:00:17'),
(142, 24, 15, 'receiver', 15, 'suman', NULL, 'vxcfb', 'no', 'https://www.crescentindia.com/', '2022-05-26 13:30:19', '2022-05-26 13:30:19'),
(143, 17, 8, 'receiver', 8, 'Sibaprasad Maiti', NULL, 'hi sibuji', 'yes', 'https://zbrdst.com/', '2022-05-26 13:33:26', '2022-06-07 05:58:10'),
(144, 25, 14, 'receiver', 14, 'suman', NULL, 'wdqawf', 'yes', 'https://www.rabedc.com/', '2022-05-26 13:39:57', '2022-06-03 08:00:17'),
(145, 37, 3, 'receiver', 3, 'fhdhj', NULL, 'fsdgfsdg', 'yes', 'https://www.shyamsgroup.com/', '2022-05-27 05:44:48', '2022-05-27 10:41:45'),
(146, 52, 16, 'receiver', 16, 'dsasdxsag', NULL, 'csdfvsf', 'yes', 'https://www.omromotel.com/', '2022-05-27 06:11:33', '2022-05-27 06:28:08'),
(147, 52, 16, 'receiver', 16, 'dsasdxsag', NULL, 'czdcfzdf', 'yes', 'https://www.omromotel.com/', '2022-05-27 06:11:38', '2022-05-27 06:28:08'),
(148, 52, 16, 'receiver', 16, 'dsasdxsag', NULL, 'asassa', 'yes', 'https://www.omromotel.com/', '2022-05-27 06:19:05', '2022-05-27 06:28:08'),
(149, 26, 17, 'receiver', 17, 'suman', NULL, 'gbgvnh', 'no', 'https://www.iudyog.com/', '2022-05-27 06:20:49', '2022-05-27 06:20:49'),
(150, 52, 16, 'receiver', 16, 'suman', NULL, 'sasasas', 'no', 'https://www.omromotel.com/', '2022-05-27 06:33:53', '2022-05-27 06:33:53'),
(151, 19, 18, 'receiver', 18, 'suman', NULL, 'GDFGD', 'yes', 'https://www.smarteducation.org.in/', '2022-05-27 06:38:00', '2022-06-04 13:24:25'),
(152, 43, 19, 'receiver', 19, 'suman', NULL, 'RDSGDRTG', 'yes', 'https://www.awarenessacademy.co/', '2022-05-27 06:44:42', '2022-05-27 09:17:44'),
(153, 51, 20, 'receiver', 20, 'ss', NULL, 'ssaasas', 'yes', 'https://www.growtrail.com/', '2022-05-27 06:57:32', '2022-05-27 07:44:15'),
(154, 51, 20, 'receiver', 20, 'ss', NULL, 'adadssda', 'yes', 'https://www.growtrail.com/', '2022-05-27 07:04:06', '2022-05-27 07:44:15'),
(155, 24, 15, 'receiver', 15, 'suman', NULL, 'gdfh', 'no', 'https://www.crescentindia.com/', '2022-05-27 07:18:51', '2022-05-27 07:18:51'),
(156, 51, 20, 'receiver', 20, 'ss', NULL, 'adadssda', 'yes', 'https://www.growtrail.com/', '2022-05-27 07:32:41', '2022-05-27 07:44:15'),
(157, 51, 20, 'receiver', 20, 'ss', NULL, 'vzvzvzvzvz', 'yes', 'https://www.growtrail.com/', '2022-05-27 07:36:19', '2022-05-27 07:44:15'),
(158, 51, 21, 'receiver', 21, 'bgfb', NULL, 'cfbgh', 'yes', 'https://www.growtrail.com/', '2022-05-27 07:38:31', '2022-05-27 07:44:24'),
(159, 45, 22, 'receiver', 22, 'ss', NULL, 'sfssfsf', 'yes', 'https://www.championsschool.in/', '2022-05-27 07:44:12', '2022-05-27 07:45:15'),
(160, 45, 22, 'receiver', 22, 'ss', NULL, 'fafffsf', 'yes', 'https://www.championsschool.in/', '2022-05-27 07:45:06', '2022-05-27 07:45:15'),
(161, 45, 22, 'receiver', 22, 'ss', NULL, 'v xcvxvx', 'no', 'https://www.championsschool.in/', '2022-05-27 07:56:31', '2022-05-27 07:56:31'),
(162, 43, 19, 'receiver', 19, 'suman', NULL, 'cssd', 'yes', 'https://www.awarenessacademy.co/', '2022-05-27 08:06:29', '2022-05-27 09:17:44'),
(163, 43, 19, 'receiver', 19, 'ss', NULL, 'sfss', 'yes', 'https://www.awarenessacademy.co/', '2022-05-27 08:08:52', '2022-05-27 09:17:44'),
(164, 43, 19, 'receiver', 19, 'ss', NULL, 'saa', 'yes', 'https://www.awarenessacademy.co/', '2022-05-27 08:09:15', '2022-05-27 09:17:44'),
(165, 43, 19, 'receiver', 19, 'suman', NULL, 'suman nag', 'yes', 'https://www.awarenessacademy.co/', '2022-05-27 08:15:11', '2022-05-27 09:17:44'),
(166, 49, 23, 'receiver', 23, 'suman kalyan Nag', NULL, 'bcbcg', 'yes', 'https://www.ipathsala.com/', '2022-05-27 08:21:47', '2022-05-27 08:22:46'),
(167, 46, 24, 'receiver', 24, 'ss', NULL, 'ssa', 'no', 'https://www.coftea.in/', '2022-05-27 08:25:43', '2022-05-27 08:25:43'),
(168, 21, 25, 'receiver', 25, 'suman', NULL, 'czxcxzc', 'no', 'https://www.kttihs.org/', '2022-05-27 09:18:09', '2022-05-27 09:18:09'),
(169, 49, 23, 'receiver', 23, 'suman kalyan Nag', NULL, 'casda', 'no', 'https://www.ipathsala.com/', '2022-05-27 09:40:18', '2022-05-27 09:40:18'),
(170, 49, 23, 'receiver', 23, 'ss', NULL, 'hhh', 'no', 'https://www.ipathsala.com/', '2022-05-27 09:44:43', '2022-05-27 09:44:43'),
(171, 49, 10, 'receiver', 10, 'suman', NULL, 'csdf', 'no', 'https://www.ipathsala.com/', '2022-05-27 09:45:35', '2022-05-27 09:45:35'),
(172, 47, 26, 'receiver', 26, 'ss', NULL, 'sassa', 'no', 'https://www.mdpl.co/', '2022-05-27 10:24:57', '2022-05-27 10:24:57'),
(173, 37, 3, 'sender', 19, 'shyamsgroup', NULL, 'hi', 'yes', 'http://localhost:8100/', '2022-05-27 10:39:40', '2022-05-27 10:41:45'),
(174, 23, 27, 'receiver', 27, 'fgdfgbghfg', NULL, 'bhgfhn', 'no', 'https://www.binoysadanbedcollege.com/', '2022-05-27 11:35:21', '2022-05-27 11:35:21'),
(175, 19, 28, 'receiver', 28, 'Manikchand Seikh ', NULL, 'Hellow sir,l am Manikchand Seikh ,how r u sir ,,', 'yes', 'https://www.smarteducation.org.in/', '2022-05-27 15:13:32', '2022-05-30 09:47:31'),
(176, 19, 29, 'receiver', 29, 'Ankan Rakshit', NULL, 'How can I learn English for free here?', 'yes', 'https://www.smarteducation.org.in/', '2022-05-27 15:36:23', '2022-06-04 09:34:34'),
(177, 19, 30, 'receiver', 30, 'Hriday', NULL, 'businesses ', 'yes', 'https://www.smarteducation.org.in/', '2022-05-27 16:02:27', '2022-05-30 09:47:33'),
(178, 19, 30, 'receiver', 30, 'Hriday', NULL, 'Hii whor you ', 'yes', 'https://www.smarteducation.org.in/', '2022-05-27 16:03:07', '2022-05-30 09:47:33'),
(179, 19, 30, 'receiver', 30, 'Hriday', NULL, 'I am fine ', 'yes', 'https://www.smarteducation.org.in/', '2022-05-27 16:03:33', '2022-05-30 09:47:33'),
(180, 19, 30, 'receiver', 30, 'Hriday', NULL, 'Ok bayy', 'yes', 'https://www.smarteducation.org.in/', '2022-05-27 16:03:55', '2022-05-30 09:47:33'),
(181, 19, 31, 'receiver', 31, 'Juwel sk ', NULL, 'Help me sir', 'yes', 'https://www.smarteducation.org.in/', '2022-05-27 17:10:40', '2022-06-04 09:34:31'),
(182, 19, 32, 'receiver', 32, 'Tumpa Rakshit', NULL, 'I am interested', 'yes', 'https://www.smarteducation.org.in/', '2022-05-28 03:48:56', '2022-06-04 09:34:25'),
(183, 20, 33, 'receiver', 33, 'Mithun Maity', NULL, 'Test', 'yes', 'https://www.tezcommerce.com/', '2022-05-28 04:00:09', '2022-05-28 04:50:16'),
(184, 20, 33, 'sender', 7, 'Tezcommerce', NULL, 'hello', 'yes', 'https://partner.tezcommerce.com/', '2022-05-28 04:24:39', '2022-05-28 04:50:16'),
(185, 20, 33, 'receiver', 33, 'Mithun Maity', NULL, 'hi', 'yes', 'https://www.tezcommerce.com/', '2022-05-28 04:24:52', '2022-05-28 04:50:16'),
(186, 20, 33, 'sender', 7, 'Tezcommerce', NULL, 'Superior quality fully functional end products with efficient customer service at rock bottom prices.', 'yes', 'https://partner.tezcommerce.com/', '2022-05-28 04:28:20', '2022-05-28 04:50:16'),
(187, 20, 33, 'receiver', 33, 'Mithun Maity', NULL, 'fdgdfg', 'yes', 'https://www.tezcommerce.com/', '2022-05-28 04:28:54', '2022-05-28 04:50:16'),
(188, 37, 2, 'receiver', 2, 'Mithun Maity', NULL, 'Every year between 300 to 500 million people are being infected with mosquito borne diseases like malaria, yellow fever, dengue fever Independence.', 'yes', 'https://www.shyamsgroup.com/', '2022-05-28 04:34:17', '2022-05-30 10:04:54'),
(189, 37, 2, 'receiver', 2, 'Mithun Maity', NULL, 'Just for Testing', 'yes', 'https://www.shyamsgroup.com/', '2022-05-28 04:34:30', '2022-05-30 10:04:54'),
(190, 24, 34, 'receiver', 34, 'Mithun Maity', NULL, 'Independence & Business ethics shapes our culture and is firmly rooted in our internal structures and mechanisms.', 'yes', 'https://www.crescentindia.com/', '2022-05-28 04:48:35', '2022-05-28 04:58:23'),
(191, 24, 34, 'sender', 11, 'CreascentGroup', NULL, 'The extensive experience accumulated for over the past 50 years has helped Crescent', 'yes', 'https://partner.tezcommerce.com/', '2022-05-28 04:51:13', '2022-05-28 04:58:23'),
(192, 24, 34, 'receiver', 34, 'Mithun Maity', NULL, 'Ok', 'yes', 'https://www.crescentindia.com/', '2022-05-28 04:51:22', '2022-05-28 04:58:23'),
(193, 25, 35, 'receiver', 35, 'Mithun Maity', NULL, 'Amaranth Altruist Charitable Trust (AACT), Midnapre has been set up as a public charitable trust in the year 2006 and registered by DSR under section 60 and Rule 69 on 19th August', 'yes', 'https://www.rabedc.com/', '2022-05-28 04:57:59', '2022-05-28 05:04:32'),
(194, 24, 34, 'sender', 11, 'CreascentGroup', NULL, 'Amaranth Altruist Charitable Trust (AACT), Midnapre has been set up as a public charitable trust in the year 2006 and registered by DSR under section 60 and Rule 69 on 19th August', 'yes', 'https://partner.tezcommerce.com/', '2022-05-28 04:58:17', '2022-05-28 04:58:23'),
(195, 25, 35, 'sender', 12, 'RishiAurabondo', NULL, 'managed by a Board of Members comprising of 7 (seven) personalities who are great visionaries.', 'yes', 'https://partner.tezcommerce.com/', '2022-05-28 04:59:09', '2022-05-28 05:04:32'),
(196, 25, 35, 'receiver', 35, 'Mithun Maity', NULL, 'test', 'yes', 'https://www.rabedc.com/', '2022-05-28 05:03:17', '2022-05-28 05:04:32'),
(197, 19, 36, 'receiver', 36, 'Sanju saha', NULL, 'Hallo', 'yes', 'https://www.smarteducation.org.in/', '2022-05-28 08:15:33', '2022-06-04 09:34:28'),
(198, 19, 37, 'receiver', 37, 'Anindita Mitra', NULL, 'Hello', 'yes', 'https://www.smarteducation.org.in/', '2022-05-28 10:25:38', '2022-05-30 10:15:35'),
(199, 19, 37, 'receiver', 37, 'Anindita Mitra', NULL, 'Hi', 'yes', 'https://www.smarteducation.org.in/', '2022-05-28 10:32:05', '2022-05-30 10:15:35'),
(200, 19, 38, 'receiver', 38, 'Reha Khan', NULL, 'I learn to spoken English ', 'yes', 'https://www.smarteducation.org.in/', '2022-05-28 11:54:10', '2022-06-04 09:34:09'),
(201, 19, 38, 'receiver', 38, 'Reha Khan', NULL, 'Hi ', 'yes', 'https://www.smarteducation.org.in/', '2022-05-28 11:54:25', '2022-06-04 09:34:09'),
(202, 19, 39, 'receiver', 39, 'Champa pramanik', NULL, 'শিখতে চাই ', 'yes', 'https://www.smarteducation.org.in/', '2022-05-29 03:12:35', '2022-06-04 09:33:56'),
(203, 19, 40, 'receiver', 40, 'Ananya khatua', NULL, 'I want to learn free spoken English.', 'yes', 'https://www.smarteducation.org.in/', '2022-05-29 03:49:55', '2022-06-04 09:33:42'),
(204, 19, 41, 'receiver', 41, 'Salma Parvin', NULL, 'Sir ami spoken English sikhte chai', 'yes', 'https://www.smarteducation.org.in/', '2022-05-29 10:04:08', '2022-06-04 09:32:47'),
(205, 19, 42, 'receiver', 42, 'Puja guri', NULL, 'Hye sir I am interested', 'yes', 'https://www.smarteducation.org.in/', '2022-05-29 12:03:59', '2022-06-04 09:32:22'),
(206, 19, 42, 'receiver', 42, 'Puja guri', NULL, 'Please tell me more information', 'yes', 'https://www.smarteducation.org.in/', '2022-05-29 12:04:17', '2022-06-04 09:32:22'),
(207, 19, 43, 'receiver', 43, 'Saba Naz Alam', NULL, 'class Karna Hai', 'yes', 'https://www.smarteducation.org.in/', '2022-05-29 20:42:46', '2022-06-04 09:32:12'),
(208, 19, 44, 'receiver', 44, 'Afsana Khatun ', NULL, 'Hi', 'yes', 'https://www.smarteducation.org.in/', '2022-05-30 09:29:20', '2022-05-30 10:07:28'),
(209, 19, 45, 'receiver', 45, 'Susanta Kumar Das', NULL, 'grtejhyt', 'yes', 'https://www.smarteducation.org.in/', '2022-05-30 09:47:05', '2022-06-04 09:32:04'),
(210, 19, 45, 'receiver', 45, 'Susanta Kumar Das', NULL, 'hi', 'yes', 'https://www.smarteducation.org.in/', '2022-05-30 09:47:09', '2022-06-04 09:32:04'),
(211, 19, 45, 'sender', 6, 'Smart education', NULL, 'hi', 'yes', 'https://partner.tezcommerce.com/', '2022-05-30 10:07:22', '2022-06-04 09:32:04'),
(212, 19, 37, 'receiver', 37, 'Anindita Mitra', NULL, 'Hi', 'yes', 'https://www.smarteducation.org.in/', '2022-05-30 10:10:21', '2022-05-30 10:15:35'),
(213, 19, 46, 'receiver', 46, 'Ram bisai', NULL, 'I am ram from jamshedpur', 'yes', 'https://www.smarteducation.org.in/', '2022-05-30 13:20:16', '2022-06-04 09:31:59'),
(214, 19, 46, 'receiver', 46, 'Ram bisai', NULL, 'I am ram', 'yes', 'https://www.smarteducation.org.in/', '2022-05-30 13:20:33', '2022-06-04 09:31:59'),
(215, 19, 47, 'receiver', 47, 'Soumen dhar', NULL, 'G', 'yes', 'https://www.smarteducation.org.in/', '2022-05-30 19:16:28', '2022-06-01 13:34:48'),
(216, 19, 48, 'receiver', 48, 'Monirul Molla ', NULL, 'I want to Learn Speak English Sir ', 'yes', 'https://www.smarteducation.org.in/', '2022-05-31 01:20:56', '2022-06-04 09:31:47'),
(217, 19, 49, 'receiver', 49, 'Sukallyan debnath', NULL, 'Yes', 'yes', 'https://www.smarteducation.org.in/', '2022-05-31 13:26:30', '2022-06-04 09:31:39'),
(218, 19, 50, 'receiver', 50, 'Pratiksha Nath', NULL, 'I am interested to learn how to speak well in English.', 'yes', 'https://www.smarteducation.org.in/free-test-1', '2022-06-01 12:04:27', '2022-06-04 09:31:33'),
(219, 19, 39, 'sender', 6, 'Smart education', NULL, 'Ki sikhte chan apni????', 'yes', 'https://partner.tezcommerce.com/', '2022-06-01 13:33:50', '2022-06-04 09:33:56'),
(220, 19, 31, 'sender', 6, 'Smart education', NULL, 'How can i help you?', 'yes', 'https://partner.tezcommerce.com/', '2022-06-01 13:34:22', '2022-06-04 09:34:31'),
(221, 26, 51, 'receiver', 51, 'sadsad', NULL, 'esrserwe', 'no', 'https://www.iudyog.com/', '2022-06-02 06:18:28', '2022-06-02 06:18:28'),
(222, 23, 52, 'receiver', 52, 'asdasd', NULL, 'zxcsd', 'no', 'https://www.binoysadanbedcollege.com/', '2022-06-02 11:06:23', '2022-06-02 11:06:23'),
(223, 47, 53, 'receiver', 53, 'sadsad', NULL, 'dfgbdshgsd', 'no', 'https://www.mdpl.co/', '2022-06-02 11:32:44', '2022-06-02 11:32:44'),
(224, 21, 54, 'receiver', 54, 'sadsad', NULL, 'gdfgdsg', 'no', 'https://www.kttihs.org/', '2022-06-02 11:32:59', '2022-06-02 11:32:59'),
(225, 19, 55, 'receiver', 55, 'sadsad', NULL, 'dsasd', 'yes', 'https://www.smarteducation.org.in/', '2022-06-03 05:31:08', '2022-06-12 05:09:48'),
(226, 21, 54, 'receiver', 54, 'sadsad', NULL, 'sdadcfF', 'no', 'https://www.kttihs.org/', '2022-06-03 05:41:11', '2022-06-03 05:41:11'),
(227, 50, 56, 'receiver', 56, 'sadsad', NULL, 'fsdf', 'no', 'https://www.sinckotgroup.co.uk/', '2022-06-03 05:48:52', '2022-06-03 05:48:52'),
(228, 47, 53, 'receiver', 53, 'sadsad', NULL, 'dhgdsg', 'no', 'https://www.mdpl.co/', '2022-06-03 06:00:15', '2022-06-03 06:00:15'),
(229, 53, 57, 'receiver', 57, 'sadsad', NULL, 'dsgsg', 'no', 'https://www.topgunshootingacademy.com/', '2022-06-03 06:01:12', '2022-06-03 06:01:12'),
(230, 36, 58, 'receiver', 58, 'sadsad', NULL, 'ddxzf', 'no', 'https://www.ogvenergy.com/', '2022-06-03 06:20:35', '2022-06-03 06:20:35'),
(231, 19, 59, 'receiver', 59, 'Susovan Mishra', NULL, 'Interested.', 'yes', 'https://www.smarteducation.org.in/', '2022-06-03 08:05:30', '2022-06-12 13:21:10'),
(232, 23, 60, 'receiver', 60, 'sadsad', NULL, 'dsfag', 'no', 'https://www.binoysadanbedcollege.com/', '2022-06-03 08:06:08', '2022-06-03 08:06:08'),
(233, 25, 61, 'receiver', 61, 'sadsad', NULL, 'gfsgd', 'no', 'https://www.rabedc.com/', '2022-06-03 08:17:50', '2022-06-03 08:17:50'),
(234, 53, 62, 'receiver', 62, 'Rahul', NULL, 'What is the fee for shooting academy ', 'no', 'https://www.topgunshootingacademy.com/', '2022-06-03 16:30:27', '2022-06-03 16:30:27'),
(235, 53, 62, 'receiver', 62, 'Rahul', NULL, 'Hi Team', 'no', 'https://www.topgunshootingacademy.com/', '2022-06-03 16:30:45', '2022-06-03 16:30:45'),
(236, 53, 62, 'receiver', 62, 'Rahul', NULL, 'What is fee for learning shooting?', 'no', 'https://www.topgunshootingacademy.com/', '2022-06-03 16:31:05', '2022-06-03 16:31:05'),
(237, 19, 59, 'sender', 6, 'Smart education', NULL, 'Please call our official number 7908892206', 'yes', 'https://partner.tezcommerce.com/', '2022-06-04 09:31:08', '2022-06-12 13:21:10'),
(238, 19, 50, 'sender', 6, 'Smart education', NULL, 'Please call our official number 7908892206', 'yes', 'https://partner.tezcommerce.com/', '2022-06-04 09:31:26', '2022-06-04 09:31:33'),
(239, 19, 42, 'sender', 6, 'Smart education', NULL, 'Please call our official number 7908892206', 'yes', 'https://partner.tezcommerce.com/', '2022-06-04 09:32:20', '2022-06-04 09:32:22'),
(240, 19, 41, 'sender', 6, 'Smart education', NULL, 'Please call our official number 7908892206', 'yes', 'https://partner.tezcommerce.com/', '2022-06-04 09:32:43', '2022-06-04 09:32:47'),
(241, 19, 38, 'sender', 6, 'Smart education', NULL, 'Please call our official number 7908892206', 'yes', 'https://partner.tezcommerce.com/', '2022-06-04 09:34:06', '2022-06-04 09:34:09'),
(242, 19, 32, 'sender', 6, 'Smart education', NULL, 'Please call our official number 7908892206', 'yes', 'https://partner.tezcommerce.com/', '2022-06-04 09:34:21', '2022-06-04 09:34:25'),
(243, 19, 63, 'receiver', 63, 'Md Nashim', NULL, 'আমি ইংরাজী রিটিন শিখতে চাই সার', 'yes', 'https://www.smarteducation.org.in/', '2022-06-04 16:54:39', '2022-06-12 05:09:43'),
(244, 53, 64, 'receiver', 64, 'Prthham', NULL, 'Wanted to check if my 7 years old son can start the learning', 'no', 'https://www.topgunshootingacademy.com/', '2022-06-05 06:33:28', '2022-06-05 06:33:28'),
(245, 53, 65, 'receiver', 65, 'PRATIK AGGARWAL', NULL, 'Hi', 'no', 'https://www.topgunshootingacademy.com/', '2022-06-05 07:37:48', '2022-06-05 07:37:48'),
(246, 19, 66, 'receiver', 66, 'Sumit Das', NULL, 'I love this', 'yes', 'https://www.smarteducation.org.in/', '2022-06-05 10:49:52', '2022-06-05 11:15:29'),
(247, 19, 66, 'sender', 6, 'Smart education', NULL, 'THANK YOU.', 'yes', 'https://partner.tezcommerce.com/', '2022-06-05 11:15:12', '2022-06-05 11:15:29'),
(248, 47, 67, 'receiver', 67, 'Aditya MUKHERJEE', NULL, 'Call', 'no', 'https://www.mdpl.co/c-t-scan', '2022-06-05 12:37:45', '2022-06-05 12:37:45'),
(249, 47, 67, 'receiver', 67, 'Aditya MUKHERJEE', NULL, 'Hello', 'no', 'https://www.mdpl.co/c-t-scan', '2022-06-05 12:37:55', '2022-06-05 12:37:55'),
(250, 17, 11, 'sender', 4, 'Washim Raja', NULL, 'fwedewdf', 'yes', 'https://partner.tezcommerce.com/', '2022-06-06 10:25:47', '2022-06-06 13:59:45'),
(251, 17, 8, 'sender', 4, 'Washim Raja', NULL, 'hello', 'yes', 'https://partner.tezcommerce.com/', '2022-06-07 05:47:57', '2022-06-07 05:58:10'),
(252, 17, 8, 'receiver', 8, 'Sibaprasad Maiti', NULL, 'hi', 'yes', 'https://zbrdst.com/', '2022-06-07 05:48:24', '2022-06-07 05:58:10'),
(253, 17, 8, 'sender', 4, 'Washim Raja', NULL, 'fine', 'yes', 'https://partner.tezcommerce.com/', '2022-06-07 05:49:05', '2022-06-07 05:58:10'),
(254, 17, 8, 'receiver', 8, 'Sibaprasad Maiti', NULL, 'rgsgdzgadf', 'yes', 'https://zbrdst.com/', '2022-06-07 05:49:13', '2022-06-07 05:58:10'),
(255, 17, 8, 'receiver', 8, 'Sibaprasad Maiti', NULL, 'kftyfiy', 'yes', 'https://zbrdst.com/', '2022-06-07 05:49:46', '2022-06-07 05:58:10'),
(256, 17, 8, 'sender', 4, 'Washim Raja', NULL, 'kftydrfjtrdftgd', 'yes', 'https://partner.tezcommerce.com/', '2022-06-07 05:50:17', '2022-06-07 05:58:10'),
(257, 17, 68, 'receiver', 68, 'Eldose Mathew', NULL, 'Howlong it will take for delivery? ', 'yes', 'https://www.zbrdst.com/', '2022-06-07 07:04:12', '2022-06-08 06:13:50'),
(258, 26, 69, 'receiver', 69, 'Suraj Singh', NULL, 'test', 'yes', 'https://www.iudyog.com/', '2022-06-07 12:34:35', '2022-06-07 12:50:10'),
(259, 26, 69, 'sender', 16, 'Iudyog', NULL, 'Hi', 'yes', 'https://partner.tezcommerce.com/', '2022-06-07 12:34:49', '2022-06-07 12:50:10'),
(260, 17, 68, 'sender', 4, 'Washim Raja', NULL, 'Gffjj', 'yes', 'http://localhost/', '2022-06-08 06:13:27', '2022-06-08 06:13:50'),
(261, 37, 1, 'receiver', 1, 'Sibaprasad Maiti', NULL, 'hello', 'yes', 'https://sg.tezcommerce.com/', '2022-06-08 06:41:41', '2022-06-08 06:59:31'),
(262, 37, 1, 'sender', 19, 'shyamsgroup', NULL, 'hello', 'yes', 'https://partner.tezcommerce.com/', '2022-06-08 06:45:29', '2022-06-08 06:59:31'),
(263, 37, 1, 'receiver', 1, 'Sibaprasad Maiti', NULL, 'How are you?', 'yes', 'https://sg.tezcommerce.com/', '2022-06-08 06:45:44', '2022-06-08 06:59:31'),
(264, 37, 1, 'sender', 19, 'shyamsgroup', NULL, 'fine', 'yes', 'https://partner.tezcommerce.com/', '2022-06-08 06:45:53', '2022-06-08 06:59:31'),
(265, 37, 1, 'sender', 19, 'shyamsgroup', NULL, 'u??????????????????', 'yes', 'https://partner.tezcommerce.com/', '2022-06-08 06:45:58', '2022-06-08 06:59:31'),
(266, 37, 1, 'receiver', 1, 'Sibaprasad Maiti', NULL, 'I\'m also fine', 'yes', 'https://sg.tezcommerce.com/', '2022-06-08 06:46:18', '2022-06-08 06:59:31'),
(267, 24, 70, 'receiver', 70, 'Sanjeev Kanna D', NULL, 'Iam fresher Bsc Chemistry \r\nHow I want to apply job for this company\r\n2022 passout', 'no', 'https://www.crescentindia.com/about-the-company', '2022-06-08 07:02:43', '2022-06-08 07:02:43'),
(268, 17, 71, 'receiver', 71, 'Srikanta ', NULL, 'Do you have a manager\'s vacancy?', 'no', 'https://www.zbrdst.com/', '2022-06-08 14:33:31', '2022-06-08 14:33:31'),
(269, 19, 72, 'receiver', 72, '', NULL, '', 'yes', 'https://www.smarteducation.org.in/', '2022-06-09 16:35:29', '2022-06-12 05:08:39'),
(270, 19, 72, 'receiver', 72, '', NULL, '', 'yes', 'https://www.smarteducation.org.in/', '2022-06-09 16:35:29', '2022-06-12 05:08:39'),
(271, 19, 72, 'receiver', 72, '', NULL, '', 'yes', 'https://www.smarteducation.org.in/', '2022-06-09 16:35:29', '2022-06-12 05:08:39'),
(272, 19, 72, 'receiver', 72, '', NULL, '', 'yes', 'https://www.smarteducation.org.in/', '2022-06-09 16:35:46', '2022-06-12 05:08:39'),
(273, 19, 72, 'receiver', 72, '', NULL, '', 'yes', 'https://www.smarteducation.org.in/', '2022-06-09 16:35:46', '2022-06-12 05:08:39'),
(274, 17, 71, 'receiver', 71, 'Srikanta ', NULL, 'Do you have a manager\'s vacancy?', 'no', 'https://www.zbrdst.com/', '2022-06-10 05:32:00', '2022-06-10 05:32:00'),
(275, 17, 8, 'receiver', 8, 'Sibaprasad Maiti', NULL, 'hi', 'no', 'https://zbrdst.com/', '2022-06-10 08:11:32', '2022-06-10 08:11:32'),
(276, 17, 8, 'receiver', 8, 'Sibaprasad Maiti', NULL, 'sdfsdfsf', 'no', 'https://zbrdst.com/', '2022-06-10 08:11:42', '2022-06-10 08:11:42'),
(277, 17, 8, 'receiver', 8, 'Sibaprasad Maiti', NULL, 'rwefasefaef', 'no', 'https://zbrdst.com/', '2022-06-10 08:12:17', '2022-06-10 08:12:17'),
(278, 17, 8, 'receiver', 8, 'Sibaprasad Maiti', NULL, 'hello sir', 'no', 'https://zbrdst.com/', '2022-06-10 08:23:12', '2022-06-10 08:23:12'),
(279, 17, 8, 'receiver', 8, 'Sibaprasad Maiti', NULL, 'Hello zbrdst admin', 'no', 'https://zbrdst.com/', '2022-06-10 08:46:37', '2022-06-10 08:46:37'),
(280, 26, 6, 'receiver', 6, 'Sibaprasad Maiti', NULL, 'hi', 'no', 'https://www.iudyog.com/', '2022-06-10 10:24:17', '2022-06-10 10:24:17'),
(281, 26, 6, 'receiver', 6, 'Sibaprasad Maiti', NULL, 'dfgdgdfg', 'no', 'https://www.iudyog.com/', '2022-06-10 10:24:49', '2022-06-10 10:24:49'),
(282, 19, 73, 'receiver', 73, 'Hemsnta  sarkar', NULL, 'Hi kam  hemanta  sarkar', 'yes', 'https://www.smarteducation.org.in/take-a-tests/reading-test-1', '2022-06-11 14:06:12', '2022-06-12 05:08:37'),
(283, 19, 74, 'receiver', 74, 'Joydev Mandal ', NULL, '263', 'yes', 'https://www.smarteducation.org.in/', '2022-06-11 14:43:59', '2022-06-12 05:08:37'),
(284, 19, 73, 'sender', 6, 'Smart education', NULL, 'Hello', 'yes', 'https://partner.tezcommerce.com/', '2022-06-12 05:08:15', '2022-06-12 05:08:37'),
(285, 19, 63, 'sender', 6, 'Smart education', NULL, 'Ok.Call our official number...7908892206', 'yes', 'https://partner.tezcommerce.com/', '2022-06-12 05:09:36', '2022-06-12 05:09:43'),
(286, 19, 75, 'receiver', 75, 'Md makim', NULL, 'Chakula', 'no', 'https://www.smarteducation.org.in/', '2022-06-12 15:30:42', '2022-06-12 15:30:42'),
(287, 19, 75, 'receiver', 75, 'Md makim', NULL, 'Chakula', 'no', 'https://www.smarteducation.org.in/', '2022-06-12 15:31:14', '2022-06-12 15:31:14'),
(288, 19, 76, 'receiver', 76, 'Kowsar ali', NULL, 'english spok', 'no', 'https://www.smarteducation.org.in/', '2022-06-12 15:58:18', '2022-06-12 15:58:18'),
(289, 19, 77, 'receiver', 77, 'Arup Mondal', NULL, 'I am interested to your class for spoken English', 'yes', 'https://www.smarteducation.org.in/', '2022-06-13 14:26:14', '2022-06-14 11:43:30'),
(290, 19, 77, 'receiver', 77, 'Arup Mondal', NULL, 'Please share your session', 'yes', 'https://www.smarteducation.org.in/', '2022-06-13 14:27:37', '2022-06-14 11:43:30'),
(291, 51, 78, 'receiver', 78, 'asifur', NULL, 'ggg\r\n', 'no', 'https://growtrail.com/', '2022-06-14 10:19:03', '2022-06-14 10:19:03'),
(292, 51, 78, 'receiver', 78, 'asifur', NULL, 'hhh', 'no', 'https://growtrail.com/', '2022-06-14 10:19:21', '2022-06-14 10:19:21'),
(293, 19, 79, 'receiver', 79, 'Arif hussain ', NULL, 'Class me', 'no', 'https://www.smarteducation.org.in/', '2022-06-15 02:24:40', '2022-06-15 02:24:40'),
(294, 19, 80, 'receiver', 80, 'Sonali Ghosh ', NULL, 'Hii', 'no', 'https://www.smarteducation.org.in/', '2022-06-15 11:36:45', '2022-06-15 11:36:45'),
(295, 19, 80, 'receiver', 80, 'Sonali Ghosh ', NULL, 'I am interested ', 'no', 'https://www.smarteducation.org.in/', '2022-06-15 11:36:58', '2022-06-15 11:36:58');

-- --------------------------------------------------------

--
-- Table structure for table `chatUsers`
--

CREATE TABLE `chatUsers` (
  `id` int NOT NULL,
  `store_id` int DEFAULT NULL,
  `session_id` varchar(100) DEFAULT NULL,
  `client_ip` varchar(30) DEFAULT NULL,
  `name` varchar(50) DEFAULT NULL,
  `email` varchar(50) DEFAULT NULL,
  `mobile_no` varchar(20) DEFAULT NULL,
  `message` text,
  `profile_pic` varchar(50) DEFAULT NULL,
  `status` enum('Online','Offline') NOT NULL,
  `createdAt` timestamp NULL DEFAULT NULL,
  `updatedAt` timestamp NULL DEFAULT CURRENT_TIMESTAMP
) ENGINE=InnoDB DEFAULT CHARSET=utf8mb4 COLLATE=utf8mb4_0900_ai_ci COMMENT='Chat Users Table';

--
-- Dumping data for table `chatUsers`
--

INSERT INTO `chatUsers` (`id`, `store_id`, `session_id`, `client_ip`, `name`, `email`, `mobile_no`, `message`, `profile_pic`, `status`, `createdAt`, `updatedAt`) VALUES
(1, 37, 'GtEe8je16b8kQ7XoAAB7', '::ffff:115.187.38.43', 'Sibaprasad Maiti', 'sibaprasad.bluehorse@gmail.com', '7797281060', 'hello', NULL, 'Online', '2022-05-20 12:22:35', '2022-06-08 06:41:41'),
(2, 37, 'lqyYy09xB4Lkg6L7AByn', '::ffff:47.11.66.206', 'Mithun Maity', 'mithun.maity@bluehorse.in', '7001044568', 'Every year between 300 to 500 million people are being infected with mosquito borne diseases like malaria, yellow fever, dengue fever Independence.', NULL, 'Offline', '2022-05-20 12:23:44', '2022-05-28 04:37:38'),
(3, 37, 'il9popfj0vWbM7IeAALB', '::ffff:103.50.82.25', 'suman', 'suman@gmail.com', '9775194036', 'fsdgfsdg', NULL, 'Offline', '2022-05-21 06:21:53', '2022-05-27 08:07:12'),
(4, 37, '33wkXrrFxUyzWEaZAAAJ', '::ffff:103.50.82.25', 'asifur', 'abcd@gmail.com', '9000000000', 'asasdhashd', NULL, 'Offline', '2022-05-21 06:34:08', '2022-05-23 07:02:32'),
(5, 26, 'B5TWbMcUWLOndaCnAAAr', '::ffff:103.50.82.25', 'suman kalyan Nag', 'suman@gmailo.com', '9775194036', 'ucihdsciusdhvu', NULL, 'Online', '2022-05-24 12:21:34', '2022-05-26 08:38:46'),
(6, 26, 'IfMlF4Qsuoj4fq5QAAEE', '::ffff:49.37.54.31', 'Sibaprasad Maiti', 'sibaprasad.bluehorse@gmail.com', '7797281060', 'hi', NULL, 'Offline', '2022-05-25 05:29:52', '2022-06-10 10:25:39'),
(7, 26, '568Wv0ldBi0FMt9eAAA3', '::ffff:49.37.54.101', 'Mithun Maity', 'mithun.maity@bluehorse.in', '7001044568', 'sdtfsfdsf', NULL, 'Offline', '2022-05-25 06:15:31', '2022-05-25 06:21:06'),
(8, 17, 'DNAzcxd_K55cYTb9AAAN', '::ffff:49.37.54.31', 'Sibaprasad Maiti', 'sibaprasad.bluehorse@gmail.com', '7797281060', 'hi', NULL, 'Offline', '2022-05-26 07:04:45', '2022-06-10 08:47:49'),
(9, 17, '-xT5iUZy6OfuPlHHAABb', '::ffff:49.37.54.111', 'Mithun Maity', 'mithun.maity@bluehorse.in', '7001044568', 'Lorem Ipsum is simply dummy text of the printing and typesetting industry. Lorem Ipsum has been the industry\'s standard dummy text ever since the 1500s, when an unknown printer took a galley of type and scrambled it to make a type specimen book. It has survived not only five centuries, but also the leap into electronic typesetting, remaining essentially unchanged. It was popularised in the 1960s with the release of Letraset sheets containing Lorem Ipsum passages, and more recently with desktop publishing software like Aldus PageMaker including versions of Lorem Ipsum.', NULL, 'Offline', '2022-05-26 11:33:55', '2022-05-26 12:18:06'),
(10, 49, 'cf52Jy-z3C2sgNAKAAwc', '::ffff:103.50.82.25', 'suman', 'suman@gmailo.com', '9775194036', 'csdf', NULL, 'Offline', '2022-05-26 12:40:12', '2022-05-27 11:19:50'),
(11, 17, 'B694Cqv142S03dn1AAB1', '::ffff:49.37.54.111', 'asifur rahaman', 'asifur.bluehorse@gmail.com', '9477078705', 'asdasdasd', NULL, 'Offline', '2022-05-26 12:58:26', '2022-05-26 13:20:13'),
(12, 17, '1iVyWlkfZmcuYZNzAAB4', '::ffff:49.37.54.111', 'susanta da', 'assas@gmail.com', '8765432109', 'asdjasdjh\r\n', NULL, 'Offline', '2022-05-26 13:04:43', '2022-05-26 13:05:59'),
(13, 17, '6suM7XVuXVBiMm8lAAsN', '::ffff:223.191.57.16', 'Sumit', 'sumit.das@bluehorse.in', '9999999999', 'Test', NULL, 'Offline', '2022-05-26 13:16:51', '2022-05-27 10:30:32'),
(14, 25, 'mBFPsIhf0ovj1AV2AAAE', '::ffff:49.37.54.111', 'suman', 'suman@gmail.com', '9775194036', 'wdqawf', NULL, 'Offline', '2022-05-26 13:19:26', '2022-05-26 13:45:05'),
(15, 24, 'FhTdmHgsi1wO2l8MAAP1', '::ffff:103.50.82.25', 'suman', 'suman@gmail.com', '9775194036', 'gdfh', NULL, 'Offline', '2022-05-26 13:29:52', '2022-05-27 07:36:02'),
(16, 52, 'mjwbAasO6n_P0hR9AANQ', '::ffff:103.50.82.25', 'ss', 'suman@gmail.com', '9734102512', 'sasasas', NULL, 'Offline', '2022-05-27 06:10:01', '2022-05-27 07:48:16'),
(17, 26, '3fLRZ6C0kWCIFD3cAAMB', '::ffff:103.50.82.25', 'suman', 'suman@gmail.com', '9775194036', 'gbgvnh', NULL, 'Offline', '2022-05-27 06:20:31', '2022-05-27 08:43:50'),
(18, 19, 'NAXsBGNhiAQ4Q7LJAAMs', '::ffff:103.50.82.25', 'suman', 'suman@gmail.com', '9775194036', 'GDFGD', NULL, 'Offline', '2022-05-27 06:37:17', '2022-05-27 06:38:00'),
(19, 43, 'jrLAhMEhJpf5GkFNAAqB', '::ffff:103.50.82.25', 'ss', 'suman@gmail.com', '9734102512', 'saa', NULL, 'Offline', '2022-05-27 06:43:30', '2022-05-27 09:15:18'),
(20, 51, 'swqKqjchQ6GnrUbhAASB', '::ffff:103.50.82.25', 'ss', 'suman@gmail.com', '9734102512', 'vzvzvzvzvz', NULL, 'Offline', '2022-05-27 06:57:22', '2022-05-27 07:36:35'),
(21, 51, 'iJI5b5DaMxcF1Z2qAASc', '::ffff:103.50.82.25', 'bgfb', 'poulami@gmail.com', '9775194036', 'cfbgh', NULL, 'Offline', '2022-05-27 07:38:20', '2022-05-27 08:43:50'),
(22, 45, 'qYRDa8Il02a3qlZzAAXn', '::ffff:103.50.82.25', 'ss', 'suman@gmail.com', '9734102512', 'v xcvxvx', NULL, 'Offline', '2022-05-27 07:44:01', '2022-05-27 08:00:45'),
(23, 49, 'Ztw1X0gfWakBmgrNAAxo', '::ffff:49.37.54.31', 'ss', 'suman@gmail.com', '9734102512', 'casda', NULL, 'Offline', '2022-05-27 08:13:52', '2022-05-27 09:53:46'),
(24, 46, 'sFEfy6Nr_m50PO3nAAf6', '::ffff:103.50.82.25', 'ss', 'suman@gmail.com', '9734102512sss', 'ssa', NULL, 'Offline', '2022-05-27 08:25:33', '2022-05-27 08:27:31'),
(25, 21, '0xvXoeuCbLFRzkdUAAwB', '::ffff:103.50.82.25', 'suman', 'suman@gmailo.com', '9775194036', 'czxcxzc', NULL, 'Offline', '2022-05-27 09:15:31', '2022-05-27 12:23:47'),
(26, 47, 'QDdNvltjjmW5jeywAA0O', '::ffff:49.37.54.31', 'ss', 'suman@gmail.com', '9734102512', 'sassa', NULL, 'Offline', '2022-05-27 10:24:44', '2022-05-27 10:31:48'),
(27, 23, 'JjRHwmB_PT4foEcSAA4b', '::ffff:103.50.82.25', 'fgdfgbghfg', 'suman@gmail.com', '9775194036', 'bhgfhn', NULL, 'Offline', '2022-05-27 11:34:43', '2022-05-27 12:23:25'),
(28, 19, 'eVXe8t277Wqs6BhDABJZ', '::ffff:223.239.62.40', 'Manikchand Seikh ', 'manikchandseikh024@gmail.com', '7872812524', 'Hellow sir,l am Manikchand Seikh ,how r u sir ,,', NULL, 'Offline', '2022-05-27 15:13:29', '2022-05-27 15:13:55'),
(29, 19, 'OaqwvWqUgs8vTBxaABLH', '::ffff:42.105.102.57', 'Ankan Rakshit', 'rakshitasima123@gmail.com', '7548961790', 'How can I learn English for free here?', NULL, 'Offline', '2022-05-27 15:34:37', '2022-05-27 15:37:30'),
(30, 19, 'N_1gWviGzQuzvHq-ABNq', '::ffff:157.47.38.167', 'Hriday', 'Hridaybaul1998@gmail.com', '8688074897', 'businesses ', NULL, 'Offline', '2022-05-27 16:01:59', '2022-05-27 16:04:06'),
(31, 19, '0weR7MAq6ZmUt0tNABRj', '::ffff:47.11.89.70', 'Juwel sk ', 'skjuwel202@gmail.com', '7477562941', 'Help me sir', NULL, 'Offline', '2022-05-27 17:09:31', '2022-05-27 17:10:50'),
(32, 19, 'mdodJugCF-EB3EU_ABvN', '::ffff:47.11.193.16', 'Tumpa Rakshit', 'tumparakshit5@gmail.com', '9734874713', 'I am interested', NULL, 'Offline', '2022-05-28 03:47:35', '2022-05-28 03:49:32'),
(33, 20, 'ct9LxpmGXPFgxcTqAByI', '::ffff:47.11.66.206', 'Mithun Maity', 'mithun.maity@bluehorse.in', '7001044568', 'Test', NULL, 'Offline', '2022-05-28 03:59:14', '2022-05-28 04:30:57'),
(34, 24, 'mQZj2_u9zcStX-umABz-', '::ffff:47.11.66.206', 'Mithun Maity', 'mithun.maity@bluehorse.in', '7001044568', 'Independence & Business ethics shapes our culture and is firmly rooted in our internal structures and mechanisms.', NULL, 'Offline', '2022-05-28 04:48:01', '2022-05-28 04:53:45'),
(35, 25, 'FDnxbhJ3oxCALSwKAB04', '::ffff:47.11.66.206', 'Mithun Maity', 'mithun.maity@bluehorse.in', '7001044568', 'test', NULL, 'Offline', '2022-05-28 04:57:35', '2022-05-28 05:04:27'),
(36, 19, '7D1BfCexcqmEporeACAF', '::ffff:223.187.243.99', 'Sanju saha', 'sahasanju391@gmail.com', '7430807300', 'Hallo', NULL, 'Offline', '2022-05-28 08:14:49', '2022-05-28 08:15:54'),
(37, 19, 'g8d-Mtq1cuVvCovAAEdk', '::ffff:47.11.74.86', 'Anindita Mitra', 'anindita.mitra1996@gmail.com', '8945850443', 'Hi', NULL, 'Offline', '2022-05-28 10:21:06', '2022-05-30 10:10:43'),
(38, 19, 'li5E5dglEZjG5t3oACM4', '::ffff:47.11.196.167', 'Reha Khan', 'rehanrick2003@gmail.com', '9907446064', 'I learn to spoken English ', NULL, 'Offline', '2022-05-28 11:51:47', '2022-05-28 11:54:55'),
(39, 19, 'AJzKLkzgeUYLwAZcAC3T', '::ffff:157.40.89.178', 'Champa pramanik', 'dasmanisha33@gmail.com', '9333864873', 'শিখতে চাই ', NULL, 'Offline', '2022-05-29 03:10:04', '2022-05-29 03:12:42'),
(40, 19, 'RbYyJCoIySnq7bKzAC7E', '::ffff:42.105.0.5', 'Ananya khatua', 'ananyakhatua5@gmail.com', '9647497969', 'I want to learn free spoken English.', NULL, 'Offline', '2022-05-29 03:49:03', '2022-05-29 03:50:15'),
(41, 19, 'ABwKmIEBcCEsASiYADW_', '::ffff:47.11.239.119', 'Salma Parvin', 'sparvin301@gmail.com', '9749457157', 'Sir ami spoken English sikhte chai', NULL, 'Offline', '2022-05-29 10:03:02', '2022-05-29 10:04:13'),
(42, 19, 'MscThHxhVA4mfZvuADeW', '::ffff:47.11.210.158', 'Puja guri', 'myself.pujagiri@gmail.com', '9883296431', 'Hye sir I am interested', NULL, 'Offline', '2022-05-29 12:02:15', '2022-05-29 12:04:18'),
(43, 19, 'W9n_p5-lRKpTuX6tAD4S', '::ffff:223.191.51.157', 'Saba Naz Alam', 'naz9610@gmail.com', '9007976092', 'class Karna Hai', NULL, 'Offline', '2022-05-29 20:41:47', '2022-05-29 20:43:20'),
(44, 19, '1jk3qITFXgOyrc9xAEZN', '::ffff:42.105.7.34', 'Afsana Khatun ', 'afsanakhatun09990@gmail.com', '9593111656', 'Hi', NULL, 'Offline', '2022-05-30 09:27:38', '2022-05-30 09:29:38'),
(45, 19, 'KQBZf844FO2bGW0RAEcv', '::ffff:49.37.52.103', 'Susanta Kumar Das', 'isusantakumardas@gmail.com', 'dawfd', 'grtejhyt', NULL, 'Offline', '2022-05-30 09:44:27', '2022-05-30 10:08:52'),
(46, 19, 'vMCnK_kIPyAf77DnAABm', '::ffff:157.35.70.73', 'Ram bisai', 'nitabisai1999@gmail.com', '9693085899', 'I am ram from jamshedpur', NULL, 'Offline', '2022-05-30 13:19:00', '2022-05-30 13:21:57'),
(47, 19, '94GtNWWC6oIkLT4pAAXC', '::ffff:157.40.108.178', 'Soumen dhar', 'soumendhar098@gmail.com', '6289223730', 'G', NULL, 'Offline', '2022-05-30 19:15:55', '2022-05-30 19:17:06'),
(48, 19, 'IOjzXZWF6148_fhTAAiJ', '::ffff:171.51.132.224', 'Monirul Molla ', 'monirulmolla093@gmail.com', '8695079345', 'I want to Learn Speak English Sir ', NULL, 'Offline', '2022-05-31 01:19:49', '2022-05-31 01:21:11'),
(49, 19, 'GMQZxJco8gzATLYxAAbp', '::ffff:47.11.201.176', 'Sukallyan debnath', 'sukallyandebnath@gmail.com', '9547786855', 'Yes', NULL, 'Offline', '2022-05-31 13:25:51', '2022-05-31 13:26:44'),
(50, 19, 'uqxx9R0s3QmRL3GUABTW', '::ffff:103.220.210.96', 'Pratiksha Nath', 'pratikshaatkolkata@gmail.com', '7044288383', 'I am interested to learn how to speak well in English.', NULL, 'Offline', '2022-06-01 12:03:15', '2022-06-01 12:04:42'),
(51, 26, '03xPiBjMK6Vh_DOfACHA', '::ffff:103.50.82.93', 'sadsad', 'safdsfds@ddd.nn', '4444444444', 'esrserwe', NULL, 'Online', '2022-06-02 05:50:38', '2022-06-02 08:21:40'),
(52, 23, 'UUxUQPwKKeMYDUgHAAFe', '::ffff:49.37.54.243', 'asdasd', 'asdasd@gmail.co', '34343434343', 'zxcsd', NULL, 'Offline', '2022-06-02 11:06:02', '2022-06-02 11:06:28'),
(53, 47, 'NK7K5ik9sjjK_8mxAAua', '::ffff:49.37.52.225', 'sadsad', 'safdsfds@ddd.nn', '4444444444', 'dhgdsg', NULL, 'Offline', '2022-06-02 11:32:25', '2022-06-03 06:00:18'),
(54, 21, 'ClwObqfhtYfiberBAAtK', '::ffff:49.37.52.225', 'sadsad', 'safdsfds@ddd.nn', '4444444444', 'sdadcfF', NULL, 'Offline', '2022-06-02 11:30:50', '2022-06-03 05:47:33'),
(55, 19, 'WyyJ97tn9Kg3CZXwAAtU', '::ffff:49.37.52.225', 'sadsad', 'safdsfds@ddd.nn', '4444444444', 'dsasd', NULL, 'Offline', '2022-06-03 05:30:55', '2022-06-03 05:47:19'),
(56, 50, 'wHRXkqfyDKWbW-lCAAuY', '::ffff:49.37.52.225', 'sadsad', 'safdsfds@ddd.nn', '4444444444', 'fsdf', NULL, 'Offline', '2022-06-03 05:47:39', '2022-06-03 07:38:06'),
(57, 53, 'FAFE8y8nko9-ScweAAvC', '::ffff:49.37.52.225', 'sadsad', 'safdsfds@ddd.nn', '4444444444', 'dsgsg', NULL, 'Offline', '2022-06-03 06:00:24', '2022-06-03 07:07:28'),
(58, 36, '_lgJ5cH2V17m9QPXAAyR', '::ffff:49.37.52.225', 'sadsad', 'safdsfds@ddd.nn', '4444444444', 'ddxzf', NULL, 'Offline', '2022-06-03 06:17:48', '2022-06-03 07:38:12'),
(59, 19, 'n67Y8IyppHVXkT6xAA1H', '::ffff:47.11.194.208', 'Susovan Mishra', 'susovanmishra22@gmail.com', '6296931932', 'Interested.', NULL, 'Offline', '2022-06-03 08:04:55', '2022-06-03 08:05:37'),
(60, 23, 'E8y7v-prGSJCFWNNAA1O', '::ffff:49.37.52.225', 'sadsad', 'safdsfds@ddd.nn', '4444444444', 'dsfag', NULL, 'Offline', '2022-06-03 08:05:52', '2022-06-03 08:06:13'),
(61, 25, 'lVc5pxmfkcKxOuLtAA2U', '::ffff:49.37.52.225', 'sadsad', 'safdsfds@ddd.nn', '4444444444', 'gfsgd', NULL, 'Offline', '2022-06-03 08:13:00', '2022-06-03 08:22:46'),
(62, 53, 'zGIecoo9Ik2QmFQkABN5', '::ffff:183.83.215.68', 'Rahul', 'rahulvaidya21@gmail.com', '9459481410', 'What is the fee for shooting academy ', NULL, 'Offline', '2022-06-03 16:29:43', '2022-06-03 16:32:30'),
(63, 19, 'd0f_cOeF3wZ71d1lACIA', '::ffff:47.11.58.181', 'Md Nashim', 'mdn34975@gmail.com', 'India', 'আমি ইংরাজী রিটিন শিখতে চাই সার', NULL, 'Offline', '2022-06-04 16:50:09', '2022-06-04 16:54:58'),
(64, 53, 'I6qH2cU3Och9FeumACic', '::ffff:122.161.88.151', 'Prthham', 'aayushchopra@yahoo.com', '9911088800', 'Wanted to check if my 7 years old son can start the learning', NULL, 'Offline', '2022-06-05 06:31:56', '2022-06-05 06:36:20'),
(65, 53, 'AyYTAtRyYe-natnpACkm', '::ffff:110.225.80.206', 'PRATIK AGGARWAL', 'pratik07.agg@gmail.com', '7503752341', 'Hi', NULL, 'Offline', '2022-06-05 07:37:27', '2022-06-05 07:40:59'),
(66, 19, 'ePMHJSmRzUxdpFwLACr5', '::ffff:157.40.90.248', 'Sumit Das', 'dastonmoy898@gmail.com', '6289461838', 'I love this', NULL, 'Offline', '2022-06-05 10:49:04', '2022-06-05 10:54:27'),
(67, 47, 'Ez_Nyasxq4fO2X0oACvq', '::ffff:157.40.253.121', 'Aditya MUKHERJEE', 'mukherjee90@gmail.com', '8910732162', 'Call', NULL, 'Offline', '2022-06-05 12:37:32', '2022-06-05 12:38:18'),
(68, 17, 'e_0Z0p2khPIpRhL2AAgp', '::ffff:49.37.52.92', 'Eldose Mathew', 'visiteldose@gmail.com', '9475366701', 'Howlong it will take for delivery? ', NULL, 'Offline', '2022-06-07 06:58:54', '2022-06-07 07:11:44'),
(69, 26, 'TUIYqWQWtsuwUkoyAAt_', '::ffff:49.36.98.194', 'Suraj Singh', 'surajsingh.itian@gmail.com', '7208023184', 'test', NULL, 'Offline', '2022-06-07 12:32:15', '2022-06-07 12:58:44'),
(70, 24, 'elDmgNuroN2CwwTWAACY', '::ffff:157.51.51.214', 'Sanjeev Kanna D', 'akashsanjeevkanna@gmail.com', '6383859946', 'Iam fresher Bsc Chemistry \r\nHow I want to apply job for this company\r\n2022 passout', NULL, 'Offline', '2022-06-08 07:02:42', '2022-06-08 07:02:52'),
(71, 17, 'qyCZJxAd3wPHgMR8AAYu', '::ffff:103.144.193.140', 'Srikanta ', 'das.srikanta03@gmail.com', '9832181945', 'Do you have a manager\'s vacancy?', NULL, 'Offline', '2022-06-08 14:32:04', '2022-06-10 05:32:12'),
(72, 19, 'zBEBpvNsMKz-yBk5AAFB', '::ffff:47.11.233.76', '', '', '', '', NULL, 'Offline', '2022-06-09 16:33:42', '2022-06-09 16:36:33'),
(73, 19, 'x4MUvdDc7izp08u4AAyS', '::ffff:47.11.203.131', 'Hemsnta  sarkar', 'hamantadarkar@gmail.com', '8101500382', 'Hi kam  hemanta  sarkar', NULL, 'Offline', '2022-06-11 14:01:59', '2022-06-11 14:10:32'),
(74, 19, 'iQ0tmC9swSeLMFg3AAzv', '::ffff:47.11.77.244', 'Joydev Mandal ', 'mjoydevmandal@gmail.com', '9983230634', '263', NULL, 'Offline', '2022-06-11 14:42:51', '2022-06-11 14:44:09'),
(75, 19, 'kv9UrAh1MkHqDjwxABs-', '::ffff:47.11.199.146', 'Md makim', 'makim733208@gmail.com', '9732450874', 'Chakula', NULL, 'Offline', '2022-06-12 15:25:43', '2022-06-12 15:33:16'),
(76, 19, 'o5TfOgC4pC_ilLRzABva', '::ffff:106.208.105.107', 'Kowsar ali', 'kowsarali330@gmail.com', '9002645750', 'english spok', NULL, 'Offline', '2022-06-12 15:57:06', '2022-06-12 15:58:32'),
(77, 19, 'u2ZEkL4CWlKX3d66ACpw', '::ffff:223.191.50.112', 'Arup Mondal', 'mondal.arup002@gmail.com', '9674160543', 'I am interested to your class for spoken English', NULL, 'Offline', '2022-06-13 14:25:25', '2022-06-13 14:27:57'),
(78, 51, 'iNAmqkCYve6bEXOSAAAf', '::ffff:115.187.38.43', 'asifur', 'asifur.bluehorse@gmail.com', '9477078705', 'ggg\r\n', NULL, 'Offline', '2022-06-14 10:14:25', '2022-06-14 10:19:51'),
(79, 19, 'qVBTGLASs9Ou0B1BAAdb', '::ffff:47.11.85.172', 'Arif hussain ', 'motallepmd@gmail.com', '6294452285', 'Class me', NULL, 'Offline', '2022-06-15 02:23:44', '2022-06-15 02:24:45'),
(80, 19, 'G-hwk2qAP1ssqSoyAARX', '::ffff:47.11.206.72', 'Sonali Ghosh ', 'sonalighosh25.2.2002@gmail.com', '9832831658', 'Hii', NULL, 'Offline', '2022-06-15 11:34:36', '2022-06-15 11:37:01');

-- --------------------------------------------------------

--
-- Table structure for table `city`
--

CREATE TABLE `city` (
  `id` int NOT NULL,
  `storeId` int DEFAULT NULL,
  `name` varchar(255) CHARACTER SET utf8mb3 COLLATE utf8mb3_bin DEFAULT NULL,
  `status` enum('Yes','No') CHARACTER SET utf8mb3 COLLATE utf8mb3_bin DEFAULT NULL,
  `createdBy` varchar(100) CHARACTER SET utf8mb3 COLLATE utf8mb3_bin DEFAULT NULL,
  `createdAt` datetime DEFAULT NULL,
  `updatedBy` varchar(100) CHARACTER SET utf8mb3 COLLATE utf8mb3_bin DEFAULT NULL,
  `updatedAt` datetime DEFAULT NULL
) ENGINE=InnoDB DEFAULT CHARSET=utf8mb3 COLLATE=utf8mb3_bin COMMENT='City Table';

-- --------------------------------------------------------

--
-- Table structure for table `client`
--

CREATE TABLE `client` (
  `id` int NOT NULL,
  `name` varchar(255) DEFAULT NULL,
  `siteName` varchar(255) DEFAULT NULL,
  `siteUrl` varchar(255) DEFAULT NULL,
  `email` varchar(255) DEFAULT NULL,
  `password` varchar(255) DEFAULT NULL,
  `mobileNo` varchar(255) DEFAULT NULL,
  `otp` varchar(255) DEFAULT NULL,
  `status` enum('Active','Inactive') DEFAULT 'Active',
  `createdAt` datetime NOT NULL,
  `updatedAt` datetime NOT NULL
) ENGINE=InnoDB DEFAULT CHARSET=utf8mb4 COLLATE=utf8mb4_0900_ai_ci COMMENT='Client Table';

--
-- Dumping data for table `client`
--

INSERT INTO `client` (`id`, `name`, `siteName`, `siteUrl`, `email`, `password`, `mobileNo`, `otp`, `status`, `createdAt`, `updatedAt`) VALUES
(1, 'Smart education', 'Smart education', 'smarteducation.com', 'smarteducation@bluehorse.in', NULL, NULL, NULL, 'Active', '2021-12-09 18:46:37', '2021-12-09 18:46:37'),
(2, 'Tezcommerce', 'tezcommerce', 'tezcommerce.com', 'tezcommerce@bluehorse.in', NULL, NULL, NULL, 'Active', '2021-12-21 11:28:34', '2021-12-21 11:28:34'),
(3, 'Kultigiri', 'Kultigiri', 'kultigiri.com', 'kultigiri@bluehorse.in', NULL, NULL, NULL, 'Active', '2021-12-21 11:29:57', '2021-12-21 11:29:57'),
(4, 'Samart Jana', 'demo', NULL, NULL, NULL, NULL, NULL, 'Active', '2021-12-22 14:08:34', '2021-12-22 14:08:34');

-- --------------------------------------------------------

--
-- Table structure for table `cms`
--

CREATE TABLE `cms` (
  `id` int NOT NULL,
  `storeId` int DEFAULT NULL,
  `title` varchar(255) CHARACTER SET utf8mb3 COLLATE utf8mb3_bin DEFAULT NULL,
  `slug` varchar(255) CHARACTER SET utf8mb3 COLLATE utf8mb3_bin DEFAULT NULL,
  `content` text CHARACTER SET utf8mb3 COLLATE utf8mb3_bin,
  `contentDescription` text CHARACTER SET utf8mb3 COLLATE utf8mb3_bin,
  `status` enum('Yes','No') CHARACTER SET utf8mb3 COLLATE utf8mb3_bin DEFAULT NULL,
  `createdBy` varchar(100) CHARACTER SET utf8mb3 COLLATE utf8mb3_bin DEFAULT NULL,
  `createdAt` datetime DEFAULT NULL,
  `updatedBy` varchar(100) CHARACTER SET utf8mb3 COLLATE utf8mb3_bin DEFAULT NULL,
  `updatedAt` datetime DEFAULT NULL
) ENGINE=InnoDB DEFAULT CHARSET=utf8mb3 COLLATE=utf8mb3_bin COMMENT='CMS Table';

--
-- Dumping data for table `cms`
--

INSERT INTO `cms` (`id`, `storeId`, `title`, `slug`, `content`, `contentDescription`, `status`, `createdBy`, `createdAt`, `updatedBy`, `updatedAt`) VALUES
(4, NULL, 'About Us', 'about-us-2', '<p><em>Lorem Ipsum is simply dummy text of the printing and typesetting industry. Lorem Ipsum has been the industry&#39;s standard dummy text ever since the 1500s, when an unknown printer took a galley of type and scrambled it to make a type specimen book. It has survived not only five centuries, but also the leap into electronic typesetting, remaining essentially unchanged. It was popularised in the 1960s with the release of Letraset sheets containing Lorem Ipsum passages, and more recently with desktop publishing software like Aldus PageMaker including versions of Lorem Ipsum.</em></p>\r\n', 'Lorem Ipsum is simply dummy text of the printing and typesetting industry. Lorem Ipsum has been the industry\'s standard dummy', 'Yes', '1', '2021-10-27 12:47:55', NULL, '2021-10-27 12:47:55');

-- --------------------------------------------------------

--
-- Table structure for table `contacts`
--

CREATE TABLE `contacts` (
  `id` int NOT NULL,
  `storeId` int DEFAULT NULL,
  `title` varchar(255) DEFAULT NULL,
  `status` enum('Active','Inactive') NOT NULL DEFAULT 'Active',
  `createdBy` varchar(100) DEFAULT NULL,
  `updatedBy` varchar(100) DEFAULT NULL,
  `createdAt` datetime NOT NULL,
  `updatedAt` datetime NOT NULL
) ENGINE=InnoDB DEFAULT CHARSET=utf8mb4 COLLATE=utf8mb4_0900_ai_ci COMMENT='Contacts Table';

-- --------------------------------------------------------

--
-- Table structure for table `contactsEmail`
--

CREATE TABLE `contactsEmail` (
  `id` int NOT NULL,
  `storeId` int DEFAULT NULL,
  `contactId` int DEFAULT NULL,
  `email` varchar(255) DEFAULT NULL,
  `unsubscribeReason` varchar(255) DEFAULT NULL,
  `status` enum('Active','Inactive','Unsubscribe') NOT NULL DEFAULT 'Active',
  `createdAt` datetime NOT NULL,
  `updatedAt` datetime NOT NULL
) ENGINE=InnoDB DEFAULT CHARSET=utf8mb4 COLLATE=utf8mb4_0900_ai_ci COMMENT='Contacts Email Table';

-- --------------------------------------------------------

--
-- Table structure for table `contactUs`
--

CREATE TABLE `contactUs` (
  `id` int NOT NULL,
  `storeId` int DEFAULT NULL,
  `firstName` varchar(255) DEFAULT NULL,
  `lastName` varchar(255) DEFAULT NULL,
  `email` varchar(255) DEFAULT NULL,
  `contactNo` varchar(100) DEFAULT NULL,
  `address` text,
  `message` text,
  `createdBy` varchar(100) DEFAULT NULL,
  `updatedBy` varchar(100) DEFAULT NULL,
  `createdAt` datetime NOT NULL,
  `updatedAt` datetime NOT NULL
) ENGINE=InnoDB DEFAULT CHARSET=utf8mb4 COLLATE=utf8mb4_0900_ai_ci;

--
-- Dumping data for table `contactUs`
--

INSERT INTO `contactUs` (`id`, `storeId`, `firstName`, `lastName`, `email`, `contactNo`, `address`, `message`, `createdBy`, `updatedBy`, `createdAt`, `updatedAt`) VALUES
(3550, 30, 'saif', '', 'saif.alsaidi@yahoo.com', '0506876873', NULL, 'Hi,\n\nwhy Esaad discount code is not working.\n\nMofoor Perfumes offers a 20% discount on all products on the site using the discount code ESAAD20', NULL, NULL, '2022-08-22 12:41:54', '2022-08-22 12:41:54'),
(3551, 30, 'Kristina Tabuelog', '', 'yourdomainguru.tina103@gmail.com', '1378945601', NULL, 'Hello, my name is Kristina from TDS. We have a domain that is currently on sale that you might be interested in - PerfumesNewYork.com\n \nWhenever someone types Perfumes in New York, New York Perfumes, The Best Perfumes in New York,  or any other phrase with these keywords into their browser, your site could be the first they see!\n\nThe internet is the most efficient way to acquire new customers\n\nAvg Google Search Results for this domain is: 19,900,000\nYou can easily redirect all the traffic this domain gets to your current site!\n\nEstiBot.com appraises this domain at $1,100. \n\nPriced at only $398 for a limited time! If interested please go to PerfumesNewYork.com and select Buy Now.  \nAct Fast! First person to select Buy Now gets it!  \n\nThank you very much for your time.\nTop Domain Sellers (TDS)\nKristina Tabuelog', NULL, NULL, '2022-08-23 07:04:19', '2022-08-23 07:04:19');

-- --------------------------------------------------------

--
-- Table structure for table `contactUsIudyog`
--

CREATE TABLE `contactUsIudyog` (
  `id` int NOT NULL,
  `cId` int DEFAULT NULL,
  `name` varchar(255) DEFAULT NULL,
  `email` varchar(255) DEFAULT NULL,
  `contactNo` varchar(100) DEFAULT NULL,
  `address` text,
  `message` text,
  `createdBy` varchar(100) DEFAULT NULL,
  `updatedBy` varchar(100) DEFAULT NULL,
  `createdAt` datetime NOT NULL,
  `updatedAt` datetime NOT NULL
) ENGINE=InnoDB DEFAULT CHARSET=utf8mb4 COLLATE=utf8mb4_0900_ai_ci;

--
-- Dumping data for table `contactUsIudyog`
--

INSERT INTO `contactUsIudyog` (`id`, `cId`, `name`, `email`, `contactNo`, `address`, `message`, `createdBy`, `updatedBy`, `createdAt`, `updatedAt`) VALUES
(1, 2, 'Susanta Kumar Das', 'isusantakumardas@gmail.com', '09002557974', NULL, 'dgwyf vhbwerhg', NULL, NULL, '2021-12-28 11:36:17', '2021-12-28 11:36:17'),
(2, 3, 'AXaxx', 'asifur.rahamanbluehorse.in', 'axaXx', NULL, 'acascac', NULL, NULL, '2021-12-29 07:48:39', '2021-12-29 07:48:39'),
(3, 3, 'AXaxx', 'asifur.rahamanbluehorse.in', 'axaXx', NULL, 'acascac', NULL, NULL, '2021-12-29 07:48:45', '2021-12-29 07:48:45'),
(4, 3, 'mmmm', 'bhjhjhjjk@gmail.com', '7834783587', NULL, 'hjerhberq', NULL, NULL, '2021-12-30 09:32:02', '2021-12-30 09:32:02'),
(5, 3, 'mmmm', 'bhjhjhjjk@gmail.com', '783478358', NULL, 'hjerhberq', NULL, NULL, '2021-12-30 09:32:13', '2021-12-30 09:32:13'),
(6, 3, 'mmmm', 'bhjhjhjjk@gmail.com', '783478358', NULL, 'hjerhberq', NULL, NULL, '2021-12-30 09:32:16', '2021-12-30 09:32:16'),
(7, 3, 'mmmm', 'bhjhjfjnjk@gmail.com', '5487780', NULL, 'rejkb3rfqhbhibihbyl', NULL, NULL, '2021-12-30 09:32:39', '2021-12-30 09:32:39'),
(8, 2, 'nedjk', '784783276', 'dckldsv@gmail.com', NULL, 'ewbhewfhjb', NULL, NULL, '2021-12-30 12:29:09', '2021-12-30 12:29:09'),
(9, 2, 'rwjnjkre', '7847887', 'djkdwr@gmail.com', NULL, 'fhbjwefbh', NULL, NULL, '2021-12-30 12:30:03', '2021-12-30 12:30:03'),
(10, 2, 'rererw', '7247784224', 'rwmrfkl@gmail.com', NULL, 'egewlugvgv.', NULL, NULL, '2021-12-30 12:30:55', '2021-12-30 12:30:55'),
(11, 3, 'akash', 'abhishekghosh.bluehorse@gmail.com', '9845782322', NULL, 'sweqwewqeqwewqewqewqewqewqewqewqewqewqewqewqewqewqewqewqewqewqewqewqewqeewqewqewqewqewqewqewqewqeeqwewqewqewqeqwewqewqewqewqeqweqweqweqweqweqwewqeqwewq', NULL, NULL, '2021-12-30 12:58:39', '2021-12-30 12:58:39'),
(12, 2, 'tytff', '7809999990', 'yifiyfiyify@gg.in', NULL, 'iuhihihi', NULL, NULL, '2021-12-30 13:02:17', '2021-12-30 13:02:17'),
(13, 3, 'akash roy', 'abhishekghosh.bluehorse@gmail.com', '9830459860', NULL, 'asasaSAsaSAsasasaSASAsa', NULL, NULL, '2021-12-30 13:02:49', '2021-12-30 13:02:49'),
(14, 3, 'Akash roy', 'abhishekghosh.bluehorse@gmail.com', '9830459860', NULL, 'test msgggggggggggerewrwere', NULL, NULL, '2021-12-30 13:19:40', '2021-12-30 13:19:40'),
(15, 2, 'mgd', 'frgjvfr@gmail.com', '8488489', NULL, 'vv nfen ben', NULL, NULL, '2022-01-03 05:22:02', '2022-01-03 05:22:02'),
(16, 2, 'tytff', 'bhjhjhjjk@gmail.com', '8648', NULL, 'jnkfdvjbk.', NULL, NULL, '2022-01-03 05:55:50', '2022-01-03 05:55:50'),
(17, 2, 'tytff', 'bhjhjhjjk@gmail.com', '8648', NULL, 'jnkfdvjbk.', NULL, NULL, '2022-01-03 05:55:50', '2022-01-03 05:55:50'),
(18, 2, 'vc mbc', 'vjk@gmail.com', '53535', NULL, 'bfgfg', NULL, NULL, '2022-01-03 05:59:28', '2022-01-03 05:59:28'),
(19, 2, 'jhghgch', 'vjk@gmail.com', '67676767657557', NULL, 'hjhjh', NULL, NULL, '2022-01-03 06:02:51', '2022-01-03 06:02:51'),
(20, 2, 'Akhil', '7894561230', 'akhil.blue@gmail.com', NULL, 'klnjklnjkhln', NULL, NULL, '2022-01-04 10:53:32', '2022-01-04 10:53:32'),
(21, 3, 'bjksdjkb', 'bhjhjhjjk@gmail.com', '5353545554', NULL, 'fbfbfbfbfbsfbfdbfsbfzdgdbgdbggetetgdbgdbbgdbbfbfbfbwt', NULL, NULL, '2022-01-04 10:54:21', '2022-01-04 10:54:21');

-- --------------------------------------------------------

--
-- Table structure for table `contactUs_bkp`
--

CREATE TABLE `contactUs_bkp` (
  `id` int NOT NULL,
  `storeId` int DEFAULT NULL,
  `firstName` varchar(255) DEFAULT NULL,
  `lastName` varchar(255) DEFAULT NULL,
  `email` varchar(255) DEFAULT NULL,
  `contactNo` varchar(100) DEFAULT NULL,
  `address` text,
  `message` text,
  `updatedBy` varchar(100) DEFAULT NULL,
  `createdAt` datetime DEFAULT NULL,
  `updatedAt` datetime DEFAULT NULL
) ENGINE=InnoDB DEFAULT CHARSET=utf8mb4 COLLATE=utf8mb4_0900_ai_ci;

--
-- Dumping data for table `contactUs_bkp`
--

INSERT INTO `contactUs_bkp` (`id`, `storeId`, `firstName`, `lastName`, `email`, `contactNo`, `address`, `message`, `updatedBy`, `createdAt`, `updatedAt`) VALUES
(1, 15, 'aswdsad', 'asdasd', 'asdas@dd.in', '4455667788', NULL, 'qwqe', NULL, '2021-10-11 14:15:16', '2021-10-11 14:15:16'),
(2, 15, 'aswdsad', 'asdasd', 'asdas@dd.in', '4455667788', NULL, 'qwqe', NULL, '2021-10-11 14:15:16', '2021-10-11 14:15:16'),
(3, 15, 'aswdsad', 'asdasd', 'asdas@dd.in', '4455667788', NULL, 'qwqe', NULL, '2021-10-11 14:15:16', '2021-10-11 14:15:16'),
(4, 15, 'aswdsad', 'asdasd', 'asdas@dd.in', '4455667788', NULL, 'qwqe', NULL, '2021-10-11 14:15:16', '2021-10-11 14:15:16'),
(5, 15, 'aswdsad', 'asdasd', 'asdas@dd.in', '4455667788', NULL, 'qwqe', NULL, '2021-10-11 14:15:16', '2021-10-11 14:15:16'),
(6, 15, 'aswdsad', 'asdasd', 'asdas@dd.in', '4455667788', NULL, 'qwqe', NULL, '2021-10-11 14:15:16', '2021-10-11 14:15:16'),
(7, 15, 'aswdsad', 'asdasd', 'asdas@dd.in', '4455667788', NULL, 'qwqe', NULL, '2021-10-11 14:15:17', '2021-10-11 14:15:17'),
(8, 15, 'aswdsad', 'asdasd', 'asdas@dd.in', '4455667788', NULL, 'qwqe', NULL, '2021-10-11 14:15:17', '2021-10-11 14:15:17'),
(9, 15, 'wrewrwer', 'werwer', 'wer@e.in', '9477078705', NULL, 'ASDAD', NULL, '2021-10-18 08:41:45', '2021-10-18 08:41:45'),
(10, 15, 'ranajit', 'manna', 'mannaranajit34@gmail.com', '9733904033', NULL, 'xxxcxcxcx', NULL, '2021-10-18 15:16:37', '2021-10-18 15:16:37');

-- --------------------------------------------------------

--
-- Table structure for table `contentBlocks`
--

CREATE TABLE `contentBlocks` (
  `id` int NOT NULL,
  `storeId` int DEFAULT NULL,
  `pageId` int DEFAULT NULL,
  `parentId` int DEFAULT NULL,
  `slug` varchar(255) CHARACTER SET utf8mb3 COLLATE utf8mb3_bin DEFAULT NULL,
  `group` varchar(255) CHARACTER SET utf8mb3 COLLATE utf8mb3_bin DEFAULT NULL,
  `sequence` int DEFAULT NULL,
  `title` varchar(255) CHARACTER SET utf8mb3 COLLATE utf8mb3_bin DEFAULT NULL,
  `shortDescription` varchar(255) CHARACTER SET utf8mb3 COLLATE utf8mb3_bin DEFAULT NULL,
  `description` text CHARACTER SET utf8mb3 COLLATE utf8mb3_bin,
  `image` varchar(255) CHARACTER SET utf8mb3 COLLATE utf8mb3_bin DEFAULT NULL,
  `link` varchar(255) CHARACTER SET utf8mb3 COLLATE utf8mb3_bin DEFAULT NULL,
  `videoLink` varchar(255) CHARACTER SET utf8mb3 COLLATE utf8mb3_bin DEFAULT NULL,
  `status` enum('Yes','No') CHARACTER SET utf8mb3 COLLATE utf8mb3_bin DEFAULT NULL,
  `createdBy` varchar(100) CHARACTER SET utf8mb3 COLLATE utf8mb3_bin DEFAULT NULL,
  `updatedBy` varchar(100) CHARACTER SET utf8mb3 COLLATE utf8mb3_bin DEFAULT NULL,
  `createdAt` datetime NOT NULL,
  `updatedAt` datetime NOT NULL
) ENGINE=InnoDB DEFAULT CHARSET=utf8mb3 COLLATE=utf8mb3_bin COMMENT='Content Blocks Table';

--
-- Dumping data for table `contentBlocks`
--

INSERT INTO `contentBlocks` (`id`, `storeId`, `pageId`, `parentId`, `slug`, `group`, `sequence`, `title`, `shortDescription`, `description`, `image`, `link`, `videoLink`, `status`, `createdBy`, `updatedBy`, `createdAt`, `updatedAt`) VALUES
(1, NULL, NULL, NULL, 'about-us-9', 'demo', 1, 'About Us', 'demo', 'Lorem ipsum dolor sit amet consectetur adipisicing elit. Quasi soluta voluptatum hic sint quibusdam nemo blanditiis. Rem dolore, culpa officiis quos doloribus harum. Commodi necessitatibus quaerat, omnis quas qui molestiae, sint sequi perferendis facere tenetur ipsa esse rerum harum magni sapiente aut saepe nobis autem enim eum suscipit, libero corporis. Esse quo ullam modi atque provident impedit dolorem reiciendis perferendis. Nulla aperiam magnam eligendi! Perspiciatis inventore odio enim tempora nisi ut placeat rerum assumenda mollitia tempore at, quam velit a eum aspernatur optio dolorum voluptatem quidem, officia modi perferendis ducimus est veniam. Sunt aperiam necessitatibus labore adipisci dicta at asperiores?', '1631345532071.jpg', 'https://www.ogvenergy.com/', 'https://youtu.be/OSXObKl6vFE', 'Yes', NULL, NULL, '2021-09-11 04:44:35', '2021-09-11 07:32:12'),
(3, NULL, NULL, NULL, 'services-9', 'demo', 3, 'Services', 'Just for testing', 'Lorem ipsum dolor sit amet consectetur adipisicing elit. Quasi soluta voluptatum hic sint quibusdam nemo blanditiis. Rem dolore, culpa officiis quos doloribus harum. Commodi necessitatibus quaerat, omnis quas qui molestiae, sint sequi perferendis facere tenetur ipsa esse rerum harum magni sapiente aut saepe nobis autem enim eum suscipit, libero corporis. Esse quo ullam modi atque provident impedit dolorem reiciendis perferendis. Nulla aperiam magnam eligendi! Perspiciatis inventore odio enim tempora nisi ut placeat rerum assumenda mollitia tempore at, quam velit a eum aspernatur optio dolorum voluptatem quidem, officia modi perferendis ducimus est veniam. Sunt aperiam necessitatibus labore adipisci dicta at asperiores?', '1631613120261.jpeg', 'https://www.ogvenergy.com/', 'https://youtu.be/OSXObKl6vFE', 'Yes', NULL, NULL, '2021-09-14 09:52:00', '2021-09-14 09:52:00'),
(4, NULL, NULL, 3, 'crude-oil-10', 'ds', 1, 'Crude Oil', 'vbdfbvdfb', 'Trading Of Crude Oil & Petrochemicals.', '1631613421907.png', 'sdsa', 'sadasd', 'Yes', NULL, NULL, '2021-09-14 09:55:02', '2021-09-14 10:00:24'),
(5, NULL, NULL, 3, 'exploration-12', 'ds', 2, 'Exploration', 'vbdfbvdfb', 'Exploration & Production Of Hydrocarbons.', '1631613408703.png', 'dfd', 'dfdf', 'Yes', NULL, NULL, '2021-09-14 09:56:48', '2021-09-14 10:00:34'),
(6, NULL, NULL, 3, 'drilling-9', 'demo', 3, 'Drilling', 'vbdfbvdfb', 'Drilling & Oil Field Services, Including EOR.', '1631613479748.png', '2d2dwedw', 'https://youtu.be/OSXObKl6vFE', 'Yes', NULL, NULL, '2021-09-14 09:57:59', '2021-09-14 10:00:48'),
(7, NULL, NULL, 3, 'finance-8', 'ds', 4, 'Finance', 'vbdfbvdfb', 'Energy Finance.', '1631613543375.png', 'https://www.ogvenergy.com/', 'https://youtu.be/OSXObKl6vFE', 'Yes', NULL, NULL, '2021-09-14 09:59:03', '2021-09-14 09:59:03'),
(10, NULL, 2, NULL, '100-natural-13', 'home offer', 1, '100% Natural', 'Upto 20% Off', 'offer', '1641103929029.jpg', 'fortune-sunlight-691', 'offer', 'Yes', NULL, NULL, '2022-01-02 06:12:09', '2022-01-02 06:12:09'),
(11, NULL, 2, NULL, 'organic-oil-12', 'home offer', 2, 'Organic Oil', 'Upto 20% Off', 'offer', '1641104003617.jpg', 'hair-care-almond-664', 'offer', 'Yes', NULL, NULL, '2022-01-02 06:13:23', '2022-01-02 06:13:23'),
(12, 30, NULL, NULL, 'save-protective-masks-26', 'home offer', 1, 'Save 70% Protective Masks', '', '', '1642578741503.jpg', '', '', 'Yes', NULL, NULL, '2022-01-19 07:52:21', '2022-01-19 07:52:21'),
(13, 30, NULL, NULL, 'anti-bacterial-hand-gel’s-26', 'home offer', 2, 'Anti-bacterial Hand Gel’s', '', '', '1642578871288.jpg', '', '', 'Yes', NULL, NULL, '2022-01-19 07:54:31', '2022-01-19 07:54:31');

-- --------------------------------------------------------

--
-- Table structure for table `coupon`
--

CREATE TABLE `coupon` (
  `id` int NOT NULL,
  `storeId` int DEFAULT NULL,
  `couponType` enum('amount','percentage') DEFAULT NULL,
  `couponValue` int DEFAULT NULL,
  `image` varchar(200) DEFAULT NULL,
  `dateFrom` varchar(200) DEFAULT NULL,
  `dateTo` varchar(200) DEFAULT NULL,
  `description` varchar(255) DEFAULT NULL,
  `shortDescription` varchar(255) DEFAULT NULL,
  `couponCode` varchar(255) DEFAULT NULL,
  `purchaseLimit` varchar(255) DEFAULT NULL,
  `termsAndConditions` text,
  `customerType` enum('new','all') CHARACTER SET latin1 COLLATE latin1_swedish_ci DEFAULT 'all',
  `createdBy` varchar(128) DEFAULT NULL,
  `updatedBy` varchar(128) DEFAULT NULL,
  `status` enum('Yes','No') DEFAULT NULL,
  `createdAt` datetime NOT NULL,
  `updatedAt` datetime NOT NULL
) ENGINE=InnoDB DEFAULT CHARSET=latin1;

--
-- Dumping data for table `coupon`
--

INSERT INTO `coupon` (`id`, `storeId`, `couponType`, `couponValue`, `image`, `dateFrom`, `dateTo`, `description`, `shortDescription`, `couponCode`, `purchaseLimit`, `termsAndConditions`, `customerType`, `createdBy`, `updatedBy`, `status`, `createdAt`, `updatedAt`) VALUES
(29, 30, 'percentage', 20, NULL, '2022-08-23', '2022-12-31', 'ESAAD20', 'ESAAD20', 'ESAAD20', '1', NULL, 'all', '1', '1', 'Yes', '2022-08-23 12:43:10', '2022-08-23 12:49:15'),
(30, 30, 'percentage', 20, NULL, '2022-08-23', '2022-12-31', 'ESAAD20', 'ESAAD20', 'ESAAD20', '1', NULL, 'new', '1', NULL, 'Yes', '2022-08-23 12:49:53', '2022-08-23 12:49:53'),
(31, 30, 'percentage', 20, NULL, '2022-08-23', '2022-12-31', 'FAZAA20', 'FAZAA20', 'FAZAA20', '1', NULL, 'new', '1', NULL, 'Yes', '2022-08-23 13:04:10', '2022-08-23 13:04:10');

-- --------------------------------------------------------

--
-- Table structure for table `couponCustomer`
--

CREATE TABLE `couponCustomer` (
  `id` int NOT NULL,
  `couponId` int DEFAULT NULL,
  `customerId` int DEFAULT NULL,
  `couponCode` varchar(200) DEFAULT NULL,
  `customerName` varchar(200) DEFAULT NULL,
  `createdBy` varchar(100) DEFAULT NULL,
  `createdAt` datetime DEFAULT NULL,
  `updatedBy` varchar(100) DEFAULT NULL,
  `updatedAt` datetime DEFAULT NULL
) ENGINE=InnoDB DEFAULT CHARSET=utf8mb4 COLLATE=utf8mb4_0900_ai_ci COMMENT='coupon Customer Table';

--
-- Dumping data for table `couponCustomer`
--

INSERT INTO `couponCustomer` (`id`, `couponId`, `customerId`, `couponCode`, `customerName`, `createdBy`, `createdAt`, `updatedBy`, `updatedAt`) VALUES
(8, 20, 292, 'ABCDE', 'Tanvir Hossain', NULL, '2022-07-23 23:45:50', NULL, '2022-07-23 23:45:50'),
(27, 22, 158, 'FGHIJ', 'Chandanee Dey', NULL, '2022-07-30 11:44:19', NULL, '2022-07-30 11:44:19'),
(28, 22, 275, 'FGHIJ', 'Zeeshan Anjum', NULL, '2022-07-30 11:44:19', NULL, '2022-07-30 11:44:19'),
(29, 22, 281, 'FGHIJ', 'Avijit Das', NULL, '2022-07-30 11:44:19', NULL, '2022-07-30 11:44:19'),
(30, 22, 291, 'FGHIJ', 'Mohamad Daher', NULL, '2022-07-30 11:44:19', NULL, '2022-07-30 11:44:19'),
(31, 22, 289, 'FGHIJ', '', NULL, '2022-07-30 11:44:19', NULL, '2022-07-30 11:44:19'),
(32, 22, 292, 'FGHIJ', 'Tanvir Hossain', NULL, '2022-07-30 11:44:19', NULL, '2022-07-30 11:44:19'),
(33, 22, 297, 'FGHIJ', '', NULL, '2022-07-30 11:44:19', NULL, '2022-07-30 11:44:19'),
(34, 22, 299, 'FGHIJ', '', NULL, '2022-07-30 11:44:19', NULL, '2022-07-30 11:44:19'),
(35, 22, 298, 'FGHIJ', '', NULL, '2022-07-30 11:44:19', NULL, '2022-07-30 11:44:19'),
(36, 22, 300, 'FGHIJ', '', NULL, '2022-07-30 11:44:19', NULL, '2022-07-30 11:44:19'),
(37, 22, 294, 'FGHIJ', 'Karim Semaan', NULL, '2022-07-30 11:44:19', NULL, '2022-07-30 11:44:19'),
(38, 22, 301, 'FGHIJ', '', NULL, '2022-07-30 11:44:19', NULL, '2022-07-30 11:44:19'),
(39, 22, 302, 'FGHIJ', '', NULL, '2022-07-30 11:44:19', NULL, '2022-07-30 11:44:19'),
(40, 22, 303, 'FGHIJ', 'Cd Dey', NULL, '2022-07-30 11:44:19', NULL, '2022-07-30 11:44:19'),
(41, 22, 304, 'FGHIJ', 'td Deyu', NULL, '2022-07-30 11:44:19', NULL, '2022-07-30 11:44:19'),
(59, 21, 158, 'FD30', 'Chandanee Dey', NULL, '2022-08-02 20:14:41', NULL, '2022-08-02 20:14:41'),
(60, 21, 281, 'FD30', 'Avijit Das', NULL, '2022-08-02 20:14:41', NULL, '2022-08-02 20:14:41'),
(61, 21, 289, 'FD30', '', NULL, '2022-08-02 20:14:41', NULL, '2022-08-02 20:14:41'),
(62, 21, 291, 'FD30', 'Mohamad Daher', NULL, '2022-08-02 20:14:41', NULL, '2022-08-02 20:14:41'),
(63, 21, 292, 'FD30', 'Tanvir Hossain', NULL, '2022-08-02 20:14:41', NULL, '2022-08-02 20:14:41'),
(64, 21, 294, 'FD30', 'Karim Semaan', NULL, '2022-08-02 20:14:41', NULL, '2022-08-02 20:14:41'),
(65, 21, 298, 'FD30', '', NULL, '2022-08-02 20:14:41', NULL, '2022-08-02 20:14:41'),
(66, 21, 299, 'FD30', '', NULL, '2022-08-02 20:14:41', NULL, '2022-08-02 20:14:41'),
(67, 21, 300, 'FD30', '', NULL, '2022-08-02 20:14:41', NULL, '2022-08-02 20:14:41'),
(68, 21, 301, 'FD30', '', NULL, '2022-08-02 20:14:41', NULL, '2022-08-02 20:14:41'),
(69, 21, 302, 'FD30', '', NULL, '2022-08-02 20:14:41', NULL, '2022-08-02 20:14:41'),
(70, 21, 303, 'FD30', 'Cd Dey', NULL, '2022-08-02 20:14:41', NULL, '2022-08-02 20:14:41'),
(71, 21, 304, 'FD30', 'td Deyu', NULL, '2022-08-02 20:14:41', NULL, '2022-08-02 20:14:41'),
(72, 21, 305, 'FD30', 'Tapas Dey', NULL, '2022-08-02 20:14:41', NULL, '2022-08-02 20:14:41'),
(73, 21, 308, 'FD30', 'Tapas Kumar Pal', NULL, '2022-08-02 20:14:41', NULL, '2022-08-02 20:14:41'),
(74, 21, 309, 'FD30', 'Test User', NULL, '2022-08-02 20:14:41', NULL, '2022-08-02 20:14:41'),
(75, 21, 310, 'FD30', 'Zeeshan Anjum', NULL, '2022-08-02 20:14:41', NULL, '2022-08-02 20:14:41'),
(76, 23, 158, 'TEST30', 'Chandanee Dey', NULL, '2022-08-02 20:24:38', NULL, '2022-08-02 20:24:38'),
(77, 23, 281, 'TEST30', 'Avijit Das', NULL, '2022-08-02 20:24:38', NULL, '2022-08-02 20:24:38'),
(78, 23, 289, 'TEST30', '', NULL, '2022-08-02 20:24:38', NULL, '2022-08-02 20:24:38'),
(79, 23, 291, 'TEST30', 'Mohamad Daher', NULL, '2022-08-02 20:24:38', NULL, '2022-08-02 20:24:38'),
(80, 23, 292, 'TEST30', 'Tanvir Hossain', NULL, '2022-08-02 20:24:38', NULL, '2022-08-02 20:24:38'),
(81, 23, 294, 'TEST30', 'Karim Semaan', NULL, '2022-08-02 20:24:38', NULL, '2022-08-02 20:24:38'),
(82, 23, 298, 'TEST30', '', NULL, '2022-08-02 20:24:38', NULL, '2022-08-02 20:24:38'),
(83, 23, 299, 'TEST30', '', NULL, '2022-08-02 20:24:38', NULL, '2022-08-02 20:24:38'),
(84, 23, 300, 'TEST30', '', NULL, '2022-08-02 20:24:38', NULL, '2022-08-02 20:24:38'),
(85, 23, 301, 'TEST30', '', NULL, '2022-08-02 20:24:38', NULL, '2022-08-02 20:24:38'),
(86, 23, 302, 'TEST30', '', NULL, '2022-08-02 20:24:38', NULL, '2022-08-02 20:24:38'),
(87, 23, 303, 'TEST30', 'Cd Dey', NULL, '2022-08-02 20:24:38', NULL, '2022-08-02 20:24:38'),
(88, 23, 304, 'TEST30', 'td Deyu', NULL, '2022-08-02 20:24:38', NULL, '2022-08-02 20:24:38'),
(89, 23, 305, 'TEST30', 'Tapas Dey', NULL, '2022-08-02 20:24:38', NULL, '2022-08-02 20:24:38'),
(90, 23, 308, 'TEST30', 'Tapas Kumar Pal', NULL, '2022-08-02 20:24:38', NULL, '2022-08-02 20:24:38'),
(91, 23, 309, 'TEST30', 'Test User', NULL, '2022-08-02 20:24:38', NULL, '2022-08-02 20:24:38'),
(92, 23, 310, 'TEST30', 'Zeeshan Anjum', NULL, '2022-08-02 20:24:38', NULL, '2022-08-02 20:24:38'),
(94, 24, 310, 'N30', 'Zeeshan Anjum', NULL, '2022-08-03 11:13:19', NULL, '2022-08-03 11:13:19'),
(95, 25, 310, 'D30', 'Zeeshan Anjum', NULL, '2022-08-03 11:23:53', NULL, '2022-08-03 11:23:53'),
(96, 26, 158, 'T30', 'Chandanee Dey', NULL, '2022-08-03 16:41:40', NULL, '2022-08-03 16:41:40'),
(97, 26, 281, 'T30', 'Avijit Das', NULL, '2022-08-03 16:41:40', NULL, '2022-08-03 16:41:40'),
(98, 26, 289, 'T30', '', NULL, '2022-08-03 16:41:40', NULL, '2022-08-03 16:41:40'),
(99, 26, 291, 'T30', 'Mohamad Daher', NULL, '2022-08-03 16:41:40', NULL, '2022-08-03 16:41:40'),
(100, 26, 292, 'T30', 'Tanvir Hossain', NULL, '2022-08-03 16:41:40', NULL, '2022-08-03 16:41:40'),
(101, 26, 294, 'T30', 'Karim Semaan', NULL, '2022-08-03 16:41:40', NULL, '2022-08-03 16:41:40'),
(102, 26, 299, 'T30', '', NULL, '2022-08-03 16:41:40', NULL, '2022-08-03 16:41:40'),
(103, 26, 300, 'T30', '', NULL, '2022-08-03 16:41:40', NULL, '2022-08-03 16:41:40'),
(104, 26, 301, 'T30', '', NULL, '2022-08-03 16:41:40', NULL, '2022-08-03 16:41:40'),
(105, 26, 302, 'T30', '', NULL, '2022-08-03 16:41:40', NULL, '2022-08-03 16:41:40'),
(106, 26, 303, 'T30', 'Cd Dey', NULL, '2022-08-03 16:41:40', NULL, '2022-08-03 16:41:40'),
(107, 26, 304, 'T30', 'td Deyu', NULL, '2022-08-03 16:41:40', NULL, '2022-08-03 16:41:40'),
(108, 26, 305, 'T30', 'Tapas Dey', NULL, '2022-08-03 16:41:40', NULL, '2022-08-03 16:41:40'),
(109, 26, 298, 'T30', '', NULL, '2022-08-03 16:41:40', NULL, '2022-08-03 16:41:40'),
(110, 26, 308, 'T30', 'Tapas Kumar Pal', NULL, '2022-08-03 16:41:40', NULL, '2022-08-03 16:41:40'),
(111, 26, 309, 'T30', 'Test User', NULL, '2022-08-03 16:41:40', NULL, '2022-08-03 16:41:40'),
(112, 26, 310, 'T30', 'Zeeshan Anjum', NULL, '2022-08-03 16:41:40', NULL, '2022-08-03 16:41:40'),
(113, 26, 311, 'T30', '', NULL, '2022-08-03 16:41:40', NULL, '2022-08-03 16:41:40'),
(134, 28, 158, 'S20', 'Chandanee Dey', NULL, '2022-08-09 11:08:10', NULL, '2022-08-09 11:08:10'),
(135, 28, 281, 'S20', 'Avijit Das', NULL, '2022-08-09 11:08:10', NULL, '2022-08-09 11:08:10'),
(136, 28, 289, 'S20', '', NULL, '2022-08-09 11:08:10', NULL, '2022-08-09 11:08:10'),
(137, 28, 291, 'S20', 'Mohamad Daher', NULL, '2022-08-09 11:08:10', NULL, '2022-08-09 11:08:10'),
(138, 28, 292, 'S20', 'Tanvir Hossain', NULL, '2022-08-09 11:08:10', NULL, '2022-08-09 11:08:10'),
(139, 28, 294, 'S20', 'Karim Semaan', NULL, '2022-08-09 11:08:10', NULL, '2022-08-09 11:08:10'),
(140, 28, 298, 'S20', '', NULL, '2022-08-09 11:08:10', NULL, '2022-08-09 11:08:10'),
(141, 28, 299, 'S20', '', NULL, '2022-08-09 11:08:10', NULL, '2022-08-09 11:08:10'),
(142, 28, 300, 'S20', '', NULL, '2022-08-09 11:08:10', NULL, '2022-08-09 11:08:10'),
(143, 28, 301, 'S20', '', NULL, '2022-08-09 11:08:10', NULL, '2022-08-09 11:08:10'),
(144, 28, 302, 'S20', '', NULL, '2022-08-09 11:08:10', NULL, '2022-08-09 11:08:10'),
(145, 28, 303, 'S20', 'Cd Dey', NULL, '2022-08-09 11:08:10', NULL, '2022-08-09 11:08:10'),
(146, 28, 304, 'S20', 'td Deyu', NULL, '2022-08-09 11:08:10', NULL, '2022-08-09 11:08:10'),
(147, 28, 305, 'S20', 'Tapas Dey', NULL, '2022-08-09 11:08:10', NULL, '2022-08-09 11:08:10'),
(148, 28, 308, 'S20', 'Tapas Kumar Pal', NULL, '2022-08-09 11:08:10', NULL, '2022-08-09 11:08:10'),
(149, 28, 311, 'S20', '', NULL, '2022-08-09 11:08:10', NULL, '2022-08-09 11:08:10'),
(150, 28, 316, 'S20', 'Zeeshan Anjum', NULL, '2022-08-09 11:08:10', NULL, '2022-08-09 11:08:10'),
(151, 28, 317, 'S20', '', NULL, '2022-08-09 11:08:10', NULL, '2022-08-09 11:08:10'),
(152, 28, 318, 'S20', '', NULL, '2022-08-09 11:08:10', NULL, '2022-08-09 11:08:10'),
(153, 28, 319, 'S20', '', NULL, '2022-08-09 11:08:10', NULL, '2022-08-09 11:08:10'),
(155, 29, 342, 'ESAAD20', 'Nikunj Bathwal', NULL, '2022-08-23 12:49:15', NULL, '2022-08-23 12:49:15'),
(156, 29, 343, 'ESAAD20', 'Zeeshan Anjum', NULL, '2022-08-23 12:49:15', NULL, '2022-08-23 12:49:15'),
(157, 29, 344, 'ESAAD20', 'saif alsaidi', NULL, '2022-08-23 12:49:15', NULL, '2022-08-23 12:49:15'),
(158, 30, 342, 'ESAAD20', 'Nikunj Bathwal', NULL, '2022-08-23 12:49:53', NULL, '2022-08-23 12:49:53'),
(159, 30, 343, 'ESAAD20', 'Zeeshan Anjum', NULL, '2022-08-23 12:49:53', NULL, '2022-08-23 12:49:53'),
(160, 30, 344, 'ESAAD20', 'saif alsaidi', NULL, '2022-08-23 12:49:53', NULL, '2022-08-23 12:49:53'),
(161, 31, 342, 'FAZAA20', 'Nikunj Bathwal', NULL, '2022-08-23 13:04:10', NULL, '2022-08-23 13:04:10'),
(162, 31, 343, 'FAZAA20', 'Zeeshan Anjum', NULL, '2022-08-23 13:04:10', NULL, '2022-08-23 13:04:10'),
(163, 31, 344, 'FAZAA20', 'saif alsaidi', NULL, '2022-08-23 13:04:10', NULL, '2022-08-23 13:04:10');

-- --------------------------------------------------------

--
-- Table structure for table `couponTransaction`
--

CREATE TABLE `couponTransaction` (
  `id` int NOT NULL,
  `customerId` int DEFAULT NULL,
  `storeId` int DEFAULT NULL,
  `couponId` int DEFAULT NULL,
  `appliedAmount` varchar(200) DEFAULT NULL,
  `couponType` enum('amount','percentage') DEFAULT NULL,
  `couponValue` int DEFAULT NULL,
  `dateFrom` varchar(200) DEFAULT NULL,
  `dateTo` varchar(200) DEFAULT NULL,
  `timeFrom` varchar(200) DEFAULT NULL,
  `timeTo` varchar(200) DEFAULT NULL,
  `couponCode` varchar(255) DEFAULT NULL,
  `purchaseLimit` varchar(255) DEFAULT NULL,
  `createdBy` varchar(128) DEFAULT NULL,
  `updatedBy` varchar(128) DEFAULT NULL,
  `isShare` enum('Yes','No') DEFAULT NULL,
  `status` enum('Yes','No') DEFAULT NULL,
  `createdAt` datetime NOT NULL,
  `updatedAt` datetime NOT NULL
) ENGINE=InnoDB DEFAULT CHARSET=utf8mb4 COLLATE=utf8mb4_0900_ai_ci;

--
-- Dumping data for table `couponTransaction`
--

INSERT INTO `couponTransaction` (`id`, `customerId`, `storeId`, `couponId`, `appliedAmount`, `couponType`, `couponValue`, `dateFrom`, `dateTo`, `timeFrom`, `timeTo`, `couponCode`, `purchaseLimit`, `createdBy`, `updatedBy`, `isShare`, `status`, `createdAt`, `updatedAt`) VALUES
(39, 166, 30, 16, '100', NULL, 100, NULL, NULL, NULL, NULL, 'ABCDE', '100', NULL, NULL, NULL, NULL, '2022-06-28 17:19:05', '2022-06-28 17:19:05'),
(40, 275, 30, 16, '240', NULL, 20, NULL, NULL, NULL, NULL, 'FAZAA20', '100', NULL, NULL, NULL, NULL, '2022-07-05 11:17:11', '2022-07-05 11:17:11'),
(41, 291, 30, 16, '240', NULL, 20, NULL, NULL, NULL, NULL, 'FAZAA20', '100', NULL, NULL, NULL, NULL, '2022-07-05 18:56:49', '2022-07-05 18:56:49'),
(42, 290, 30, 16, '131', NULL, 20, NULL, NULL, NULL, NULL, 'FAZAA20', '100', NULL, NULL, NULL, NULL, '2022-07-20 23:49:48', '2022-07-20 23:49:48'),
(43, 292, 30, 20, '100', NULL, 100, NULL, NULL, NULL, NULL, 'ABCDE', '1000', NULL, NULL, NULL, NULL, '2022-07-22 00:40:26', '2022-07-22 00:40:26'),
(44, 310, 30, 21, '30', NULL, 30, NULL, NULL, NULL, NULL, 'FD30', NULL, NULL, NULL, NULL, NULL, '2022-08-02 20:15:04', '2022-08-02 20:15:04'),
(45, 310, 30, 23, NULL, NULL, 30, NULL, NULL, NULL, NULL, 'TEST30', '2200', NULL, NULL, NULL, NULL, '2022-08-02 20:25:25', '2022-08-02 20:25:25'),
(46, 310, 30, 24, '30', NULL, 30, NULL, NULL, NULL, NULL, 'N30', '0', NULL, NULL, NULL, NULL, '2022-08-03 11:13:42', '2022-08-03 11:13:42'),
(47, 310, 30, 25, '30', NULL, 30, NULL, NULL, NULL, NULL, 'D30', '0', NULL, NULL, NULL, NULL, '2022-08-03 11:24:38', '2022-08-03 11:24:38'),
(48, 310, 30, 26, '30', NULL, 30, NULL, NULL, NULL, NULL, 'T30', '0', NULL, NULL, NULL, NULL, '2022-08-03 16:42:35', '2022-08-03 16:42:35'),
(49, 327, 30, 28, '20', NULL, 20, NULL, NULL, NULL, NULL, 'S20', '0', NULL, NULL, NULL, NULL, '2022-08-10 11:15:12', '2022-08-10 11:15:12');

-- --------------------------------------------------------

--
-- Table structure for table `couponTransaction_bkp`
--

CREATE TABLE `couponTransaction_bkp` (
  `id` int UNSIGNED NOT NULL,
  `customerId` int UNSIGNED DEFAULT NULL,
  `storeId` int DEFAULT NULL,
  `couponId` int UNSIGNED DEFAULT NULL,
  `appliedAmount` varchar(200) CHARACTER SET utf8mb3 COLLATE utf8mb3_bin DEFAULT NULL,
  `couponType` enum('amount','percentage') CHARACTER SET utf8mb3 COLLATE utf8mb3_bin DEFAULT NULL,
  `couponValue` int DEFAULT NULL,
  `dateFrom` varchar(200) CHARACTER SET utf8mb3 COLLATE utf8mb3_bin DEFAULT NULL,
  `dateTo` varchar(200) CHARACTER SET utf8mb3 COLLATE utf8mb3_bin DEFAULT NULL,
  `timeFrom` varchar(200) CHARACTER SET utf8mb3 COLLATE utf8mb3_bin DEFAULT NULL,
  `timeTo` varchar(200) CHARACTER SET utf8mb3 COLLATE utf8mb3_bin DEFAULT NULL,
  `couponCode` varchar(255) CHARACTER SET utf8mb3 COLLATE utf8mb3_bin DEFAULT NULL,
  `purchaseLimit` varchar(255) CHARACTER SET utf8mb3 COLLATE utf8mb3_bin DEFAULT NULL,
  `createdBy` varchar(128) CHARACTER SET utf8mb3 COLLATE utf8mb3_bin DEFAULT NULL,
  `updatedBy` varchar(128) CHARACTER SET utf8mb3 COLLATE utf8mb3_bin DEFAULT NULL,
  `createdAt` datetime DEFAULT NULL,
  `updatedAt` datetime DEFAULT NULL,
  `isShare` enum('yes','no') CHARACTER SET utf8mb3 COLLATE utf8mb3_bin DEFAULT NULL,
  `status` enum('active','inactive','archive') CHARACTER SET utf8mb3 COLLATE utf8mb3_bin DEFAULT NULL
) ENGINE=InnoDB DEFAULT CHARSET=utf8mb3 COLLATE=utf8mb3_bin;

--
-- Dumping data for table `couponTransaction_bkp`
--

INSERT INTO `couponTransaction_bkp` (`id`, `customerId`, `storeId`, `couponId`, `appliedAmount`, `couponType`, `couponValue`, `dateFrom`, `dateTo`, `timeFrom`, `timeTo`, `couponCode`, `purchaseLimit`, `createdBy`, `updatedBy`, `createdAt`, `updatedAt`, `isShare`, `status`) VALUES
(1, 25, 15, 1, '100', 'amount', 100, '24.09.2021', '30.09.2021', NULL, NULL, 'MT100', '80', NULL, NULL, '2021-09-28 10:30:01', '2021-09-28 10:30:01', 'yes', 'active');

-- --------------------------------------------------------

--
-- Table structure for table `customerAddresses`
--

CREATE TABLE `customerAddresses` (
  `id` int NOT NULL,
  `storeId` int DEFAULT NULL,
  `customerId` int DEFAULT NULL,
  `isPrimary` enum('yes','no') CHARACTER SET utf8mb3 COLLATE utf8mb3_bin DEFAULT NULL,
  `label` varchar(128) CHARACTER SET utf8mb3 COLLATE utf8mb3_bin DEFAULT NULL,
  `prefix` varchar(255) CHARACTER SET utf8mb3 COLLATE utf8mb3_bin DEFAULT NULL,
  `firstName` varchar(255) CHARACTER SET utf8mb3 COLLATE utf8mb3_bin DEFAULT NULL,
  `middleName` varchar(255) CHARACTER SET utf8mb3 COLLATE utf8mb3_bin DEFAULT NULL,
  `lastName` varchar(255) CHARACTER SET utf8mb3 COLLATE utf8mb3_bin DEFAULT NULL,
  `fullName` varchar(200) CHARACTER SET utf8mb3 COLLATE utf8mb3_bin DEFAULT NULL,
  `mobile` varchar(20) CHARACTER SET utf8mb3 COLLATE utf8mb3_bin DEFAULT NULL,
  `addressType` enum('Home','Work','Other') CHARACTER SET utf8mb3 COLLATE utf8mb3_bin DEFAULT NULL,
  `address` text CHARACTER SET utf8mb3 COLLATE utf8mb3_bin,
  `locality` varchar(255) CHARACTER SET utf8mb3 COLLATE utf8mb3_bin DEFAULT NULL,
  `city` varchar(128) CHARACTER SET utf8mb3 COLLATE utf8mb3_bin DEFAULT NULL,
  `state` varchar(128) CHARACTER SET utf8mb3 COLLATE utf8mb3_bin DEFAULT NULL,
  `pin` varchar(20) CHARACTER SET utf8mb3 COLLATE utf8mb3_bin DEFAULT NULL,
  `country` varchar(50) CHARACTER SET utf8mb3 COLLATE utf8mb3_bin DEFAULT NULL,
  `company` varchar(255) CHARACTER SET utf8mb3 COLLATE utf8mb3_bin DEFAULT NULL,
  `vatNo` varchar(255) CHARACTER SET utf8mb3 COLLATE utf8mb3_bin DEFAULT NULL,
  `createdBy` varchar(100) CHARACTER SET utf8mb3 COLLATE utf8mb3_bin DEFAULT NULL,
  `createdAt` datetime DEFAULT NULL,
  `updatedBy` varchar(100) CHARACTER SET utf8mb3 COLLATE utf8mb3_bin DEFAULT NULL,
  `updatedAt` datetime DEFAULT NULL
) ENGINE=InnoDB DEFAULT CHARSET=utf8mb3 COLLATE=utf8mb3_bin COMMENT='Customer Addresses Table';

--
-- Dumping data for table `customerAddresses`
--

INSERT INTO `customerAddresses` (`id`, `storeId`, `customerId`, `isPrimary`, `label`, `prefix`, `firstName`, `middleName`, `lastName`, `fullName`, `mobile`, `addressType`, `address`, `locality`, `city`, `state`, `pin`, `country`, `company`, `vatNo`, `createdBy`, `createdAt`, `updatedBy`, `updatedAt`) VALUES
(1, NULL, NULL, 'yes', NULL, NULL, NULL, NULL, NULL, 'ranajit manna', '9733904033', NULL, 'Tarakeswar', 'gguguy', 'Tarakeswar', 'West Bengal', '712401', 'India', NULL, NULL, NULL, '2021-10-01 06:35:31', NULL, '2021-10-18 13:55:39'),
(2, NULL, NULL, 'no', NULL, NULL, NULL, NULL, NULL, 'Ranajit manna', '7908542740', NULL, 'tarakeswar ', 'chamadanga', 'tarakeswar,hooghly', 'West Bengal', '712401', 'India', NULL, NULL, NULL, '2021-10-01 07:14:14', NULL, '2021-10-01 07:14:14'),
(4, NULL, NULL, 'no', NULL, NULL, NULL, NULL, NULL, 'ranajit manna', '9733904033', NULL, 'Tarakeswar', 'wddssddssd', 'Tarakeswar', 'West Bengal', '712401', 'India', NULL, NULL, NULL, '2021-10-07 05:57:22', NULL, '2021-10-18 13:55:39'),
(5, NULL, NULL, 'no', NULL, NULL, NULL, NULL, NULL, 'ranajit manna', '9733904033', NULL, 'Tarakeswar', 'hfgh', 'Tarakeswar', 'West Bengal', '712401', 'India', NULL, NULL, NULL, '2021-10-07 06:03:19', NULL, '2021-10-18 13:55:39'),
(6, NULL, NULL, 'no', NULL, NULL, NULL, NULL, NULL, 'ss hh', '5555555555', 'Home', 'qqqqqqqqqqqq', 'tttttttttttttttttttttttttttttt', 'Abu Dhabi', 'Umm Al-Quwain', '334322423', 'India', NULL, NULL, NULL, '2021-10-07 06:05:17', NULL, '2022-10-28 12:54:33'),
(7, NULL, NULL, 'no', NULL, NULL, NULL, NULL, NULL, 'rajit', '9733904033', NULL, 'Tarakeswar', 'gguguy', 'Tarakeswar', 'West Bengal', '712401', 'India', NULL, NULL, NULL, '2021-10-07 06:20:47', NULL, '2021-10-18 13:55:39'),
(8, NULL, NULL, 'no', NULL, NULL, NULL, NULL, NULL, 'ranajit', '9733904044', NULL, 'Tarakeswar', 'gguguy', 'Tarakeswar', 'West Bengal', '712401', 'India', NULL, NULL, NULL, '2021-10-07 06:21:08', NULL, '2021-10-18 13:55:39'),
(9, NULL, NULL, 'no', NULL, NULL, NULL, NULL, NULL, 'raaaa', '9733904044', NULL, 'Tarakeswar', 'gguguy', 'Tarakeswar', 'West Bengal', '712401', 'India', NULL, NULL, NULL, '2021-10-07 06:22:40', NULL, '2021-10-18 13:55:39'),
(10, NULL, NULL, 'no', NULL, NULL, NULL, NULL, NULL, 'ranajit manna', '9733904033', NULL, 'Tarakeswar', 'asasas', 'Tarakeswar', 'West Bengal', '712401', 'India', NULL, NULL, NULL, '2021-10-07 10:12:05', NULL, '2021-10-07 10:12:05'),
(11, NULL, NULL, 'no', NULL, NULL, NULL, NULL, NULL, 'manna ranajit', '9733904044', NULL, 'Tarakeswar', 'bbbbbb', 'Tarakeswar', 'West Bengal', '712401', 'India', NULL, NULL, NULL, '2021-10-07 10:41:05', NULL, '2021-10-07 10:41:05'),
(12, NULL, NULL, 'yes', NULL, NULL, NULL, NULL, NULL, 'asifur rahaman', '9477078705', 'Home', 'ad sd', 'sadasd', 'asd asd', 'Andaman and Nicobar Islands', '232143', 'India', NULL, NULL, NULL, '2021-10-11 07:42:42', NULL, '2021-11-03 14:55:04'),
(13, NULL, NULL, 'no', NULL, NULL, NULL, NULL, NULL, 'ranajit manna', '9733904033', NULL, 'Tarakeswar', 'adsfdsf', 'Tarakeswar', 'West Bengal', '712401', 'India', NULL, NULL, NULL, '2021-10-11 07:44:54', NULL, '2021-10-18 13:55:39'),
(14, NULL, NULL, 'no', NULL, NULL, NULL, NULL, NULL, 'ranajit manna', '9733904033', NULL, 'Tarakeswar', 'asasa', 'Tarakeswar', 'West Bengal', '712401', 'India', NULL, NULL, NULL, '2021-10-11 07:46:44', NULL, '2021-10-18 13:55:39'),
(15, NULL, NULL, 'no', NULL, NULL, NULL, NULL, NULL, 'ranajit manna', '9733904033', NULL, 'Tarakeswar', '', 'Tarakeswar', 'West Bengal', '712401', 'India', NULL, NULL, NULL, '2021-10-11 07:49:26', NULL, '2021-10-18 13:55:39'),
(16, NULL, NULL, 'no', NULL, NULL, NULL, NULL, NULL, 'ranajit manna', '9733904033', NULL, 'Tarakeswar', 'bkbjbjh', 'Tarakeswar', 'West Bengal', '712401', 'India', NULL, NULL, NULL, '2021-10-11 07:52:09', NULL, '2021-10-18 13:55:39'),
(18, NULL, NULL, 'no', NULL, NULL, NULL, NULL, NULL, 'ranajit manna', '9733904033', NULL, 'Tarakeswar', 'dsdsd', 'Tarakeswar', 'West Bengal', '712401', 'India', NULL, NULL, NULL, '2021-10-11 08:25:02', NULL, '2021-10-18 13:55:39'),
(19, NULL, NULL, 'no', NULL, NULL, NULL, NULL, NULL, 'ranajit manna', '9733904033', NULL, 'Tarakeswar', 'ssss', 'Tarakeswar', 'West Bengal', '712401', 'India', NULL, NULL, NULL, '2021-10-11 08:29:27', NULL, '2021-10-18 13:55:39'),
(20, NULL, NULL, 'no', NULL, NULL, NULL, NULL, NULL, 'ranajit manna', '9733904044', NULL, 'Tarakeswar', 'gdgfdgfdgfdfg', 'Tarakeswar', 'West Bengal', '712401', 'India', NULL, NULL, NULL, '2021-10-11 10:27:33', NULL, '2021-10-18 13:55:39'),
(21, NULL, NULL, 'no', NULL, NULL, NULL, NULL, NULL, 'manna ranajit', '8976453011', NULL, 'kolkata', 'kolkata', 'kolkata', '', '700092', 'India', NULL, NULL, NULL, '2021-10-11 12:33:13', NULL, '2021-10-11 12:33:13'),
(22, NULL, NULL, 'no', NULL, NULL, NULL, NULL, NULL, 'testing', '9077554433', NULL, 'Bandel', 'bandel', 'bandel', 'West Bengal', '123456', 'India', NULL, NULL, NULL, '2021-10-11 12:46:45', NULL, '2021-10-11 12:46:45'),
(23, NULL, NULL, 'no', NULL, NULL, NULL, NULL, NULL, 'asifur rahamanws', '9477078705', 'Home', 'ad sd', 'sdasd', 'asd asd', 'Andhra Pradesh', '232143', 'India', NULL, NULL, NULL, '2021-10-11 14:07:40', NULL, '2021-11-03 14:55:16'),
(24, NULL, NULL, 'no', NULL, NULL, NULL, NULL, NULL, 'ranajit manna', '9733904033', NULL, 'Tarakeswar', 'sdsdsdsd', 'Tarakeswar', 'West Bengal', '712401', 'India', NULL, NULL, NULL, '2021-10-18 05:53:28', NULL, '2021-10-18 05:53:28'),
(25, NULL, NULL, 'no', NULL, NULL, NULL, NULL, NULL, 'dfdfdfdf', '9733904033', NULL, 'Tarakeswar', 'sdsdsd', 'Tarakeswar', 'West Bengal', '712401', 'India', NULL, NULL, NULL, '2021-10-18 05:56:04', NULL, '2021-10-18 05:56:04'),
(26, 30, NULL, 'yes', NULL, NULL, NULL, NULL, NULL, 'Chandan Deyh', '8670211650', 'Home', 'Balichak,Paschim Medinipur', 'Balichak', 'Balichak', 'West Bengal', '721124', 'India', NULL, NULL, NULL, '2021-10-18 06:11:40', NULL, '2021-10-18 14:16:15'),
(27, NULL, NULL, 'no', NULL, NULL, NULL, NULL, NULL, 'ranajit manna', '9733904033', NULL, 'Tarakeswar', 'jjhkk', 'Tarakeswar', 'West Bengal', '712401', 'India', NULL, NULL, NULL, '2021-10-18 06:22:15', NULL, '2021-10-18 06:22:15'),
(28, NULL, NULL, 'no', NULL, NULL, NULL, NULL, NULL, 'sadfasd', '9477078705', NULL, 'ad sd', 'asdasd', 'asd asd', 'West Bengal', '232143', 'India', NULL, NULL, NULL, '2021-10-18 06:31:09', NULL, '2021-10-18 06:31:09'),
(29, NULL, NULL, 'no', NULL, NULL, NULL, NULL, NULL, 'aSDA', 'ASDASD', NULL, 'SADASD', 'SD', 'asd asd', 'West Bengal', '232143', 'India', NULL, NULL, NULL, '2021-10-18 06:44:21', NULL, '2021-10-18 06:44:21'),
(30, NULL, NULL, 'no', NULL, NULL, NULL, NULL, NULL, 'aSAS', 'ASDASD', NULL, 'SADASD', 'SD', 'asd asd', 'West Bengal', '232143', 'India', NULL, NULL, NULL, '2021-10-18 06:45:21', NULL, '2021-10-18 06:45:21'),
(31, NULL, NULL, 'no', NULL, NULL, NULL, NULL, NULL, 'ASD', '34444453', NULL, 'SADASD', 'SD', 'asd asd', 'West Bengal', '232143', 'India', NULL, NULL, NULL, '2021-10-18 06:45:33', NULL, '2021-10-18 06:45:33'),
(32, NULL, NULL, 'no', NULL, NULL, NULL, NULL, NULL, 'ranajit manna', '9733904033', NULL, 'Tarakeswar', 'bcbcbcb', 'Tarakeswar', 'West Bengal', '712401', 'India', NULL, NULL, NULL, '2021-10-18 08:47:18', NULL, '2021-10-18 08:47:18'),
(33, NULL, NULL, 'no', NULL, NULL, NULL, NULL, NULL, 'ranajit manna', '9733904033', NULL, 'Tarakeswar', 'fgfgfg', 'Tarakeswar', 'West Bengal', '712401', 'India', NULL, NULL, NULL, '2021-10-18 09:32:36', NULL, '2021-10-18 09:32:36'),
(34, NULL, NULL, 'no', NULL, NULL, NULL, NULL, NULL, 'ranajit ', '9733904033', NULL, 'Tarakeswar', 'sdsdsdsd', 'Tarakeswar', 'West Bengal', '712401', 'India', NULL, NULL, NULL, '2021-10-18 09:50:18', NULL, '2021-10-18 09:50:18'),
(35, NULL, NULL, 'no', NULL, NULL, NULL, NULL, NULL, 'ranajit manna', '9733904033', NULL, 'Tarakeswar', 'ccccccccccccccc', 'Tarakeswar', 'West Bengal', '712401', 'India', NULL, NULL, NULL, '2021-10-18 09:53:01', NULL, '2021-10-18 09:53:01'),
(36, NULL, NULL, 'no', NULL, NULL, NULL, NULL, NULL, 'Chandan da', '8877554433', NULL, 'kolkata', 'ccccccccccccccc', 'Tarakeswar', 'West Bengal', '712401', 'India', NULL, NULL, NULL, '2021-10-18 09:53:47', NULL, '2021-10-18 09:53:47'),
(37, NULL, NULL, 'no', NULL, NULL, NULL, NULL, NULL, 'Chandan De', '1234567890', NULL, 'gdgfdgdgf', 'vhjvjvjh', 'gjhgjjhgjh', 'West Bengal', '123453', 'India', NULL, NULL, NULL, '2021-10-18 09:56:45', NULL, '2021-10-18 09:56:45'),
(38, NULL, NULL, 'no', NULL, NULL, NULL, NULL, NULL, 'vbbbbbbbbbbbbbbb', '9733904033', NULL, 'Tarakeswar', 'sdsdsdsd', 'Tarakeswar', 'West Bengal', '712401', 'India', NULL, NULL, NULL, '2021-10-18 10:11:21', NULL, '2021-10-18 10:11:21'),
(39, NULL, NULL, 'no', NULL, NULL, NULL, NULL, NULL, 'ccccc', '9733904033', NULL, 'Tarakeswar', 'sdsdsd', 'Tarakeswar', 'West Bengal', '712401', 'India', NULL, NULL, NULL, '2021-10-18 10:14:21', NULL, '2021-10-18 10:14:21'),
(40, NULL, NULL, 'no', NULL, NULL, NULL, NULL, NULL, 'ppppppp', '9733904033', NULL, 'Tarakeswar', 'sdsdsd', 'Tarakeswar', 'West Bengal', '712401', 'India', NULL, NULL, NULL, '2021-10-18 10:16:02', NULL, '2021-10-18 10:16:02'),
(41, NULL, NULL, 'no', NULL, NULL, NULL, NULL, NULL, 'Chandan Dey', '8670211650', 'Work', 'Balichak,Paschim Medinipur', 'Balichak', 'Balichak', 'West Bengal', '721124', 'India', NULL, NULL, NULL, '2021-10-18 10:25:21', NULL, '2021-10-18 14:16:24'),
(46, NULL, NULL, 'no', NULL, NULL, NULL, NULL, NULL, 'Avijit ObeyRoy', '9932222', 'Home', '', '', '', '', '123456', 'India', NULL, NULL, NULL, '2021-10-18 12:13:40', NULL, '2021-10-18 12:13:40'),
(47, NULL, NULL, 'no', NULL, NULL, NULL, NULL, NULL, 'hhhh ttt', '7889779070', 'Work', 'test', 'test test', 'kolkata', 'West Bengal', '768766', 'India', NULL, NULL, NULL, '2021-10-18 14:09:56', NULL, '2021-10-18 14:14:28'),
(48, NULL, NULL, 'no', NULL, NULL, NULL, NULL, NULL, 'ranajit manna', '9733904033', 'Home', 'Tarakeswar', 'sdsds', 'Tarakeswar', 'West Bengal', '712401', 'India', NULL, NULL, NULL, '2021-10-20 06:25:36', NULL, '2021-10-20 08:38:13'),
(49, NULL, NULL, 'no', NULL, NULL, NULL, NULL, NULL, 'asifur rahaman', '9477078705', 'Home', 'ad sd', 'sdad', 'asd asd', 'West Bengal', '232143', 'India', NULL, NULL, NULL, '2021-10-20 06:47:06', NULL, '2021-10-20 06:48:33'),
(50, NULL, NULL, 'yes', NULL, NULL, NULL, NULL, NULL, 'ranajit manna', '9733904033', 'Home', 'Tarakeswar', 'hhhhhhhhhh', 'Tarakeswar', 'West Bengal', '712401', 'India', NULL, NULL, NULL, '2021-10-20 08:22:29', NULL, '2021-10-20 08:38:13'),
(51, NULL, NULL, 'no', NULL, NULL, NULL, NULL, NULL, 'ranajit manna', '9733904033', 'Home', 'Tarakeswar', 'vbvbvb', 'Tarakeswar', 'West Bengal', '712401', 'India', NULL, NULL, NULL, '2021-10-21 05:12:10', NULL, '2021-10-21 05:12:10'),
(52, NULL, NULL, 'no', NULL, NULL, NULL, NULL, NULL, 'ranajit manna', '9733904033', 'Home', 'Tarakeswar', 'czxcfdf', 'Tarakeswar', 'West Bengal', '712401', 'India', NULL, NULL, NULL, '2021-10-25 09:53:44', NULL, '2021-10-25 09:53:44'),
(53, NULL, NULL, 'no', NULL, NULL, NULL, NULL, NULL, 'ranajit manna', '9733904033', 'Home', 'Tarakeswar', 'dsdsds', 'Tarakeswar', 'West Bengal', '712401', 'India', NULL, NULL, NULL, '2021-10-26 06:01:08', NULL, '2021-10-26 06:01:08'),
(54, NULL, NULL, 'no', NULL, NULL, NULL, NULL, NULL, 'ranajit manna', '9733904033', 'Home', 'Tarakeswar', 'cdfdf', 'Tarakeswar', 'West Bengal', '712401', 'India', NULL, NULL, NULL, '2021-10-27 06:56:00', NULL, '2021-10-27 06:56:00'),
(55, NULL, NULL, 'no', NULL, NULL, NULL, NULL, NULL, 'ranajit manna', '9733904033', 'Home', 'Tarakeswar', 'sdsd', 'Tarakeswar', 'West Bengal', '712401', 'India', NULL, NULL, NULL, '2021-10-27 15:30:27', NULL, '2021-10-27 15:30:27'),
(56, NULL, NULL, 'no', NULL, NULL, NULL, NULL, NULL, 'asifur rahaman', '9477078705', 'Home', 'ad sd', 'ada', 'asd asd', 'Arunachal Pradesh', '232143', 'India', NULL, NULL, NULL, '2021-10-28 04:50:35', NULL, '2021-11-02 14:53:22'),
(57, NULL, NULL, 'no', NULL, NULL, NULL, NULL, NULL, 'ranajit manna', '9733904033', 'Home', 'Tarakeswar', 'ddddd', 'Tarakeswar', 'West Bengal', '712401', 'India', NULL, NULL, NULL, '2021-11-01 13:30:13', NULL, '2021-11-01 13:30:13'),
(58, NULL, NULL, 'no', NULL, NULL, NULL, NULL, NULL, 'Partha Mandal', '8250761658', 'Work', 'Bandwan\nPurulia', 'bandwan', 'Amlabad', 'West Bengal', '723129', 'India', NULL, NULL, NULL, '2021-11-02 05:13:39', NULL, '2021-11-02 05:13:39'),
(59, NULL, NULL, 'no', NULL, NULL, NULL, NULL, NULL, 'ranajit manna', '9733904033', 'Home', 'Tarakeswar', 'ghgh', 'Tarakeswar', 'West Bengal', '712401', 'India', NULL, NULL, NULL, '2021-11-02 05:45:30', NULL, '2021-11-02 05:45:30'),
(60, NULL, NULL, 'no', NULL, NULL, NULL, NULL, NULL, 'partha', '9733904033', 'Home', 'Tarakeswar', ' ccccc', 'Tarakeswar', 'West Bengal', '712401', 'India', NULL, NULL, NULL, '2021-11-02 06:13:57', NULL, '2021-11-02 06:13:57'),
(61, NULL, NULL, 'no', NULL, NULL, NULL, NULL, NULL, 'ranajit manna', '7908542740', 'Home', 'champadanga,hooghly', 'vvvvvvvvv', 'champadanga', 'West Bengal', '712401', 'India', NULL, NULL, NULL, '2021-11-02 12:03:07', NULL, '2021-11-02 12:03:07'),
(62, NULL, NULL, 'yes', NULL, NULL, NULL, NULL, NULL, 'aaa', '7777777777', 'Work', 'aaaa', 'ccc', 'cccc', 'Nagaland', '123456', 'India', NULL, NULL, NULL, '2021-11-02 13:55:37', NULL, '2021-11-02 13:55:44'),
(63, NULL, NULL, 'yes', NULL, NULL, NULL, NULL, NULL, 'asifur rahaman', '9477078705', 'Work', 'ad sd', 'zsffawsadas', 'asd asd', 'Assam', '232143', 'India', NULL, NULL, NULL, '2021-11-02 14:52:26', NULL, '2021-11-02 14:53:22'),
(64, NULL, NULL, 'no', NULL, NULL, NULL, NULL, NULL, 'ranajit manna', '9733904033', 'Home', 'Tarakeswar', 'xxxxxxxxxxx', 'Tarakeswar', 'West Bengal', '712401', 'India', NULL, NULL, NULL, '2021-11-05 05:09:57', NULL, '2021-11-05 05:09:57'),
(65, NULL, NULL, 'no', NULL, NULL, NULL, NULL, NULL, 'ranajit manna', '9733904033', 'Home', 'Tarakeswar', 'dfdfd', 'Tarakeswar', 'West Bengal', '712401', 'India', NULL, NULL, NULL, '2021-11-05 07:49:43', NULL, '2021-11-05 07:49:43'),
(66, NULL, NULL, 'no', NULL, NULL, NULL, NULL, NULL, 'ranajit manna', '9733904033', 'Home', 'Tarakeswar', 'dsf', 'Tarakeswar', 'West Bengal', '712401', 'India', NULL, NULL, NULL, '2021-11-05 10:38:26', NULL, '2021-11-05 10:38:26'),
(67, NULL, NULL, 'no', NULL, NULL, NULL, NULL, NULL, 'Debraj Chakraborty', '6295718285', 'Home', 'Gobindapur, Paschim Midnapur', 'zbrdst', 'Chandrakona', 'West Bengal', '721201', 'India', NULL, NULL, NULL, '2021-11-08 06:59:13', NULL, '2021-11-08 07:23:31'),
(68, NULL, NULL, 'yes', NULL, NULL, NULL, NULL, NULL, 'asifur', '9477078705', 'Home', 'ad sd', 'tamluk', 'asd asd', 'West Bengal', '232143', 'India', NULL, NULL, NULL, '2021-11-09 04:47:47', NULL, '2021-11-10 05:17:59'),
(69, NULL, NULL, 'no', NULL, NULL, NULL, NULL, NULL, 'ranajit manna', '9733904033', 'Home', 'Tarakeswar', 'ahghg', 'Tarakeswar', 'West Bengal', '712401', 'India', NULL, NULL, NULL, '2021-11-09 09:41:57', NULL, '2021-11-09 09:41:57'),
(74, NULL, NULL, 'yes', NULL, NULL, NULL, NULL, NULL, 'Debraj Chakraborty', '6295718285', 'Home', 'Gobindapur, Chandrakona,Paschim Midnapur,west bengal', 'near sundaram ', 'Chandrakona', 'West Bengal', '721201', 'India', NULL, NULL, NULL, '2021-11-12 13:43:17', NULL, '2021-11-23 08:54:17'),
(75, NULL, NULL, 'yes', NULL, NULL, NULL, NULL, NULL, 'asifur', '9477078705', 'Home', 'tamluk,padumbasan', 'tamluk police station', 'tamluk', 'West Bengal', '721636', 'India', NULL, NULL, NULL, '2021-11-15 07:00:00', NULL, '2021-12-15 12:30:49'),
(76, NULL, NULL, 'yes', NULL, '', 'asif', '', 'aslam', 'asif  aslam', '9477078705', 'Home', 'asdwqd', 'asdasd', 'asdasd', 'West Bengal', '721636', 'India', '', '', NULL, '2021-11-15 10:34:30', NULL, '2021-12-22 10:52:10'),
(77, NULL, NULL, 'no', NULL, NULL, NULL, NULL, NULL, 'Partha Mandal', '7777777777', 'Home', 'Bandwan\nPurulia', 'tyt5y', 'Amlabad', 'Assam', '723129', 'India', NULL, NULL, NULL, '2021-11-15 14:06:37', NULL, '2021-11-15 14:06:37'),
(78, NULL, NULL, 'no', NULL, NULL, NULL, NULL, NULL, 'Partha Mandal', '8888888888', 'Home', 'Bandwan\nPurulia', 'wergwerg', 'Amlabad', 'Assam', '723129', 'India', NULL, NULL, NULL, '2021-11-15 14:10:08', NULL, '2021-11-15 14:10:08'),
(80, NULL, NULL, 'no', NULL, NULL, NULL, NULL, NULL, 'surajit', '7908316164', 'Home', 'Kolaghat', 'Asuthtola', 'Mecheda', 'Assam', '721137', 'India', NULL, NULL, NULL, '2021-11-24 09:48:54', NULL, '2021-11-24 09:48:54'),
(81, NULL, NULL, 'no', NULL, NULL, NULL, NULL, NULL, 'samrat jana', '7547905968', 'Home', 'Midnapure', 'jkkbjk', 'midnapure', 'Andhra Pradesh', '721201', 'India', NULL, NULL, NULL, '2021-11-24 16:09:38', NULL, '2021-11-25 07:25:50'),
(82, NULL, NULL, 'no', NULL, NULL, NULL, NULL, NULL, 'samrat jana', '7547905968', 'Home', 'Midnapure', 'n', 'midnapure', 'Arunachal Pradesh', '721201', 'India', NULL, NULL, NULL, '2021-11-24 16:22:30', NULL, '2021-11-24 16:22:30'),
(83, NULL, NULL, 'no', NULL, NULL, NULL, NULL, NULL, 'samrat jana', '7547905968', 'Home', 'Midnapure', 'bb', 'midnapure', 'Arunachal Pradesh', '721201', 'India', NULL, NULL, NULL, '2021-11-25 07:12:12', NULL, '2021-11-25 07:12:12'),
(84, NULL, NULL, 'yes', NULL, NULL, NULL, NULL, NULL, 'samrat jana', '9999999999', 'Home', 'Chandrakona', 'Chandrakona', 'fdgfg', 'Andaman and Nicobar Islands', '435435', 'India', NULL, NULL, NULL, '2021-11-25 07:24:28', NULL, '2022-02-15 09:16:11'),
(85, NULL, NULL, 'yes', NULL, NULL, NULL, NULL, NULL, 'samrat jana', '7547905968', 'Home', 'Midnapure', 'sfsafs', 'midnapure', 'Bihar', '721201', 'India', NULL, NULL, NULL, '2021-11-26 09:34:25', NULL, '2021-11-26 09:34:25'),
(86, NULL, NULL, 'no', NULL, NULL, NULL, NULL, NULL, 'samrat jana', '7547905968', 'Home', 'Midnapure', 'kolkata', 'midnapure', 'Arunachal Pradesh', '721201', 'India', NULL, NULL, NULL, '2021-11-29 11:11:45', NULL, '2021-11-29 11:11:45'),
(87, NULL, NULL, 'no', NULL, NULL, NULL, NULL, NULL, 'Ranajitt gouri', '9945010101', 'Home', 'Hoogly', 'Tarkeswar', 'Tarkeswar', 'west bengal', '750002', 'India', NULL, NULL, NULL, '2021-11-30 06:53:04', NULL, '2021-12-20 11:52:14'),
(88, NULL, NULL, 'yes', NULL, NULL, NULL, NULL, NULL, 'dddd', '1234567890', 'Home', 'dddd', 'dddd', 'dddd', 'Assam', '111111', 'India', NULL, NULL, NULL, '2021-11-30 06:56:38', NULL, '2021-11-30 06:56:38'),
(89, NULL, NULL, 'yes', NULL, 'Mr', 'Ram', 'Chandra', 'Jana', 'Ram Chandra Jana', '6295718285', 'Home', 'Gobindapur', 'near sundaram bastralaya', 'Chandrakona', 'West Bengal', '435435', 'India', 'Bh', '1234', NULL, '2021-11-30 07:11:29', NULL, '2021-12-23 07:06:54'),
(90, NULL, NULL, 'yes', NULL, NULL, NULL, NULL, NULL, 'Debraj', '3333333333', 'Home', 'Medinipur', 'dfgfg', 'Kolkata', 'Assam', '700000', 'India', NULL, NULL, NULL, '2021-12-01 06:07:43', NULL, '2021-12-01 11:49:15'),
(91, NULL, NULL, 'yes', NULL, NULL, NULL, NULL, NULL, 'vijey', '9832987848', 'Home', 'mathurakati , kharagpur', 'jfgjh', 'kharagpur', 'Assam', '721301', 'India', NULL, NULL, NULL, '2021-12-10 05:04:14', NULL, '2021-12-10 05:04:14'),
(92, NULL, NULL, 'no', NULL, NULL, NULL, NULL, NULL, 'zcsc', '8564523698', 'Work', 'asdasdsad', 'mbjbjk', 'klnlklnln', 'Assam', '721636', 'India', NULL, NULL, NULL, '2021-12-14 13:20:36', NULL, '2021-12-15 12:30:49'),
(93, NULL, NULL, 'yes', NULL, NULL, NULL, NULL, NULL, 'MANASI ROY', '9865785552', 'Home', 'SARASWATYA\nSUNDARNAGAR\nPANSKURA', 'kkljhkl', 'PURBA MEDINIPUR', 'Assam', '721634', 'India', NULL, NULL, NULL, '2021-12-15 07:28:47', NULL, '2021-12-15 07:28:47'),
(94, NULL, NULL, 'yes', NULL, NULL, NULL, NULL, NULL, 'suman', '7318854542', 'Home', 'aurobindanagar, near judge court', 'medinipur', 'Medinipur', 'West Bengal', '721101', 'India', NULL, NULL, NULL, '2021-12-16 12:54:53', NULL, '2022-03-02 09:07:54'),
(95, NULL, NULL, 'yes', NULL, NULL, NULL, NULL, NULL, 'Biman sarkar', '7584924681', 'Home', 'keranichoty', 'keranichoty', 'West midnapur', 'West Bengal', '721102', 'India', NULL, NULL, NULL, '2021-12-16 13:42:35', NULL, '2021-12-16 13:42:35'),
(96, NULL, NULL, 'no', NULL, NULL, NULL, NULL, NULL, 'Sanjay Nandy', '9681580218', 'Work', '2nd floor, zbrdst express, near judge court', 'zbrdst express', 'paschim Midnapore', 'West Bengal', '721101', 'India', NULL, NULL, NULL, '2021-12-20 11:02:44', NULL, '2022-01-21 11:01:34'),
(97, NULL, NULL, 'no', NULL, NULL, NULL, NULL, NULL, 'asifur rahaman', '9477078705', 'Home', 'czxcsfdsfsdf', 'safsaf', 'asd asd', 'Bihar', '232143', 'India', NULL, NULL, NULL, '2021-12-20 11:34:44', NULL, '2022-02-07 07:01:15'),
(98, NULL, NULL, 'yes', NULL, NULL, NULL, NULL, NULL, 'Sourav Manna', '52527878', 'Home', 'Kharagpur', 'keranitola', 'Medinipur', 'west bengal', '754852', 'India', NULL, NULL, NULL, '2021-12-20 11:57:48', NULL, '2021-12-20 11:57:48'),
(99, NULL, NULL, 'yes', NULL, NULL, NULL, NULL, NULL, 'Sanjay Nandy', '9681580218', 'Work', 'near Judge court, midnapore', 'Judge Court', 'Midnapore', 'West Bengal', '721101', 'India', NULL, NULL, NULL, '2021-12-21 07:28:21', NULL, '2022-01-21 11:01:34'),
(101, NULL, NULL, 'no', NULL, 'Mr', 'Laxman', '', 'Jana', 'Laxman  Jana', '9323232323', 'Work', 'near sarrang school', NULL, 'Egra', 'West Bengal', '721429', 'India', '', '', NULL, '2021-12-22 10:31:44', NULL, '2021-12-23 07:06:54'),
(102, NULL, NULL, 'no', NULL, 'Mr', 'Asif', '', 'Aslam', 'Asif  Aslam', '9977665544', 'Work', 'near Gate Bazar', NULL, 'Midnapore', 'West Bengal', '721445', 'India', '', '', NULL, '2021-12-22 10:54:18', NULL, '2021-12-22 10:54:18'),
(103, NULL, NULL, 'yes', NULL, 'Mr', 'Rakhal', '', 'Maity', 'Rakhal  Maity', '9000000000', 'Home', 'sarrang', NULL, 'mednipore', 'W.B', '721429', 'India', '', '', NULL, '2021-12-30 07:00:11', NULL, '2021-12-30 07:00:11'),
(104, NULL, NULL, 'yes', NULL, 'Mr', 'Rakhal', '', 'Maity', 'Rakhal  Maity', '9000000000', 'Home', 'sarrang', NULL, 'mednipore', 'W.B', '721429', 'India', '', '', NULL, '2021-12-30 07:05:44', NULL, '2021-12-30 07:05:44'),
(105, NULL, NULL, 'no', NULL, 'Mr', 'Ram', 'chandra', 'Jana', 'Ram chandra Jana', '9123456700', 'Work', 'jahalda', NULL, 'egra', 'W.B', '721443', 'India', 'maity', '', NULL, '2021-12-30 07:16:30', NULL, '2021-12-30 07:16:30'),
(106, NULL, NULL, 'no', NULL, 'Mr', 'Laxman', '', 'jana', 'Laxman  jana', '9732616112', 'Work', 'egra', NULL, 'Egra', 'W.B', '721429', 'India', '', '', NULL, '2021-12-30 07:32:53', NULL, '2021-12-30 07:32:53'),
(107, NULL, NULL, 'no', NULL, NULL, NULL, NULL, NULL, 'fghfg fhf', '5675675679', 'Home', 'hfhfgh', '5dfgdfg', 'chandra', 'Andhra Pradesh', '777777', 'India', NULL, NULL, NULL, '2022-01-02 07:06:05', NULL, '2022-01-02 13:09:06'),
(108, NULL, NULL, 'yes', NULL, NULL, NULL, NULL, NULL, 'gjg fgf', '6555575676', 'Work', 'reterf', 'fdgdg', 'fdgd', 'Andhra Pradesh', '567766', 'India', NULL, NULL, NULL, '2022-01-02 07:44:31', NULL, '2022-01-02 13:09:06'),
(110, NULL, NULL, 'yes', NULL, NULL, NULL, NULL, NULL, 'asifur', '9477078705', 'Work', 'ad sd', 'aSADASD', 'asd asd', 'Assam', '232143', 'India', NULL, NULL, NULL, '2022-01-04 07:06:57', NULL, '2022-01-04 07:06:57'),
(111, NULL, NULL, 'no', NULL, NULL, NULL, NULL, NULL, 'vijay', '9832987848', 'Home', 'mathurakati , kharagpur', 'Big bazar', 'kharagpur', 'West Bengal', '721301', 'India', NULL, NULL, NULL, '2022-01-04 11:21:11', NULL, '2022-01-04 11:21:11'),
(112, NULL, NULL, 'no', NULL, NULL, NULL, NULL, NULL, 'vijey', '9832987848', 'Work', 'mathurakati , kharagpur', 'gate bazar', 'kharagpur', 'Bihar', '721301', 'India', NULL, NULL, NULL, '2022-01-04 11:24:58', NULL, '2022-01-04 11:24:58'),
(113, NULL, NULL, 'yes', NULL, NULL, NULL, NULL, NULL, 'Sanjay Nandy', '9681580218', 'Home', 'B/8, AUROBINDO NAGAR, JUDGE COURT ROAD, MIDNAPORE', 'Judge Court', 'Midnapore', 'West Bengal', '721101', 'India', NULL, NULL, NULL, '2022-01-04 13:19:34', NULL, '2022-01-04 13:19:34'),
(114, NULL, NULL, 'yes', NULL, NULL, NULL, NULL, NULL, 'Sanjay Nandy', '7908615299', 'Home', 'Sepoy bazar', 'Judge court', 'Midnapore', 'West Bengal', '721101', 'India', NULL, NULL, NULL, '2022-01-04 13:31:57', NULL, '2022-01-04 13:31:57'),
(115, NULL, NULL, 'no', NULL, NULL, NULL, NULL, NULL, 'test', '9002273766', 'Home', 'test', 'test', 'test', 'Arunachal Pradesh', '721101', 'India', NULL, NULL, NULL, '2022-01-05 10:14:21', NULL, '2022-01-05 10:35:31'),
(116, NULL, NULL, 'no', NULL, NULL, NULL, NULL, NULL, 'test', '9002273866', 'Home', 'test', 'hsgsgsg', 'twst', 'Andaman and Nicobar Islands', '655555', 'India', NULL, NULL, NULL, '2022-01-05 10:21:07', NULL, '2022-01-05 10:35:31'),
(117, NULL, NULL, 'yes', NULL, NULL, NULL, NULL, NULL, 'test', '5151515151', 'Work', 'test', 'tedt', 'test', 'Bihar', '123332', 'India', NULL, NULL, NULL, '2022-01-05 10:21:46', NULL, '2022-01-05 10:35:31'),
(118, NULL, NULL, 'no', NULL, NULL, NULL, NULL, NULL, 'qqqqq', '1111111111', 'Work', 'test', 'test', 'test', 'Assam', '111111', 'India', NULL, NULL, NULL, '2022-01-05 10:25:15', NULL, '2022-01-05 10:35:31'),
(119, NULL, NULL, 'no', NULL, NULL, NULL, NULL, NULL, 'mmmmm', '2222222222', 'Work', 'mmmmm', '22222', 'mmmmmm', 'Jammu and Kashmir', '222222', 'India', NULL, NULL, NULL, '2022-01-05 12:33:32', NULL, '2022-01-05 12:33:32'),
(120, NULL, NULL, 'yes', NULL, 'Mr', 'Ram', '', 'Jana', 'Ram  Jana', '9090909090', 'Home', 'sarrang,jahald', NULL, 'kolkata', 'West Bengal', '721443', 'India', 'BH', '', NULL, '2022-01-06 10:11:13', NULL, '2022-01-06 10:11:13'),
(121, NULL, NULL, 'no', NULL, NULL, NULL, NULL, NULL, 'wwww', '7777777777', 'Home', 'wwww', 'wwww', 'ewwww', 'Assam', '121212', 'India', NULL, NULL, NULL, '2022-01-06 12:35:04', NULL, '2022-01-06 12:35:04'),
(122, NULL, NULL, 'no', NULL, NULL, NULL, NULL, NULL, 'test', '4444444444', 'Home', 'test', 'test', 'test', 'West Bengal', '711101', 'India', NULL, NULL, NULL, '2022-01-12 09:55:31', NULL, '2022-02-03 08:15:09'),
(123, NULL, NULL, 'no', NULL, NULL, NULL, NULL, NULL, 'qqqq', '1111111111', 'Home', 'qqqqqqqq', 'qqqqq', 'qqqqq', 'Assam', '721101', 'India', NULL, NULL, NULL, '2022-01-12 10:57:16', NULL, '2022-02-03 08:15:09'),
(124, NULL, NULL, 'yes', NULL, NULL, NULL, NULL, NULL, 'wwww', '2222222222', 'Home', 'wwwww', 'wwww', 'wwwww', 'Arunachal Pradesh', '222222', 'India', NULL, NULL, NULL, '2022-01-12 13:42:22', NULL, '2022-02-03 08:15:09'),
(125, NULL, NULL, 'no', NULL, NULL, NULL, NULL, NULL, 'eeeeeeeeeeeeeeeeeeeeeee', '7777777777', 'Home', 'eeeeeeeeee', 'eeee', 'eeeeeeeee', 'Chandigarh', '777777', 'India', NULL, NULL, NULL, '2022-01-12 13:42:53', NULL, '2022-02-03 08:15:09'),
(126, NULL, NULL, 'no', NULL, NULL, NULL, NULL, NULL, 'rrrrrrrrrrrrrrr', '8888888888', 'Home', 'rrrrrrrrr', '888888', 'rrrrrrrrrrrrrr', 'Mizoram', '888888', 'India', NULL, NULL, NULL, '2022-01-12 13:43:24', NULL, '2022-02-03 08:15:09'),
(127, NULL, NULL, 'yes', NULL, NULL, NULL, NULL, NULL, 'samrat jana', '7547905968', 'Home', 'Midnapure', 's', 'midnapure', 'Andhra Pradesh', '721201', 'India', NULL, NULL, NULL, '2022-01-16 05:58:49', NULL, '2022-01-16 05:58:49'),
(128, NULL, NULL, 'no', NULL, NULL, NULL, NULL, NULL, 'samrat jana', '7547905968', 'Home', 'Midnapure', 'dfg', 'midnapure', 'Andhra Pradesh', '721201', 'India', NULL, NULL, NULL, '2022-01-16 06:02:10', NULL, '2022-01-16 06:02:10'),
(129, NULL, NULL, 'yes', NULL, NULL, NULL, NULL, NULL, 'twat', '1111111111', 'Home', 'www', 'wwwww', 'wwwww', 'Assam', '111111', 'India', NULL, NULL, NULL, '2022-01-18 12:31:20', NULL, '2022-01-18 12:31:20'),
(130, 30, NULL, 'yes', NULL, NULL, NULL, NULL, NULL, 'chandan Dey', '8670211650', 'Home', 'Dayalpur, Balichak, Debra, pM', 'Vidyasagar bank', 'Balichak', 'West Bengal', '721124', 'India', NULL, NULL, NULL, '2022-01-19 14:33:55', NULL, '2022-07-02 15:16:51'),
(131, 30, NULL, 'yes', NULL, NULL, NULL, NULL, NULL, 'asifur', '9477078705', 'Home', 'ad sd', 'lkjj', 'asd asd', 'Assam', '232143', 'India', NULL, NULL, NULL, '2022-01-21 04:52:39', NULL, '2022-01-21 04:52:39'),
(132, NULL, NULL, 'no', NULL, NULL, NULL, NULL, NULL, 'vijey', '9832987848', 'Home', 'mathurakati , kharagpur', 'big bazar', 'kharagpur', 'West Bengal', '721301', 'India', NULL, NULL, NULL, '2022-01-21 10:18:41', NULL, '2022-03-10 15:59:40'),
(133, 30, NULL, 'yes', NULL, NULL, NULL, NULL, NULL, 'vijey', '9832987848', 'Home', 'mathurakati , kharagpur', 'big bazar', 'kharagpur', 'Jammu and Kashmir', '721301', 'India', NULL, NULL, NULL, '2022-01-21 10:37:43', NULL, '2022-01-21 10:37:43'),
(134, 30, NULL, 'no', NULL, NULL, NULL, NULL, NULL, 'Chandan Dey', '8670211650', 'Home', 'Balichak,Debra', 'va Bank', 'Balichak', 'West Bengal', '721124', 'India', NULL, NULL, NULL, '2022-01-22 10:55:25', NULL, '2022-03-09 12:30:59'),
(135, NULL, NULL, 'no', NULL, NULL, NULL, NULL, NULL, 'samrat jana', '7547905968', 'Work', 'Midnapure123', 'ass', 'midnapure', 'Bihar', '721201', 'India', NULL, NULL, NULL, '2022-01-24 11:33:27', NULL, '2022-01-24 11:33:27'),
(136, NULL, NULL, 'yes', NULL, NULL, NULL, NULL, NULL, 'Dibyendu Momdal', '8637590871', 'Home', 'Chakganesh, Jakpur, Kharagpur (local), Paschim Medinipur', 'Jakpur Primary School', 'Medinipur', 'West Bengal', '721301', 'India', NULL, NULL, NULL, '2022-01-31 08:02:19', NULL, '2022-01-31 08:02:19'),
(137, NULL, NULL, 'yes', NULL, NULL, NULL, NULL, NULL, 'asifur ', '8755446555', 'Home', 'sdfsffsf.dsfsdf', 'Tamluk', 'Medinipur', 'West Bengal', '721636', 'India', NULL, NULL, NULL, '2022-02-07 07:01:11', NULL, '2022-02-07 07:02:39'),
(138, NULL, NULL, 'yes', NULL, NULL, NULL, NULL, NULL, 'washim raja ', '9614271996', 'Home', 'Sepoy Bazar(near church), Midnapore', 'sepoy bazae', 'midnapore', 'West Bengal', '721101', 'India', NULL, NULL, NULL, '2022-02-08 08:57:30', NULL, '2022-02-08 08:57:30'),
(139, NULL, NULL, 'yes', NULL, NULL, NULL, NULL, NULL, 'Sanjay Sharma', '8637820670', 'Home', 'kharagpur', 'kharagpur', 'kharagpur', 'West Bengal', '721301', 'India', NULL, NULL, NULL, '2022-02-26 07:04:00', NULL, '2022-02-26 07:04:00'),
(140, NULL, NULL, 'no', NULL, 'Mr.', 'Tapan', '', 'Ghosh', 'Tapan  Ghosh', '9008080088', 'Home', 'hjggg', NULL, 'balichak', 'wb', '788999', 'India', '', '', NULL, '2022-03-02 06:56:01', NULL, '2022-03-02 06:56:01'),
(141, NULL, NULL, 'yes', NULL, NULL, NULL, NULL, NULL, 'Paritosh Mandal', '8967392092', 'Home', 'kharagpur', 'kharagpur', 'kharagpur', 'West Bengal', '721301', 'India', NULL, NULL, NULL, '2022-02-26 07:04:00', NULL, '2022-02-26 07:04:00'),
(142, NULL, NULL, 'no', NULL, NULL, NULL, NULL, NULL, 'undefined undefined undefined', '9000000009', 'Work', 'hjj,test', NULL, 'bali', 'West Bengal', '899999', 'India', '', '', NULL, '2022-03-02 12:26:00', NULL, '2022-03-02 12:26:00'),
(143, NULL, NULL, 'yes', NULL, '', 'Dagan', '', 'Nag', 'Dagan  Nag', '6758669986', 'Home', 'hhhjj', NULL, 'hjj', 'Uttarakhand', '906788', 'India', '', '', NULL, '2022-03-02 12:37:47', NULL, '2022-03-02 12:37:47'),
(144, NULL, NULL, 'no', NULL, '', 'Gagan', '', 'Nag', 'Gagan  Nag', '9008880899', 'Home', 'ttttttttttt', NULL, 'ggg', 'Arunachal Pradesh', '899999', 'India', '', '', NULL, '2022-03-02 12:48:02', NULL, '2022-03-02 12:48:02'),
(145, NULL, NULL, 'yes', NULL, '', 'asifur', '', 'rahaman', 'asifur  rahaman', '9477078705', 'Home', 'asdasd', NULL, 'asd asd', 'Assam', '232143', 'India', 'asdasd', '', NULL, '2022-03-02 15:14:31', NULL, '2022-03-02 15:14:31'),
(146, NULL, NULL, 'no', NULL, '', 'Chandan', '', 'Dey', 'Chandan  Dey', '8909000880', 'Home', 'pingla, police station', NULL, 'pingla', 'West Bengal', '721126', 'India', '', '', NULL, '2022-03-09 12:37:50', NULL, '2022-03-09 12:37:50'),
(150, NULL, NULL, 'no', NULL, NULL, NULL, NULL, NULL, 'test', '1234567890', 'Home', 'test', 'test', 'test', 'test', 'test', 'India', NULL, NULL, NULL, '2022-03-10 09:17:37', NULL, '2022-03-10 09:17:37'),
(151, NULL, NULL, 'yes', NULL, NULL, NULL, NULL, NULL, 'test', '1212121212', 'Home', 'test', 'test', 'test', 'test', '721101', 'India', NULL, NULL, NULL, '2022-03-10 10:04:47', NULL, '2022-03-10 10:04:47'),
(152, NULL, NULL, 'yes', NULL, NULL, NULL, NULL, NULL, 'Swaraj', '245657623', 'Home', 'Medinipur', 'zdsfg', 'adsfg', 'asdfvga', '1234', 'India', NULL, NULL, NULL, '2022-03-10 13:03:31', NULL, '2022-03-10 13:03:31'),
(153, NULL, NULL, 'yes', NULL, 'fdgdd', 'asifur', '', 'rahaman', 'asifur  rahaman', '9477078709', 'Home', 'ffsdsgr', NULL, 'fgdfgd', 'Andhra Pradesh', '545464', 'gfdgd', 'fgdgdd', '', NULL, '2022-03-10 15:57:29', NULL, '2022-03-10 15:59:40'),
(154, NULL, NULL, 'no', NULL, NULL, NULL, NULL, NULL, 'test1', '4567876567', 'Home', 'test1', 'test1', 'test1', 'test1', '123456', 'India', NULL, NULL, NULL, '2022-03-14 10:20:35', NULL, '2022-03-14 10:20:35'),
(155, NULL, NULL, 'no', NULL, NULL, NULL, NULL, NULL, 'test1', '4567876567', 'Home', 'test1', 'test1', 'test1', 'test1', '123456', 'India', NULL, NULL, NULL, '2022-03-14 10:21:52', NULL, '2022-03-14 10:21:52'),
(156, NULL, NULL, 'no', NULL, NULL, NULL, NULL, NULL, 'test1', '4567876567', 'Home', 'test1', 'test1', 'test1', 'test1', '123456', 'India', NULL, NULL, NULL, '2022-03-14 10:22:24', NULL, '2022-03-14 10:22:24'),
(157, NULL, NULL, 'yes', NULL, NULL, NULL, NULL, NULL, 'test', '8514002150', 'Home', 'Habibpur,natunpally,  Medinipur  West Bengal - 721101', 'tamluk', 'tamluk', 'West Bengal', '878954', 'India', NULL, NULL, NULL, '2022-03-14 11:58:13', NULL, '2022-03-14 11:58:13'),
(158, 30, NULL, 'yes', NULL, NULL, NULL, NULL, NULL, 'test', '11111111111', 'Home', 'test', 'test', 'test', 'wb', '111111', 'India', NULL, NULL, NULL, '2022-03-15 10:26:13', NULL, '2022-03-15 10:26:13'),
(159, NULL, NULL, 'no', NULL, NULL, NULL, NULL, NULL, 'rrrrr', '1111111111', 'Home', 'rrrrrrr', 'rrrrrrrrrrr', 'rrrrrrrrrrrrrrrrrrr', 'rrrr', '111111', 'India', NULL, NULL, NULL, '2022-03-15 10:29:01', NULL, '2022-03-15 10:29:01'),
(160, NULL, NULL, 'no', NULL, '', 'asifur', '', 'rahaman', 'asifur  rahaman', '9477078705', 'Work', 'ddddddddd', NULL, 'ddd', 'Assam', '675463', 'ddddd', '', '', NULL, '2022-03-23 09:39:22', NULL, '2022-03-23 09:39:22'),
(161, NULL, NULL, 'yes', NULL, NULL, NULL, NULL, NULL, 'Tanvir', '8755586858', 'Home', 'Balichak', 'balichak', 'Balichak', 'West Bengal', '786868', 'India', NULL, NULL, NULL, '2022-03-24 11:45:03', NULL, '2022-03-24 11:45:03'),
(162, NULL, NULL, 'yes', NULL, NULL, NULL, NULL, NULL, 'Sibaprasad Maiti', '7797281060', 'Work', 'Medinipur', 'medinipur', 'medinipur', 'West Bengal', '721101', 'India', NULL, NULL, NULL, '2022-04-15 08:59:44', NULL, '2022-04-15 08:59:44'),
(163, NULL, NULL, 'yes', NULL, NULL, NULL, NULL, NULL, 'Liza Panja', '7001400826', 'Home', 'CEN 118 Hatar math ,near trisha kri mandir', 'trishakti mandir', 'midnapore', 'West Bengal', '721101', 'India', NULL, NULL, NULL, '2022-04-21 15:52:48', NULL, '2022-04-21 15:52:48'),
(164, NULL, NULL, 'yes', NULL, NULL, NULL, NULL, NULL, 'sourav chatterjee', '8617810885', 'Home', 'jugnitola', 'medinipore', 'medinipore', 'West Bengal', '721101', 'India', NULL, NULL, NULL, '2022-05-22 14:54:52', NULL, '2022-05-22 14:54:52'),
(165, NULL, NULL, 'yes', NULL, NULL, NULL, NULL, NULL, 'Binanda Diasi', '9593486817', 'Work', 'arabinda nagar d8\n\n', 'joucot', 'Medinipur', 'West Bengal', '721101', 'India', NULL, NULL, NULL, '2022-05-22 15:03:46', NULL, '2022-05-22 15:04:11'),
(166, NULL, NULL, 'yes', NULL, NULL, NULL, NULL, NULL, 'sayan Halder ', '7679794971', 'Work', 'judges Court Road,Mimosa Lodge side Sayan Variety Store ', 'judges Court Road ', 'midnapore ', 'West Bengal', '721101', 'India', NULL, NULL, NULL, '2022-05-23 16:56:39', NULL, '2022-05-23 16:56:39'),
(167, NULL, NULL, 'yes', NULL, NULL, NULL, NULL, NULL, 'Sayani Das Maharana', '9126559910', 'Home', 'Subham Apartment, Mahatabpur', 'beside of Paribartan Club ', 'MIDNAPORE', 'West Bengal', '721101', 'India', NULL, NULL, NULL, '2022-05-23 20:09:15', NULL, '2022-05-23 20:09:15'),
(168, NULL, NULL, 'yes', NULL, NULL, NULL, NULL, NULL, 'Ujjal Bhattacharya', '8250119015', 'Home', 'Habibpr Mousumi Sangha Club, Kaliteli Chak ', 'Mousumi Sangha Club', 'Midnapore', 'West Bengal', '721101', 'India', NULL, NULL, NULL, '2022-05-24 20:15:33', NULL, '2022-05-24 20:15:33'),
(169, NULL, NULL, 'yes', NULL, NULL, NULL, NULL, NULL, 'SOURADIP BASU', '7478851349', 'Home', 'MIRZABAZAR, WARD NO 22,NEAR MAITY ENTERPRISE.', 'near maity enterprise', 'Midnapur', 'West Bengal', '721101', 'India', NULL, NULL, NULL, '2022-05-24 22:02:40', NULL, '2022-05-24 22:02:40'),
(170, NULL, NULL, 'yes', NULL, NULL, NULL, NULL, NULL, 'bagdad ali', '8918491931', 'Home', 'delua', 'delua', 'delua', 'West Bengal', '721102', 'India', NULL, NULL, NULL, '2022-05-26 20:29:46', NULL, '2022-05-26 20:29:46'),
(171, NULL, NULL, 'yes', NULL, NULL, NULL, NULL, NULL, 'sumohan dasgupta', '8918153755', 'Home', 'Dasgupta medical store . school bazaar.paschim medinipur', 'Dasgupta medical store', 'paschim medinipur', 'West Bengal', '721101', 'India', NULL, NULL, NULL, '2022-05-27 21:48:36', NULL, '2022-05-27 21:48:36'),
(172, NULL, NULL, 'yes', NULL, NULL, NULL, NULL, NULL, 'Sourish Mahapatra', '8617638068', 'Home', 'Mirbazar,\nHironmoyee Pati lane(opposite Pati House)', 'Opposite of Rajabali pond', 'Medinipur', 'West Bengal', '721101', 'India', NULL, NULL, NULL, '2022-05-28 17:44:49', NULL, '2022-05-28 17:44:49'),
(173, NULL, NULL, 'yes', NULL, NULL, NULL, NULL, NULL, 'Sibaprasad maiti', '7797281060', 'Work', 'B/8,  AUROBINDO NAGAR, JUDGE COURT ROAD\nMIDNAPORE', 'JUDGE COURT ROAD', 'MEDINIPUR', 'West Bengal', '721101', 'India', NULL, NULL, NULL, '2022-05-30 13:26:51', NULL, '2022-05-30 13:26:51'),
(174, NULL, NULL, 'yes', NULL, NULL, NULL, NULL, NULL, 'sibaprasad Maiti', '7797281060', 'Work', 'B/8,  AUROBINDO NAGAR, JUDGE COURT ROAD\nMIDNAPORE', ' JUDGE COURT ROAD', 'MEDINIPUR', 'West Bengal', '721101', 'India', NULL, NULL, NULL, '2022-06-01 15:42:54', NULL, '2022-06-01 15:42:54'),
(175, NULL, NULL, 'yes', NULL, NULL, NULL, NULL, NULL, 'Arunava Nandi', '9883149101', 'Home', 'DAV PUBLIC SCHOOL GATE NO 2 DAAK bunglow road', 'Opposite binod nora diabetic clinic', 'Midnapore', 'West Bengal', '721101', 'India', NULL, NULL, NULL, '2022-06-05 17:44:35', NULL, '2022-06-05 17:44:35'),
(176, NULL, NULL, 'yes', NULL, NULL, NULL, NULL, NULL, 'Anshuman Ram', '7022563721', 'Home', 'B/30 Singha Compound, Keranitola,', 'Beside ICICI bank Keranitola ', 'Medinipur', 'West Bengal', '721101', 'India', NULL, NULL, NULL, '2022-06-05 20:23:19', NULL, '2022-06-05 20:23:19'),
(177, NULL, NULL, 'yes', NULL, NULL, NULL, NULL, NULL, 'Eldose Mathew', '9475366701', 'Home', 'C/O Gourhari Jana, Deshbanthunagar,, Midnapore   West Medinipur, West Bengal', 'Bhudha mandir', 'Deshbandhunagar ', 'West Bengal', '721101', 'India', NULL, NULL, NULL, '2022-06-07 12:31:45', NULL, '2022-06-07 12:31:45'),
(178, NULL, NULL, 'yes', NULL, NULL, NULL, NULL, NULL, 'paritosh', '7872834169', 'Home', 'mid', 'mid', 'mid', 'wb', '721101', 'India', NULL, NULL, NULL, '2022-06-14 16:51:03', NULL, '2022-06-14 16:51:03'),
(179, NULL, NULL, 'no', NULL, NULL, NULL, NULL, NULL, 'paritosh', '7872834169', 'Home', 'mid', 'mid', 'mid', 'wb', '721101', 'India', NULL, NULL, NULL, '2022-06-14 16:54:00', NULL, '2022-06-14 16:54:00'),
(180, NULL, NULL, 'no', NULL, NULL, NULL, NULL, NULL, 'paritosh', '7872834169', 'Home', 'mid', 'mid', 'mid', 'wb', '721101', 'India', NULL, NULL, NULL, '2022-06-14 16:54:33', NULL, '2022-06-14 16:54:33'),
(181, NULL, NULL, 'no', NULL, NULL, NULL, NULL, NULL, 'paritosh', '7872834169', 'Home', 'mid', 'mid', 'mid', 'wb', '721101', 'India', NULL, NULL, NULL, '2022-06-14 16:55:18', NULL, '2022-06-14 16:55:18'),
(182, NULL, NULL, 'no', NULL, NULL, NULL, NULL, NULL, 'paritosh', '7872834169', 'Home', 'mid', 'mid', 'mid', 'wb', '721101', 'India', NULL, NULL, NULL, '2022-06-14 16:55:37', NULL, '2022-06-14 16:55:37'),
(183, NULL, NULL, 'no', NULL, NULL, NULL, NULL, NULL, 'paritosh', '7872834169', 'Home', 'mid', 'mid', 'mid', 'wb', '721101', 'India', NULL, NULL, NULL, '2022-06-14 16:55:55', NULL, '2022-06-14 16:55:55'),
(184, 30, NULL, 'yes', NULL, NULL, NULL, NULL, NULL, 'Mithun', '9733482428', 'Home', 'MENKAPUR', 's', 'PASCHIM MEDINIPUR', 'West Bengal', '721435', 'India', NULL, NULL, NULL, '2022-06-22 09:07:46', NULL, '2022-06-22 09:07:46'),
(185, 30, NULL, 'no', NULL, NULL, NULL, NULL, NULL, 'Avijit das', '8979878979', 'Home', 'test', 'test', 'test', 'West Bengal', '780900', 'India', NULL, NULL, NULL, '2022-06-22 23:02:45', NULL, '2022-07-02 15:16:51'),
(186, 30, NULL, 'yes', NULL, NULL, NULL, NULL, NULL, 'zeeshan anjum', '8017746107', 'Home', '22 Moulana shawkat ali street', 'CR Avenue', 'Kolkata', 'West Bengal', '700073', 'India', NULL, NULL, NULL, '2022-06-29 00:22:49', NULL, '2022-06-29 00:22:49'),
(187, 30, NULL, 'no', NULL, NULL, NULL, NULL, NULL, 'rte', '0525200772', 'Home', 'test', 'test', 'Dubai', 'Dubai', '333388', 'India', NULL, NULL, NULL, '2022-06-29 22:58:33', NULL, '2022-07-02 15:16:51'),
(190, 30, NULL, 'yes', NULL, NULL, NULL, NULL, NULL, 'Zeeshan Anjum', '551630694', 'Work', 'Lake central tower\n', 'bbb', 'Dubai', 'Dubai', '', 'UAE', NULL, NULL, NULL, '2022-06-30 15:12:43', NULL, '2022-08-01 11:26:25'),
(191, 30, NULL, 'yes', NULL, NULL, NULL, NULL, NULL, 'Avijit Das', '9332375463', 'Work', 'kolkata', 'kolkata', 'Umm al Quawain', 'Fujairah', '123456', 'UAE', NULL, NULL, NULL, '2022-07-02 00:30:19', NULL, '2022-08-03 11:41:01'),
(192, 30, NULL, 'yes', NULL, NULL, NULL, NULL, NULL, 'Chandan Dey', '8670211650', 'Home', 'Balichak, debra west bengal', 'Balichak', 'Dubai', 'Dubai', '', 'UAE', NULL, NULL, NULL, '2022-07-03 10:52:39', NULL, '2022-07-03 10:52:39'),
(193, 30, NULL, 'yes', NULL, NULL, NULL, NULL, NULL, 'Shagufta Parveen', '523206260', 'Home', '440 Al Rasheed Road,\nHor Al Anz East', 'Abu Hail', 'Dubai', 'Dubai', '', 'UAE', NULL, NULL, NULL, '2022-07-03 23:23:20', NULL, '2022-07-03 23:23:20'),
(194, 30, NULL, 'yes', NULL, NULL, NULL, NULL, NULL, 'Mohamad Daher', '556812070', 'Work', '901 Lake central tower', 'Marasi Drive', 'Dubai', 'Dubai', '', 'UAE', NULL, NULL, NULL, '2022-07-05 18:56:26', NULL, '2022-07-05 18:56:26'),
(195, 30, NULL, 'no', NULL, NULL, NULL, NULL, NULL, 'Shagufta Parveen', '523206260', 'Home', '440 Al Rasheed Road, Hor Al Anz East', 'Abu Hail Masjid 1', 'Dubai', 'Dubai', '', 'UAE', NULL, NULL, NULL, '2022-07-18 13:03:07', NULL, '2022-07-18 13:03:07'),
(196, 30, NULL, 'yes', NULL, NULL, NULL, NULL, NULL, 'Mithun Maity', '9733482428', 'Home', 'Midnapore,WB', 'asdasd', 'Dubai', 'Sharjah', '', 'UAE', NULL, NULL, NULL, '2022-07-20 09:46:26', NULL, '2022-07-31 11:20:28'),
(197, 30, NULL, 'no', NULL, NULL, NULL, NULL, NULL, 'asdasdasd', '1234567890', 'Work', 'asdasda.TEST', 'sadasdas', 'Umm al Quawain', 'Umm Al-Quwain', '', 'UAE', NULL, NULL, NULL, '2022-07-20 09:46:57', NULL, '2022-07-31 11:20:47'),
(198, 30, NULL, 'yes', NULL, NULL, NULL, NULL, NULL, 'Zeeshan Anjum', '525200772', 'Work', 'Lake central tower, business bay, marasi drive', 'Business bay metro ', 'Dubai', 'Dubai', '', 'UAE', NULL, NULL, NULL, '2022-07-22 17:43:57', NULL, '2022-07-22 17:43:57'),
(199, 30, NULL, 'yes', NULL, NULL, NULL, NULL, NULL, 'Karim Semaan', '526225227', 'Work', 'Dubai\nOffice 901, Lake Central Tower, Marasi Drive, Business Bay', 'St Regis', 'Dubai', 'Dubai', '', 'UAE', NULL, NULL, NULL, '2022-07-22 19:14:47', NULL, '2022-07-22 19:14:47'),
(200, 30, NULL, 'yes', NULL, NULL, NULL, NULL, NULL, 'Abdul Salah', '525200772', 'Work', '9 Lake central tower, Business Bay, Marasi Drive', 'Business Bay Metro', 'Dubai', 'Dubai', '', 'UAE', NULL, NULL, NULL, '2022-07-25 12:29:23', NULL, '2022-07-25 12:29:23'),
(201, 30, NULL, 'no', NULL, NULL, NULL, NULL, NULL, 'Mithun Maity', '9733482428', 'Home', 'Midnapore, West bengal', 'asdasd', 'Dubai', 'Sharjah', '', 'UAE', NULL, NULL, NULL, '2022-07-31 11:17:30', NULL, '2022-07-31 11:17:30'),
(202, 30, NULL, 'no', NULL, NULL, NULL, NULL, NULL, 'Mithun Maity', '9733482428', 'Home', 'Midnapore, WB', 'asdasd', 'Dubai', 'Sharjah', '', 'UAE', NULL, NULL, NULL, '2022-07-31 11:18:28', NULL, '2022-07-31 11:18:28'),
(203, 30, NULL, 'yes', NULL, NULL, NULL, NULL, NULL, 'Tapas Das', '9077097097', 'Home', 'Balichak', 'Test balichak', 'Dubai', 'Dubai', '', 'UAE', NULL, NULL, NULL, '2022-07-31 11:24:22', NULL, '2022-07-31 11:24:42'),
(204, 30, NULL, 'yes', NULL, NULL, NULL, NULL, NULL, 'shagufta parveen', '525200772', 'Home', '440 Al Rasheed Road, ', 'Hor al anz east', 'Dubai', 'Dubai', '', 'UAE', NULL, NULL, NULL, '2022-07-31 17:39:36', NULL, '2022-07-31 17:39:36'),
(205, 30, NULL, 'yes', NULL, NULL, NULL, NULL, NULL, 'Test user', '525200772', 'Home', '440,dubaistreet', 'Bur Dubai', 'Dubai', 'Dubai', '', 'UAE', NULL, NULL, NULL, '2022-07-31 19:49:36', NULL, '2022-07-31 19:53:01'),
(206, 30, NULL, 'yes', NULL, NULL, NULL, NULL, NULL, 'Tapas Kumar Pal', '123456789', 'Home', '441 Dubai', 'Bur dubai', 'Dubai', 'Dubai', '', 'UAE', NULL, NULL, NULL, '2022-07-31 20:42:19', NULL, '2022-07-31 20:42:57'),
(207, 30, NULL, 'no', NULL, NULL, NULL, NULL, NULL, 'Tapas Kumar Pal', '123456788', 'Home', '4406Dubai', 'Bur dubai', 'Umm al Quawain', 'Umm Al-Quwain', '', 'UAE', NULL, NULL, NULL, '2022-07-31 20:42:45', NULL, '2022-07-31 20:43:23'),
(208, 30, NULL, 'no', NULL, NULL, NULL, NULL, NULL, 'Zeeshan Anjum', '551630694', 'Work', '9 Lake central tower, business bay', 'marasi drive', 'Dubai', 'Dubai', '', 'UAE', NULL, NULL, NULL, '2022-08-01 11:25:49', NULL, '2022-08-01 11:26:25'),
(209, 30, NULL, 'yes', NULL, NULL, NULL, NULL, NULL, 'zeeshan anjum', '551630694', 'Work', 'Office no. 901, lake central tower, marasi drive', 'Business Bay', 'Duba', 'Dubai', '', 'UAE', NULL, NULL, NULL, '2022-08-02 20:12:40', NULL, '2022-08-04 15:31:59'),
(210, 30, NULL, 'no', NULL, NULL, NULL, NULL, NULL, 'Avijit Das', '9332374546', 'Home', 'Kharagpur, Kamla Kabin', 'KGP Rail Station Para', 'Az Zulfi', 'Dubai', '721424', 'UAE', NULL, NULL, NULL, '2022-08-04 14:27:03', NULL, '2022-08-04 14:27:03'),
(211, 30, NULL, 'yes', NULL, NULL, NULL, NULL, NULL, 'Shabbir Anjum', '525200772', 'Home', 'Room no. 401, Oriental house 2, bur dubai', 'burjuman metro station exit no.4', 'Dubai', 'Dubai', '', 'UAE', NULL, NULL, NULL, '2022-08-04 17:01:15', NULL, '2022-08-04 19:14:52'),
(212, 30, NULL, 'no', NULL, NULL, NULL, NULL, NULL, 'Shabbir Anjum', '525200772', 'Work', 'office no. 901, lake central tower, Marasi Drive', 'Business Bay', 'Dubai', 'Dubai', '', 'UAE', NULL, NULL, NULL, '2022-08-04 19:20:09', NULL, '2022-08-04 19:20:09'),
(213, 30, NULL, 'no', NULL, NULL, NULL, NULL, NULL, 'Mithun Maity', '9733482428', 'Home', 'Midnapore,WB', 'asdasd', 'Dubai', 'Sharjah', '', 'UAE', NULL, NULL, NULL, '2022-08-04 20:24:28', NULL, '2022-08-04 20:24:28'),
(214, 30, NULL, 'no', NULL, NULL, NULL, NULL, NULL, 'Mithun Maity', '9733482428', 'Home', 'Midnapore,WB', 'asdasd', 'Dubai', 'Sharjah', '888888', 'UAE', NULL, NULL, NULL, '2022-08-04 20:24:48', NULL, '2022-08-04 20:24:48'),
(215, 30, NULL, 'no', NULL, NULL, NULL, NULL, NULL, 'Mithun Maity', '9733482428', 'Home', 'Midnapore,WB', 'asdasd', 'Dubai', 'Sharjah', '78878', 'UAE', NULL, NULL, NULL, '2022-08-04 20:27:52', NULL, '2022-08-04 20:27:52'),
(216, 30, NULL, 'no', NULL, NULL, NULL, NULL, NULL, 'Mithun Maity', '9733482428', 'Home', 'Midnapore,WB', 'asdasd', 'Dubai', 'Sharjah', '88886', 'UAE', NULL, NULL, NULL, '2022-08-04 20:38:40', NULL, '2022-08-04 20:38:40'),
(217, 30, NULL, 'yes', NULL, NULL, NULL, NULL, NULL, 'Shagufta Parveen', '523206260', 'Home', '440 Al rasheed road, Abu hail', 'Hor al anz east', 'Dubai', 'Dubai', '28525', 'UAE', NULL, NULL, NULL, '2022-08-04 23:17:32', NULL, '2022-08-04 23:17:32'),
(218, 30, NULL, 'yes', NULL, NULL, NULL, NULL, NULL, 'Zeeshan Anjum', '525200772', 'Home', 'Office 901, lake central tower, Marasi Drive, Business Bay', 'Business Bay', 'Dubai', 'Dubai', '28525', 'UAE', NULL, NULL, NULL, '2022-08-05 10:55:53', NULL, '2022-08-05 10:55:53'),
(219, 30, NULL, 'yes', NULL, NULL, NULL, NULL, NULL, 'Zeeshan Anjum', '525200772', 'Work', '440 al raheed road', 'Hor al anz', 'Dubai', 'Dubai', '28525', 'UAE', NULL, NULL, NULL, '2022-08-09 11:06:24', NULL, '2022-08-09 11:06:24'),
(220, 30, NULL, 'yes', NULL, NULL, NULL, NULL, NULL, 'Anjum Shabbir', '525200772', 'Home', '440 Al Rasheed Road', 'Hor al anz east', 'Dubai', 'Dubai', '28525', 'UAE', NULL, NULL, NULL, '2022-08-10 11:14:07', NULL, '2022-08-10 11:14:07'),
(221, 30, NULL, 'yes', NULL, NULL, NULL, NULL, NULL, 'Anjum Shabbir', '525200772', 'Home', '440 Dubai Street', 'Hor al anz', 'Dubai', 'Dubai', '', 'UAE', NULL, NULL, NULL, '2022-08-11 13:49:56', NULL, '2022-08-11 13:49:56'),
(222, 30, NULL, 'yes', NULL, NULL, NULL, NULL, NULL, 'zeeshan anjum', '551630694', 'Home', '440 Al Rasheed Road', 'Hor Al Anz', 'Dubai', 'Dubai', '28525', 'UAE', NULL, NULL, NULL, '2022-08-11 15:58:11', NULL, '2022-08-11 15:58:11'),
(223, 30, NULL, 'yes', NULL, NULL, NULL, NULL, NULL, 'Catherine Zeta Zones', '525200772', 'Home', '440 Dubai Street', 'Hor al anz', 'Dubai', 'Dubai', '28525', 'UAE', NULL, NULL, NULL, '2022-08-12 13:18:56', NULL, '2022-08-12 13:18:56'),
(224, 30, NULL, 'yes', NULL, NULL, NULL, NULL, NULL, 'Zeeshan Anjum', '551630694', 'Home', '440 Al rasheed Road, Hor al anz east', 'Abu Hail', 'Dubai', 'Dubai', '28525', 'UAE', NULL, NULL, NULL, '2022-08-12 13:42:09', NULL, '2022-08-12 13:42:09'),
(225, 30, NULL, 'yes', NULL, NULL, NULL, NULL, NULL, 'Zeeshan Anjum', '551630694', 'Home', '440 Al rasheed road', 'Hor al anz east', 'Dubai', 'Dubai', '28525', 'UAE', NULL, NULL, NULL, '2022-08-12 18:16:16', NULL, '2022-08-12 18:16:16'),
(227, 30, 343, 'yes', NULL, NULL, NULL, NULL, NULL, 'Zeeshan Anjum', '551630694', 'Home', '440 Al Rasheed Street, Hor al anz east, Abu Hail', 'Abu Hail Masjid 1 Bus Stop', 'Dubai', 'Dubai', '', 'UAE', NULL, NULL, NULL, '2022-08-22 11:58:23', NULL, '2022-09-26 17:25:46'),
(228, 30, 343, 'no', NULL, NULL, NULL, NULL, NULL, 'Zeeshan Anjum', '551630694', 'Work', '901, Lake central tower', 'Marasi Drive', 'Dubai', 'Dubai', '', 'UAE', NULL, NULL, NULL, '2022-09-20 15:56:52', NULL, '2022-09-26 17:25:46'),
(229, 30, 346, 'yes', NULL, NULL, NULL, NULL, NULL, 'Mithun', '8798655421', 'Home', 'MENKAPUR', 'aasdasd', 'Sharjah', 'Dubai', '721435', 'UAE', NULL, NULL, NULL, '2022-09-29 09:18:14', NULL, '2022-10-23 02:30:00'),
(230, 30, 346, 'no', NULL, NULL, NULL, NULL, NULL, 'Mithun', '8798655421', 'Work', 'asdasdsa', 'aasdasd', 'Dubai', 'Umm Al-Quwain', '721435', 'UAE', NULL, NULL, NULL, '2022-09-29 09:18:31', NULL, '2022-10-23 02:30:00'),
(232, 30, 351, NULL, NULL, NULL, NULL, NULL, NULL, 'ss gg', '3333333333', 'Home', 'aaaaaaaaaaaa', 'zzzzzzzzzzzz', 'Ajman', 'Dubai', '222', 'UAE', NULL, NULL, NULL, '2022-11-04 13:59:08', NULL, '2022-11-04 13:59:08');
INSERT INTO `customerAddresses` (`id`, `storeId`, `customerId`, `isPrimary`, `label`, `prefix`, `firstName`, `middleName`, `lastName`, `fullName`, `mobile`, `addressType`, `address`, `locality`, `city`, `state`, `pin`, `country`, `company`, `vatNo`, `createdBy`, `createdAt`, `updatedBy`, `updatedAt`) VALUES
(233, 30, 352, NULL, NULL, NULL, NULL, NULL, NULL, 'aa ss', '5555555555', 'Home', 'aaaaaaaaaa', 'eeeeeeeeeee', 'Ajman', 'Dubai', '333333333333', 'UAE', NULL, NULL, NULL, '2022-11-04 16:44:44', NULL, '2022-11-04 16:44:44');

-- --------------------------------------------------------

--
-- Table structure for table `customerCouponRequest`
--

CREATE TABLE `customerCouponRequest` (
  `id` int NOT NULL,
  `storeId` int DEFAULT NULL,
  `customerId` int DEFAULT NULL,
  `status` varchar(200) CHARACTER SET utf8mb4 COLLATE utf8mb4_0900_ai_ci DEFAULT NULL,
  `createdBy` varchar(100) DEFAULT NULL,
  `updatedBy` varchar(100) DEFAULT NULL,
  `createdAt` datetime NOT NULL,
  `updatedAt` datetime NOT NULL
) ENGINE=InnoDB DEFAULT CHARSET=utf8mb4 COLLATE=utf8mb4_0900_ai_ci COMMENT='customer Coupon Request Table';

-- --------------------------------------------------------

--
-- Table structure for table `customerReview`
--

CREATE TABLE `customerReview` (
  `id` int NOT NULL,
  `emailId` varchar(255) CHARACTER SET utf8mb3 COLLATE utf8mb3_bin DEFAULT NULL,
  `createdBy` varchar(100) CHARACTER SET utf8mb3 COLLATE utf8mb3_bin DEFAULT NULL,
  `createdAt` datetime DEFAULT NULL,
  `updatedBy` varchar(100) CHARACTER SET utf8mb3 COLLATE utf8mb3_bin DEFAULT NULL,
  `updatedAt` datetime DEFAULT NULL
) ENGINE=InnoDB DEFAULT CHARSET=utf8mb3 COLLATE=utf8mb3_bin COMMENT='Customer Review Table';

--
-- Dumping data for table `customerReview`
--

INSERT INTO `customerReview` (`id`, `emailId`, `createdBy`, `createdAt`, `updatedBy`, `updatedAt`) VALUES
(1, 'admin@shanviatech.in', NULL, '2021-08-21 03:53:49', NULL, '2021-08-21 03:53:49'),
(2, 'a@d.dd', NULL, '2022-03-08 07:34:48', NULL, '2022-03-08 07:34:48'),
(3, 'test@gmail.com', NULL, '2022-03-08 07:37:29', NULL, '2022-03-08 07:37:29'),
(4, 'test1@gmail.com', NULL, '2022-03-08 07:37:47', NULL, '2022-03-08 07:37:47'),
(5, 'test12@gmail.com', NULL, '2022-03-08 07:37:58', NULL, '2022-03-08 07:37:58'),
(6, 'test2@gmail.com', NULL, '2022-03-08 07:38:05', NULL, '2022-03-08 07:38:05'),
(7, 'abc9999@gmail.com', NULL, '2022-03-08 07:52:33', NULL, '2022-03-08 07:52:33'),
(8, 'abc1276@gmail.com', NULL, '2022-03-08 08:01:13', NULL, '2022-03-08 08:01:13'),
(9, 'abc1299@gmail.com', NULL, '2022-03-08 08:01:31', NULL, '2022-03-08 08:01:31'),
(10, 'abc121@gmail.com', NULL, '2022-03-08 08:04:11', NULL, '2022-03-08 08:04:11'),
(11, 'abc122@gmail.com', NULL, '2022-03-08 08:04:32', NULL, '2022-03-08 08:04:32'),
(12, 'abc123@gmail.com', NULL, '2022-03-08 08:04:38', NULL, '2022-03-08 08:04:38'),
(13, 'abc124@gmail.com', NULL, '2022-03-08 08:04:38', NULL, '2022-03-08 08:04:38'),
(14, 'abc125@gmail.com', NULL, '2022-03-08 08:04:44', NULL, '2022-03-08 08:04:44'),
(15, 'abc126@gmail.com', NULL, '2022-03-08 08:04:44', NULL, '2022-03-08 08:04:44'),
(16, 'abc127@gmail.com', NULL, '2022-03-08 08:06:13', NULL, '2022-03-08 08:06:13'),
(17, 'abc128@gmail.com', NULL, '2022-03-08 08:06:13', NULL, '2022-03-08 08:06:13'),
(18, 'abc129@gmail.com', NULL, '2022-03-08 08:06:15', NULL, '2022-03-08 08:06:15'),
(19, 'abc1210@gmail.com', NULL, '2022-03-08 08:06:16', NULL, '2022-03-08 08:06:16'),
(20, 'abc1211@gmail.com', NULL, '2022-03-08 08:06:17', NULL, '2022-03-08 08:06:17'),
(21, 'abc1212@gmail.com', NULL, '2022-03-08 08:06:19', NULL, '2022-03-08 08:06:19'),
(22, 'abc1213@gmail.com', NULL, '2022-03-08 08:06:24', NULL, '2022-03-08 08:06:24'),
(23, 'abc1214@gmail.com', NULL, '2022-03-08 08:06:24', NULL, '2022-03-08 08:06:24'),
(24, 'abc1215@gmail.com', NULL, '2022-03-08 08:06:26', NULL, '2022-03-08 08:06:26'),
(25, 'abc1216@gmail.com', NULL, '2022-03-08 08:06:27', NULL, '2022-03-08 08:06:27'),
(26, 'abc1217@gmail.com', NULL, '2022-03-08 08:06:28', NULL, '2022-03-08 08:06:28'),
(27, 'abc1218@gmail.com', NULL, '2022-03-08 08:08:03', NULL, '2022-03-08 08:08:03'),
(28, 'abc1219@gmail.com', NULL, '2022-03-08 08:08:03', NULL, '2022-03-08 08:08:03'),
(29, 'abc1220@gmail.com', NULL, '2022-03-08 08:08:05', NULL, '2022-03-08 08:08:05'),
(30, 'abc1221@gmail.com', NULL, '2022-03-08 08:08:05', NULL, '2022-03-08 08:08:05'),
(31, 'abc1222@gmail.com', NULL, '2022-03-08 08:08:06', NULL, '2022-03-08 08:08:06'),
(32, 'abc1223@gmail.com', NULL, '2022-03-08 08:08:07', NULL, '2022-03-08 08:08:07'),
(33, 'abc1224@gmail.com', NULL, '2022-03-08 08:08:07', NULL, '2022-03-08 08:08:07'),
(34, 'abc1225@gmail.com', NULL, '2022-03-08 08:08:09', NULL, '2022-03-08 08:08:09'),
(35, 'abc1226@gmail.com', NULL, '2022-03-08 08:08:09', NULL, '2022-03-08 08:08:09'),
(36, 'abc1227@gmail.com', NULL, '2022-03-08 08:08:09', NULL, '2022-03-08 08:08:09'),
(37, 'abc1228@gmail.com', NULL, '2022-03-08 08:08:11', NULL, '2022-03-08 08:08:11'),
(38, 'abc1229@gmail.com', NULL, '2022-03-08 08:08:11', NULL, '2022-03-08 08:08:11'),
(39, 'abc1230@gmail.com', NULL, '2022-03-08 08:08:12', NULL, '2022-03-08 08:08:12'),
(40, 'abc1231@gmail.com', NULL, '2022-03-08 08:08:13', NULL, '2022-03-08 08:08:13'),
(41, 'abc1232@gmail.com', NULL, '2022-03-08 08:08:13', NULL, '2022-03-08 08:08:13'),
(42, 'abc1233@gmail.com', NULL, '2022-03-08 08:08:15', NULL, '2022-03-08 08:08:15'),
(43, 'abc1235@gmail.com', NULL, '2022-03-08 08:08:15', NULL, '2022-03-08 08:08:15'),
(44, 'abc1234@gmail.com', NULL, '2022-03-08 08:08:15', NULL, '2022-03-08 08:08:15'),
(45, 'abc1236@gmail.com', NULL, '2022-03-08 08:08:17', NULL, '2022-03-08 08:08:17'),
(46, 'abc1237@gmail.com', NULL, '2022-03-08 08:08:17', NULL, '2022-03-08 08:08:17'),
(47, 'abc1238@gmail.com', NULL, '2022-03-08 08:08:18', NULL, '2022-03-08 08:08:18'),
(48, 'abc1239@gmail.com', NULL, '2022-03-08 08:08:19', NULL, '2022-03-08 08:08:19'),
(49, 'abc1240@gmail.com', NULL, '2022-03-08 08:08:19', NULL, '2022-03-08 08:08:19'),
(50, 'abc1241@gmail.com', NULL, '2022-03-08 08:08:21', NULL, '2022-03-08 08:08:21'),
(51, 'abc1242@gmail.com', NULL, '2022-03-08 08:08:21', NULL, '2022-03-08 08:08:21'),
(52, 'abc1243@gmail.com', NULL, '2022-03-08 08:08:21', NULL, '2022-03-08 08:08:21'),
(53, 'abc1244@gmail.com', NULL, '2022-03-08 08:08:23', NULL, '2022-03-08 08:08:23'),
(54, 'abc1245@gmail.com', NULL, '2022-03-08 08:08:23', NULL, '2022-03-08 08:08:23'),
(55, 'abc1246@gmail.com', NULL, '2022-03-08 08:08:24', NULL, '2022-03-08 08:08:24'),
(56, 'abc1247@gmail.com', NULL, '2022-03-08 08:08:25', NULL, '2022-03-08 08:08:25'),
(57, 'abc1248@gmail.com', NULL, '2022-03-08 08:08:25', NULL, '2022-03-08 08:08:25'),
(58, 'abc1249@gmail.com', NULL, '2022-03-08 08:08:27', NULL, '2022-03-08 08:08:27'),
(59, 'abc1251@gmail.com', NULL, '2022-03-08 08:08:27', NULL, '2022-03-08 08:08:27'),
(60, 'abc1250@gmail.com', NULL, '2022-03-08 08:08:27', NULL, '2022-03-08 08:08:27'),
(61, 'abc1252@gmail.com', NULL, '2022-03-08 08:08:29', NULL, '2022-03-08 08:08:29'),
(62, 'abc1253@gmail.com', NULL, '2022-03-08 08:08:29', NULL, '2022-03-08 08:08:29'),
(63, 'abc1254@gmail.com', NULL, '2022-03-08 08:08:30', NULL, '2022-03-08 08:08:30'),
(64, 'abc1255@gmail.com', NULL, '2022-03-08 08:08:31', NULL, '2022-03-08 08:08:31'),
(65, 'abc1256@gmail.com', NULL, '2022-03-08 08:08:31', NULL, '2022-03-08 08:08:31'),
(66, 'abc1257@gmail.com', NULL, '2022-03-08 08:08:33', NULL, '2022-03-08 08:08:33'),
(67, 'abc1258@gmail.com', NULL, '2022-03-08 08:08:33', NULL, '2022-03-08 08:08:33'),
(68, 'abc1259@gmail.com', NULL, '2022-03-08 08:08:33', NULL, '2022-03-08 08:08:33'),
(69, 'abc1260@gmail.com', NULL, '2022-03-08 08:08:35', NULL, '2022-03-08 08:08:35'),
(70, 'abc1261@gmail.com', NULL, '2022-03-08 08:08:35', NULL, '2022-03-08 08:08:35'),
(71, 'abc1262@gmail.com', NULL, '2022-03-08 08:08:36', NULL, '2022-03-08 08:08:36'),
(72, 'abc1263@gmail.com', NULL, '2022-03-08 08:08:37', NULL, '2022-03-08 08:08:37'),
(73, 'abc1264@gmail.com', NULL, '2022-03-08 08:08:37', NULL, '2022-03-08 08:08:37'),
(74, 'abc1265@gmail.com', NULL, '2022-03-08 08:08:39', NULL, '2022-03-08 08:08:39'),
(75, 'abc1266@gmail.com', NULL, '2022-03-08 08:08:39', NULL, '2022-03-08 08:08:39'),
(76, 'abc1267@gmail.com', NULL, '2022-03-08 08:08:39', NULL, '2022-03-08 08:08:39'),
(77, 'abc1268@gmail.com', NULL, '2022-03-08 08:08:41', NULL, '2022-03-08 08:08:41'),
(78, 'abc1269@gmail.com', NULL, '2022-03-08 08:08:41', NULL, '2022-03-08 08:08:41'),
(79, 'abc1270@gmail.com', NULL, '2022-03-08 08:08:42', NULL, '2022-03-08 08:08:42'),
(80, 'abc1271@gmail.com', NULL, '2022-03-08 08:08:43', NULL, '2022-03-08 08:08:43'),
(81, 'abc1272@gmail.com', NULL, '2022-03-08 08:08:43', NULL, '2022-03-08 08:08:43'),
(82, 'abc1273@gmail.com', NULL, '2022-03-08 08:08:45', NULL, '2022-03-08 08:08:45'),
(83, 'abc1274@gmail.com', NULL, '2022-03-08 08:08:45', NULL, '2022-03-08 08:08:45'),
(84, 'abc1275@gmail.com', NULL, '2022-03-08 08:08:45', NULL, '2022-03-08 08:08:45'),
(85, 'abc1277@gmail.com', NULL, '2022-03-08 08:08:47', NULL, '2022-03-08 08:08:47'),
(86, 'abc1278@gmail.com', NULL, '2022-03-08 08:08:48', NULL, '2022-03-08 08:08:48'),
(87, 'abc1279@gmail.com', NULL, '2022-03-08 08:08:49', NULL, '2022-03-08 08:08:49'),
(88, 'abc1280@gmail.com', NULL, '2022-03-08 08:08:49', NULL, '2022-03-08 08:08:49'),
(89, 'abc1281@gmail.com', NULL, '2022-03-08 08:08:51', NULL, '2022-03-08 08:08:51'),
(90, 'abc1282@gmail.com', NULL, '2022-03-08 08:08:51', NULL, '2022-03-08 08:08:51'),
(91, 'abc1283@gmail.com', NULL, '2022-03-08 08:08:51', NULL, '2022-03-08 08:08:51'),
(92, 'abc1284@gmail.com', NULL, '2022-03-08 08:08:53', NULL, '2022-03-08 08:08:53'),
(93, 'abc1285@gmail.com', NULL, '2022-03-08 08:08:53', NULL, '2022-03-08 08:08:53'),
(94, 'abc1286@gmail.com', NULL, '2022-03-08 08:08:54', NULL, '2022-03-08 08:08:54'),
(95, 'abc1287@gmail.com', NULL, '2022-03-08 08:08:55', NULL, '2022-03-08 08:08:55'),
(96, 'abc1288@gmail.com', NULL, '2022-03-08 08:08:55', NULL, '2022-03-08 08:08:55'),
(97, 'abc1289@gmail.com', NULL, '2022-03-08 08:08:57', NULL, '2022-03-08 08:08:57'),
(98, 'abc1291@gmail.com', NULL, '2022-03-08 08:08:57', NULL, '2022-03-08 08:08:57'),
(99, 'abc1290@gmail.com', NULL, '2022-03-08 08:08:57', NULL, '2022-03-08 08:08:57'),
(100, 'abc1293@gmail.com', NULL, '2022-03-08 08:08:59', NULL, '2022-03-08 08:08:59'),
(101, 'abc1292@gmail.com', NULL, '2022-03-08 08:08:59', NULL, '2022-03-08 08:08:59'),
(102, 'abc1294@gmail.com', NULL, '2022-03-08 08:09:00', NULL, '2022-03-08 08:09:00'),
(103, 'abc1295@gmail.com', NULL, '2022-03-08 08:09:01', NULL, '2022-03-08 08:09:01'),
(104, 'abc1296@gmail.com', NULL, '2022-03-08 08:09:01', NULL, '2022-03-08 08:09:01'),
(105, 'abc1297@gmail.com', NULL, '2022-03-08 08:09:03', NULL, '2022-03-08 08:09:03'),
(106, 'abc1298@gmail.com', NULL, '2022-03-08 08:09:03', NULL, '2022-03-08 08:09:03'),
(107, 'abc12100@gmail.com', NULL, '2022-03-08 08:09:05', NULL, '2022-03-08 08:09:05'),
(108, 'abc12101@gmail.com', NULL, '2022-03-08 08:09:05', NULL, '2022-03-08 08:09:05'),
(109, 'abc12102@gmail.com', NULL, '2022-03-08 08:09:06', NULL, '2022-03-08 08:09:06'),
(110, 'abc12103@gmail.com', NULL, '2022-03-08 08:09:07', NULL, '2022-03-08 08:09:07'),
(111, 'abc12104@gmail.com', NULL, '2022-03-08 08:09:07', NULL, '2022-03-08 08:09:07'),
(112, 'abc12105@gmail.com', NULL, '2022-03-08 08:09:09', NULL, '2022-03-08 08:09:09'),
(113, 'abc12107@gmail.com', NULL, '2022-03-08 08:09:09', NULL, '2022-03-08 08:09:09'),
(114, 'abc12106@gmail.com', NULL, '2022-03-08 08:09:09', NULL, '2022-03-08 08:09:09'),
(115, 'abc12108@gmail.com', NULL, '2022-03-08 08:09:11', NULL, '2022-03-08 08:09:11'),
(116, 'abc12109@gmail.com', NULL, '2022-03-08 08:09:11', NULL, '2022-03-08 08:09:11'),
(117, 'abc12110@gmail.com', NULL, '2022-03-08 08:09:12', NULL, '2022-03-08 08:09:12'),
(118, 'abc12111@gmail.com', NULL, '2022-03-08 08:09:13', NULL, '2022-03-08 08:09:13'),
(119, 'abc12112@gmail.com', NULL, '2022-03-08 08:09:13', NULL, '2022-03-08 08:09:13'),
(120, 'abc12113@gmail.com', NULL, '2022-03-08 08:09:16', NULL, '2022-03-08 08:09:16'),
(121, 'abc12114@gmail.com', NULL, '2022-03-08 08:09:16', NULL, '2022-03-08 08:09:16'),
(122, 'abc12115@gmail.com', NULL, '2022-03-08 08:09:17', NULL, '2022-03-08 08:09:17'),
(123, 'abc12116@gmail.com', NULL, '2022-03-08 08:09:18', NULL, '2022-03-08 08:09:18'),
(124, 'abc12117@gmail.com', NULL, '2022-03-08 08:09:19', NULL, '2022-03-08 08:09:19'),
(125, 'abc12118@gmail.com', NULL, '2022-03-08 08:09:19', NULL, '2022-03-08 08:09:19'),
(126, 'abc12119@gmail.com', NULL, '2022-03-08 08:09:20', NULL, '2022-03-08 08:09:20'),
(127, 'abc12120@gmail.com', NULL, '2022-03-08 08:09:22', NULL, '2022-03-08 08:09:22'),
(128, 'abc12121@gmail.com', NULL, '2022-03-08 08:09:22', NULL, '2022-03-08 08:09:22'),
(129, 'abc12122@gmail.com', NULL, '2022-03-08 08:09:23', NULL, '2022-03-08 08:09:23'),
(130, 'abc12123@gmail.com', NULL, '2022-03-08 08:09:24', NULL, '2022-03-08 08:09:24'),
(131, 'abc12124@gmail.com', NULL, '2022-03-08 08:09:25', NULL, '2022-03-08 08:09:25'),
(132, 'abc12125@gmail.com', NULL, '2022-03-08 08:09:25', NULL, '2022-03-08 08:09:25'),
(133, 'abc12126@gmail.com', NULL, '2022-03-08 08:09:26', NULL, '2022-03-08 08:09:26'),
(134, 'abc12127@gmail.com', NULL, '2022-03-08 08:09:27', NULL, '2022-03-08 08:09:27'),
(135, 'abc12128@gmail.com', NULL, '2022-03-08 08:09:28', NULL, '2022-03-08 08:09:28'),
(136, 'abc12129@gmail.com', NULL, '2022-03-08 08:09:28', NULL, '2022-03-08 08:09:28'),
(137, 'abc12130@gmail.com', NULL, '2022-03-08 08:09:29', NULL, '2022-03-08 08:09:29'),
(138, 'abc12131@gmail.com', NULL, '2022-03-08 08:09:30', NULL, '2022-03-08 08:09:30'),
(139, 'abc12132@gmail.com', NULL, '2022-03-08 08:09:31', NULL, '2022-03-08 08:09:31'),
(140, 'abc12133@gmail.com', NULL, '2022-03-08 08:09:31', NULL, '2022-03-08 08:09:31'),
(141, 'abc12134@gmail.com', NULL, '2022-03-08 08:09:32', NULL, '2022-03-08 08:09:32'),
(142, 'abc12135@gmail.com', NULL, '2022-03-08 08:09:34', NULL, '2022-03-08 08:09:34'),
(143, 'abc12136@gmail.com', NULL, '2022-03-08 08:09:35', NULL, '2022-03-08 08:09:35'),
(144, 'abc12137@gmail.com', NULL, '2022-03-08 08:09:35', NULL, '2022-03-08 08:09:35'),
(145, 'abc12138@gmail.com', NULL, '2022-03-08 08:09:36', NULL, '2022-03-08 08:09:36'),
(146, 'abc12139@gmail.com', NULL, '2022-03-08 08:09:38', NULL, '2022-03-08 08:09:38'),
(147, 'abc12140@gmail.com', NULL, '2022-03-08 08:09:38', NULL, '2022-03-08 08:09:38'),
(148, 'abc12141@gmail.com', NULL, '2022-03-08 08:09:38', NULL, '2022-03-08 08:09:38'),
(149, 'abc12143@gmail.com', NULL, '2022-03-08 08:09:41', NULL, '2022-03-08 08:09:41'),
(150, 'abc12142@gmail.com', NULL, '2022-03-08 08:09:41', NULL, '2022-03-08 08:09:41'),
(151, 'abc12144@gmail.com', NULL, '2022-03-08 08:09:42', NULL, '2022-03-08 08:09:42'),
(152, 'abc12145@gmail.com', NULL, '2022-03-08 08:09:43', NULL, '2022-03-08 08:09:43'),
(153, 'abc12146@gmail.com', NULL, '2022-03-08 08:09:44', NULL, '2022-03-08 08:09:44'),
(154, 'abc12147@gmail.com', NULL, '2022-03-08 08:09:45', NULL, '2022-03-08 08:09:45'),
(155, 'abc12148@gmail.com', NULL, '2022-03-08 08:09:45', NULL, '2022-03-08 08:09:45'),
(156, 'abc12149@gmail.com', NULL, '2022-03-08 08:09:46', NULL, '2022-03-08 08:09:46'),
(157, 'abc12150@gmail.com', NULL, '2022-03-08 08:09:47', NULL, '2022-03-08 08:09:47'),
(158, 'abc12151@gmail.com', NULL, '2022-03-08 08:09:48', NULL, '2022-03-08 08:09:48'),
(159, 'abc12152@gmail.com', NULL, '2022-03-08 08:09:48', NULL, '2022-03-08 08:09:48'),
(160, 'abc12153@gmail.com', NULL, '2022-03-08 08:09:49', NULL, '2022-03-08 08:09:49'),
(161, 'abc12154@gmail.com', NULL, '2022-03-08 08:09:50', NULL, '2022-03-08 08:09:50'),
(162, 'abc12155@gmail.com', NULL, '2022-03-08 08:09:51', NULL, '2022-03-08 08:09:51'),
(163, 'abc12156@gmail.com', NULL, '2022-03-08 08:09:51', NULL, '2022-03-08 08:09:51'),
(164, 'abc12157@gmail.com', NULL, '2022-03-08 08:09:52', NULL, '2022-03-08 08:09:52'),
(165, 'abc12158@gmail.com', NULL, '2022-03-08 08:09:53', NULL, '2022-03-08 08:09:53'),
(166, 'abc12159@gmail.com', NULL, '2022-03-08 08:09:54', NULL, '2022-03-08 08:09:54'),
(167, 'abc12160@gmail.com', NULL, '2022-03-08 08:09:54', NULL, '2022-03-08 08:09:54'),
(168, 'abc12161@gmail.com', NULL, '2022-03-08 08:09:55', NULL, '2022-03-08 08:09:55'),
(169, 'abc12162@gmail.com', NULL, '2022-03-08 08:09:56', NULL, '2022-03-08 08:09:56'),
(170, 'abc12163@gmail.com', NULL, '2022-03-08 08:09:57', NULL, '2022-03-08 08:09:57'),
(171, 'abc12164@gmail.com', NULL, '2022-03-08 08:09:57', NULL, '2022-03-08 08:09:57'),
(172, 'abc12165@gmail.com', NULL, '2022-03-08 08:09:58', NULL, '2022-03-08 08:09:58'),
(173, 'abc12166@gmail.com', NULL, '2022-03-08 08:09:59', NULL, '2022-03-08 08:09:59'),
(174, 'abc12167@gmail.com', NULL, '2022-03-08 08:10:00', NULL, '2022-03-08 08:10:00'),
(175, 'abc12168@gmail.com', NULL, '2022-03-08 08:10:00', NULL, '2022-03-08 08:10:00'),
(176, 'abc12169@gmail.com', NULL, '2022-03-08 08:10:01', NULL, '2022-03-08 08:10:01'),
(177, 'abc12170@gmail.com', NULL, '2022-03-08 08:10:02', NULL, '2022-03-08 08:10:02'),
(178, 'abc12171@gmail.com', NULL, '2022-03-08 08:10:03', NULL, '2022-03-08 08:10:03'),
(179, 'abc12172@gmail.com', NULL, '2022-03-08 08:10:03', NULL, '2022-03-08 08:10:03'),
(180, 'abc12173@gmail.com', NULL, '2022-03-08 08:10:04', NULL, '2022-03-08 08:10:04'),
(181, 'abc12174@gmail.com', NULL, '2022-03-08 08:10:05', NULL, '2022-03-08 08:10:05'),
(182, 'abc12175@gmail.com', NULL, '2022-03-08 08:10:06', NULL, '2022-03-08 08:10:06'),
(183, 'abc12176@gmail.com', NULL, '2022-03-08 08:10:06', NULL, '2022-03-08 08:10:06'),
(184, 'abc12177@gmail.com', NULL, '2022-03-08 08:10:07', NULL, '2022-03-08 08:10:07'),
(185, 'abc12178@gmail.com', NULL, '2022-03-08 08:10:08', NULL, '2022-03-08 08:10:08'),
(186, 'abc12179@gmail.com', NULL, '2022-03-08 08:10:09', NULL, '2022-03-08 08:10:09'),
(187, 'abc12180@gmail.com', NULL, '2022-03-08 08:10:09', NULL, '2022-03-08 08:10:09'),
(188, 'abc12181@gmail.com', NULL, '2022-03-08 08:10:10', NULL, '2022-03-08 08:10:10'),
(189, 'abc12182@gmail.com', NULL, '2022-03-08 08:10:11', NULL, '2022-03-08 08:10:11'),
(190, 'abc12183@gmail.com', NULL, '2022-03-08 08:10:12', NULL, '2022-03-08 08:10:12'),
(191, 'abc12184@gmail.com', NULL, '2022-03-08 08:10:12', NULL, '2022-03-08 08:10:12'),
(192, 'abc12185@gmail.com', NULL, '2022-03-08 08:10:13', NULL, '2022-03-08 08:10:13'),
(193, 'abc12186@gmail.com', NULL, '2022-03-08 08:10:14', NULL, '2022-03-08 08:10:14'),
(194, 'abc12187@gmail.com', NULL, '2022-03-08 08:10:15', NULL, '2022-03-08 08:10:15'),
(195, 'abc12188@gmail.com', NULL, '2022-03-08 08:10:15', NULL, '2022-03-08 08:10:15'),
(196, 'abc12189@gmail.com', NULL, '2022-03-08 08:10:16', NULL, '2022-03-08 08:10:16'),
(197, 'abc12190@gmail.com', NULL, '2022-03-08 08:10:17', NULL, '2022-03-08 08:10:17'),
(198, 'abc12191@gmail.com', NULL, '2022-03-08 08:10:18', NULL, '2022-03-08 08:10:18'),
(199, 'abc12192@gmail.com', NULL, '2022-03-08 08:10:18', NULL, '2022-03-08 08:10:18'),
(200, 'abc12193@gmail.com', NULL, '2022-03-08 08:10:19', NULL, '2022-03-08 08:10:19'),
(201, 'abc12194@gmail.com', NULL, '2022-03-08 08:10:20', NULL, '2022-03-08 08:10:20'),
(202, 'abc12195@gmail.com', NULL, '2022-03-08 08:10:21', NULL, '2022-03-08 08:10:21'),
(203, 'abc12196@gmail.com', NULL, '2022-03-08 08:10:21', NULL, '2022-03-08 08:10:21'),
(204, 'abc12197@gmail.com', NULL, '2022-03-08 08:10:22', NULL, '2022-03-08 08:10:22'),
(205, 'abc12198@gmail.com', NULL, '2022-03-08 08:10:23', NULL, '2022-03-08 08:10:23'),
(206, 'abc12199@gmail.com', NULL, '2022-03-08 08:10:24', NULL, '2022-03-08 08:10:24'),
(207, 'abc12200@gmail.com', NULL, '2022-03-08 08:10:24', NULL, '2022-03-08 08:10:24'),
(208, 'abc12201@gmail.com', NULL, '2022-03-08 08:10:25', NULL, '2022-03-08 08:10:25'),
(209, 'abc12202@gmail.com', NULL, '2022-03-08 08:10:26', NULL, '2022-03-08 08:10:26'),
(210, 'abc12203@gmail.com', NULL, '2022-03-08 08:10:27', NULL, '2022-03-08 08:10:27'),
(211, 'abc12204@gmail.com', NULL, '2022-03-08 08:10:27', NULL, '2022-03-08 08:10:27'),
(212, 'abc12205@gmail.com', NULL, '2022-03-08 08:10:28', NULL, '2022-03-08 08:10:28'),
(213, 'abc12206@gmail.com', NULL, '2022-03-08 08:10:29', NULL, '2022-03-08 08:10:29'),
(214, 'abc12207@gmail.com', NULL, '2022-03-08 08:10:30', NULL, '2022-03-08 08:10:30'),
(215, 'abc12208@gmail.com', NULL, '2022-03-08 08:10:30', NULL, '2022-03-08 08:10:30'),
(216, 'abc12209@gmail.com', NULL, '2022-03-08 08:10:31', NULL, '2022-03-08 08:10:31'),
(217, 'abc12210@gmail.com', NULL, '2022-03-08 08:10:32', NULL, '2022-03-08 08:10:32'),
(218, 'abc12211@gmail.com', NULL, '2022-03-08 08:10:33', NULL, '2022-03-08 08:10:33'),
(219, 'abc12212@gmail.com', NULL, '2022-03-08 08:10:33', NULL, '2022-03-08 08:10:33'),
(220, 'abc12213@gmail.com', NULL, '2022-03-08 08:10:34', NULL, '2022-03-08 08:10:34'),
(221, 'abc12214@gmail.com', NULL, '2022-03-08 08:10:35', NULL, '2022-03-08 08:10:35'),
(222, 'abc12215@gmail.com', NULL, '2022-03-08 08:10:36', NULL, '2022-03-08 08:10:36'),
(223, 'abc12216@gmail.com', NULL, '2022-03-08 08:10:36', NULL, '2022-03-08 08:10:36'),
(224, 'abc12217@gmail.com', NULL, '2022-03-08 08:10:37', NULL, '2022-03-08 08:10:37'),
(225, 'abc12218@gmail.com', NULL, '2022-03-08 08:10:38', NULL, '2022-03-08 08:10:38'),
(226, 'abc12219@gmail.com', NULL, '2022-03-08 08:10:39', NULL, '2022-03-08 08:10:39'),
(227, 'abc12220@gmail.com', NULL, '2022-03-08 08:10:39', NULL, '2022-03-08 08:10:39'),
(228, 'abc12221@gmail.com', NULL, '2022-03-08 08:10:40', NULL, '2022-03-08 08:10:40'),
(229, 'abc12222@gmail.com', NULL, '2022-03-08 08:10:41', NULL, '2022-03-08 08:10:41'),
(230, 'abc12223@gmail.com', NULL, '2022-03-08 08:10:42', NULL, '2022-03-08 08:10:42'),
(231, 'abc12224@gmail.com', NULL, '2022-03-08 08:10:42', NULL, '2022-03-08 08:10:42'),
(232, 'abc12225@gmail.com', NULL, '2022-03-08 08:10:43', NULL, '2022-03-08 08:10:43'),
(233, 'abc12226@gmail.com', NULL, '2022-03-08 08:10:44', NULL, '2022-03-08 08:10:44'),
(234, 'abc12227@gmail.com', NULL, '2022-03-08 08:10:45', NULL, '2022-03-08 08:10:45'),
(235, 'abc12228@gmail.com', NULL, '2022-03-08 08:10:45', NULL, '2022-03-08 08:10:45'),
(236, 'abc12229@gmail.com', NULL, '2022-03-08 08:10:46', NULL, '2022-03-08 08:10:46'),
(237, 'abc12230@gmail.com', NULL, '2022-03-08 08:10:47', NULL, '2022-03-08 08:10:47'),
(238, 'abc12231@gmail.com', NULL, '2022-03-08 08:10:48', NULL, '2022-03-08 08:10:48'),
(239, 'abc12232@gmail.com', NULL, '2022-03-08 08:10:48', NULL, '2022-03-08 08:10:48'),
(240, 'abc12233@gmail.com', NULL, '2022-03-08 08:10:49', NULL, '2022-03-08 08:10:49'),
(241, 'abc12234@gmail.com', NULL, '2022-03-08 08:10:50', NULL, '2022-03-08 08:10:50'),
(242, 'abc12235@gmail.com', NULL, '2022-03-08 08:10:51', NULL, '2022-03-08 08:10:51'),
(243, 'abc12236@gmail.com', NULL, '2022-03-08 08:10:51', NULL, '2022-03-08 08:10:51'),
(244, 'abc12237@gmail.com', NULL, '2022-03-08 08:10:52', NULL, '2022-03-08 08:10:52'),
(245, 'abc12238@gmail.com', NULL, '2022-03-08 08:10:53', NULL, '2022-03-08 08:10:53'),
(246, 'abc12239@gmail.com', NULL, '2022-03-08 08:10:54', NULL, '2022-03-08 08:10:54'),
(247, 'abc12240@gmail.com', NULL, '2022-03-08 08:10:54', NULL, '2022-03-08 08:10:54'),
(248, 'abc12241@gmail.com', NULL, '2022-03-08 08:10:55', NULL, '2022-03-08 08:10:55'),
(249, 'abc12242@gmail.com', NULL, '2022-03-08 08:10:56', NULL, '2022-03-08 08:10:56'),
(250, 'abc12243@gmail.com', NULL, '2022-03-08 08:10:57', NULL, '2022-03-08 08:10:57'),
(251, 'abc12244@gmail.com', NULL, '2022-03-08 08:10:57', NULL, '2022-03-08 08:10:57'),
(252, 'abc12245@gmail.com', NULL, '2022-03-08 08:10:58', NULL, '2022-03-08 08:10:58'),
(253, 'abc12246@gmail.com', NULL, '2022-03-08 08:10:59', NULL, '2022-03-08 08:10:59'),
(254, 'abc12248@gmail.com', NULL, '2022-03-08 08:11:00', NULL, '2022-03-08 08:11:00'),
(255, 'abc12247@gmail.com', NULL, '2022-03-08 08:11:00', NULL, '2022-03-08 08:11:00'),
(256, 'abc12249@gmail.com', NULL, '2022-03-08 08:11:01', NULL, '2022-03-08 08:11:01'),
(257, 'abc12250@gmail.com', NULL, '2022-03-08 08:11:02', NULL, '2022-03-08 08:11:02'),
(258, 'abc12251@gmail.com', NULL, '2022-03-08 08:11:03', NULL, '2022-03-08 08:11:03'),
(259, 'abc12252@gmail.com', NULL, '2022-03-08 08:11:03', NULL, '2022-03-08 08:11:03'),
(260, 'abc12253@gmail.com', NULL, '2022-03-08 08:11:04', NULL, '2022-03-08 08:11:04'),
(261, 'abc12254@gmail.com', NULL, '2022-03-08 08:11:05', NULL, '2022-03-08 08:11:05'),
(262, 'abc12256@gmail.com', NULL, '2022-03-08 08:11:06', NULL, '2022-03-08 08:11:06'),
(263, 'abc12255@gmail.com', NULL, '2022-03-08 08:11:06', NULL, '2022-03-08 08:11:06'),
(264, 'abc12257@gmail.com', NULL, '2022-03-08 08:11:07', NULL, '2022-03-08 08:11:07'),
(265, 'abc12258@gmail.com', NULL, '2022-03-08 08:11:08', NULL, '2022-03-08 08:11:08'),
(266, 'abc12259@gmail.com', NULL, '2022-03-08 08:11:09', NULL, '2022-03-08 08:11:09'),
(267, 'abc12260@gmail.com', NULL, '2022-03-08 08:11:09', NULL, '2022-03-08 08:11:09'),
(268, 'abc12261@gmail.com', NULL, '2022-03-08 08:11:10', NULL, '2022-03-08 08:11:10'),
(269, 'abc12262@gmail.com', NULL, '2022-03-08 08:11:11', NULL, '2022-03-08 08:11:11'),
(270, 'abc12263@gmail.com', NULL, '2022-03-08 08:11:12', NULL, '2022-03-08 08:11:12'),
(271, 'abc12264@gmail.com', NULL, '2022-03-08 08:11:12', NULL, '2022-03-08 08:11:12'),
(272, 'abc12265@gmail.com', NULL, '2022-03-08 08:11:13', NULL, '2022-03-08 08:11:13'),
(273, 'abc12266@gmail.com', NULL, '2022-03-08 08:11:14', NULL, '2022-03-08 08:11:14'),
(274, 'abc12267@gmail.com', NULL, '2022-03-08 08:11:15', NULL, '2022-03-08 08:11:15'),
(275, 'abc12268@gmail.com', NULL, '2022-03-08 08:11:15', NULL, '2022-03-08 08:11:15'),
(276, 'abc12269@gmail.com', NULL, '2022-03-08 08:11:16', NULL, '2022-03-08 08:11:16'),
(277, 'abc12270@gmail.com', NULL, '2022-03-08 08:11:17', NULL, '2022-03-08 08:11:17'),
(278, 'abc12271@gmail.com', NULL, '2022-03-08 08:11:18', NULL, '2022-03-08 08:11:18'),
(279, 'abc12272@gmail.com', NULL, '2022-03-08 08:11:18', NULL, '2022-03-08 08:11:18'),
(280, 'abc12273@gmail.com', NULL, '2022-03-08 08:11:19', NULL, '2022-03-08 08:11:19'),
(281, 'abc12274@gmail.com', NULL, '2022-03-08 08:11:20', NULL, '2022-03-08 08:11:20'),
(282, 'abc12275@gmail.com', NULL, '2022-03-08 08:11:21', NULL, '2022-03-08 08:11:21'),
(283, 'abc12276@gmail.com', NULL, '2022-03-08 08:11:21', NULL, '2022-03-08 08:11:21'),
(284, 'abc12277@gmail.com', NULL, '2022-03-08 08:11:22', NULL, '2022-03-08 08:11:22'),
(285, 'abc12278@gmail.com', NULL, '2022-03-08 08:11:23', NULL, '2022-03-08 08:11:23'),
(286, 'abc12279@gmail.com', NULL, '2022-03-08 08:11:24', NULL, '2022-03-08 08:11:24'),
(287, 'abc12280@gmail.com', NULL, '2022-03-08 08:11:24', NULL, '2022-03-08 08:11:24'),
(288, 'abc12281@gmail.com', NULL, '2022-03-08 08:11:25', NULL, '2022-03-08 08:11:25'),
(289, 'abc12282@gmail.com', NULL, '2022-03-08 08:11:26', NULL, '2022-03-08 08:11:26'),
(290, 'abc12283@gmail.com', NULL, '2022-03-08 08:11:27', NULL, '2022-03-08 08:11:27'),
(291, 'abc12284@gmail.com', NULL, '2022-03-08 08:11:27', NULL, '2022-03-08 08:11:27'),
(292, 'abc12285@gmail.com', NULL, '2022-03-08 08:11:28', NULL, '2022-03-08 08:11:28'),
(293, 'abc12286@gmail.com', NULL, '2022-03-08 08:11:29', NULL, '2022-03-08 08:11:29'),
(294, 'abc12287@gmail.com', NULL, '2022-03-08 08:11:30', NULL, '2022-03-08 08:11:30'),
(295, 'abc12288@gmail.com', NULL, '2022-03-08 08:11:30', NULL, '2022-03-08 08:11:30'),
(296, 'abc12289@gmail.com', NULL, '2022-03-08 08:11:31', NULL, '2022-03-08 08:11:31'),
(297, 'abc12290@gmail.com', NULL, '2022-03-08 08:11:32', NULL, '2022-03-08 08:11:32'),
(298, 'abc12291@gmail.com', NULL, '2022-03-08 08:11:33', NULL, '2022-03-08 08:11:33'),
(299, 'abc12292@gmail.com', NULL, '2022-03-08 08:11:33', NULL, '2022-03-08 08:11:33'),
(300, 'abc12293@gmail.com', NULL, '2022-03-08 08:11:34', NULL, '2022-03-08 08:11:34'),
(301, 'abc12294@gmail.com', NULL, '2022-03-08 08:11:35', NULL, '2022-03-08 08:11:35'),
(302, 'abc12295@gmail.com', NULL, '2022-03-08 08:11:36', NULL, '2022-03-08 08:11:36'),
(303, 'abc12296@gmail.com', NULL, '2022-03-08 08:11:36', NULL, '2022-03-08 08:11:36'),
(304, 'abc12297@gmail.com', NULL, '2022-03-08 08:11:37', NULL, '2022-03-08 08:11:37'),
(305, 'abc12298@gmail.com', NULL, '2022-03-08 08:11:38', NULL, '2022-03-08 08:11:38'),
(306, 'abc12299@gmail.com', NULL, '2022-03-08 08:11:39', NULL, '2022-03-08 08:11:39'),
(307, 'abc12300@gmail.com', NULL, '2022-03-08 08:11:39', NULL, '2022-03-08 08:11:39'),
(308, 'abc12301@gmail.com', NULL, '2022-03-08 08:11:40', NULL, '2022-03-08 08:11:40'),
(309, 'abc12302@gmail.com', NULL, '2022-03-08 08:11:41', NULL, '2022-03-08 08:11:41'),
(310, 'abc12303@gmail.com', NULL, '2022-03-08 08:11:42', NULL, '2022-03-08 08:11:42'),
(311, 'abc12304@gmail.com', NULL, '2022-03-08 08:11:42', NULL, '2022-03-08 08:11:42'),
(312, 'abc12305@gmail.com', NULL, '2022-03-08 08:11:43', NULL, '2022-03-08 08:11:43'),
(313, 'abc12306@gmail.com', NULL, '2022-03-08 08:11:44', NULL, '2022-03-08 08:11:44'),
(314, 'abc12307@gmail.com', NULL, '2022-03-08 08:11:45', NULL, '2022-03-08 08:11:45'),
(315, 'abc12308@gmail.com', NULL, '2022-03-08 08:11:45', NULL, '2022-03-08 08:11:45'),
(316, 'abc12309@gmail.com', NULL, '2022-03-08 08:11:46', NULL, '2022-03-08 08:11:46'),
(317, 'abc12310@gmail.com', NULL, '2022-03-08 08:11:47', NULL, '2022-03-08 08:11:47'),
(318, 'abc12311@gmail.com', NULL, '2022-03-08 08:11:48', NULL, '2022-03-08 08:11:48'),
(319, 'abc12312@gmail.com', NULL, '2022-03-08 08:11:48', NULL, '2022-03-08 08:11:48'),
(320, 'abc12313@gmail.com', NULL, '2022-03-08 08:11:49', NULL, '2022-03-08 08:11:49'),
(321, 'abc12314@gmail.com', NULL, '2022-03-08 08:11:50', NULL, '2022-03-08 08:11:50'),
(322, 'abc12315@gmail.com', NULL, '2022-03-08 08:11:51', NULL, '2022-03-08 08:11:51'),
(323, 'abc12316@gmail.com', NULL, '2022-03-08 08:11:51', NULL, '2022-03-08 08:11:51'),
(324, 'abc12317@gmail.com', NULL, '2022-03-08 08:11:52', NULL, '2022-03-08 08:11:52'),
(325, 'abc12318@gmail.com', NULL, '2022-03-08 08:11:53', NULL, '2022-03-08 08:11:53'),
(326, 'abc12319@gmail.com', NULL, '2022-03-08 08:11:54', NULL, '2022-03-08 08:11:54'),
(327, 'abc12320@gmail.com', NULL, '2022-03-08 08:11:54', NULL, '2022-03-08 08:11:54'),
(328, 'abc12321@gmail.com', NULL, '2022-03-08 08:11:55', NULL, '2022-03-08 08:11:55'),
(329, 'abc12322@gmail.com', NULL, '2022-03-08 08:11:56', NULL, '2022-03-08 08:11:56'),
(330, 'abc12323@gmail.com', NULL, '2022-03-08 08:11:57', NULL, '2022-03-08 08:11:57'),
(331, 'abc12324@gmail.com', NULL, '2022-03-08 08:11:57', NULL, '2022-03-08 08:11:57'),
(332, 'abc12325@gmail.com', NULL, '2022-03-08 08:11:58', NULL, '2022-03-08 08:11:58'),
(333, 'abc12326@gmail.com', NULL, '2022-03-08 08:11:59', NULL, '2022-03-08 08:11:59'),
(334, 'abc12327@gmail.com', NULL, '2022-03-08 08:12:00', NULL, '2022-03-08 08:12:00'),
(335, 'abc12328@gmail.com', NULL, '2022-03-08 08:12:00', NULL, '2022-03-08 08:12:00'),
(336, 'abc12329@gmail.com', NULL, '2022-03-08 08:12:01', NULL, '2022-03-08 08:12:01'),
(337, 'abc12330@gmail.com', NULL, '2022-03-08 08:12:02', NULL, '2022-03-08 08:12:02'),
(338, 'abc12331@gmail.com', NULL, '2022-03-08 08:12:03', NULL, '2022-03-08 08:12:03'),
(339, 'abc12332@gmail.com', NULL, '2022-03-08 08:12:03', NULL, '2022-03-08 08:12:03'),
(340, 'abc12333@gmail.com', NULL, '2022-03-08 08:12:04', NULL, '2022-03-08 08:12:04'),
(341, 'abc12334@gmail.com', NULL, '2022-03-08 08:12:05', NULL, '2022-03-08 08:12:05'),
(342, 'abc12335@gmail.com', NULL, '2022-03-08 08:12:06', NULL, '2022-03-08 08:12:06'),
(343, 'abc12336@gmail.com', NULL, '2022-03-08 08:12:06', NULL, '2022-03-08 08:12:06'),
(344, 'abc12337@gmail.com', NULL, '2022-03-08 08:12:07', NULL, '2022-03-08 08:12:07'),
(345, 'suman@gmail.com', NULL, '2022-04-12 06:13:31', NULL, '2022-04-12 06:13:31');

-- --------------------------------------------------------

--
-- Table structure for table `customers`
--

CREATE TABLE `customers` (
  `id` int NOT NULL,
  `storeId` int DEFAULT NULL,
  `otp` varchar(20) CHARACTER SET utf8mb3 COLLATE utf8mb3_bin DEFAULT NULL,
  `platform` enum('web','app') CHARACTER SET utf8mb3 COLLATE utf8mb3_bin DEFAULT NULL,
  `webToken` text CHARACTER SET utf8mb3 COLLATE utf8mb3_bin,
  `appToken` text CHARACTER SET utf8mb3 COLLATE utf8mb3_bin,
  `prefix` varchar(200) CHARACTER SET utf8mb3 COLLATE utf8mb3_bin DEFAULT NULL,
  `firstName` varchar(200) CHARACTER SET utf8mb3 COLLATE utf8mb3_bin DEFAULT NULL,
  `middleName` varchar(255) CHARACTER SET utf8mb3 COLLATE utf8mb3_bin DEFAULT NULL,
  `lastName` varchar(200) CHARACTER SET utf8mb3 COLLATE utf8mb3_bin DEFAULT NULL,
  `fullName` varchar(255) CHARACTER SET utf8mb3 COLLATE utf8mb3_bin DEFAULT NULL,
  `email` varchar(300) CHARACTER SET utf8mb3 COLLATE utf8mb3_bin DEFAULT NULL,
  `mobile` varchar(20) CHARACTER SET utf8mb3 COLLATE utf8mb3_bin DEFAULT NULL,
  `password` text CHARACTER SET utf8mb3 COLLATE utf8mb3_bin,
  `image` varchar(255) CHARACTER SET utf8mb3 COLLATE utf8mb3_bin DEFAULT NULL,
  `dob` date DEFAULT NULL,
  `doa` date DEFAULT NULL,
  `gender` enum('Male','Female','Other') CHARACTER SET utf8mb3 COLLATE utf8mb3_bin DEFAULT NULL,
  `status` enum('Yes','No','Blocked') CHARACTER SET utf8mb3 COLLATE utf8mb3_bin DEFAULT NULL,
  `lastOrder` varchar(255) CHARACTER SET utf8mb3 COLLATE utf8mb3_bin DEFAULT NULL,
  `lastLogin` datetime DEFAULT NULL,
  `referredBy` varchar(100) CHARACTER SET utf8mb3 COLLATE utf8mb3_bin DEFAULT NULL,
  `orderValue` varchar(100) CHARACTER SET utf8mb3 COLLATE utf8mb3_bin DEFAULT NULL,
  `mobileVerified` enum('Yes','No') CHARACTER SET utf8mb3 COLLATE utf8mb3_bin DEFAULT NULL,
  `emailVerified` enum('Yes','No') CHARACTER SET utf8mb3 COLLATE utf8mb3_bin DEFAULT NULL,
  `verificationotp` varchar(20) CHARACTER SET utf8mb3 COLLATE utf8mb3_bin DEFAULT NULL,
  `pushToken` text CHARACTER SET utf8mb3 COLLATE utf8mb3_bin,
  `termsChecked` enum('Yes','No') CHARACTER SET utf8mb3 COLLATE utf8mb3_bin DEFAULT 'Yes',
  `offerChecked` enum('Yes','No') CHARACTER SET utf8mb3 COLLATE utf8mb3_bin DEFAULT 'Yes',
  `customerType` enum('regular','guest') COLLATE utf8mb3_bin DEFAULT 'regular',
  `createdBy` varchar(100) CHARACTER SET utf8mb3 COLLATE utf8mb3_bin DEFAULT NULL,
  `createdAt` datetime DEFAULT NULL,
  `updatedBy` varchar(100) CHARACTER SET utf8mb3 COLLATE utf8mb3_bin DEFAULT NULL,
  `updatedAt` datetime DEFAULT NULL
) ENGINE=InnoDB DEFAULT CHARSET=utf8mb3 COLLATE=utf8mb3_bin COMMENT='Customers Table';

--
-- Dumping data for table `customers`
--

INSERT INTO `customers` (`id`, `storeId`, `otp`, `platform`, `webToken`, `appToken`, `prefix`, `firstName`, `middleName`, `lastName`, `fullName`, `email`, `mobile`, `password`, `image`, `dob`, `doa`, `gender`, `status`, `lastOrder`, `lastLogin`, `referredBy`, `orderValue`, `mobileVerified`, `emailVerified`, `verificationotp`, `pushToken`, `termsChecked`, `offerChecked`, `customerType`, `createdBy`, `createdAt`, `updatedBy`, `updatedAt`) VALUES
(342, 30, '9845', NULL, NULL, NULL, NULL, 'Nikunj', NULL, 'Bathwal', 'Nikunj Bathwal', 'nykk007@gmail.com', '561671991', '$2a$10$.pXXphykFQNMGk0XfCVdPuFKGhw.bzM8QwTyXuWEKk5lQeqxFiuGG', NULL, NULL, NULL, NULL, 'Yes', NULL, NULL, NULL, NULL, NULL, NULL, NULL, NULL, 'Yes', 'No', 'regular', NULL, '2022-08-21 11:13:43', NULL, '2022-08-21 11:14:27'),
(343, 30, '2663', NULL, NULL, NULL, NULL, 'Zeeshan', NULL, 'Anjum', 'Zeeshan Anjum', 'zeeshananjumin@gmail.com', '551630694', '$2a$10$TJ/pSk1gHsSTA5VDBGNXQuSO7nmuBXv7b5f20ED1s5POhTvNUzU8S', NULL, NULL, NULL, NULL, 'Yes', NULL, NULL, NULL, NULL, NULL, NULL, NULL, NULL, 'Yes', 'No', 'regular', NULL, '2022-08-22 11:54:49', NULL, '2022-10-25 16:48:02'),
(344, 30, '8053', NULL, NULL, NULL, NULL, 'saif', NULL, 'alsaidi', 'saif alsaidi', 'saif.alsaidi@yahoo.com', '506876873', '$2a$10$.cGIgP214.0maDHYBxMAKOq150zMr6L.2FpYSotvmZkAJkFlherZy', NULL, NULL, NULL, NULL, 'Yes', NULL, NULL, NULL, NULL, NULL, NULL, NULL, NULL, 'Yes', 'Yes', 'regular', NULL, '2022-08-22 12:37:14', NULL, '2022-08-22 12:37:54'),
(345, 30, '4708', NULL, NULL, NULL, NULL, 'Mohamad', NULL, 'Daher', 'Mohamad Daher', 'dahermohamed@hotmail.com', '556812070', '$2a$10$2Q02CbQHXL/y7wp6HA0cNO1LzRy6.CE6dTZShF4P8uwWlIei36uRW', NULL, NULL, NULL, NULL, 'Yes', NULL, NULL, NULL, NULL, NULL, NULL, NULL, NULL, 'Yes', 'No', 'regular', NULL, '2022-08-24 17:11:34', NULL, '2022-08-24 17:12:23'),
(346, 30, '5252', NULL, NULL, NULL, NULL, 'ttt', 'ttt', 'hhh', 'th', 'tanbir@gmail.com', '8798655421', '$2a$10$ZWNKsh6rSEi9FhYDOfBivOW/LnMdsr8uICLMQUAZJZ9/4764.sCKa', NULL, NULL, NULL, NULL, 'Yes', NULL, NULL, NULL, NULL, NULL, NULL, NULL, NULL, 'Yes', 'Yes', 'regular', NULL, '2022-09-19 01:55:01', NULL, '2022-10-12 12:46:59'),
(347, 30, '8768', NULL, NULL, NULL, NULL, 'Mawfoor', NULL, 'LS', 'Mawfoor LS', 'mawfoor@gmail.com', '525200772', '$2a$10$SqbZP4l171gTPnwoGb89Lu0i/SQnavv78p6t2wS0Kzn2Rh68ScmUK', NULL, NULL, NULL, NULL, 'Yes', NULL, NULL, NULL, NULL, NULL, NULL, NULL, NULL, 'Yes', 'Yes', 'regular', NULL, '2022-09-20 16:19:12', NULL, '2022-09-23 14:02:04'),
(348, 30, '9337', NULL, NULL, NULL, NULL, NULL, NULL, NULL, NULL, NULL, '7001044568', NULL, NULL, NULL, NULL, NULL, 'Yes', NULL, NULL, NULL, NULL, NULL, NULL, NULL, NULL, 'Yes', 'Yes', 'regular', NULL, '2022-09-28 19:55:03', NULL, '2022-09-28 19:55:03'),
(350, 30, NULL, NULL, NULL, NULL, NULL, 'aa', NULL, 'bb', NULL, 'abc@gmail.com', '4444444444', NULL, NULL, NULL, NULL, NULL, 'Yes', NULL, NULL, NULL, NULL, NULL, NULL, NULL, NULL, 'Yes', 'Yes', 'guest', NULL, '2022-11-04 11:49:49', NULL, '2022-11-04 11:49:49'),
(351, 30, NULL, NULL, NULL, NULL, NULL, 'ss', NULL, 'xx', NULL, 'abc@gmail.com', '3333333333', NULL, NULL, NULL, NULL, NULL, 'Yes', NULL, NULL, NULL, NULL, NULL, NULL, NULL, NULL, 'Yes', 'Yes', 'guest', NULL, '2022-11-04 13:57:23', NULL, '2022-11-05 17:11:55'),
(352, 30, NULL, NULL, NULL, NULL, NULL, 'aa', NULL, 'ss', NULL, 'abc@gmail.com', '5555555555', NULL, NULL, NULL, NULL, NULL, 'Yes', NULL, NULL, NULL, NULL, NULL, NULL, NULL, NULL, 'Yes', 'Yes', 'guest', NULL, '2022-11-04 16:40:15', NULL, '2022-11-04 16:40:15');

-- --------------------------------------------------------

--
-- Table structure for table `customerWishlist`
--

CREATE TABLE `customerWishlist` (
  `id` int NOT NULL,
  `storeId` int DEFAULT NULL,
  `customerId` int DEFAULT NULL,
  `productId` int DEFAULT NULL,
  `createdBy` varchar(100) CHARACTER SET utf8mb3 COLLATE utf8mb3_bin DEFAULT NULL,
  `createdAt` datetime DEFAULT NULL,
  `updatedBy` varchar(100) CHARACTER SET utf8mb3 COLLATE utf8mb3_bin DEFAULT NULL,
  `updatedAt` datetime DEFAULT NULL
) ENGINE=InnoDB DEFAULT CHARSET=utf8mb3 COLLATE=utf8mb3_bin COMMENT='Customer Wishlist Table';

-- --------------------------------------------------------

--
-- Table structure for table `deliveryTimeSlot`
--

CREATE TABLE `deliveryTimeSlot` (
  `id` int NOT NULL,
  `storeId` int DEFAULT NULL,
  `label` varchar(100) CHARACTER SET latin1 COLLATE latin1_swedish_ci DEFAULT NULL,
  `fromTime` time DEFAULT NULL,
  `toTime` time DEFAULT NULL,
  `sequence` int DEFAULT NULL,
  `status` enum('Yes','No') CHARACTER SET latin1 COLLATE latin1_swedish_ci DEFAULT NULL,
  `createdBy` varchar(100) CHARACTER SET latin1 COLLATE latin1_swedish_ci DEFAULT NULL,
  `createdAt` datetime NOT NULL DEFAULT CURRENT_TIMESTAMP,
  `updatedBy` varchar(100) CHARACTER SET latin1 COLLATE latin1_swedish_ci DEFAULT NULL,
  `updatedAt` datetime NOT NULL DEFAULT CURRENT_TIMESTAMP
) ENGINE=InnoDB DEFAULT CHARSET=utf8mb3 COLLATE=utf8mb3_bin COMMENT='Delivery Time Slot Table';

--
-- Dumping data for table `deliveryTimeSlot`
--

INSERT INTO `deliveryTimeSlot` (`id`, `storeId`, `label`, `fromTime`, `toTime`, `sequence`, `status`, `createdBy`, `createdAt`, `updatedBy`, `updatedAt`) VALUES
(2, 15, 'AA', '08:00:00', '10:00:00', 1, 'Yes', '17', '2021-09-28 05:11:46', NULL, '2021-09-28 05:11:46'),
(3, 15, 'bb', '09:10:00', '11:30:00', 2, 'Yes', '17', '2021-09-28 05:12:48', NULL, '2021-09-28 05:12:48'),
(4, 15, 'CC', '10:00:00', '12:00:00', 3, 'Yes', '17', '2021-09-28 05:13:36', '17', '2021-10-07 07:08:09'),
(5, 15, 'gg', '10:00:00', '11:00:00', 4, 'Yes', '17', '2021-10-07 07:09:20', '17', '2021-10-07 07:12:02'),
(6, 15, 'sdfsdf', '04:46:00', '14:46:00', 6, 'Yes', '1', '2021-10-18 07:17:05', NULL, '2021-10-18 07:17:05'),
(7, 17, 'Test', '11:00:00', '12:00:00', 1, 'Yes', '1', '2021-10-25 09:50:47', '1', '2021-10-27 06:56:32'),
(8, 17, 'Test', '12:00:00', '13:00:00', 2, 'Yes', '1', '2021-10-25 09:53:14', '1', '2021-10-27 06:56:37'),
(9, 17, 'Test', '13:00:00', '14:00:00', 3, 'Yes', '1', '2021-10-25 09:54:18', '1', '2021-10-27 06:56:44'),
(10, 17, 'Test', '14:00:00', '15:00:00', 4, 'Yes', '1', '2021-10-25 09:54:50', '1', '2021-10-27 06:56:49'),
(11, 17, 'Test', '15:00:00', '16:00:00', 5, 'Yes', '1', '2021-10-27 06:57:57', NULL, '2021-10-27 06:57:57'),
(12, 17, 'Test', '16:00:00', '17:00:00', 6, 'Yes', '1', '2021-10-27 06:58:27', NULL, '2021-10-27 06:58:27'),
(13, 18, 'test', '10:00:00', '12:00:00', 1, 'Yes', NULL, '2022-01-03 16:02:44', NULL, '2022-01-03 16:02:44'),
(14, 18, 'test', '12:00:00', '14:00:00', NULL, 'Yes', NULL, '2022-01-03 16:04:32', NULL, '2022-01-03 16:04:32'),
(15, 18, NULL, '14:00:00', '16:00:00', NULL, 'Yes', NULL, '2022-01-03 16:04:32', NULL, '2022-01-03 16:04:32'),
(16, 18, NULL, '16:00:00', '18:00:00', NULL, 'Yes', NULL, '2022-01-03 16:05:16', NULL, '2022-01-03 16:05:16'),
(17, 18, 'tst', '18:00:00', '20:00:00', NULL, 'Yes', NULL, '2022-01-03 16:05:16', NULL, '2022-01-03 16:05:16'),
(24, 30, 'pharmacy', '18:00:00', '20:00:00', 6, 'Yes', NULL, '2022-01-19 16:05:16', NULL, '2022-01-19 16:05:16'),
(25, 30, 'pharmacy', '16:00:00', '18:00:00', 5, 'Yes', NULL, '2022-01-19 16:05:16', NULL, '2022-01-19 16:05:16'),
(26, 30, 'pharmacy', '14:00:00', '16:00:00', 4, 'Yes', NULL, '2022-01-19 16:04:32', NULL, '2022-01-19 16:04:32'),
(27, 30, 'pharmacy', '12:00:00', '14:00:00', 3, 'Yes', NULL, '2022-01-19 16:04:32', NULL, '2022-01-19 16:04:32'),
(28, 30, 'pharmacy', '10:00:00', '12:00:00', 2, 'Yes', NULL, '2022-01-19 16:02:44', NULL, '2022-01-19 16:02:44'),
(29, 30, 'pharmacy', '08:00:00', '10:00:00', 1, 'Yes', NULL, '2022-01-19 16:02:44', NULL, '2022-01-19 16:02:44'),
(30, 18, 'sdfsdf', '20:41:00', '23:42:00', 6, 'Yes', '5', '2022-01-20 04:12:33', NULL, '2022-01-20 04:12:33'),
(31, 18, NULL, '05:17:54', '06:17:54', 1, 'Yes', NULL, '2022-02-03 11:48:12', NULL, '2022-02-03 11:48:12');

-- --------------------------------------------------------

--
-- Table structure for table `deliverytimeslot_bkp`
--

CREATE TABLE `deliverytimeslot_bkp` (
  `id` int NOT NULL,
  `storeId` int DEFAULT NULL,
  `label` varchar(100) DEFAULT NULL,
  `fromTime` time DEFAULT NULL,
  `toTime` time DEFAULT NULL,
  `sequence` int DEFAULT NULL,
  `status` enum('Yes','No') DEFAULT NULL,
  `createdBy` varchar(100) DEFAULT NULL,
  `createdAt` datetime DEFAULT NULL,
  `updatedBy` varchar(100) DEFAULT NULL,
  `updatedAt` datetime DEFAULT NULL
) ENGINE=InnoDB DEFAULT CHARSET=latin1 COMMENT='Delivery Time Slot Table';

-- --------------------------------------------------------

--
-- Table structure for table `deliverytimeslot_bkp_24_09`
--

CREATE TABLE `deliverytimeslot_bkp_24_09` (
  `id` int NOT NULL,
  `storeId` int DEFAULT NULL,
  `label` varchar(100) CHARACTER SET utf8mb3 COLLATE utf8mb3_bin DEFAULT NULL,
  `fromTime` time DEFAULT NULL,
  `toTime` time DEFAULT NULL,
  `sequence` int DEFAULT NULL,
  `status` enum('Yes','No') CHARACTER SET utf8mb3 COLLATE utf8mb3_bin DEFAULT NULL,
  `createdBy` varchar(100) CHARACTER SET utf8mb3 COLLATE utf8mb3_bin DEFAULT NULL,
  `createdAt` datetime DEFAULT NULL,
  `updatedBy` varchar(100) CHARACTER SET utf8mb3 COLLATE utf8mb3_bin DEFAULT NULL,
  `updatedAt` datetime DEFAULT NULL
) ENGINE=InnoDB DEFAULT CHARSET=utf8mb3 COLLATE=utf8mb3_bin COMMENT='Delivery Time Slot Table';

--
-- Dumping data for table `deliverytimeslot_bkp_24_09`
--

INSERT INTO `deliverytimeslot_bkp_24_09` (`id`, `storeId`, `label`, `fromTime`, `toTime`, `sequence`, `status`, `createdBy`, `createdAt`, `updatedBy`, `updatedAt`) VALUES
(1, NULL, 'aa', '08:30:00', '10:30:00', 1, 'Yes', '1', '2021-09-23 11:18:00', NULL, '2021-09-23 11:18:00'),
(2, NULL, 'bb', '09:00:00', '10:00:00', 2, 'Yes', '1', '2021-09-23 11:18:37', NULL, '2021-09-23 11:18:37'),
(3, NULL, 'cc', '09:30:00', '11:00:00', 3, 'Yes', '1', '2021-09-23 11:19:15', NULL, '2021-09-23 11:19:15');

-- --------------------------------------------------------

--
-- Table structure for table `demo13`
--

CREATE TABLE `demo13` (
  `id` int NOT NULL,
  `name` varchar(255) DEFAULT NULL,
  `mobileno` varchar(255) DEFAULT NULL,
  `email` varchar(255) DEFAULT NULL,
  `message` varchar(255) DEFAULT NULL,
  `gender` varchar(255) DEFAULT NULL
) ENGINE=InnoDB DEFAULT CHARSET=utf8mb4 COLLATE=utf8mb4_0900_ai_ci;

-- --------------------------------------------------------

--
-- Table structure for table `dropdownSettings`
--

CREATE TABLE `dropdownSettings` (
  `id` int NOT NULL,
  `storeId` int DEFAULT NULL,
  `name` varchar(255) CHARACTER SET utf8mb3 COLLATE utf8mb3_bin DEFAULT NULL,
  `slug` varchar(255) CHARACTER SET utf8mb3 COLLATE utf8mb3_bin DEFAULT NULL,
  `type` enum('single','multi') CHARACTER SET utf8mb3 COLLATE utf8mb3_bin NOT NULL DEFAULT 'single',
  `status` enum('Yes','No') CHARACTER SET utf8mb3 COLLATE utf8mb3_bin NOT NULL DEFAULT 'Yes',
  `createdAt` datetime NOT NULL,
  `createdBy` varchar(128) CHARACTER SET utf8mb3 COLLATE utf8mb3_bin DEFAULT NULL,
  `updatedAt` datetime NOT NULL,
  `updatedBy` varchar(128) CHARACTER SET utf8mb3 COLLATE utf8mb3_bin DEFAULT NULL
) ENGINE=InnoDB DEFAULT CHARSET=utf8mb3 COLLATE=utf8mb3_bin COMMENT='Dropdown Settings Table';

--
-- Dumping data for table `dropdownSettings`
--

INSERT INTO `dropdownSettings` (`id`, `storeId`, `name`, `slug`, `type`, `status`, `createdAt`, `createdBy`, `updatedAt`, `updatedBy`) VALUES
(1, NULL, 'orderStatus', 'vbnbn', 'single', 'Yes', '2021-09-27 20:27:06', NULL, '2021-12-15 13:08:50', NULL),
(2, NULL, 'orderStatus', 'orderstatus17-8280', 'single', 'Yes', '2021-10-28 05:35:48', NULL, '2021-12-15 13:09:19', NULL),
(3, NULL, 'orderStatus', 'order-status-3', 'single', 'Yes', '2022-01-20 20:27:06', NULL, '2022-01-20 20:27:06', NULL),
(4, 30, 'orderStatus', 'order-status-4', 'single', 'Yes', '2022-01-20 20:27:06', NULL, '2022-01-20 20:27:06', NULL);

-- --------------------------------------------------------

--
-- Table structure for table `dropdownSettingsOptions`
--

CREATE TABLE `dropdownSettingsOptions` (
  `id` int NOT NULL,
  `dropdownSettingId` int DEFAULT NULL,
  `storeId` int DEFAULT NULL,
  `optionLabel` varchar(255) CHARACTER SET utf8mb3 COLLATE utf8mb3_bin DEFAULT NULL,
  `optionValue` varchar(255) CHARACTER SET utf8mb3 COLLATE utf8mb3_bin DEFAULT NULL,
  `optionOrder` int DEFAULT NULL,
  `createdAt` datetime NOT NULL,
  `updatedAt` datetime NOT NULL
) ENGINE=InnoDB DEFAULT CHARSET=utf8mb3 COLLATE=utf8mb3_bin COMMENT='Dropdown Settings Option Table';

--
-- Dumping data for table `dropdownSettingsOptions`
--

INSERT INTO `dropdownSettingsOptions` (`id`, `dropdownSettingId`, `storeId`, `optionLabel`, `optionValue`, `optionOrder`, `createdAt`, `updatedAt`) VALUES
(83, 1, NULL, 'Processing', 'Processing', 1, '2021-12-15 13:08:50', '2021-12-15 13:08:50'),
(84, 1, NULL, 'Delivered', 'Delivered', 4, '2021-12-15 13:08:50', '2021-12-15 13:08:50'),
(85, 1, NULL, 'Accepted', 'Accepted', 2, '2021-12-15 13:08:50', '2021-12-15 13:08:50'),
(86, 1, NULL, 'Shipped', 'Shipped', 3, '2021-12-15 13:08:50', '2021-12-15 13:08:50'),
(87, 1, NULL, 'Cancelled', 'Cancelled', 5, '2021-12-15 13:08:50', '2021-12-15 13:08:50'),
(88, 1, NULL, 'Delivery Boy', 'Delivery Boy', 6, '2021-12-15 13:08:50', '2021-12-15 13:08:50'),
(89, 1, NULL, 'Out for Delivery', 'Out for Delivery', 7, '2021-12-15 13:08:50', '2021-12-15 13:08:50'),
(90, 1, NULL, 'Mark as Picked', 'Mark as Picked', 8, '2021-12-15 13:08:50', '2021-12-15 13:08:50'),
(91, 1, NULL, 'Accept by Delivery Boy', 'Accept by Delivery Boy', 9, '2021-12-15 13:08:50', '2021-12-15 13:08:50'),
(92, 2, NULL, 'New', 'New', 1, '2021-12-15 13:09:19', '2021-12-15 13:09:19'),
(93, 2, NULL, 'In progress', 'In progress', 2, '2021-12-15 13:09:19', '2021-12-15 13:09:19'),
(94, 2, NULL, 'Assigned for Delivery', 'Assigned for Delivery', 4, '2021-12-15 13:09:19', '2021-12-15 13:09:19'),
(95, 2, NULL, 'Out for Delivery', 'Out for Delivery', 5, '2021-12-15 13:09:19', '2021-12-15 13:09:19'),
(96, 2, NULL, 'Delivered', 'Delivered', 6, '2021-12-15 13:09:19', '2021-12-15 13:09:19'),
(97, 2, NULL, 'Accepted', 'Accepted', 3, '2021-12-15 13:09:19', '2021-12-15 13:09:19'),
(98, 2, NULL, 'Closed', 'Closed', 7, '2021-12-15 13:09:19', '2021-12-15 13:09:19'),
(99, 2, NULL, 'Cancelled', 'Cancelled', 8, '2021-12-15 13:09:19', '2021-12-15 13:09:19'),
(100, 2, NULL, 'Mark as Picked', 'Mark as Picked', 9, '2021-12-15 13:09:19', '2021-12-15 13:09:19'),
(101, 2, NULL, 'Accept by Delivery Boy', 'Accept by Delivery Boy', 10, '2021-12-15 13:09:19', '2021-12-15 13:09:19'),
(102, 3, NULL, 'Processing', 'Processing', 1, '2021-12-15 13:08:50', '2021-12-15 13:08:50'),
(103, 3, NULL, 'Delivered', 'Delivered', 4, '2021-12-15 13:08:50', '2021-12-15 13:08:50'),
(104, 3, NULL, 'Accepted', 'Accepted', 2, '2021-12-15 13:08:50', '2021-12-15 13:08:50'),
(105, 3, NULL, 'Shipped', 'Shipped', 3, '2021-12-15 13:08:50', '2021-12-15 13:08:50'),
(106, 3, NULL, 'Cancelled', 'Cancelled', 5, '2021-12-15 13:08:50', '2021-12-15 13:08:50'),
(107, 3, NULL, 'Delivery Boy', 'Delivery Boy', 6, '2021-12-15 13:08:50', '2021-12-15 13:08:50'),
(108, 3, NULL, 'Out for Delivery', 'Out for Delivery', 7, '2021-12-15 13:08:50', '2021-12-15 13:08:50'),
(109, 3, NULL, 'Mark as Picked', 'Mark as Picked', 8, '2021-12-15 13:08:50', '2021-12-15 13:08:50'),
(110, 3, NULL, 'Accept by Delivery Boy', 'Accept by Delivery Boy', 9, '2021-12-15 13:08:50', '2021-12-15 13:08:50'),
(111, 4, 30, 'Accept by Delivery Boy', 'Accept by Delivery Boy', 9, '2022-01-20 13:08:50', '2022-01-20 13:08:50'),
(112, 4, 30, 'Mark as Picked', 'Mark as Picked', 8, '2022-01-20 13:08:50', '2022-01-20 13:08:50'),
(113, 4, 30, 'Out for Delivery', 'Out for Delivery', 7, '2022-01-20 13:08:50', '2022-01-20 13:08:50'),
(114, 4, 30, 'Delivery Boy', 'Delivery Boy', 6, '2022-01-20 13:08:50', '2022-01-20 13:08:50'),
(115, 4, 30, 'Cancelled', 'Cancelled', 5, '2022-01-20 13:08:50', '2022-01-20 13:08:50'),
(116, 4, 30, 'Shipped', 'Shipped', 3, '2022-01-20 13:08:50', '2022-01-20 13:08:50'),
(117, 4, 30, 'Accepted', 'Accepted', 2, '2022-01-20 13:08:50', '2022-01-20 13:08:50'),
(118, 4, 30, 'Delivered', 'Delivered', 4, '2022-01-20 13:08:50', '2022-01-20 13:08:50'),
(119, 4, 30, 'Processing', 'Processing', 1, '2022-01-20 13:08:50', '2022-01-20 13:08:50'),
(120, 4, NULL, 'Processing', 'Processing', 1, '2022-01-20 13:08:50', '2022-01-20 13:08:50'),
(121, 4, NULL, 'Delivered', 'Delivered', 4, '2022-01-20 13:08:50', '2022-01-20 13:08:50'),
(122, 4, NULL, 'Accepted', 'Accepted', 2, '2022-01-20 13:08:50', '2022-01-20 13:08:50'),
(123, 4, NULL, 'Shipped', 'Shipped', 3, '2022-01-20 13:08:50', '2022-01-20 13:08:50'),
(124, 4, NULL, 'Cancelled', 'Cancelled', 5, '2022-01-20 13:08:50', '2022-01-20 13:08:50'),
(125, 4, NULL, 'Delivery Boy', 'Delivery Boy', 6, '2022-01-20 13:08:50', '2022-01-20 13:08:50'),
(126, 4, NULL, 'Out for Delivery', 'Out for Delivery', 7, '2022-01-20 13:08:50', '2022-01-20 13:08:50'),
(127, 4, NULL, 'Mark as Picked', 'Mark as Picked', 8, '2022-01-20 13:08:50', '2022-01-20 13:08:50'),
(128, 4, 30, 'Payment Under Process', 'Payment Under Process', 10, '2022-01-20 13:08:50', '2022-01-20 13:08:50');

-- --------------------------------------------------------

--
-- Table structure for table `dynamicformfields`
--

CREATE TABLE `dynamicformfields` (
  `id` int NOT NULL,
  `storeId` int DEFAULT NULL,
  `position` int DEFAULT NULL,
  `dynamicFormId` int DEFAULT NULL,
  `fieldName` varchar(255) CHARACTER SET utf8mb3 COLLATE utf8mb3_bin DEFAULT NULL,
  `displayName` varchar(255) CHARACTER SET utf8mb3 COLLATE utf8mb3_bin DEFAULT NULL,
  `dataType` enum('text','number','email','textarea','date','time','datetime','file','checkbox','checkboxlist','radio','select','hidden') CHARACTER SET utf8mb3 COLLATE utf8mb3_bin NOT NULL DEFAULT 'text',
  `fileType` varchar(255) CHARACTER SET utf8mb3 COLLATE utf8mb3_bin DEFAULT NULL,
  `label` varchar(255) CHARACTER SET utf8mb3 COLLATE utf8mb3_bin DEFAULT NULL,
  `required` enum('Yes','No') CHARACTER SET utf8mb3 COLLATE utf8mb3_bin NOT NULL DEFAULT 'No',
  `requiredMessage` varchar(255) CHARACTER SET utf8mb3 COLLATE utf8mb3_bin DEFAULT NULL,
  `regularExpression` varchar(255) CHARACTER SET utf8mb3 COLLATE utf8mb3_bin DEFAULT NULL,
  `regexMessage` varchar(255) CHARACTER SET utf8mb3 COLLATE utf8mb3_bin DEFAULT NULL,
  `placeholder` varchar(255) CHARACTER SET utf8mb3 COLLATE utf8mb3_bin DEFAULT NULL,
  `multiSelect` enum('Yes','No') CHARACTER SET utf8mb3 COLLATE utf8mb3_bin NOT NULL DEFAULT 'No',
  `emptyOption` enum('Yes','No') CHARACTER SET utf8mb3 COLLATE utf8mb3_bin NOT NULL DEFAULT 'No',
  `emptyOptionName` varchar(255) CHARACTER SET utf8mb3 COLLATE utf8mb3_bin DEFAULT NULL,
  `createdAt` datetime NOT NULL,
  `updatedAt` datetime NOT NULL
) ENGINE=InnoDB DEFAULT CHARSET=utf8mb3 COLLATE=utf8mb3_bin COMMENT='Dynamic Form Fields Table';

-- --------------------------------------------------------

--
-- Table structure for table `dynamicformfieldvalues`
--

CREATE TABLE `dynamicformfieldvalues` (
  `id` int NOT NULL,
  `storeId` int DEFAULT NULL,
  `dynamicFormId` int DEFAULT NULL,
  `dynamicFormFieldId` int DEFAULT NULL,
  `label` varchar(255) CHARACTER SET utf8mb3 COLLATE utf8mb3_bin DEFAULT NULL,
  `values` varchar(255) CHARACTER SET utf8mb3 COLLATE utf8mb3_bin DEFAULT NULL,
  `createdAt` datetime NOT NULL,
  `updatedAt` datetime NOT NULL
) ENGINE=InnoDB DEFAULT CHARSET=utf8mb3 COLLATE=utf8mb3_bin COMMENT='Dynamic Form Field Values Table';

-- --------------------------------------------------------

--
-- Table structure for table `dynamicforms`
--

CREATE TABLE `dynamicforms` (
  `id` int NOT NULL,
  `storeId` int DEFAULT NULL,
  `formName` varchar(255) CHARACTER SET utf8mb3 COLLATE utf8mb3_bin DEFAULT NULL,
  `tableName` varchar(255) CHARACTER SET utf8mb3 COLLATE utf8mb3_bin DEFAULT NULL,
  `title` varchar(255) CHARACTER SET utf8mb3 COLLATE utf8mb3_bin DEFAULT NULL,
  `slug` varchar(255) CHARACTER SET utf8mb3 COLLATE utf8mb3_bin DEFAULT NULL,
  `image` varchar(255) CHARACTER SET utf8mb3 COLLATE utf8mb3_bin DEFAULT NULL,
  `description` text CHARACTER SET utf8mb3 COLLATE utf8mb3_bin,
  `metaTitle` varchar(255) CHARACTER SET utf8mb3 COLLATE utf8mb3_bin DEFAULT NULL,
  `metaDescription` text CHARACTER SET utf8mb3 COLLATE utf8mb3_bin,
  `metaKeyword` varchar(255) CHARACTER SET utf8mb3 COLLATE utf8mb3_bin DEFAULT NULL,
  `status` enum('Yes','No') CHARACTER SET utf8mb3 COLLATE utf8mb3_bin DEFAULT NULL,
  `createdAt` datetime NOT NULL,
  `updatedAt` datetime NOT NULL
) ENGINE=InnoDB DEFAULT CHARSET=utf8mb3 COLLATE=utf8mb3_bin COMMENT='Dynamic Forms Table';

-- --------------------------------------------------------

--
-- Table structure for table `dynamicSection`
--

CREATE TABLE `dynamicSection` (
  `id` int NOT NULL,
  `storeId` int DEFAULT NULL,
  `moduleId` int DEFAULT NULL,
  `moduleItemId` int DEFAULT NULL,
  `crossModuleId` int DEFAULT NULL,
  `sequence` int DEFAULT NULL,
  `title` varchar(255) DEFAULT NULL,
  `description` text,
  `longDescription` text,
  `image` varchar(255) DEFAULT NULL,
  `backgroundImage` varchar(255) DEFAULT NULL,
  `slug` varchar(255) DEFAULT NULL,
  `cssClass` varchar(255) DEFAULT NULL,
  `file` varchar(255) DEFAULT NULL,
  `link` varchar(255) DEFAULT NULL,
  `buttontext` varchar(255) DEFAULT NULL,
  `buttonlink` varchar(255) DEFAULT NULL,
  `metaTitle` varchar(255) DEFAULT NULL,
  `metaKeyword` varchar(255) DEFAULT NULL,
  `metaDescription` text,
  `status` enum('Active','Inactive') DEFAULT 'Active',
  `createdBy` varchar(100) DEFAULT NULL,
  `updatedBy` varchar(100) DEFAULT NULL,
  `createdAt` datetime NOT NULL,
  `updatedAt` datetime NOT NULL
) ENGINE=InnoDB DEFAULT CHARSET=utf8mb4 COLLATE=utf8mb4_0900_ai_ci COMMENT='Dynamic Section Table';

--
-- Dumping data for table `dynamicSection`
--

INSERT INTO `dynamicSection` (`id`, `storeId`, `moduleId`, `moduleItemId`, `crossModuleId`, `sequence`, `title`, `description`, `longDescription`, `image`, `backgroundImage`, `slug`, `cssClass`, `file`, `link`, `buttontext`, `buttonlink`, `metaTitle`, `metaKeyword`, `metaDescription`, `status`, `createdBy`, `updatedBy`, `createdAt`, `updatedAt`) VALUES
(112, NULL, NULL, 31, NULL, NULL, 'Kid Section & Advance Sp0ken English', 'We Focuses on developing the four English language skills : Reading, Writing, Listening and Speaking.', NULL, '01.png', NULL, 'kid-section-advance-spoken-english-4', NULL, NULL, NULL, NULL, NULL, NULL, NULL, NULL, 'Active', NULL, NULL, '2021-12-22 16:01:29', '2021-12-22 16:01:29'),
(113, NULL, NULL, 31, NULL, NULL, 'Professional Course & Advance Spoken English', 'If you are A BUSY PROFESSIONAL and have no time then you can join our professional batch.', NULL, '02.png', NULL, 'professional-course-advance-spoken-english-4', NULL, NULL, NULL, NULL, NULL, NULL, NULL, NULL, 'Active', NULL, NULL, '2021-12-22 16:06:57', '2021-12-22 16:06:57'),
(114, NULL, NULL, 31, NULL, NULL, 'Basic Course & Advance Spoken English', 'This course has been specially design to introduce English communication skill.', NULL, '03.png', NULL, 'basic-course-advance-spoken-english-4', NULL, NULL, NULL, NULL, NULL, NULL, NULL, NULL, 'Active', NULL, NULL, '2021-12-22 16:06:57', '2021-12-22 16:06:57'),
(115, NULL, NULL, 31, NULL, NULL, 'Kid Section & Advance Spoken English', 'We Focuses on developing the four English language skills : Reading, Writing, Listening and Speaking.', NULL, NULL, NULL, 'kid-section-advance-spoken-english-4', NULL, NULL, NULL, NULL, NULL, NULL, NULL, NULL, 'Active', NULL, NULL, '2021-12-22 16:09:11', '2021-12-22 16:09:11'),
(197, NULL, NULL, 60, NULL, NULL, 'Test again', 'test test test ', NULL, '1641194753954.jpg', NULL, '', 'dd', NULL, 'dcdscd', 'd', 'd', 'd', 'd', 'd', 'Active', NULL, NULL, '2021-12-27 03:44:22', '2022-01-03 07:26:15'),
(198, NULL, NULL, 60, NULL, NULL, 'jb bjb hj', 'n n n', NULL, '1640577524887.jpg', NULL, 'jb-bjb-hj-4', 'n n', NULL, 'b n', 'b b', 'bbb', '', '', '', 'Active', NULL, NULL, '2021-12-27 03:58:44', '2021-12-27 03:58:44'),
(199, NULL, NULL, 31, NULL, NULL, 'Bsp', 'Bs na', NULL, '1640593408793.jpg', NULL, 'bsp-4', '6', NULL, '', '', '', '', '', '', 'Active', NULL, NULL, '2021-12-27 08:23:28', '2021-12-27 08:23:28'),
(200, NULL, NULL, 73, NULL, NULL, 'nv djvn j', 'n vm m ', NULL, '1640700562050.jpg', NULL, 'nv-djvn-j-4', '', NULL, '', '', '', '', '', '', 'Active', NULL, NULL, '2021-12-28 14:09:22', '2021-12-28 14:09:22'),
(788, NULL, NULL, NULL, NULL, NULL, NULL, NULL, NULL, NULL, NULL, NULL, NULL, NULL, NULL, NULL, NULL, NULL, NULL, NULL, 'Active', NULL, NULL, '2022-01-17 16:10:59', '2022-01-17 16:10:59');

-- --------------------------------------------------------

--
-- Table structure for table `dynamicSection_bkp_06`
--

CREATE TABLE `dynamicSection_bkp_06` (
  `id` int NOT NULL,
  `cId` int DEFAULT NULL,
  `moduleId` int DEFAULT NULL,
  `moduleItemId` int DEFAULT NULL,
  `crossModuleId` int DEFAULT NULL,
  `sequence` int DEFAULT NULL,
  `title` varchar(255) DEFAULT NULL,
  `description` text,
  `image` varchar(255) DEFAULT NULL,
  `backgroundImage` varchar(255) DEFAULT NULL,
  `slug` varchar(255) DEFAULT NULL,
  `cssClass` varchar(255) DEFAULT NULL,
  `link` varchar(255) DEFAULT NULL,
  `buttontext` varchar(255) DEFAULT NULL,
  `buttonlink` varchar(255) DEFAULT NULL,
  `metaTitle` varchar(255) DEFAULT NULL,
  `metaKeyword` varchar(255) DEFAULT NULL,
  `metaDescription` text,
  `status` enum('Active','Inactive') DEFAULT 'Active',
  `createdBy` varchar(100) DEFAULT NULL,
  `updatedBy` varchar(100) DEFAULT NULL,
  `createdAt` datetime NOT NULL,
  `updatedAt` datetime NOT NULL
) ENGINE=InnoDB DEFAULT CHARSET=utf8mb4 COLLATE=utf8mb4_0900_ai_ci COMMENT='Dynamic Section Table';

--
-- Dumping data for table `dynamicSection_bkp_06`
--

INSERT INTO `dynamicSection_bkp_06` (`id`, `cId`, `moduleId`, `moduleItemId`, `crossModuleId`, `sequence`, `title`, `description`, `image`, `backgroundImage`, `slug`, `cssClass`, `link`, `buttontext`, `buttonlink`, `metaTitle`, `metaKeyword`, `metaDescription`, `status`, `createdBy`, `updatedBy`, `createdAt`, `updatedAt`) VALUES
(1, 1, 1, 5, NULL, NULL, 'Basic Course', 'ADVANCE SPOKEN ENGLISH & COMMUNICATION SKILL', '01.png', NULL, 'basic-course-1-1', NULL, NULL, NULL, NULL, NULL, NULL, NULL, 'Active', NULL, NULL, '2021-12-17 15:29:36', '2021-12-17 15:29:36'),
(2, 1, 1, 5, NULL, NULL, 'Advance Course', 'ADVANCE SPOKEN ENGLISH & COMMUNICATION SKILL', '02.png', NULL, 'advance-course-1-1', NULL, NULL, NULL, NULL, NULL, NULL, NULL, 'Active', NULL, NULL, '2021-12-17 16:00:43', '2021-12-17 16:00:43'),
(3, 1, 1, 5, NULL, NULL, 'Combined Course', 'ADVANCE SPOKEN ENGLISH & COMMUNICATION SKILL', '03.png', NULL, 'combined-course-1-1', NULL, NULL, NULL, NULL, NULL, NULL, NULL, 'Active', NULL, NULL, '2021-12-17 16:10:14', '2021-12-17 16:10:14'),
(4, 1, 1, 5, NULL, NULL, 'Kid Section', 'ADVANCE SPOKEN ENGLISH & COMMUNICATION SKILL', '01.png', NULL, 'kid-section-1-1', NULL, NULL, NULL, NULL, NULL, NULL, NULL, 'Active', NULL, NULL, '2021-12-17 16:11:41', '2021-12-17 16:11:41'),
(5, 1, 1, 7, NULL, NULL, 'Math Test', '1K+ Test Taken', '001.png', NULL, 'math-test-1', NULL, NULL, NULL, NULL, NULL, NULL, NULL, 'Active', NULL, NULL, '2021-12-17 16:14:12', '2021-12-17 16:14:12'),
(6, 1, 1, 7, NULL, NULL, 'Science Test', '1K+ Test Taken', '001.png', NULL, 'science-test-1', NULL, NULL, NULL, NULL, NULL, NULL, NULL, 'Active', NULL, NULL, '2021-12-17 16:15:40', '2021-12-17 16:15:40'),
(7, 1, 1, 7, NULL, NULL, 'History Test', '1K+ Test Taken', '001.png', NULL, 'history-test-1', NULL, NULL, NULL, NULL, NULL, NULL, NULL, 'Active', NULL, NULL, '2021-12-17 16:16:56', '2021-12-17 16:16:56'),
(8, 1, 1, 7, NULL, NULL, 'English Test', '1K+ Test Taken', '001.png', NULL, 'english-test-1', NULL, NULL, NULL, NULL, NULL, NULL, NULL, 'Active', NULL, NULL, '2021-12-17 16:19:24', '2021-12-17 16:19:24'),
(9, 1, 1, 7, NULL, NULL, 'English Test', '1K+ Test Taken', '001.png', NULL, 'english-test-12', NULL, NULL, NULL, NULL, NULL, NULL, NULL, 'Active', NULL, NULL, '2021-12-17 16:20:57', '2021-12-17 16:20:57'),
(10, 1, 1, 9, NULL, NULL, 'Best Learning Platform', 'Lorem Ipsum Is Simply Dummy Text Of The Printing And Typesetting Industry. Lorem Ipsum Has Been The Standard.', '01.jpg', NULL, '', NULL, NULL, NULL, NULL, NULL, NULL, NULL, 'Active', NULL, NULL, '2021-12-17 16:32:27', '2021-12-17 16:32:27'),
(11, 1, 1, 9, NULL, NULL, 'Best Learning Platform', 'Lorem Ipsum Is Simply Dummy Text Of The Printing And Typesetting Industry. Lorem Ipsum Has Been The Standard Dummy.', '02.jpg', NULL, '', NULL, NULL, NULL, NULL, NULL, NULL, NULL, 'Active', NULL, NULL, '2021-12-17 16:35:58', '2021-12-17 16:35:58'),
(12, 1, 1, 10, NULL, NULL, 'Welcome to Smart Education', 'Smart Education is a pioneer Institute in the field of Spoken English, call center, BPO and Personality Development at Midnapore / Kharagpur zone in West Bengal. In today’s world acquiring the scholastic degree is not sufficient to grow and excel in life; we need a bit of x-factor to beat others in the competition, an armory of academic certificate will fall short in mileage than to a morsel of extracurricular activities. Today it is no longer possible to get a job or an admission just on the basis of an entrance test. Each of these processes is followed by either a Group Discussion or a Personal Interview, or both...', '011.png', NULL, 'welcome-to-smart-education-1', NULL, NULL, NULL, NULL, NULL, NULL, NULL, 'Active', NULL, NULL, '2021-12-17 16:41:43', '2021-12-17 16:41:43'),
(13, 1, 1, 10, NULL, NULL, 'Teaching Process @ Smart Education', 'Smart Education is a pioneer Institute in the field of Spoken English, call center, BPO and Personality Development at Midnapore / Kharagpur zone in West Bengal. In today’s world acquiring the scholastic degree is not sufficient to grow and excel in life; we need a bit of x-factor to beat others in the competition, an armory of academic certificate will fall short in mileage than to a morsel of extracurricular activities. Today it is no longer possible to get a job or an admission just on the basis of an entrance test. Each of these processes is followed by either a Group Discussion or a Personal Interview, or both...', '021.png', NULL, 'teaching-process-at-smart-education', NULL, NULL, NULL, NULL, NULL, NULL, NULL, 'Active', NULL, NULL, '2021-12-17 16:43:31', '2021-12-17 16:43:31'),
(14, 1, 2, 12, NULL, NULL, 'Chandrima Bag', '<h4>M.A English, B.Ed</h4><h4>span>Specialization</span> : Creative Thinking, Vocabulary</h4>', 'chandrima.png', NULL, 'chandrima-bag', NULL, NULL, NULL, NULL, NULL, NULL, NULL, 'Active', NULL, NULL, '2021-12-17 16:43:31', '2021-12-17 16:43:31'),
(15, 1, 2, 12, NULL, NULL, 'Swarnali Nanda', '<h4>B.A. Sociology, MBA</h4>\r\n<h4><span>Specialization</span> : Public Speaking, Body Language</h4>', 'swarnali.jpg', NULL, 'swarnali-nanda', NULL, NULL, NULL, NULL, NULL, NULL, NULL, 'Active', NULL, NULL, '2021-12-17 16:43:31', '2021-12-17 16:43:31'),
(16, 1, 2, 12, NULL, NULL, 'Mouli Sarkar', '<h4>B.Sc Zoology</h4>\r\n<h4><span>Specialization</span> : Grammar, Corporate Etiquette</h4>', 'mouli.jpg', NULL, '', NULL, NULL, NULL, NULL, NULL, NULL, NULL, 'Active', NULL, NULL, '2021-12-17 16:43:31', '2021-12-17 16:43:31'),
(17, 1, 2, 12, NULL, NULL, 'Anwesha Patra', '<h4>M.Sc Nutrition</h4>\r\n<h4><span>Specialization</span> : Presentation, Team Leading, Public Speaking</h4>', 'anwesha.png', NULL, '', NULL, NULL, NULL, NULL, NULL, NULL, NULL, 'Active', NULL, NULL, '2021-12-17 16:43:31', '2021-12-17 16:43:31'),
(20, 1, 2, 12, NULL, NULL, 'Sanchita Hati', '<h4>M.A English</h4>\r\n<h4><span>Specialization</span> : English Literature, Vocabulary</h4>', 'sanchita.jpg', NULL, '', NULL, NULL, NULL, NULL, NULL, NULL, NULL, 'Active', NULL, NULL, '2021-12-17 16:43:31', '2021-12-17 16:43:31'),
(21, 1, 2, 12, NULL, NULL, 'Anupam Samanta', '<h4>M.A English D.El.Ed</h4>\r\n<h4><span>Specialization</span> : Grammar, Vocabulary, GK</h4>', 'anupam.jpg', NULL, '', NULL, NULL, NULL, NULL, NULL, NULL, NULL, 'Active', NULL, NULL, '2021-12-17 16:43:31', '2021-12-17 16:43:31'),
(22, 1, 2, 12, NULL, NULL, 'Barkha Sharma', '<h4>M.A English</h4>\r\n<h4><span>Specialization</span> : Soft Skill, External Activities</h4>', 'Barkha.jpg', NULL, '', NULL, NULL, NULL, NULL, NULL, NULL, NULL, 'Active', NULL, NULL, '2021-12-17 16:43:31', '2021-12-17 16:43:31'),
(23, 1, 2, 12, NULL, NULL, 'Mithu Pramanik', '<h4>M.A Bengali ,Education, B.Ed</h4>\r\n<h4><span>Specialization</span> : Kid Section, Counselling</h4>', 'Mithu.jpg', NULL, '', NULL, NULL, NULL, NULL, NULL, NULL, NULL, 'Active', NULL, NULL, '2021-12-17 16:43:31', '2021-12-17 16:43:31'),
(24, 1, 2, 12, NULL, NULL, 'Arpita Nayak', '<h4>M.A English, B.Ed</h4>\r\n<h4><span>Specialization</span> : Vocabulary, English Literature</h4>', 'arpita.jpg', NULL, '', NULL, NULL, NULL, NULL, NULL, NULL, NULL, 'Active', NULL, NULL, '2021-12-17 16:43:31', '2021-12-17 16:43:31'),
(25, 1, 2, 13, NULL, NULL, 'Leadership Skills', 'Leadership is not a title or a position it is action and example', 'Leadership Skills.jpg', NULL, '', NULL, NULL, NULL, NULL, NULL, NULL, NULL, 'Active', NULL, NULL, '2021-12-17 16:43:31', '2021-12-17 16:43:31'),
(26, 1, 2, 13, NULL, NULL, 'Communication Skills', 'Communication is the key to success', 'Communication Skills.png', NULL, '', NULL, NULL, NULL, NULL, NULL, NULL, NULL, 'Active', NULL, NULL, '2021-12-17 16:43:31', '2021-12-17 16:43:31'),
(27, 1, 2, 13, NULL, NULL, 'Decision Making', 'How will you know if it’s the RIGHT DECISION ,if you NEVER make it?', 'Decision Making.png', NULL, '', NULL, NULL, NULL, NULL, NULL, NULL, NULL, 'Active', NULL, NULL, '2021-12-17 16:43:31', '2021-12-17 16:43:31'),
(28, 1, 2, 13, NULL, NULL, 'Stress Management', 'STRESSED is DESSERTS spelled backwards.', 'Stress Management.png', NULL, '', NULL, NULL, NULL, NULL, NULL, NULL, NULL, 'Active', NULL, NULL, '2021-12-17 16:43:31', '2021-12-17 16:43:31'),
(29, 1, 2, 14, NULL, NULL, 'Welcome to Smart Education', 'Smart Education,is a pioneer Institute in the field of Spoken English, call center, BPO and Personality Development at Midnapore/Khargapur zone in West Bengal. In today’s world acquiring the scholastic degree is not sufficient to grow and excel in life; we need a bit of x-factor to beat others in the competition, an armory of academic certificate will fall short in mileage than to a morsel of extracurricular activities. Today it is no longer possible to get a job or an admission just on the basis of an entrance test. Each of these processes is followed by either a Group Discussion or a Personal Interview, or both.<span class=\"Gap\"></span>\r\n                                Personality Development is a tool through which you bring out your capabilities and your strengths making yourself aware of your inner self and become more confident to face the outside world.<span class=\"Gap\"></span>\r\n                                The main objective of the Smart Education is Training and Development programs for complete personality renovation; improving language & communication skills especially for the Bengali and Hindi medium students; developing career, time and resource management skills; viva, GD & interview skills etc. Further, smart education is facilitator of call centre training, campusing and placements.Everybody knows that learning English is very important in today.                            Personality Development is a tool through which you bring out your capabilities and your strengths making yourself aware of your inner self and become more confident to face the outside world.<span class=\"Gap\"></span>\r\n                            The main objective of the Smart Education is Training and Development programs for complete personality renovation; improving language & communication skills especially for the Bengali and Hindi medium students; developing career, time and resource management skills; viva, GD & interview skills etc. Further, smart education is facilitator of call centre training, campusing and placements.Everybody knows that learning English is very important in today.', '011.png', NULL, 'welcome-to-smart-education-2', NULL, NULL, NULL, NULL, NULL, NULL, NULL, 'Active', NULL, NULL, '2021-12-17 16:41:43', '2021-12-17 16:41:43'),
(30, 1, 2, 13, NULL, NULL, 'Team Building', 'Individually we are one drop BUT TOGETHER,we are an OCEAN.', 'Stress Management.png', NULL, '', NULL, NULL, NULL, NULL, NULL, NULL, NULL, 'Active', NULL, NULL, '2021-12-17 16:43:31', '2021-12-17 16:43:31'),
(31, 1, 2, 14, NULL, NULL, 'Teaching Process @ Smart Education', 'English learning and speaking is the latest demand of the society. Smart Education is having an out of the box procedure to organize class for each of the students of different ages. Learning English is not to acquire knowledge about grammar or listening dialog in the classroom.Everybody has to know the proper implication and use of the language. Hence only class coaching is not everything to get it acquainted with the language properly it is also necessary to take enough training in the practical field.<span class=\"Gap\"></span>\r\n                    For this reason, Outing Program and Public Facing are two special outdoor classes which have been gaining popularity of Smart Education. However, we have some other methods in our teaching process like learning English with the aid of indoor and outdoor games. Apart from these you will have personalized classes where you are able to do practice with our highly experienced faculties any time.<span class=\"Gap\"></span>\r\n                    We have few electronic devices and tools for self learning system where you have enough opportunity for practice; with this you can easily select your areas of concern and focus on them to rectify it.Voice Recording and Play Back Pronunciation facility in our system will correct your voice and accent. You will be a good orator with command in English after our coaching class and GD practice session and you will find out the secret of communicating with each others.Smart Education not only teaches you how to learn English, it will also groom your personality to dashing and attractive.<span class=\"Gap\"></span>\r\n                    <span class=\"Pre Black\">⚫ <b>Our Course Structure :</b> Introductory Conversation | Speech &amp; Debate | Group Discussion | Personality Development | Public Facing | GK &amp; GI | Basic Grammar | Self introduction | Games with English | Teaching | Quiz | Outing | Communication Skill | Interview Training | Movement | Soft Skill | IPA / MTI | Body Language | Tele Communication | Phonetic Development | Voice Modulation | Conversational English | Computer Literacy | Internet Application | Voice Technology</span>', '021.png', NULL, 'teaching-process-at-smart-education-2', NULL, NULL, NULL, NULL, NULL, NULL, NULL, 'Active', NULL, NULL, '2021-12-17 16:43:31', '2021-12-17 16:43:31'),
(32, 1, 2, 13, NULL, NULL, 'Campus To Corporate', 'Don’t let what you can’t do stop you from what you can do.', 'Campus To Corporate.png', NULL, '', NULL, NULL, NULL, NULL, NULL, NULL, NULL, 'Active', NULL, NULL, '2021-12-17 16:43:31', '2021-12-17 16:43:31'),
(33, 1, 2, 13, NULL, NULL, 'Spoken English', 'Language is a powerful tool,one must know how to use it.', 'Spoken English.png', NULL, '', NULL, NULL, NULL, NULL, NULL, NULL, NULL, 'Active', NULL, NULL, '2021-12-17 16:43:31', '2021-12-17 16:43:31'),
(34, 1, 2, 13, NULL, NULL, 'Creative Thinking', 'Creativity is intelligence having FUN', 'Creative Thinking.jpg', NULL, '', NULL, NULL, NULL, NULL, NULL, NULL, NULL, 'Active', NULL, NULL, '2021-12-17 16:43:31', '2021-12-17 16:43:31'),
(35, 1, 2, 13, NULL, NULL, 'Corporate Etiquette', 'Your skills can get you in the door,your people skills are what can seal the deal', 'Corporate Etiquette.png', NULL, '', NULL, NULL, NULL, NULL, NULL, NULL, NULL, 'Active', NULL, NULL, '2021-12-17 16:43:31', '2021-12-17 16:43:31'),
(36, 1, 2, 13, NULL, NULL, 'Public Speaking', 'Make your event STAND OUT form the rest', 'Public Speaking.png', NULL, '', NULL, NULL, NULL, NULL, NULL, NULL, NULL, 'Active', NULL, NULL, '2021-12-17 16:43:31', '2021-12-17 16:43:31'),
(37, 1, 2, 13, NULL, NULL, 'Interpersonal Skill', 'Interpersonal skills are the skills used by a person to interact with others properly.', 'Interpersonal Skill.jpg', NULL, '', NULL, NULL, NULL, NULL, NULL, NULL, NULL, 'Active', NULL, NULL, '2021-12-17 16:43:31', '2021-12-17 16:43:31'),
(38, 1, 2, 13, NULL, NULL, 'Interview Etiqutte', 'Interview etiquette is an often overlooked but important part of job search success.', 'Interview Etiqutte.jpg', NULL, '', NULL, NULL, NULL, NULL, NULL, NULL, NULL, 'Active', NULL, NULL, '2021-12-17 16:43:31', '2021-12-17 16:43:31'),
(39, 1, 2, 13, NULL, NULL, 'Body Language', 'Body language is a type of nonverbal communication in which physical behavior', 'Body Language.png', NULL, '', NULL, NULL, NULL, NULL, NULL, NULL, NULL, 'Active', NULL, NULL, '2021-12-17 16:43:31', '2021-12-17 16:43:31'),
(40, 1, 2, 13, NULL, NULL, 'Personal Effectiveness', 'Movement dealing with success, goals, and related concepts.', 'Personal Effectiveness.png', NULL, '', NULL, NULL, NULL, NULL, NULL, NULL, NULL, 'Active', NULL, NULL, '2021-12-17 16:43:31', '2021-12-17 16:43:31'),
(41, 1, 2, 13, NULL, NULL, 'Woman Empowerment', 'The empowered women is powerful beyond measure and beautiful beyond description', 'Woman Empowerment.png', NULL, '', NULL, NULL, NULL, NULL, NULL, NULL, NULL, 'Active', NULL, NULL, '2021-12-17 16:43:31', '2021-12-17 16:43:31'),
(42, 1, 2, 13, NULL, NULL, 'Career Guidance', 'Knowledge, information, skills, and experience necessary to identify career options', 'Career Guidance.png', NULL, '', NULL, NULL, NULL, NULL, NULL, NULL, NULL, 'Active', NULL, NULL, '2021-12-17 16:43:31', '2021-12-17 16:43:31'),
(43, 1, 2, 13, NULL, NULL, 'Presentation Skills', 'Presentation and practice of verbal and non-verbal communication.', 'Presentation Skills.png', NULL, '', NULL, NULL, NULL, NULL, NULL, NULL, NULL, 'Active', NULL, NULL, '2021-12-17 16:43:31', '2021-12-17 16:43:31'),
(44, 1, 2, 12, NULL, NULL, 'Sourav Das', '<h4>M.A Eng, D.El.Ed</h4>\r\n<h4><span>Specialization</span> : Communication Skill, Grammar</h4>', 'sourav.jpg', NULL, 'swarnali-nanda', NULL, NULL, NULL, NULL, NULL, NULL, NULL, 'Active', NULL, NULL, '2021-12-17 16:43:31', '2021-12-17 16:43:31'),
(46, 1, 3, 16, NULL, NULL, '', '', '10455861_887359897959068_1540480750654954957_n.jpg', NULL, '', NULL, NULL, NULL, NULL, NULL, NULL, NULL, 'Active', NULL, NULL, '2021-12-17 16:43:31', '2021-12-17 16:43:31'),
(47, 1, 3, 16, NULL, NULL, '', '', '11391365_1090644904297232_1223210634653578505_n-Copy.jpg', NULL, '', NULL, NULL, NULL, NULL, NULL, NULL, NULL, 'Active', NULL, NULL, '2021-12-17 16:43:31', '2021-12-17 16:43:31'),
(48, 1, 3, 16, NULL, NULL, '', '', '11539585_1109487962412926_7596416401092373099_n.jpg', NULL, '', NULL, NULL, NULL, NULL, NULL, NULL, NULL, 'Active', NULL, NULL, '2021-12-17 16:43:31', '2021-12-17 16:43:31'),
(49, 1, 3, 16, NULL, NULL, '', '', '13529044_1345090438852676_3239400086085794628_n.jpg', NULL, '', NULL, NULL, NULL, NULL, NULL, NULL, NULL, 'Active', NULL, NULL, '2021-12-17 16:43:31', '2021-12-17 16:43:31'),
(50, 1, 3, 16, NULL, NULL, '', '', '13599796_1345559135472473_8370789841203498820_n.jpg', NULL, '', NULL, NULL, NULL, NULL, NULL, NULL, NULL, 'Active', NULL, NULL, '2021-12-17 16:43:31', '2021-12-17 16:43:31'),
(51, 1, 3, 16, NULL, NULL, '', '', '13615499_1345554492139604_6984548836374860929_n.jpg', NULL, '', NULL, NULL, NULL, NULL, NULL, NULL, NULL, 'Active', NULL, NULL, '2021-12-17 16:43:31', '2021-12-17 16:43:31'),
(52, 1, 3, 16, NULL, NULL, '', '', '13631608_1345595868802133_3722981594126505835_n.jpg', NULL, '', NULL, NULL, NULL, NULL, NULL, NULL, NULL, 'Active', NULL, NULL, '2021-12-17 16:43:31', '2021-12-17 16:43:31'),
(53, 1, 3, 16, NULL, NULL, '', '', 'OgAAAF1GfBjimnpiLP34hG0JQcOw2iHazzPehaJnvZFws-c7U3XwM0_MzUZjmuZWZ3SwGnvtLZwITTfFtjqg4MUnBUMAm1T1ULkcVKvhm7WSjhTAIytPaqNsRu77.jpg', NULL, '', NULL, NULL, NULL, NULL, NULL, NULL, NULL, 'Active', NULL, NULL, '2021-12-17 16:43:31', '2021-12-17 16:43:31'),
(54, 1, 3, 17, NULL, NULL, '', '', 'OgAAAF1GfBjimnpiLP34hG0JQcOw2iHazzPehaJnvZFws-c7U3XwM0_MzUZjmuZWZ3SwGnvtLZwITTfFtjqg4MUnBUMAm1T1ULkcVKvhm7WSjhTAIytPaqNsRu77.jpg', NULL, '', NULL, NULL, NULL, NULL, NULL, NULL, NULL, 'Active', NULL, NULL, '2021-12-17 16:43:31', '2021-12-17 16:43:31'),
(55, 1, 3, 17, NULL, NULL, '', '', 'DSCN3118.jpg', NULL, '', NULL, NULL, NULL, NULL, NULL, NULL, NULL, 'Active', NULL, NULL, '2021-12-17 16:43:31', '2021-12-17 16:43:31'),
(56, 1, 3, 17, NULL, NULL, '', '', 'DSCN3199.jpg', NULL, '', NULL, NULL, NULL, NULL, NULL, NULL, NULL, 'Active', NULL, NULL, '2021-12-17 16:43:31', '2021-12-17 16:43:31'),
(57, 1, 3, 17, NULL, NULL, '', '', 'DSCN3363.jpg', NULL, '', NULL, NULL, NULL, NULL, NULL, NULL, NULL, 'Active', NULL, NULL, '2021-12-17 16:43:31', '2021-12-17 16:43:31'),
(58, 1, 3, 18, NULL, NULL, '', '', '13524522_1337934652901588_7021498340468550514_n.jpg', NULL, '', NULL, NULL, NULL, NULL, NULL, NULL, NULL, 'Active', NULL, NULL, '2021-12-17 16:43:31', '2021-12-17 16:43:31'),
(59, 1, 3, 18, NULL, NULL, '', '', 'DSC0579.jpg', NULL, '', NULL, NULL, NULL, NULL, NULL, NULL, NULL, 'Active', NULL, NULL, '2021-12-17 16:43:31', '2021-12-17 16:43:31'),
(60, 1, 3, 18, NULL, NULL, '', '', 'DSC_0367.jpg', NULL, '', NULL, NULL, NULL, NULL, NULL, NULL, NULL, 'Active', NULL, NULL, '2021-12-17 16:43:31', '2021-12-17 16:43:31'),
(61, 1, 3, 18, NULL, NULL, '', '', 'DSC_0428.jpg', NULL, '', NULL, NULL, NULL, NULL, NULL, NULL, NULL, 'Active', NULL, NULL, '2021-12-17 16:43:31', '2021-12-17 16:43:31'),
(62, 1, 3, 18, NULL, NULL, '', '', 'DSC_1282.jpg', NULL, '', NULL, NULL, NULL, NULL, NULL, NULL, NULL, 'Active', NULL, NULL, '2021-12-17 16:43:31', '2021-12-17 16:43:31'),
(63, 1, 3, 18, NULL, NULL, '', '', 'DSC_1375.jpg', NULL, '', NULL, NULL, NULL, NULL, NULL, NULL, NULL, 'Active', NULL, NULL, '2021-12-17 16:43:31', '2021-12-17 16:43:31'),
(64, 1, 3, 18, NULL, NULL, '', '', 'DSCN3656.jpg', NULL, '', NULL, NULL, NULL, NULL, NULL, NULL, NULL, 'Active', NULL, NULL, '2021-12-17 16:43:31', '2021-12-17 16:43:31'),
(65, 1, 3, 18, NULL, NULL, '', '', 'gallery.jpg', NULL, '', NULL, NULL, NULL, NULL, NULL, NULL, NULL, 'Active', NULL, NULL, '2021-12-17 16:43:31', '2021-12-17 16:43:31'),
(66, 1, 3, 19, NULL, NULL, '', '', 'IMG_1367.jpg', NULL, '', NULL, NULL, NULL, NULL, NULL, NULL, NULL, 'Active', NULL, NULL, '2021-12-17 16:43:31', '2021-12-17 16:43:31'),
(67, 1, 3, 20, NULL, NULL, '', '', 'CLASS-POSTURE.jpg', NULL, '', NULL, NULL, NULL, NULL, NULL, NULL, NULL, 'Active', NULL, NULL, '2021-12-17 16:43:31', '2021-12-17 16:43:31'),
(68, 1, 3, 20, NULL, NULL, '', '', 'GD-outing.jpg', NULL, '', NULL, NULL, NULL, NULL, NULL, NULL, NULL, 'Active', NULL, NULL, '2021-12-17 16:43:31', '2021-12-17 16:43:31'),
(69, 1, 3, 20, NULL, NULL, '', '', 'MAKES-U-FRIENDLY.jpg', NULL, '', NULL, NULL, NULL, NULL, NULL, NULL, NULL, 'Active', NULL, NULL, '2021-12-17 16:43:31', '2021-12-17 16:43:31'),
(70, 1, 3, 20, NULL, NULL, '', '', 'OgAAAA48iSE5F8WF7lTnQ3LHQikJsA9BWsXKjqHMD_hCz9jrth91vxhXeklDgSwRskpCa6iAkceRgIjhq2p6919cs-wAm1T1UEUM9uzIRiSijSn0AbNHNVN5tFVf.jpg', NULL, '', NULL, NULL, NULL, NULL, NULL, NULL, NULL, 'Active', NULL, NULL, '2021-12-17 16:43:31', '2021-12-17 16:43:31'),
(71, 1, 3, 20, NULL, NULL, '', '', 'OgAAAEGX2ao0Hsej467W0zpLa12nGq0dIZka4iXbXtpFUuPC_r_rjhUIIu-5oSrXUgHtmuhSXPzA69cW4WFpeE-J6fgAm1T1UGzA-kGda4bmshxKjMANunIbvtS6.jpg', NULL, '', NULL, NULL, NULL, NULL, NULL, NULL, NULL, 'Active', NULL, NULL, '2021-12-17 16:43:31', '2021-12-17 16:43:31'),
(72, 1, 3, 20, NULL, NULL, '', '', 'OgAAAHwcu07PEjHIGd2ALhm7NEDTaZsvs8JuJY5enVDLJ2pwfKMvIyCoLISXvAjhoAtJTifTO-plCPPKzqI7nH_YnpgAm1T1UCbKao8WkLYt2WzxZo-3AmVm5QCo.jpg', NULL, '', NULL, NULL, NULL, NULL, NULL, NULL, NULL, 'Active', NULL, NULL, '2021-12-17 16:43:31', '2021-12-17 16:43:31'),
(73, 1, 3, 21, NULL, NULL, '', '', '10509623_897560916938966_1899319454927986680_n.jpg', NULL, '', NULL, NULL, NULL, NULL, NULL, NULL, NULL, 'Active', NULL, NULL, '2021-12-17 16:43:31', '2021-12-17 16:43:31'),
(74, 1, 3, 21, NULL, NULL, '', '', '11029524_1033722349989488_2500501623029194444_n.jpg', NULL, '', NULL, NULL, NULL, NULL, NULL, NULL, NULL, 'Active', NULL, NULL, '2021-12-17 16:43:31', '2021-12-17 16:43:31'),
(75, 1, 3, 21, NULL, NULL, '', '', '11139434_1079509435410779_8662349987785194871_n.jpg', NULL, '', NULL, NULL, NULL, NULL, NULL, NULL, NULL, 'Active', NULL, NULL, '2021-12-17 16:43:31', '2021-12-17 16:43:31'),
(76, 1, 3, 21, NULL, NULL, '', '', '12046665_1165263720168683_3317395816535655581_n.jpg', NULL, '', NULL, NULL, NULL, NULL, NULL, NULL, NULL, 'Active', NULL, NULL, '2021-12-17 16:43:31', '2021-12-17 16:43:31'),
(77, 1, 3, 21, NULL, NULL, '', '', '1600997_1261230523905335_2058171314690032938_n.jpg', NULL, '', NULL, NULL, NULL, NULL, NULL, NULL, NULL, 'Active', NULL, NULL, '2021-12-17 16:43:31', '2021-12-17 16:43:31'),
(78, 1, 3, 21, NULL, NULL, '', '', '18301918_1683066375055079_5167932544475067481_n.jpg', NULL, '', NULL, NULL, NULL, NULL, NULL, NULL, NULL, 'Active', NULL, NULL, '2021-12-17 16:43:31', '2021-12-17 16:43:31'),
(79, 1, 3, 21, NULL, NULL, '', '', '1935810_1258432674185120_6473195777547326287_n.jpg', NULL, '', NULL, NULL, NULL, NULL, NULL, NULL, NULL, 'Active', NULL, NULL, '2021-12-17 16:43:31', '2021-12-17 16:43:31'),
(80, 1, 3, 21, NULL, NULL, '', '', '31945920_2088727557822290_4233896782356021248_n.jpg', NULL, '', NULL, NULL, NULL, NULL, NULL, NULL, NULL, 'Active', NULL, NULL, '2021-12-17 16:43:31', '2021-12-17 16:43:31'),
(81, 1, 3, 22, NULL, NULL, '', '', '11216796_1135355079826214_2742008664831553400_n.jpg', NULL, '', NULL, NULL, NULL, NULL, NULL, NULL, NULL, 'Active', NULL, NULL, '2021-12-17 16:43:31', '2021-12-17 16:43:31'),
(82, 1, 3, 22, NULL, NULL, '', '', '11391365_1090644904297232_1223210634653578505_n-Copy.jpg', NULL, '', NULL, NULL, NULL, NULL, NULL, NULL, NULL, 'Active', NULL, NULL, '2021-12-17 16:43:31', '2021-12-17 16:43:31'),
(83, 1, 3, 22, NULL, NULL, '', '', '13346758_1323654830996237_1720354336956602007_n.jpg', NULL, '', NULL, NULL, NULL, NULL, NULL, NULL, NULL, 'Active', NULL, NULL, '2021-12-17 16:43:31', '2021-12-17 16:43:31'),
(84, 1, 3, 22, NULL, NULL, '', '', '16939704_1598824020145982_6131319172085011902_n.jpg', NULL, '', NULL, NULL, NULL, NULL, NULL, NULL, NULL, 'Active', NULL, NULL, '2021-12-17 16:43:31', '2021-12-17 16:43:31'),
(85, 1, 3, 22, NULL, NULL, '', '', '18951443_1720158634679186_5074776998428158624_n.jpg', NULL, '', NULL, NULL, NULL, NULL, NULL, NULL, NULL, 'Active', NULL, NULL, '2021-12-17 16:43:31', '2021-12-17 16:43:31'),
(86, 1, 3, 23, NULL, NULL, '', '', 'IMG_1464.jpg', NULL, '', NULL, NULL, NULL, NULL, NULL, NULL, NULL, 'Active', NULL, NULL, '2021-12-17 16:43:31', '2021-12-17 16:43:31'),
(87, 1, 3, 23, NULL, NULL, '', '', 'IMG_1476.jpg', NULL, '', NULL, NULL, NULL, NULL, NULL, NULL, NULL, 'Active', NULL, NULL, '2021-12-17 16:43:31', '2021-12-17 16:43:31'),
(88, 1, 3, 23, NULL, NULL, '', '', 'IMG_1477.jpg', NULL, '', NULL, NULL, NULL, NULL, NULL, NULL, NULL, 'Active', NULL, NULL, '2021-12-17 16:43:31', '2021-12-17 16:43:31'),
(89, 1, 3, 23, NULL, NULL, '', '', 'IMG_1480.jpg', NULL, '', NULL, NULL, NULL, NULL, NULL, NULL, NULL, 'Active', NULL, NULL, '2021-12-17 16:43:31', '2021-12-17 16:43:31'),
(90, 1, 3, 24, NULL, NULL, '', '', 'hqdefault.jpg', NULL, '', NULL, NULL, NULL, NULL, NULL, NULL, NULL, 'Active', NULL, NULL, '2021-12-17 16:43:31', '2021-12-17 16:43:31'),
(91, 1, 3, 24, NULL, NULL, '', '', 'hqdefault.jpg', NULL, '', NULL, NULL, NULL, NULL, NULL, NULL, NULL, 'Active', NULL, NULL, '2021-12-17 16:43:31', '2021-12-17 16:43:31'),
(92, 1, 3, 24, NULL, NULL, '', '', 'hqdefault.jpg', NULL, '', NULL, NULL, NULL, NULL, NULL, NULL, NULL, 'Active', NULL, NULL, '2021-12-17 16:43:31', '2021-12-17 16:43:31'),
(93, 1, 3, 24, NULL, NULL, '', '', 'hqdefault.jpg', NULL, '', NULL, NULL, NULL, NULL, NULL, NULL, NULL, 'Active', NULL, NULL, '2021-12-17 16:43:31', '2021-12-17 16:43:31'),
(94, 1, 3, 24, NULL, NULL, '', '', 'hqdefault.jpg', NULL, '', NULL, NULL, NULL, NULL, NULL, NULL, NULL, 'Active', NULL, NULL, '2021-12-17 16:43:31', '2021-12-17 16:43:31'),
(95, 1, 3, 24, NULL, NULL, '', '', 'hqdefault.jpg', NULL, '', NULL, NULL, NULL, NULL, NULL, NULL, NULL, 'Active', NULL, NULL, '2021-12-17 16:43:31', '2021-12-17 16:43:31'),
(96, 1, 3, 24, NULL, NULL, '', '', 'hqdefault.jpg', NULL, '', NULL, NULL, NULL, NULL, NULL, NULL, NULL, 'Active', NULL, NULL, '2021-12-17 16:43:31', '2021-12-17 16:43:31'),
(97, 1, 3, 24, NULL, NULL, '', '', 'hqdefault.jpg', NULL, '', NULL, NULL, NULL, NULL, NULL, NULL, NULL, 'Active', NULL, NULL, '2021-12-17 16:43:31', '2021-12-17 16:43:31'),
(98, 1, 4, 25, NULL, NULL, 'Midnapur', '<p>SMART EDUCATION, Near the Railway Station of MIDNAPORE<br>2 Minutes Walking Distance behind \"FAKHIR KUA\".<br><b>Mobile</b> : 9932053428 / 9832153428</p><iframe src=\"https://www.google.com/maps/embed?pb=!1m18!1m12!1m3!1d3688.044958793171!2d87.31015201457923!3d22.427333585257728!2m3!1f0!2f0!3f0!3m2!1i1024!2i768!4f13.1!3m3!1m2!1s0x3a1d5b4324325bc7%3A0x7ff6d3cc788d2b7d!2sSmart+Education+(+Spoken+English+%26+Personality+Development)!5e0!3m2!1sen!2sin!4v1529392499056\" width=\"100%\" height=\"450\" frameborder=\"0\" allowfullscreen=\"\"></iframe>', '', NULL, '', NULL, NULL, NULL, NULL, NULL, NULL, NULL, 'Active', NULL, NULL, '2021-12-17 16:43:31', '2021-12-17 16:43:31'),
(99, 1, 4, 25, NULL, NULL, 'Shyampur', '<p>Loknath Bhawan,Shyampur, Howrah<br>(Near SitalMandir/Electric Office)<br><b>Mobile</b> : 7003631214 (Mr. Koushik Maji)</p><iframe src=\"https://www.google.com/maps/embed?pb=!1m18!1m12!1m3!1d3691.485128850895!2d88.02475491457658!3d22.297485285325045!2m3!1f0!2f0!3f0!3m2!1i1024!2i768!4f13.1!3m3!1m2!1s0x3a028d145c33be25%3A0xf7f0839711375a76!2sSmart+Education.+Spoken+English+and+Personality+Development+institute!5e0!3m2!1sen!2sin!4v1529392687678\" width=\"100%\" height=\"450\" frameborder=\"0\" allowfullscreen=\"\"></iframe>', '', NULL, '', NULL, NULL, NULL, NULL, NULL, NULL, NULL, 'Active', NULL, NULL, '2021-12-17 16:43:31', '2021-12-17 16:43:31'),
(100, 1, 4, 25, NULL, NULL, 'Debra', '<p>Debra Kindergarten School, Debra, Paschim Medinipur<br><b>Mobile</b> : 9832153428</p><iframe src=\"https://www.google.com/maps/embed?pb=!1m18!1m12!1m3!1d3688.808245324842!2d87.55998101457863!3d22.3985851852726!2m3!1f0!2f0!3f0!3m2!1i1024!2i768!4f13.1!3m3!1m2!1s0x3a02b2977c06f75d%3A0xbe5bec16b47882f7!2sDebra+Kinder+Garten+School!5e0!3m2!1sen!2sin!4v1529392020831\" width=\"100%\" height=\"450\" frameborder=\"0\" allowfullscreen=\"\"></iframe>', '', NULL, '', NULL, NULL, NULL, NULL, NULL, NULL, NULL, 'Active', NULL, NULL, '2021-12-17 16:43:31', '2021-12-17 16:43:31'),
(101, 1, 4, 25, NULL, NULL, 'Kharagpur', '<p>SMART EDUCATION, J N Dutta Arcade (2nd Floor)<br>Inda Market (Kali Mandir Lane) Khargapur, Paschim Medinipur<br><b>Mobile</b> : 9832153428 /9932053428</p><iframe src=\"https://www.google.com/maps/embed?pb=!1m18!1m12!1m3!1d3690.161519475151!2d87.33236211457762!3d22.34752928529903!2m3!1f0!2f0!3f0!3m2!1i1024!2i768!4f13.1!3m3!1m2!1s0x3a1d444e3030005b%3A0x23ac3be2faaf8e1f!2sSmart+Education+-+Khargapur!5e0!3m2!1sen!2sin!4v1529390987721\" width=\"100%\" height=\"450\" frameborder=\"0\" allowfullscreen=\"\"></iframe>', '', NULL, '', NULL, NULL, NULL, NULL, NULL, NULL, NULL, 'Active', NULL, NULL, '2021-12-17 16:43:31', '2021-12-17 16:43:31'),
(102, 1, 4, 25, NULL, NULL, 'Kolkata', '<p>RA 313/7 Nabapally, Sector 4, Sukanta Nagar Bus Stop.<br>Near Chingrighata Crossing</p><iframe src=\"https://www.google.com/maps/embed?pb=!1m18!1m12!1m3!1d29476.47678057598!2d88.39532755614799!3d22.558164522536256!2m3!1f0!2f0!3f0!3m2!1i1024!2i768!4f13.1!3m3!1m2!1s0x0%3A0x3afdb9b988932793!2sSmart+Education+(Spoken+ENGLISH+%26PERSONALITY+DEVELOPMENT+INSTITUTE+)!5e0!3m2!1sen!2sin!4v1529392332301\" width=\"100%\" height=\"450\" frameborder=\"0\" allowfullscreen=\"\"></iframe>', '', NULL, '', NULL, NULL, NULL, NULL, NULL, NULL, NULL, 'Active', NULL, NULL, '2021-12-17 16:43:31', '2021-12-17 16:43:31'),
(103, 1, 5, 1, NULL, NULL, 'Advance Course', '<h5 class=\"Details\">This course has been designed for all category students who are interested to speak English fluently with proper pronunciation and want groom themselves for a brighter future.</h5>\r\n<h4><span class=\"Semi-Bold\">Course Duration</span> : 3 Months</h4>\r\n<h4><span class=\"Semi-Bold\">Timing</span> : 3 Days In A Week</h4>', '02.png', NULL, 'advance-course-1', NULL, NULL, NULL, NULL, NULL, NULL, NULL, 'Active', NULL, NULL, '2021-12-17 16:43:31', '2021-12-17 16:43:31'),
(104, 1, 5, 1, NULL, NULL, 'Basic Course', '<h5 class=\"Details\">This course has been specially design to introduce English communication skill as well as to develop your outgoing personality.Here we will teach you how to speak simple English with strong confidence.</h5>\r\n<h4><span class=\"Semi-Bold\">Course Duration</span> : 3 Months</h4>\r\n<h4><span class=\"Semi-Bold\">Time</span> : 12 Minutes</h4>', '01.png', NULL, 'basic-course-1', NULL, NULL, NULL, NULL, NULL, NULL, NULL, 'Active', NULL, NULL, '2021-12-17 16:43:31', '2021-12-17 16:43:31'),
(105, 1, 5, 1, NULL, NULL, 'Combined Course', '<h5 class=\"Details\">This course has been designed for all category students who are interested to speak English fluently with proper pronunciation and want groom themselves for a brighter future.</h5>\r\n<h4><span class=\"Semi-Bold\">Course Duration</span> : Up To Service</h4>\r\n<h4><span class=\"Semi-Bold\">Timing</span> : 4 Days In A Week</h4>', '03.png', NULL, 'combined-course-1', NULL, NULL, NULL, NULL, NULL, NULL, NULL, 'Active', NULL, NULL, '2021-12-17 16:43:31', '2021-12-17 16:43:31'),
(106, 1, 6, 26, NULL, NULL, 'Grammer Test', '<h5 class=\"Details\">This course has been specially design to test your <span class=\"Semi-Bold\">English Grammer</span> knowledge.</h5><h4><span class=\"Semi-Bold\">No. Of Questions</span> : 12</h4>\r\n<h4><span class=\"Semi-Bold\">Time</span> : 12 Minutes</h4>', '01.png', NULL, 'grammer-test-1', NULL, NULL, NULL, NULL, NULL, NULL, NULL, 'Active', NULL, NULL, '2021-12-17 16:43:31', '2021-12-17 16:43:31'),
(107, 1, 6, 26, NULL, NULL, 'Reading Test', '<h5 class=\"Details\">This course has been specially design to test your <span class=\"Semi-Bold\">English Reading</span> skills.</h5>\r\n<h4><span class=\"Semi-Bold\">No. Of Questions</span> : 12</h4>\r\n<h4><span class=\"Semi-Bold\">Time</span> : 30 Minutes</h4>', '01.png', NULL, 'reading-test-1', NULL, NULL, NULL, NULL, NULL, NULL, NULL, 'Active', NULL, NULL, '2021-12-17 16:43:31', '2021-12-17 16:43:31'),
(108, 1, 6, 26, NULL, NULL, 'GK Test', '<h5 class=\"Details\">This course has been specially design to test your <span class=\"Semi-Bold\">General Knowledge</span>.</h5>\r\n<h4><span class=\"Semi-Bold\">No. Of Questions</span> : 12</h4>\r\n<h4><span class=\"Semi-Bold\">Time</span> : 12 Minutes</h4>', '01.png', NULL, 'gk-test-1', NULL, NULL, NULL, NULL, NULL, NULL, NULL, 'Active', NULL, NULL, '2021-12-17 16:43:31', '2021-12-17 16:43:31'),
(112, 4, NULL, 31, NULL, NULL, 'Kid Section & Advance Sp0ken English', 'We Focuses on developing the four English language skills : Reading, Writing, Listening and Speaking.', '01.png', NULL, 'kid-section-advance-spoken-english-4', NULL, NULL, NULL, NULL, NULL, NULL, NULL, 'Active', NULL, NULL, '2021-12-22 16:01:29', '2021-12-22 16:01:29'),
(113, 4, NULL, 31, NULL, NULL, 'Professional Course & Advance Spoken English', 'If you are A BUSY PROFESSIONAL and have no time then you can join our professional batch.', '02.png', NULL, 'professional-course-advance-spoken-english-4', NULL, NULL, NULL, NULL, NULL, NULL, NULL, 'Active', NULL, NULL, '2021-12-22 16:06:57', '2021-12-22 16:06:57'),
(114, 4, NULL, 31, NULL, NULL, 'Basic Course & Advance Spoken English', 'This course has been specially design to introduce English communication skill.', '03.png', NULL, 'basic-course-advance-spoken-english-4', NULL, NULL, NULL, NULL, NULL, NULL, NULL, 'Active', NULL, NULL, '2021-12-22 16:06:57', '2021-12-22 16:06:57'),
(115, 4, NULL, 31, NULL, NULL, 'Kid Section & Advance Spoken English', 'We Focuses on developing the four English language skills : Reading, Writing, Listening and Speaking.', NULL, NULL, 'kid-section-advance-spoken-english-4', NULL, NULL, NULL, NULL, NULL, NULL, NULL, 'Active', NULL, NULL, '2021-12-22 16:09:11', '2021-12-22 16:09:11'),
(116, 3, 13, 36, NULL, NULL, 'Revised List of Appearing Candidates for Pre-Internship of D.El.Ed. 2019-21', '', '', NULL, 'notice-for-submission-of-migration-for-b.ed.-2021-23', NULL, NULL, NULL, NULL, NULL, NULL, NULL, 'Active', NULL, NULL, '2021-12-17 16:43:31', '2021-12-17 16:43:31'),
(117, 3, 13, 36, NULL, NULL, 'Registration Notice for B.Ed. 2020-22', '', '', NULL, 'notice-for-teacher-orientation-program-3', NULL, NULL, NULL, NULL, NULL, NULL, NULL, 'Active', NULL, NULL, '2021-12-17 16:43:31', '2021-12-17 16:43:31'),
(118, 3, 13, 36, NULL, NULL, 'Notice for attendance in the forth coming National Webinar during the Month of July 2021', '', '', NULL, 'notice-for-deposition-of-due-course-fees-for-b.ed.-2021-23-3', NULL, NULL, NULL, NULL, NULL, NULL, NULL, 'Active', NULL, NULL, '2021-12-17 16:43:31', '2021-12-17 16:43:31'),
(119, 3, 13, 36, NULL, NULL, 'Notice About Student Credit Card Scheme', '', '', NULL, 'notice-for-deposition-of-due-course-fees-3', NULL, NULL, NULL, NULL, NULL, NULL, NULL, 'Active', NULL, NULL, '2021-12-17 16:43:31', '2021-12-17 16:43:31'),
(120, 3, 13, 36, NULL, NULL, 'Notice for collection of Admit Cards of B.Ed. 2019-21 3rd Sem', '', '', NULL, 'notice-for-non-attending-the-internal-examination-of-d.el.edd.-2020-22-1st-sem-3', NULL, NULL, NULL, NULL, NULL, NULL, NULL, 'Active', NULL, NULL, '2021-12-17 16:43:31', '2021-12-17 16:43:31'),
(121, 3, 13, 36, NULL, NULL, 'Notice for Date Extension of submission of Assignment Copy', '', '', NULL, 'notice-for-submission-of-migration-for-b.ed. 2021-23-3', NULL, NULL, NULL, NULL, NULL, NULL, NULL, 'Active', NULL, NULL, '2021-12-17 16:43:31', '2021-12-17 16:43:31'),
(122, 3, 13, 37, NULL, NULL, 'Admission', '', 'admission.png', NULL, 'admission-3', NULL, NULL, NULL, NULL, NULL, NULL, NULL, 'Active', NULL, NULL, '2021-12-17 16:43:31', '2021-12-17 16:43:31'),
(123, 3, 13, 37, NULL, NULL, 'Course', '', 'online-course.png', NULL, 'course-3', NULL, NULL, NULL, NULL, NULL, NULL, NULL, 'Active', NULL, NULL, '2021-12-17 16:43:31', '2021-12-17 16:43:31'),
(124, 3, 13, 37, NULL, NULL, 'Cultural Calender', '', 'calendar.png', NULL, 'cultural-calender-3', NULL, NULL, NULL, NULL, NULL, NULL, NULL, 'Active', NULL, NULL, '2021-12-17 16:43:31', '2021-12-17 16:43:31'),
(125, 3, 13, 37, NULL, NULL, 'Depertment List', '', 'department.png', NULL, 'department-list-3', NULL, NULL, NULL, NULL, NULL, NULL, NULL, 'Active', NULL, NULL, '2021-12-17 16:43:31', '2021-12-17 16:43:31'),
(126, 3, 13, 37, NULL, NULL, 'Exam Calender', '', 'homework.png', NULL, 'exam-calender-3', NULL, NULL, NULL, NULL, NULL, NULL, NULL, 'Active', NULL, NULL, '2021-12-17 16:43:31', '2021-12-17 16:43:31'),
(127, 3, 13, 37, NULL, NULL, 'Holiday List', '', 'holidays.png', NULL, 'holiday-list-3', NULL, NULL, NULL, NULL, NULL, NULL, NULL, 'Active', NULL, NULL, '2021-12-17 16:43:31', '2021-12-17 16:43:31'),
(128, 3, 13, 37, NULL, NULL, 'Result', '', 'stadistics.png', NULL, 'result-3', NULL, NULL, NULL, NULL, NULL, NULL, NULL, 'Active', NULL, NULL, '2021-12-17 16:43:31', '2021-12-17 16:43:31'),
(129, 3, 13, 37, NULL, NULL, 'Staff List', '', 'teamwork.png', NULL, 'staff-list-3', NULL, NULL, NULL, NULL, NULL, NULL, NULL, 'Active', NULL, NULL, '2021-12-17 16:43:31', '2021-12-17 16:43:31'),
(130, 3, 13, 37, NULL, NULL, 'Student List', '', 'reading.png', NULL, 'student-list-3', NULL, NULL, NULL, NULL, NULL, NULL, NULL, 'Active', NULL, NULL, '2021-12-17 16:43:31', '2021-12-17 16:43:31'),
(131, 3, 13, 37, NULL, NULL, 'Study Materials', '', 'studies.png', NULL, 'study-materials-3', NULL, NULL, NULL, NULL, NULL, NULL, NULL, 'Active', NULL, NULL, '2021-12-17 16:43:31', '2021-12-17 16:43:31'),
(136, 3, 17, 41, NULL, NULL, 'Our Collage', 'Lalita Barik Memorial Charitable Trust (LBMCT) has given special attention for setting up Primary Teacher Training Institute at Kultikri under Sankrail Block for introducing D.EL.Ed course in Kultikiri Teachers Training Institute of Higher Studies.\r\nThe Trust is ideologically responsible to provide the trainees quality maintenance, professional competence and sound knowledge of pedagogy with the help of our well-experienced faculty, well equipped library, computer and laboratory and modern audio and video programme in addition to the so called class room teaching. The B.Ed. Course is to run under N.C.T.E. norms and recognition (Govt. of India) with affiliation of Vidyasagar University at Midnapur, West Bengal.\r\n\r\nWe would continue to strive for quality and excellence.', 'about.jpeg', NULL, 'gallery-3', NULL, NULL, NULL, NULL, NULL, NULL, NULL, 'Active', NULL, NULL, '2021-12-17 16:43:31', '2021-12-17 16:43:31'),
(137, 3, 17, 41, NULL, NULL, 'Mission & Vission', 'MISSION\r\nTo establish and run institutions of higher education in teachers’ training for primary and secondary, engineering, technology, management, paramedical, medical and other professional courses with the aim of making the Midnapore a center for education and training to enable the students to pursue careers of their choice and to obviate the need to travel long distances for fulfilling. AACT is currently making endeavor for launching B.Ed course titled  Rishi Aurobindo Institute of Teacher’s Education at Panchkhuri, Paschim Midnapore.\r\nVISION\r\nTo be a leading organization for providing education in the fields of technology, management, medical, paramedical science etc., for the socio-economic development of the region creating centers of excellence in education so as to provide value based education of international standards to all segments of society and to stand by the weaker segments of society..', '', NULL, '', NULL, NULL, NULL, NULL, NULL, NULL, NULL, 'Active', NULL, NULL, '2021-12-17 16:43:31', '2021-12-17 16:43:31'),
(138, 3, 17, 41, NULL, NULL, 'CODE OF CONDUCT', 'Content coming soon', '', NULL, '', NULL, NULL, NULL, NULL, NULL, NULL, NULL, 'Active', NULL, NULL, '2021-12-17 16:43:31', '2021-12-17 16:43:31'),
(139, 2, 46, 42, NULL, NULL, 'Internet Experts', 'We have been working in this industry for 10+ years. So Rest Assured, you\'re in Good Hands.', 'whyUs-1.png', NULL, NULL, NULL, NULL, NULL, NULL, NULL, NULL, NULL, 'Active', NULL, NULL, '2021-12-23 13:53:37', '2021-12-23 13:53:37'),
(140, 2, 46, 42, NULL, NULL, 'Latest Technology', 'Our Development Team is always upto date with the Latest Technologies for Performance & Stability.', 'whyUs-2.png', NULL, NULL, NULL, NULL, NULL, NULL, NULL, NULL, NULL, 'Active', NULL, NULL, '2021-12-23 13:53:37', '2021-12-23 13:53:37'),
(141, 2, 46, 42, NULL, NULL, 'All Inclusive in one Window', 'Everything that you need in one place. We will make sure that your requirements are fulfilled', 'whyUs-3.png', NULL, NULL, NULL, NULL, NULL, NULL, NULL, NULL, NULL, 'Active', NULL, NULL, '2021-12-23 13:53:37', '2021-12-23 13:53:37'),
(142, 2, 46, 42, NULL, NULL, 'Cost Efficient', 'Even at Rock Bottom pricing, we make no compromises at providing the Best Quality.', 'whyUs-4.png', NULL, NULL, NULL, NULL, NULL, NULL, NULL, NULL, NULL, 'Active', NULL, NULL, '2021-12-23 13:53:37', '2021-12-23 13:53:37'),
(143, 2, 46, 44, NULL, NULL, 'PHARMA', 'Now react door to door for Maximum Profit & Growth in your Business.', 'offer-3.jpg', NULL, 'pmarma-2', NULL, NULL, NULL, NULL, NULL, NULL, NULL, 'Active', NULL, NULL, '2021-12-23 13:53:37', '2021-12-23 13:53:37'),
(144, 2, 46, 44, NULL, NULL, 'CUSTOMIZED SOLUTIONS', 'We are always ready to Deliver any Customized Solution that you are looking for.', 'offer-4.jpg', NULL, 'customized-soluttions-2', NULL, NULL, NULL, NULL, NULL, NULL, NULL, 'Active', NULL, NULL, '2021-12-23 13:53:37', '2021-12-23 13:53:37'),
(145, 2, 46, 44, 48, NULL, 'RESTAURANT', 'Take your Restaurant Business to the next level with thousands of Online Customers.', 'offer-1.jpg', NULL, 'restaurant-2', NULL, NULL, NULL, NULL, NULL, NULL, NULL, 'Active', NULL, NULL, '2021-12-23 13:53:37', '2021-12-23 13:53:37'),
(146, 2, 46, 44, NULL, NULL, 'GROCERY', 'From your store to Customer Home, without any complicated management.', 'offer-2.jpg', NULL, 'grocery-2', NULL, NULL, NULL, NULL, NULL, NULL, NULL, 'Active', NULL, NULL, '2021-12-23 13:53:37', '2021-12-23 13:53:37'),
(147, 2, 46, 45, NULL, NULL, 'A Complete Solution', '<li>Exclusive Website</li>								 <li>Exclusive Android App for Customer</li>								 <li>Delivery App</li>								 <li>App to manage all resources like Products, Order etc.</li>												', 'hf-pic-1.jpg', 'hf-icon.png', NULL, NULL, NULL, NULL, NULL, NULL, NULL, NULL, 'Active', NULL, NULL, '2021-12-23 13:53:37', '2021-12-23 13:53:37'),
(148, 2, 46, 45, NULL, NULL, 'eCommerce Features', '<li>Online Catalog and Product Details</li>\r\n<li>Add to Cart</li>\r\n<li>Shipping</li>\r\n<li>Payment Gateway</li>', 'hf-pic-2.jpg', 'hf-icon-2.png', NULL, NULL, NULL, NULL, NULL, NULL, NULL, NULL, 'Active', NULL, NULL, '2021-12-23 13:53:37', '2021-12-23 13:53:37'),
(149, 2, 46, 45, NULL, NULL, 'Marketing Tools', '<li>Domain</li>\r\n<li>Dynamic Coupons</li>\r\n<li>Referral Program</li>\r\n<li>Wallet</li>', 'hf-pic-3.jpg', 'hf-icon-3.png', NULL, NULL, NULL, NULL, NULL, NULL, NULL, NULL, 'Active', NULL, NULL, '2021-12-23 13:53:37', '2021-12-23 13:53:37'),
(150, 2, 46, 45, NULL, NULL, 'Hosting and Infrastructure', '<li>Domain</li>\r\n<li>AWS Hosting</li>\r\n<li>Server and Backup Management</li>\r\n<li>SSL and Firewall Security</li>', 'hf-pic-4.jpg', 'hf-icon-4.png', NULL, NULL, NULL, NULL, NULL, NULL, NULL, NULL, 'Active', NULL, NULL, '2021-12-23 13:53:37', '2021-12-23 13:53:37'),
(153, 2, 46, 46, NULL, NULL, 'Let\'s Meet With Our Client', '<span class=\"line\"></span><h5 class=\"details\">“Lorem ipsum dolor sit amet, consectetur adipiscing elit. Sed condimentum pretium metus ut eleifend. Quisque consectetur nisl nec neque malesuada finibus. Proin auctor vestibulum accumsan. Nullam sodales sem nibh, at placerat nulla malesuada id. Curabitur ullamcorper .”<br><br><span>MD Washim</span> - CEO ZBRDST Express</h5>', '', '', NULL, NULL, NULL, NULL, NULL, NULL, NULL, NULL, 'Active', NULL, NULL, '2021-12-23 13:53:37', '2021-12-23 13:53:37'),
(154, 2, 46, 46, NULL, NULL, 'Let\'s Meet With Our Client', '<span class=\"line\"></span><h5 class=\"details\">“Lorem ipsum dolor sit amet, consectetur adipiscing elit. Sed condimentum pretium metus ut eleifend. Quisque consectetur nisl nec neque malesuada finibus. Proin auctor vestibulum accumsan. Nullam sodales sem nibh, at placerat nulla malesuada id. Curabitur ullamcorper .”<br><br><span>MD Washim</span> - CEO ZBRDST Express</h5>', '', '', NULL, NULL, NULL, NULL, NULL, NULL, NULL, NULL, 'Active', NULL, NULL, '2021-12-23 13:53:37', '2021-12-23 13:53:37'),
(155, 2, 46, 46, NULL, NULL, 'Let\'s Meet With Our Client', '<span class=\"line\"></span><h5 class=\"details\">“Lorem ipsum dolor sit amet, consectetur adipiscing elit. Sed condimentum pretium metus ut eleifend. Quisque consectetur nisl nec neque malesuada finibus. Proin auctor vestibulum accumsan. Nullam sodales sem nibh, at placerat nulla malesuada id. Curabitur ullamcorper .”<br><br><span>MD Washim</span> - CEO ZBRDST Express</h5>', '', '', NULL, NULL, NULL, NULL, NULL, NULL, NULL, NULL, 'Active', NULL, NULL, '2021-12-23 13:53:37', '2021-12-23 13:53:37'),
(156, 2, 46, 47, NULL, NULL, '100%', '<h2 class=\"subTitle\">Guarantee</h2><h4 class=\"details\">Why should your business suffer when your IT fails you</h4>', 'banner-icon-1.png', '', NULL, NULL, NULL, NULL, NULL, NULL, NULL, NULL, 'Active', NULL, NULL, '2021-12-23 13:53:37', '2021-12-23 13:53:37'),
(157, 2, 46, 47, NULL, NULL, '100%', '<h2 class=\"subTitle\">Satisfaction</h2><h4 class=\"details\">Refund if we perform very poorly</h4>', 'banner-icon-2.png', '', NULL, NULL, NULL, NULL, NULL, NULL, NULL, NULL, 'Active', NULL, NULL, '2021-12-23 13:53:37', '2021-12-23 13:53:37'),
(158, 2, 46, 47, NULL, NULL, '100%', '<h2 class=\"subTitle\">Stability</h2><h4 class=\"details\">Why should your business suffer when your IT fails you</h4>', 'banner-icon-3.png', '', NULL, NULL, NULL, NULL, NULL, NULL, NULL, NULL, 'Active', NULL, NULL, '2021-12-23 13:53:37', '2021-12-23 13:53:37'),
(159, 2, 46, 50, NULL, NULL, 'What is TezCommerce and How it works', '<h5 class=\"topic\">TezCommerce .</h5><h5 class=\"date\">October 7,2021</h5>', 'blog-1.jpg', '', NULL, NULL, NULL, NULL, NULL, NULL, NULL, NULL, 'Active', NULL, NULL, '2021-12-23 13:53:37', '2021-12-23 13:53:37'),
(160, 2, 46, 50, NULL, NULL, 'Why TezCommerce is needed for Every Business', '<h5 class=\"topic\">TezCommerce .</h5><h5 class=\"date\">October 6, 2021</h5>', 'blog-2.jpg', '', NULL, NULL, NULL, NULL, NULL, NULL, NULL, NULL, 'Active', NULL, NULL, '2021-12-23 13:53:37', '2021-12-23 13:53:37'),
(161, 2, 46, 50, NULL, NULL, 'Features of TezCommerce and Its Benefits', '<h5 class=\"topic\">TezCommerce .</h5><h5 class=\"date\">October 6,2021</h5>', 'blog-3.jpg', '', NULL, NULL, NULL, NULL, NULL, NULL, NULL, NULL, 'Active', NULL, NULL, '2021-12-23 13:53:37', '2021-12-23 13:53:37'),
(169, 3, 37, 53, NULL, NULL, 'B.ED', 'B.ED', NULL, NULL, NULL, NULL, NULL, NULL, NULL, NULL, NULL, NULL, 'Active', NULL, NULL, '2021-12-23 05:33:11', '2021-12-23 05:33:11'),
(170, 3, 37, 53, NULL, NULL, 'D.ED', NULL, NULL, NULL, NULL, NULL, NULL, NULL, NULL, NULL, NULL, NULL, 'Active', NULL, NULL, '2021-12-23 05:33:11', '2021-12-23 05:33:11'),
(171, 3, 19, 54, NULL, NULL, 'Academics', 'Academics', NULL, NULL, NULL, NULL, NULL, NULL, NULL, NULL, NULL, NULL, 'Active', NULL, NULL, '2021-12-23 05:52:10', '2021-12-23 05:52:10'),
(172, 3, 36, 55, NULL, NULL, 'BSC', 'BSC', NULL, NULL, NULL, NULL, NULL, NULL, NULL, NULL, NULL, NULL, 'Active', NULL, NULL, '2021-12-23 06:05:25', '2021-12-23 06:05:25'),
(173, 3, 36, 55, NULL, NULL, 'MSC', 'MSC', NULL, NULL, NULL, NULL, NULL, NULL, NULL, NULL, NULL, NULL, 'Active', NULL, NULL, '2021-12-23 06:05:25', '2021-12-23 06:05:25'),
(174, 3, 42, 58, NULL, NULL, 'Admission fee                             Rs. 16,000', ' Admission fee                            Rs. 16,000', NULL, NULL, NULL, NULL, NULL, NULL, NULL, NULL, NULL, NULL, 'Active', NULL, NULL, '2021-12-23 07:20:16', '2021-12-23 07:20:16'),
(175, 3, 42, 58, NULL, NULL, 'Tuition fee                                   Rs. 41,000', 'Tuition fee                                 Rs. 41,000', NULL, NULL, NULL, NULL, NULL, NULL, NULL, NULL, NULL, NULL, 'Active', NULL, NULL, '2021-12-23 07:20:16', '2021-12-23 07:20:16'),
(176, 3, 42, 59, NULL, NULL, 'Admission fee Rs. 16,000', 'Admission fee Rs. 16,000', NULL, NULL, NULL, NULL, NULL, NULL, NULL, NULL, NULL, NULL, 'Active', NULL, NULL, '2021-12-23 07:35:47', '2021-12-23 07:35:47'),
(177, 3, 42, 59, NULL, NULL, 'Tuition fee Rs. 36,000', 'Tuition fee Rs. 36,000', NULL, NULL, NULL, NULL, NULL, NULL, NULL, NULL, NULL, NULL, 'Active', NULL, NULL, '2021-12-23 07:35:47', '2021-12-23 07:35:47'),
(183, 2, 48, 62, NULL, NULL, 'Grow Your Brand', 'Go online and reach thousands of valuable customer instantly, who are waiting for quality.', 'whyUs_Icon1.png', NULL, 'grow-your-brand-2', NULL, NULL, NULL, NULL, NULL, NULL, NULL, 'Active', NULL, NULL, '2021-12-23 07:35:47', '2021-12-23 07:35:47'),
(184, 2, 48, 62, NULL, NULL, 'Create a New Business Channel', 'Become independent and avoid paying 3rd party for your business growth, it\'s as simple as that.', 'whyUs_Icon2.png', NULL, 'create-a-new-business-channel-2', NULL, NULL, NULL, NULL, NULL, NULL, NULL, 'Active', NULL, NULL, '2021-12-23 07:35:47', '2021-12-23 07:35:47');
INSERT INTO `dynamicSection_bkp_06` (`id`, `cId`, `moduleId`, `moduleItemId`, `crossModuleId`, `sequence`, `title`, `description`, `image`, `backgroundImage`, `slug`, `cssClass`, `link`, `buttontext`, `buttonlink`, `metaTitle`, `metaKeyword`, `metaDescription`, `status`, `createdBy`, `updatedBy`, `createdAt`, `updatedAt`) VALUES
(185, 2, 48, 62, NULL, NULL, 'Engage with your Customer Regularly', 'A platform to interact & engage with your loyal customers for feedback & quality improvement.', 'whyUs_Icon3.png', NULL, 'engage-with-your-customer-regularly-2', NULL, NULL, NULL, NULL, NULL, NULL, NULL, 'Active', NULL, NULL, '2021-12-23 07:35:47', '2021-12-23 07:35:47'),
(186, 2, 48, 62, NULL, NULL, 'Save Swiggy/Zomato Cost', 'Are you paying a giant amount to Swiggy/Zomato? Make your own app & delivery channel to save extra cost.', 'whyUs_Icon4.png', NULL, 'save-swiggy/zomato-cost-2', NULL, NULL, NULL, NULL, NULL, NULL, NULL, 'Active', NULL, NULL, '2021-12-23 07:35:47', '2021-12-23 07:35:47'),
(187, 2, 48, 63, NULL, NULL, 'Exclusive Website', '<li>Exclusive Website</li>\r\n<li>Exclusive Android App for Customer</li>\r\n<li>Delivery App</li>\r\n<li>App to manage all resources like Products, Order etc.</li>', 'feature-1.jpg', 'feature-Icon-1.png', 'exclusive-websiten-2', NULL, NULL, NULL, NULL, NULL, NULL, NULL, 'Active', NULL, NULL, '2021-12-23 07:35:47', '2021-12-23 07:35:47'),
(188, 2, 48, 63, NULL, NULL, 'Android App', '<li>Online Catalog and Product Details</li>\r\n<li>Add to Cart</li>\r\n<li>Shipping</li>\r\n<li>Payment Gateway</li>', 'feature-2.jpg', 'feature-Icon-2.png', 'android-app-2', NULL, NULL, NULL, NULL, NULL, NULL, NULL, 'Active', NULL, NULL, '2021-12-23 07:35:47', '2021-12-23 07:35:47'),
(189, 2, 48, 63, NULL, NULL, 'Feedback Capture', '<li>Promotions</li>\r\n<li>Dynamic Coupons</li>\r\n<li>Referral Program</li>\r\n<li>Wallet</li>', 'feature-3.jpg', 'feature-Icon-3.png', 'feedback-capture-2', NULL, NULL, NULL, NULL, NULL, NULL, NULL, 'Active', NULL, NULL, '2021-12-23 07:35:47', '2021-12-23 07:35:47'),
(190, 2, 48, 63, NULL, NULL, 'Online Marketing', '<li>Domain</li>\r\n<li>AWS Hosting</li>\r\n<li>Server and Backup Management</li>\r\n<li>SSL and Firewall Security</li>', 'feature-4.jpg', 'feature-Icon-4.png', 'online-marketing-2', NULL, NULL, NULL, NULL, NULL, NULL, NULL, 'Active', NULL, NULL, '2021-12-23 07:35:47', '2021-12-23 07:35:47'),
(191, 2, 48, 63, NULL, NULL, 'Partner App', '<li>Domain</li>\r\n<li>AWS Hosting</li>\r\n<li>Server and Backup Management</li>\r\n<li>SSL and Firewall Security</li>', 'feature-5.jpg', 'feature-Icon-5.png', 'partner-app-2', NULL, NULL, NULL, NULL, NULL, NULL, NULL, 'Active', NULL, NULL, '2021-12-23 07:35:47', '2021-12-23 07:35:47'),
(192, 2, 48, 63, NULL, NULL, 'Delivery App', '<li>Domain</li>\r\n<li>AWS Hosting</li>\r\n<li>Server and Backup Management</li>\r\n<li>SSL and Firewall Security</li>', 'feature-6.jpg', 'feature-Icon-6.png', 'delivery-app-2', NULL, NULL, NULL, NULL, NULL, NULL, NULL, 'Active', NULL, NULL, '2021-12-23 07:35:47', '2021-12-23 07:35:47'),
(193, 2, 48, 64, NULL, NULL, 'Website', '', 'website_Image1.jpg', NULL, 'website-2', NULL, NULL, NULL, NULL, NULL, NULL, NULL, 'Active', NULL, NULL, '2021-12-23 07:35:47', '2021-12-23 07:35:47'),
(194, 2, 48, 64, NULL, NULL, 'Customer App', '', 'website_Image2.jpg', NULL, 'customer-app-2', NULL, NULL, NULL, NULL, NULL, NULL, NULL, 'Active', NULL, NULL, '2021-12-23 07:35:47', '2021-12-23 07:35:47'),
(195, 2, 48, 64, NULL, NULL, 'Partner App', '', 'website_Image3.jpg', NULL, 'partner-app-2', NULL, NULL, NULL, NULL, NULL, NULL, NULL, 'Active', NULL, NULL, '2021-12-23 07:35:47', '2021-12-23 07:35:47'),
(196, 2, 48, 64, NULL, NULL, 'Delivery App', '', 'website_Image4.jpg', NULL, 'delivery-app-2', NULL, NULL, NULL, NULL, NULL, NULL, NULL, 'Active', NULL, NULL, '2021-12-23 07:35:47', '2021-12-23 07:35:47'),
(197, 4, NULL, 60, NULL, NULL, 'Test again', 'test test test ', '1641194753954.jpg', NULL, '', 'dd', 'dcdscd', 'd', 'd', 'd', 'd', 'd', 'Active', NULL, NULL, '2021-12-27 03:44:22', '2022-01-03 07:26:15'),
(198, 4, NULL, 60, NULL, NULL, 'jb bjb hj', 'n n n', '1640577524887.jpg', NULL, 'jb-bjb-hj-4', 'n n', 'b n', 'b b', 'bbb', '', '', '', 'Active', NULL, NULL, '2021-12-27 03:58:44', '2021-12-27 03:58:44'),
(199, 4, NULL, 31, NULL, NULL, 'Bsp', 'Bs na', '1640593408793.jpg', NULL, 'bsp-4', '6', '', '', '', '', '', '', 'Active', NULL, NULL, '2021-12-27 08:23:28', '2021-12-27 08:23:28'),
(200, 4, NULL, 73, NULL, NULL, 'nv djvn j', 'n vm m ', '1640700562050.jpg', NULL, 'nv-djvn-j-4', '', '', '', '', '', '', '', 'Active', NULL, NULL, '2021-12-28 14:09:22', '2021-12-28 14:09:22'),
(201, 3, 13, 81, NULL, NULL, 'Gallery', NULL, 'about.jpeg', NULL, 'gallery', NULL, NULL, NULL, NULL, NULL, NULL, NULL, 'Active', NULL, NULL, '2021-12-29 06:17:09', '2021-12-29 06:17:09'),
(202, 3, 13, 81, NULL, NULL, NULL, NULL, 'about.jpeg', NULL, NULL, NULL, NULL, NULL, NULL, NULL, NULL, NULL, 'Active', NULL, NULL, '2021-12-29 06:17:09', '2021-12-29 06:17:09'),
(203, 3, 13, 81, NULL, NULL, 'Gallery', NULL, 'about.jpeg', NULL, 'gallery', NULL, NULL, NULL, NULL, NULL, NULL, NULL, 'Active', NULL, NULL, '2021-12-29 06:17:09', '2021-12-29 06:17:09'),
(204, 3, 13, 81, NULL, NULL, 'Gallery', NULL, 'about.jpeg', NULL, 'gallery', NULL, NULL, NULL, NULL, NULL, NULL, NULL, 'Active', NULL, NULL, '2021-12-29 06:17:09', '2021-12-29 06:17:09'),
(205, 3, 13, 74, NULL, NULL, 'B Ed. Course S001', 'Little description about the course to get an idea about the subjects', NULL, NULL, NULL, NULL, NULL, NULL, NULL, NULL, NULL, NULL, 'Active', NULL, NULL, '2021-12-29 07:35:39', '2021-12-29 07:35:39'),
(206, 3, 13, 74, NULL, NULL, 'B Ed. Course S002', 'Little description about the course to get an idea about the subjects', NULL, NULL, NULL, NULL, NULL, NULL, NULL, NULL, NULL, NULL, 'Active', NULL, NULL, '2021-12-29 07:35:39', '2021-12-29 07:35:39'),
(207, 3, 13, 75, NULL, NULL, '22-September', 'Faculty Development Prog. 07.12.18 & 08.12.18 with lunch and other details if necessary for the event title', NULL, NULL, NULL, NULL, NULL, NULL, NULL, NULL, NULL, NULL, 'Active', NULL, NULL, '2021-12-29 09:16:51', '2021-12-29 09:16:51'),
(208, 3, 13, 75, NULL, NULL, '22-December', 'Faculty Development Prog. 07.12.18 & 08.12.18 with lunch and other details if necessary for the event title', NULL, NULL, NULL, NULL, NULL, NULL, NULL, NULL, NULL, NULL, 'Active', NULL, NULL, '2021-12-29 09:16:51', '2021-12-29 09:16:51'),
(209, 3, 13, 77, NULL, NULL, 'Library', NULL, 'image/home-infra-library.jpg', NULL, NULL, NULL, NULL, NULL, NULL, NULL, NULL, NULL, 'Active', NULL, NULL, '2021-12-29 09:23:48', '2021-12-29 09:23:48'),
(210, 3, 13, 77, NULL, NULL, 'Chemistry Laboratory', NULL, 'image/chemestry-lab-4.jpg', NULL, NULL, NULL, NULL, NULL, NULL, NULL, NULL, NULL, 'Active', NULL, NULL, '2021-12-29 09:23:48', '2021-12-29 09:23:48'),
(211, 3, 13, 77, NULL, NULL, 'Biology Laboratory', NULL, 'image/home-infra-biology.jpg', NULL, NULL, NULL, NULL, NULL, NULL, NULL, NULL, NULL, 'Active', NULL, NULL, '2021-12-29 09:23:48', '2021-12-29 09:23:48'),
(212, 3, 17, 41, NULL, NULL, 'ADMINISTRATION', 'Content coming soon', '', NULL, '', NULL, NULL, NULL, NULL, NULL, NULL, NULL, 'Active', NULL, NULL, '2021-12-17 16:43:31', '2021-12-17 16:43:31'),
(213, 3, 17, 41, NULL, NULL, 'Management', 'Content coming soon', '', NULL, '', NULL, NULL, NULL, NULL, NULL, NULL, NULL, 'Active', NULL, NULL, '2021-12-17 16:43:31', '2021-12-17 16:43:31'),
(214, 3, 17, 41, NULL, NULL, 'Teachers', NULL, '', NULL, '', NULL, NULL, NULL, NULL, NULL, NULL, NULL, 'Active', NULL, NULL, '2021-12-17 16:43:31', '2021-12-17 16:43:31'),
(215, 3, 17, 41, NULL, NULL, 'NON Teaching', 'Content coming soon', '', NULL, '', NULL, NULL, NULL, NULL, NULL, NULL, NULL, 'Active', NULL, NULL, '2021-12-17 16:43:31', '2021-12-17 16:43:31'),
(216, 3, 17, 41, NULL, NULL, 'Student Details', 'Content coming soon', '', NULL, '', NULL, NULL, NULL, NULL, NULL, NULL, NULL, 'Active', NULL, NULL, '2021-12-17 16:43:31', '2021-12-17 16:43:31'),
(217, 3, 17, 41, NULL, NULL, 'Staff Details', 'Content coming soon', '', NULL, '', NULL, NULL, NULL, NULL, NULL, NULL, NULL, 'Active', NULL, NULL, '2021-12-17 16:43:31', '2021-12-17 16:43:31'),
(218, 3, 17, 41, NULL, NULL, 'Audit Report', 'Content coming soon', '', NULL, '', NULL, NULL, NULL, NULL, NULL, NULL, NULL, 'Active', NULL, NULL, '2021-12-17 16:43:31', '2021-12-17 16:43:31'),
(219, 1, 5, 1, NULL, NULL, 'Call Centre/BPO', '<h5 class=\"Details\">A mixed course for <span class=\"Semi-Bold\">Advance Spoken English</span> &amp; Communication Skills.</h5>\r\n<h4><span class=\"Semi-Bold\">Course Duration</span> : 4-6 Months</h4>\r\n<h4><span class=\"Semi-Bold\">Timing</span> : 4 Days In A Week</h4>', '03.png', NULL, 'call-centre-bpo-1', NULL, NULL, NULL, NULL, NULL, NULL, NULL, 'Active', NULL, NULL, '2021-12-17 16:43:31', '2021-12-17 16:43:31'),
(220, 1, 5, 1, NULL, NULL, 'Kid Section', '<h5 class=\"Details\">We Focuses on developing the four English language skills: Reading, Writing, Listening and Speaking. We build the cornerstones of language, Grammar and Vocabulary, from a young age.</h5>\r\n<h4><span class=\"Semi-Bold\">Course Duration</span> : 4-6 Months</h4>\r\n<h4><span class=\"Semi-Bold\">Timing</span> : 4 Days In A Week</h4>', '03.png', NULL, 'kid-section-1', NULL, NULL, NULL, NULL, NULL, NULL, NULL, 'Active', NULL, NULL, '2021-12-17 16:43:31', '2021-12-17 16:43:31'),
(221, 1, 5, 1, NULL, NULL, 'Professional Course', '<h5 class=\"Details\">SPOKEN ENGLISH & PERSONALITY DEVELOPMENT COURSE If you are A BUSY PROFESSIONAL and have no time to join full time course, so you can join our professional batch.</h5>\r\n<h4><span class=\"Semi-Bold\">Course Duration</span> : 4-6 Months</h4>\r\n<h4><span class=\"Semi-Bold\">Timing</span> : 4 Days In A Week</h4>', '03.png', NULL, 'professional-course-1', NULL, NULL, NULL, NULL, NULL, NULL, NULL, 'Active', NULL, NULL, '2021-12-17 16:43:31', '2021-12-17 16:43:31'),
(222, 1, 5, 1, NULL, NULL, 'Bengali & Hindi Medium', '<h5 class=\"Details\">Smart Education offers a wide range of English Language, Soft Skills, Sales & Service and Communication training programs designed to help students and others especially who are from Bengali and Hindi medium realize their true potential and allow them to achieve its goals.</h5>\r\n<h4><span class=\"Semi-Bold\">Course Duration</span> : 4-6 Months</h4>\r\n<h4><span class=\"Semi-Bold\">Timing</span> : 4 Days In A Week</h4>', '03.png', NULL, 'bengali-hindi-medium-1', NULL, NULL, NULL, NULL, NULL, NULL, NULL, 'Active', NULL, NULL, '2021-12-17 16:43:31', '2021-12-17 16:43:31'),
(223, 1, 5, 1, NULL, NULL, 'Online Course', '<h5 class=\"Details\">Coming Soon...</h5>\r\n<h4><span class=\"Semi-Bold\">Course Duration</span> : 4-6 Months</h4>\r\n<h4><span class=\"Semi-Bold\">Timing</span> : 4 Days In A Week</h4>', '03.png', NULL, 'online-course-1', NULL, NULL, NULL, NULL, NULL, NULL, NULL, 'Active', NULL, NULL, '2021-12-17 16:43:31', '2021-12-17 16:43:31'),
(224, 3, 52, 81, NULL, NULL, 'Gallery', NULL, '10455861_887359897959068_1540480750654954957_n.jpg', NULL, NULL, NULL, NULL, NULL, NULL, NULL, NULL, NULL, 'Active', NULL, NULL, '2022-01-04 02:54:21', '2022-01-04 02:54:21'),
(226, 3, 52, 106, NULL, NULL, '', NULL, 'image/kttihs/gallery1.jpg', NULL, NULL, NULL, NULL, NULL, NULL, NULL, NULL, NULL, 'Active', NULL, NULL, '2021-12-23 05:33:11', '2021-12-23 05:33:11'),
(227, 3, 52, 106, NULL, NULL, '', NULL, 'image/kttihs/gallery.jpg', NULL, NULL, NULL, NULL, NULL, NULL, NULL, NULL, NULL, 'Active', NULL, NULL, '2021-12-23 05:33:11', '2021-12-23 05:33:11'),
(228, 3, 52, 106, NULL, NULL, '', NULL, 'image/kttihs/gallery3.jpg', NULL, NULL, NULL, NULL, NULL, NULL, NULL, NULL, NULL, 'Active', NULL, NULL, '2021-12-23 05:33:11', '2021-12-23 05:33:11'),
(229, 3, 52, 106, NULL, NULL, '', NULL, 'image/kttihs/gallery4.jpg', NULL, NULL, NULL, NULL, NULL, NULL, NULL, NULL, NULL, 'Active', NULL, NULL, '2021-12-23 05:33:11', '2021-12-23 05:33:11'),
(230, 3, 52, 106, NULL, NULL, '', NULL, 'image/kttihs/gallery5.jpg', NULL, NULL, NULL, NULL, NULL, NULL, NULL, NULL, NULL, 'Active', NULL, NULL, '2021-12-23 05:33:11', '2021-12-23 05:33:11'),
(231, 3, 52, 106, NULL, NULL, '', NULL, 'image/kttihs/gallery6.jpg', NULL, NULL, NULL, NULL, NULL, NULL, NULL, NULL, NULL, 'Active', NULL, NULL, '2021-12-23 05:33:11', '2021-12-23 05:33:11'),
(232, 3, 52, 106, NULL, NULL, '', NULL, 'image/kttihs/gallery7.jpg', NULL, NULL, NULL, NULL, NULL, NULL, NULL, NULL, NULL, 'Active', NULL, NULL, '2021-12-23 05:33:11', '2021-12-23 05:33:11'),
(233, 3, 52, 106, NULL, NULL, '', NULL, 'image/kttihs/gallery8.jpg', NULL, NULL, NULL, NULL, NULL, NULL, NULL, NULL, NULL, 'Active', NULL, NULL, '2021-12-23 05:33:11', '2021-12-23 05:33:11'),
(234, 3, 52, 106, NULL, NULL, '', NULL, 'image/kttihs/gallery9.jpg', NULL, NULL, NULL, NULL, NULL, NULL, NULL, NULL, NULL, 'Active', NULL, NULL, '2021-12-23 05:33:11', '2021-12-23 05:33:11'),
(235, 3, 52, 106, NULL, NULL, '', NULL, 'image/kttihs/gallery9.jpg', NULL, NULL, NULL, NULL, NULL, NULL, NULL, NULL, NULL, 'Active', NULL, NULL, '2021-12-23 05:33:11', '2021-12-23 05:33:11'),
(236, 3, 52, 106, NULL, NULL, '', NULL, 'image/kttihs/gallery9.jpg', NULL, NULL, NULL, NULL, NULL, NULL, NULL, NULL, NULL, 'Active', NULL, NULL, '2021-12-23 05:33:11', '2021-12-23 05:33:11'),
(237, 3, 52, 106, NULL, NULL, '', NULL, 'image/kttihs/gallery10.jpg', NULL, NULL, NULL, NULL, NULL, NULL, NULL, NULL, NULL, 'Active', NULL, NULL, '2021-12-23 05:33:11', '2021-12-23 05:33:11'),
(238, 3, 52, 106, NULL, NULL, '', NULL, 'image/kttihs/gallery11.jpg', NULL, NULL, NULL, NULL, NULL, NULL, NULL, NULL, NULL, 'Active', NULL, NULL, '2021-12-23 05:33:11', '2021-12-23 05:33:11'),
(239, 3, 52, 106, NULL, NULL, '', NULL, 'image/kttihs/gallery12.jpg', NULL, NULL, NULL, NULL, NULL, NULL, NULL, NULL, NULL, 'Active', NULL, NULL, '2021-12-23 05:33:11', '2021-12-23 05:33:11'),
(240, 3, 52, 106, NULL, NULL, '', NULL, 'image/kttihs/gallery13.jpg', NULL, NULL, NULL, NULL, NULL, NULL, NULL, NULL, NULL, 'Active', NULL, NULL, '2021-12-23 05:33:11', '2021-12-23 05:33:11'),
(241, 3, 52, 106, NULL, NULL, '', NULL, 'image/kttihs/gallery14.jpg', NULL, NULL, NULL, NULL, NULL, NULL, NULL, NULL, NULL, 'Active', NULL, NULL, '2021-12-23 05:33:11', '2021-12-23 05:33:11'),
(242, 3, 52, 106, NULL, NULL, '', NULL, 'image/kttihs/gallery15.jpg', NULL, NULL, NULL, NULL, NULL, NULL, NULL, NULL, NULL, 'Active', NULL, NULL, '2021-12-23 05:33:11', '2021-12-23 05:33:11'),
(243, 3, 52, 106, NULL, NULL, '', NULL, 'image/kttihs/gallery16.jpg', NULL, NULL, NULL, NULL, NULL, NULL, NULL, NULL, NULL, 'Active', NULL, NULL, '2021-12-23 05:33:11', '2021-12-23 05:33:11'),
(244, 3, 52, 106, NULL, NULL, '', NULL, 'image/kttihs/gallery17.jpg', NULL, NULL, NULL, NULL, NULL, NULL, NULL, NULL, NULL, 'Active', NULL, NULL, '2021-12-23 05:33:11', '2021-12-23 05:33:11'),
(245, 3, 52, 106, NULL, NULL, '', NULL, 'image/kttihs/gallery18.jpg', NULL, NULL, NULL, NULL, NULL, NULL, NULL, NULL, NULL, 'Active', NULL, NULL, '2021-12-23 05:33:11', '2021-12-23 05:33:11'),
(246, 3, 52, 106, NULL, NULL, '', NULL, 'image/kttihs/gallery19.jpg', NULL, NULL, NULL, NULL, NULL, NULL, NULL, NULL, NULL, 'Active', NULL, NULL, '2021-12-23 05:33:11', '2021-12-23 05:33:11'),
(247, 3, 52, 106, NULL, NULL, '', NULL, 'image/kttihs/gallery20.jpg', NULL, NULL, NULL, NULL, NULL, NULL, NULL, NULL, NULL, 'Active', NULL, NULL, '2021-12-23 05:33:11', '2021-12-23 05:33:11'),
(248, 3, 52, 106, NULL, NULL, '', NULL, 'image/kttihs/gallery21.jpg', NULL, NULL, NULL, NULL, NULL, NULL, NULL, NULL, NULL, 'Active', NULL, NULL, '2021-12-23 05:33:11', '2021-12-23 05:33:11'),
(249, 3, 52, 106, NULL, NULL, '', NULL, 'image/kttihs/gallery22.jpg', NULL, NULL, NULL, NULL, NULL, NULL, NULL, NULL, NULL, 'Active', NULL, NULL, '2021-12-23 05:33:11', '2021-12-23 05:33:11'),
(250, 3, 52, 106, NULL, NULL, '', NULL, 'image/kttihs/gallery23.jpg', NULL, NULL, NULL, NULL, NULL, NULL, NULL, NULL, NULL, 'Active', NULL, NULL, '2021-12-23 05:33:11', '2021-12-23 05:33:11'),
(251, 3, 52, 106, NULL, NULL, '', NULL, 'image/kttihs/gallery24.jpg', NULL, NULL, NULL, NULL, NULL, NULL, NULL, NULL, NULL, 'Active', NULL, NULL, '2021-12-23 05:33:11', '2021-12-23 05:33:11'),
(252, 3, 52, 106, NULL, NULL, '', NULL, 'image/kttihs/gallery25.jpg', NULL, NULL, NULL, NULL, NULL, NULL, NULL, NULL, NULL, 'Active', NULL, NULL, '2021-12-23 05:33:11', '2021-12-23 05:33:11'),
(253, 3, 52, 106, NULL, NULL, '', NULL, 'image/kttihs/gallery26.jpg', NULL, NULL, NULL, NULL, NULL, NULL, NULL, NULL, NULL, 'Active', NULL, NULL, '2021-12-23 05:33:11', '2021-12-23 05:33:11'),
(254, 3, 52, 106, NULL, NULL, '', NULL, 'image/kttihs/gallery27.jpg', NULL, NULL, NULL, NULL, NULL, NULL, NULL, NULL, NULL, 'Active', NULL, NULL, '2021-12-23 05:33:11', '2021-12-23 05:33:11'),
(255, 3, 52, 106, NULL, NULL, '', NULL, 'image/kttihs/gallery28.jpg', NULL, NULL, NULL, NULL, NULL, NULL, NULL, NULL, NULL, 'Active', NULL, NULL, '2021-12-23 05:33:11', '2021-12-23 05:33:11'),
(256, 3, 52, 106, NULL, NULL, '', NULL, 'image/kttihs/gallery29.jpg', NULL, NULL, NULL, NULL, NULL, NULL, NULL, NULL, NULL, 'Active', NULL, NULL, '2021-12-23 05:33:11', '2021-12-23 05:33:11'),
(257, 3, 52, 106, NULL, NULL, '', NULL, 'image/kttihs/gallery30.jpg', NULL, NULL, NULL, NULL, NULL, NULL, NULL, NULL, NULL, 'Active', NULL, NULL, '2021-12-23 05:33:11', '2021-12-23 05:33:11');

-- --------------------------------------------------------

--
-- Table structure for table `emailConfiguration`
--

CREATE TABLE `emailConfiguration` (
  `id` int NOT NULL,
  `storeId` int DEFAULT NULL,
  `domain` varchar(100) DEFAULT NULL,
  `email` varchar(255) DEFAULT NULL,
  `status` enum('Active','Inactive') NOT NULL DEFAULT 'Active',
  `createdAt` datetime NOT NULL,
  `updatedAt` datetime NOT NULL
) ENGINE=InnoDB DEFAULT CHARSET=utf8mb4 COLLATE=utf8mb4_0900_ai_ci COMMENT='Email Configuration Table';

-- --------------------------------------------------------

--
-- Table structure for table `emailList`
--

CREATE TABLE `emailList` (
  `id` int NOT NULL,
  `storeId` int DEFAULT NULL,
  `name` varchar(100) DEFAULT NULL,
  `email` varchar(200) DEFAULT NULL,
  `status` enum('Yes','No') NOT NULL DEFAULT 'Yes',
  `createdBy` varchar(100) DEFAULT NULL,
  `createdAt` datetime NOT NULL,
  `updatedAt` datetime NOT NULL
) ENGINE=InnoDB DEFAULT CHARSET=utf8mb4 COLLATE=utf8mb4_0900_ai_ci COMMENT='Emails Table';

-- --------------------------------------------------------

--
-- Table structure for table `faq`
--

CREATE TABLE `faq` (
  `id` int NOT NULL,
  `storeId` int DEFAULT NULL,
  `faqGroupId` int DEFAULT NULL,
  `question` varchar(255) CHARACTER SET utf8mb3 COLLATE utf8mb3_bin DEFAULT NULL,
  `answer` text CHARACTER SET utf8mb3 COLLATE utf8mb3_bin,
  `ar_question` varchar(255) COLLATE utf8mb3_bin DEFAULT NULL,
  `ar_answer` text COLLATE utf8mb3_bin,
  `createdBy` varchar(100) CHARACTER SET utf8mb3 COLLATE utf8mb3_bin DEFAULT NULL,
  `createdAt` datetime DEFAULT NULL,
  `updatedBy` varchar(100) CHARACTER SET utf8mb3 COLLATE utf8mb3_bin DEFAULT NULL,
  `updatedAt` datetime DEFAULT NULL
) ENGINE=InnoDB DEFAULT CHARSET=utf8mb3 COLLATE=utf8mb3_bin COMMENT='Faq Table';

--
-- Dumping data for table `faq`
--

INSERT INTO `faq` (`id`, `storeId`, `faqGroupId`, `question`, `answer`, `ar_question`, `ar_answer`, `createdBy`, `createdAt`, `updatedBy`, `updatedAt`) VALUES
(48, 30, 5, 'How to login?', 'Click on the top right Account icon on mobile or \"Account\" on desktop. Click Sign in. Enter your Mobile number without country code(UAE numbers only). You will receive OTP shortly, enter OTP to successfully login. ', ' كومبوزر و السموك و', ' كومبوزر و السموك و  كومبوزر و السموك و  كومبوزر و السموك و  كومبوزر و السموك و  كومبوزر و السموك و', NULL, '2022-07-04 11:40:09', NULL, '2022-09-11 02:00:48'),
(49, 30, 5, 'How to make a purchase?', 'Navigate to the product section that you would like to order from Mawfoor. Click on \'Order now\' to checkout or \'Add to Cart\' to continue shopping. At the Checkout option, you will receive \'Sign in\' to proceed option. Enter your Mobile number to login and follow the instructions. Add your address if not already added. Proceed to choose payment method. You will receive order confirmation SMS and Email if your order has been successfully accepted.', NULL, NULL, NULL, '2022-07-04 13:12:11', NULL, '2022-07-05 16:44:48'),
(51, 30, 7, 'Where are you based?', 'We\'re based in UNITED ARAB EMIRATES', NULL, NULL, NULL, '2022-08-11 17:40:05', NULL, '2022-08-11 17:40:05'),
(52, 30, 7, 'How does shipping work?', 'As soon as we confirm your order, you will receive an order confirmation sms and email.  Our reliable delivery partner collects your order from our warehouse and delivers it to your shipping address as mentioned by you at the time of the order. Delivery Partner may contact you for additional details or information to deliver your package safely without any hassle.', NULL, NULL, NULL, '2022-08-11 17:40:27', NULL, '2022-08-11 17:40:27');

-- --------------------------------------------------------

--
-- Table structure for table `faqGroups`
--

CREATE TABLE `faqGroups` (
  `id` int NOT NULL,
  `storeId` int DEFAULT NULL,
  `name` varchar(255) CHARACTER SET utf8mb3 COLLATE utf8mb3_bin DEFAULT NULL,
  `parentId` int DEFAULT NULL,
  `description` text CHARACTER SET utf8mb3 COLLATE utf8mb3_bin,
  `icon` varchar(255) CHARACTER SET utf8mb3 COLLATE utf8mb3_bin DEFAULT NULL,
  `ar_name` varchar(255) COLLATE utf8mb3_bin DEFAULT NULL,
  `ar_description` text COLLATE utf8mb3_bin,
  `createdBy` varchar(100) CHARACTER SET utf8mb3 COLLATE utf8mb3_bin DEFAULT NULL,
  `createdAt` datetime DEFAULT NULL,
  `updatedBy` varchar(100) CHARACTER SET utf8mb3 COLLATE utf8mb3_bin DEFAULT NULL,
  `updatedAt` datetime DEFAULT NULL
) ENGINE=InnoDB DEFAULT CHARSET=utf8mb3 COLLATE=utf8mb3_bin COMMENT='Faq Groups Table';

--
-- Dumping data for table `faqGroups`
--

INSERT INTO `faqGroups` (`id`, `storeId`, `name`, `parentId`, `description`, `icon`, `ar_name`, `ar_description`, `createdBy`, `createdAt`, `updatedBy`, `updatedAt`) VALUES
(5, 30, 'LOGIN', NULL, 'Test LOgin', NULL, 'مح  اول موقع يسمح', ' اول موقع يسمح  اول موقع يسمح  اول موقع يسمح', NULL, '2022-07-04 11:38:07', NULL, '2022-09-11 01:51:20'),
(6, 30, 'Return', NULL, 'Return', NULL, NULL, NULL, NULL, '2022-07-04 17:17:38', NULL, '2022-07-04 17:17:38'),
(7, 30, 'General', NULL, 'general FAQ', NULL, NULL, NULL, NULL, '2022-08-11 17:28:10', NULL, '2022-08-11 17:28:10');

-- --------------------------------------------------------

--
-- Table structure for table `favouriteProduct`
--

CREATE TABLE `favouriteProduct` (
  `id` int UNSIGNED NOT NULL,
  `storeId` int NOT NULL,
  `productId` int NOT NULL,
  `customerId` int NOT NULL,
  `createdAt` datetime NOT NULL,
  `updatedAt` datetime NOT NULL
) ENGINE=InnoDB DEFAULT CHARSET=utf8mb4 COLLATE=utf8mb4_0900_ai_ci;

--
-- Dumping data for table `favouriteProduct`
--

INSERT INTO `favouriteProduct` (`id`, `storeId`, `productId`, `customerId`, `createdAt`, `updatedAt`) VALUES
(5, 15, 19, 46, '2021-10-19 14:44:55', '2021-10-19 14:44:55'),
(6, 15, 19, 26, '2021-10-19 14:56:14', '2021-10-19 14:56:14'),
(10, 15, 26, 54, '2021-10-20 06:51:12', '2021-10-20 06:51:12'),
(11, 32, 6, 70, '2021-11-01 13:08:46', '2021-11-01 13:08:46'),
(12, 32, 5, 70, '2021-11-01 13:16:38', '2021-11-01 13:16:38'),
(14, 15, 57, 79, '2021-11-02 12:06:43', '2021-11-02 12:06:43'),
(15, 15, 20, 79, '2021-11-02 12:07:22', '2021-11-02 12:07:22'),
(16, 15, 54, 79, '2021-11-02 13:12:14', '2021-11-02 13:12:14'),
(18, 32, 5, 83, '2021-11-08 07:14:42', '2021-11-08 07:14:42'),
(22, 32, 9, 83, '2021-11-08 07:18:58', '2021-11-08 07:18:58'),
(28, 32, 17, 83, '2021-11-08 10:44:43', '2021-11-08 10:44:43'),
(34, 32, 15, 83, '2021-11-08 11:08:14', '2021-11-08 11:08:14'),
(37, 32, 6, 83, '2021-11-08 11:22:58', '2021-11-08 11:22:58'),
(38, 32, 18, 83, '2021-11-08 11:24:39', '2021-11-08 11:24:39'),
(39, 32, 7, 83, '2021-11-08 12:28:55', '2021-11-08 12:28:55'),
(40, 32, 8, 83, '2021-11-08 12:29:04', '2021-11-08 12:29:04'),
(43, 32, 91, 87, '2021-11-10 05:18:56', '2021-11-10 05:18:56'),
(46, 32, 273, 89, '2021-11-10 06:02:46', '2021-11-10 06:02:46'),
(56, 32, 104, 97, '2021-11-11 06:53:05', '2021-11-11 06:53:05'),
(58, 32, 102, 99, '2021-11-12 08:25:24', '2021-11-12 08:25:24'),
(60, 32, 94, 99, '2021-11-12 08:25:41', '2021-11-12 08:25:41'),
(62, 32, 91, 99, '2021-11-12 11:13:48', '2021-11-12 11:13:48'),
(63, 32, 110, 99, '2021-11-12 11:14:25', '2021-11-12 11:14:25'),
(64, 32, 109, 99, '2021-11-12 11:14:31', '2021-11-12 11:14:31'),
(65, 32, 108, 99, '2021-11-12 11:14:38', '2021-11-12 11:14:38'),
(66, 32, 107, 99, '2021-11-12 11:14:45', '2021-11-12 11:14:45'),
(67, 32, 92, 99, '2021-11-12 12:18:03', '2021-11-12 12:18:03'),
(68, 32, 104, 99, '2021-11-12 12:18:23', '2021-11-12 12:18:23'),
(69, 32, 99, 99, '2021-11-12 12:23:09', '2021-11-12 12:23:09'),
(70, 32, 100, 99, '2021-11-12 12:35:36', '2021-11-12 12:35:36'),
(71, 32, 101, 99, '2021-11-12 12:37:42', '2021-11-12 12:37:42'),
(72, 32, 93, 99, '2021-11-12 12:46:22', '2021-11-12 12:46:22'),
(82, 32, 335, 101, '2021-12-10 06:45:21', '2021-12-10 06:45:21'),
(84, 32, 309, 101, '2021-12-14 13:34:06', '2021-12-14 13:34:06'),
(85, 32, 310, 101, '2021-12-15 08:12:28', '2021-12-15 08:12:28'),
(86, 32, 358, 101, '2021-12-15 08:12:34', '2021-12-15 08:12:34'),
(87, 32, 309, 121, '2021-12-15 09:59:34', '2021-12-15 09:59:34'),
(88, 32, 310, 121, '2021-12-15 09:59:37', '2021-12-15 09:59:37'),
(89, 32, 363, 73, '2021-12-20 09:50:53', '2021-12-20 09:50:53'),
(90, 18, 573, 152, '2021-12-30 10:22:32', '2021-12-30 10:22:32'),
(91, 18, 572, 152, '2022-01-03 06:18:15', '2022-01-03 06:18:15'),
(96, 18, 590, 153, '2022-01-03 11:33:54', '2022-01-03 11:33:54'),
(99, 18, 572, 153, '2022-01-03 11:34:05', '2022-01-03 11:34:05'),
(100, 18, 586, 153, '2022-01-03 11:34:13', '2022-01-03 11:34:13'),
(101, 18, 589, 153, '2022-01-03 11:35:07', '2022-01-03 11:35:07'),
(102, 18, 588, 153, '2022-01-03 11:35:14', '2022-01-03 11:35:14'),
(103, 18, 585, 153, '2022-01-03 11:35:45', '2022-01-03 11:35:45'),
(104, 18, 573, 153, '2022-01-03 11:35:59', '2022-01-03 11:35:59'),
(105, 18, 571, 153, '2022-01-03 11:37:34', '2022-01-03 11:37:34'),
(106, 18, 584, 153, '2022-01-03 11:37:53', '2022-01-03 11:37:53'),
(107, 18, 570, 153, '2022-01-03 11:38:33', '2022-01-03 11:38:33'),
(110, 32, 310, 161, '2022-01-05 10:28:13', '2022-01-05 10:28:13'),
(111, 32, 311, 161, '2022-01-05 10:28:15', '2022-01-05 10:28:15'),
(113, 32, 312, 161, '2022-01-05 10:28:21', '2022-01-05 10:28:21'),
(118, 18, 587, 155, '2022-01-20 04:17:15', '2022-01-20 04:17:15'),
(120, 32, 309, 161, '2022-01-20 10:19:49', '2022-01-20 10:19:49'),
(121, 32, 313, 161, '2022-01-20 10:19:53', '2022-01-20 10:19:53'),
(122, 18, 590, 150, '2022-01-20 12:42:20', '2022-01-20 12:42:20'),
(123, 18, 589, 150, '2022-01-20 12:42:30', '2022-01-20 12:42:30'),
(124, 30, 710, 168, '2022-01-21 04:54:32', '2022-01-21 04:54:32'),
(125, 30, 704, 170, '2022-01-21 08:04:15', '2022-01-21 08:04:15'),
(126, 30, 702, 170, '2022-01-21 08:04:21', '2022-01-21 08:04:21'),
(127, 30, 700, 170, '2022-01-21 08:04:25', '2022-01-21 08:04:25'),
(128, 30, 701, 170, '2022-01-21 08:04:29', '2022-01-21 08:04:29'),
(129, 32, 309, 172, '2022-01-28 11:21:19', '2022-01-28 11:21:19'),
(130, 32, 345, 172, '2022-01-28 11:21:22', '2022-01-28 11:21:22'),
(131, 32, 357, 172, '2022-01-28 11:21:25', '2022-01-28 11:21:25'),
(135, 17, 873, 152, '2022-02-08 12:06:41', '2022-02-08 12:06:41'),
(136, 17, 875, 152, '2022-02-08 12:10:14', '2022-02-08 12:10:14'),
(137, 17, 874, 125, '2022-02-09 10:14:52', '2022-02-09 10:14:52'),
(138, 17, 875, 170, '2022-02-09 10:25:33', '2022-02-09 10:25:33'),
(139, 17, 879, 101, '2022-02-14 04:44:09', '2022-02-14 04:44:09'),
(140, 17, 913, 101, '2022-02-14 04:44:24', '2022-02-14 04:44:24'),
(141, 17, 1026, 183, '2022-02-24 11:23:51', '2022-02-24 11:23:51'),
(144, 41, 1173, 221, '2022-03-14 07:18:43', '2022-03-14 07:18:43'),
(145, 41, 1162, 221, '2022-03-14 07:49:48', '2022-03-14 07:49:48'),
(146, 41, 1171, 219, '2022-03-14 08:16:37', '2022-03-14 08:16:37'),
(147, 41, 1173, 219, '2022-03-14 08:21:57', '2022-03-14 08:21:57'),
(148, 41, 1172, 219, '2022-03-14 08:22:06', '2022-03-14 08:22:06'),
(149, 41, 1172, 221, '2022-03-14 08:25:17', '2022-03-14 08:25:17'),
(150, 41, 1178, 208, '2022-03-14 13:51:36', '2022-03-14 13:51:36'),
(151, 41, 1179, 208, '2022-03-14 15:12:02', '2022-03-14 15:12:02'),
(153, 41, 1177, 200, '2022-03-15 08:33:46', '2022-03-15 08:33:46'),
(154, 41, 1175, 219, '2022-03-15 10:58:48', '2022-03-15 10:58:48'),
(155, 41, 1161, 219, '2022-03-15 10:59:09', '2022-03-15 10:59:09'),
(156, 41, 1177, 219, '2022-03-15 11:15:12', '2022-03-15 11:15:12'),
(157, 41, 1168, 219, '2022-03-15 11:16:35', '2022-03-15 11:16:35'),
(158, 41, 1177, 208, '2022-03-15 11:18:57', '2022-03-15 11:18:57'),
(159, 41, 1168, 208, '2022-03-15 11:21:46', '2022-03-15 11:21:46'),
(160, 41, 1162, 208, '2022-03-15 11:22:04', '2022-03-15 11:22:04'),
(161, 41, 1159, 208, '2022-03-16 10:02:16', '2022-03-16 10:02:16'),
(162, 18, 732, 150, '2022-04-14 11:05:58', '2022-04-14 11:05:58'),
(163, 18, 1130, 150, '2022-04-20 11:13:45', '2022-04-20 11:13:45'),
(164, 17, 1006, 258, '2022-05-22 22:29:03', '2022-05-22 22:29:03'),
(165, 17, 1024, 253, '2022-05-24 09:16:06', '2022-05-24 09:16:06'),
(189, 30, 1218, 346, '2022-09-22 16:19:14', '2022-09-22 16:19:14'),
(190, 30, 1285, 343, '2022-09-23 13:47:26', '2022-09-23 13:47:26');

-- --------------------------------------------------------

--
-- Table structure for table `feedback`
--

CREATE TABLE `feedback` (
  `id` int NOT NULL,
  `storeId` int DEFAULT NULL,
  `customerId` int DEFAULT NULL,
  `orderId` int DEFAULT NULL,
  `rating` varchar(50) DEFAULT NULL,
  `message` text,
  `food` text,
  `foodRating` varchar(50) DEFAULT NULL,
  `delivery` text,
  `deliveryRating` varchar(50) DEFAULT NULL,
  `reply` text,
  `status` enum('Yes','No') DEFAULT NULL,
  `createdAt` datetime NOT NULL,
  `updatedAt` datetime NOT NULL
) ENGINE=InnoDB DEFAULT CHARSET=latin1;

-- --------------------------------------------------------

--
-- Table structure for table `fileUploads`
--

CREATE TABLE `fileUploads` (
  `id` int NOT NULL,
  `customerId` int UNSIGNED DEFAULT NULL,
  `image` text CHARACTER SET utf8mb3 COLLATE utf8mb3_bin,
  `createdBy` varchar(100) CHARACTER SET utf8mb3 COLLATE utf8mb3_bin DEFAULT NULL,
  `createdAt` datetime NOT NULL,
  `updatedBy` varchar(100) CHARACTER SET utf8mb3 COLLATE utf8mb3_bin DEFAULT NULL,
  `updatedAt` datetime NOT NULL
) ENGINE=InnoDB DEFAULT CHARSET=utf8mb3 COLLATE=utf8mb3_bin COMMENT='FileUpload Table';

-- --------------------------------------------------------

--
-- Table structure for table `formMasters`
--

CREATE TABLE `formMasters` (
  `id` int NOT NULL,
  `storeId` int DEFAULT NULL,
  `title` varchar(255) CHARACTER SET utf8mb3 COLLATE utf8mb3_bin DEFAULT NULL,
  `description` text CHARACTER SET utf8mb3 COLLATE utf8mb3_bin,
  `notifyEmailMessage` text CHARACTER SET utf8mb3 COLLATE utf8mb3_bin,
  `notifyEmailId` varchar(150) CHARACTER SET utf8mb3 COLLATE utf8mb3_bin DEFAULT NULL,
  `notifySmsMessage` text CHARACTER SET utf8mb3 COLLATE utf8mb3_bin,
  `notifyMobileNo` varchar(50) CHARACTER SET utf8mb3 COLLATE utf8mb3_bin DEFAULT NULL,
  `senderEmailMessage` text CHARACTER SET utf8mb3 COLLATE utf8mb3_bin,
  `senderSmsMessage` text CHARACTER SET utf8mb3 COLLATE utf8mb3_bin,
  `createdAt` datetime DEFAULT NULL,
  `updatedAt` datetime DEFAULT NULL
) ENGINE=InnoDB DEFAULT CHARSET=utf8mb3 COLLATE=utf8mb3_bin;

-- --------------------------------------------------------

--
-- Table structure for table `franchise`
--

CREATE TABLE `franchise` (
  `id` int NOT NULL,
  `storeId` int DEFAULT NULL,
  `businessType` enum('owned','lease') CHARACTER SET utf8mb3 COLLATE utf8mb3_bin DEFAULT NULL,
  `address` text CHARACTER SET utf8mb3 COLLATE utf8mb3_bin,
  `name` varchar(255) CHARACTER SET utf8mb3 COLLATE utf8mb3_bin DEFAULT NULL,
  `email` varchar(255) CHARACTER SET utf8mb3 COLLATE utf8mb3_bin DEFAULT NULL,
  `contactNo` varchar(255) CHARACTER SET utf8mb3 COLLATE utf8mb3_bin DEFAULT NULL,
  `preferredLocation` text CHARACTER SET utf8mb3 COLLATE utf8mb3_bin,
  `status` enum('Yes','No') CHARACTER SET utf8mb3 COLLATE utf8mb3_bin DEFAULT NULL,
  `createdBy` varchar(128) CHARACTER SET utf8mb3 COLLATE utf8mb3_bin DEFAULT NULL,
  `createdAt` datetime DEFAULT NULL,
  `updatedBy` varchar(128) CHARACTER SET utf8mb3 COLLATE utf8mb3_bin DEFAULT NULL,
  `updatedAt` datetime DEFAULT NULL
) ENGINE=InnoDB DEFAULT CHARSET=utf8mb3 COLLATE=utf8mb3_bin COMMENT='Franchise Table';

--
-- Dumping data for table `franchise`
--

INSERT INTO `franchise` (`id`, `storeId`, `businessType`, `address`, `name`, `email`, `contactNo`, `preferredLocation`, `status`, `createdBy`, `createdAt`, `updatedBy`, `updatedAt`) VALUES
(1, NULL, 'owned', 'Bandwan', 'Partha Mandal', 'partha@gmail.com', '7557854587', 'Bandwan', 'No', NULL, '2021-10-28 10:39:38', NULL, '2021-10-28 10:39:38'),
(2, NULL, 'owned', 'Bandwan', 'Partha Mandal', 'partha@gmail.com', '7557854587', 'Bandwan', 'No', NULL, '2021-10-28 10:44:00', NULL, '2021-10-28 10:44:00'),
(3, NULL, 'owned', 'Tarakeswar', 'ranajit manna', 'mannaranajit34@gmail.com', '9733904033', 'fvfgfgf', 'No', NULL, '2021-10-28 10:47:43', NULL, '2021-10-28 10:47:43'),
(4, NULL, 'lease', 'Tarakeswar', 'ranajit manna', 'mannaranajit34@gmail.com', '9733904033', 'zzzzzzzzz', 'No', NULL, '2021-10-28 10:48:42', NULL, '2021-10-28 10:48:42'),
(5, NULL, 'owned', 'Tarakeswar', 'ranajit manna', 'mannaranajit34@gmail.com', '9733904033', 'xxxx', 'No', NULL, '2021-10-28 10:49:19', NULL, '2021-10-28 10:49:19'),
(6, NULL, 'owned', 'Tarakeswar', 'ranajit manna', 'mannaranajit34@gmail.com', '9733904033', 'cccccccccc', 'No', NULL, '2021-10-28 10:50:10', NULL, '2021-10-28 10:50:10'),
(7, NULL, 'owned', 'Bandwan\r\nPurulia', 'Partha Mandal', 'parthamandal512@gmail.com', '8250761658', 'vbncvb', 'Yes', NULL, '2021-11-01 09:03:42', '18', '2021-11-01 09:04:25');

-- --------------------------------------------------------

--
-- Table structure for table `franchisee17`
--

CREATE TABLE `franchisee17` (
  `id` int NOT NULL,
  `name` varchar(255) DEFAULT NULL,
  `email` varchar(255) DEFAULT NULL,
  `mobile` varchar(255) DEFAULT NULL,
  `address` varchar(255) DEFAULT NULL,
  `preferredlocation` varchar(255) DEFAULT NULL,
  `businesstype` varchar(255) DEFAULT NULL
) ENGINE=InnoDB DEFAULT CHARSET=utf8mb4 COLLATE=utf8mb4_0900_ai_ci;

--
-- Dumping data for table `franchisee17`
--

INSERT INTO `franchisee17` (`id`, `name`, `email`, `mobile`, `address`, `preferredlocation`, `businesstype`) VALUES
(1, 'Partha Mandal', 'parthamandal512@gmail.com', '8250761658', 'Jahiradih', 'Bandwan', 'Owned'),
(2, 'dsdsdsd', 'mannaranajit34@gmail.com', '9733904033', 'fdfdfdfdfd', 'dfdfdfdf', 'Owned'),
(3, 'asifur.rahaman@bluehorse.in', 'asifur.rahaman@bluehorse.in', '9477078705', 'asdasd', '4tg nov', 'Lease'),
(4, 'ranajit', 'mannaranajit34@gmail.com', '7908542740', 'nhggh', 'hghgfhg', 'Owned'),
(5, 'sdsdsd', 'mannaranajit34@gmail.com', '7908542740', 'dsdsds', 'sdsdsds', 'Owned'),
(6, '1st', 'adasd', '1321', 'axdasd', 'adasd', 'Lease'),
(7, 'bcvb', 'dfgfdggg@gg.co', '4555555555', 'fds', 'dsfsd', 'Owned'),
(8, 'rtrt', '555555@gg.co', '6666666666', 'gfhf', 'hbfghf', 'Owned'),
(9, 'Sanjay Nandy', 'sanjay.nandy@bluehorse.in', '9681580218', 'Inda, post. Kharagpur, dist: Paschim Midnapore, pin - 721310', 'Inda', 'Owned'),
(10, 'Test', 'sumit.das@bluehorse.in', '9002273866', 'Test', 'Test', 'Owned'),
(11, 'Sanjay Nandy', 'sanjay.bawd@gmail.com', '9681580218', 'Midnapore, west bengal', 'Keranitola', 'Owned');

-- --------------------------------------------------------

--
-- Table structure for table `galleries`
--

CREATE TABLE `galleries` (
  `id` int UNSIGNED NOT NULL,
  `catId` int DEFAULT NULL,
  `storeId` int DEFAULT NULL,
  `image` varchar(100) CHARACTER SET utf8mb3 COLLATE utf8mb3_bin DEFAULT NULL,
  `sequence` int DEFAULT NULL,
  `status` enum('Yes','No') CHARACTER SET utf8mb3 COLLATE utf8mb3_bin DEFAULT NULL,
  `updatedBy` varchar(128) CHARACTER SET utf8mb3 COLLATE utf8mb3_bin DEFAULT NULL,
  `createdBy` varchar(128) CHARACTER SET utf8mb3 COLLATE utf8mb3_bin DEFAULT NULL,
  `updatedAt` datetime NOT NULL,
  `createdAt` datetime NOT NULL
) ENGINE=InnoDB DEFAULT CHARSET=utf8mb3 COLLATE=utf8mb3_bin;

--
-- Dumping data for table `galleries`
--

INSERT INTO `galleries` (`id`, `catId`, `storeId`, `image`, `sequence`, `status`, `updatedBy`, `createdBy`, `updatedAt`, `createdAt`) VALUES
(1, 6, 30, '1655825320578.jpg', 1, 'Yes', '1', '18', '2022-07-02 00:33:49', '2021-12-24 13:40:24'),
(2, 10, 30, '1655825333204.jpg', 2, 'Yes', '1', '18', '2022-07-04 15:41:50', '2021-12-24 13:40:41'),
(3, 9, 30, '1655825347860.jpg', 3, 'Yes', '1', '18', '2022-07-04 15:42:04', '2021-12-24 13:40:50'),
(4, 9, 30, '1655825359761.jpg', 4, 'Yes', '1', '18', '2022-07-04 15:42:24', '2021-12-24 13:41:01'),
(5, 9, 30, '1655825373536.jpg', 5, 'Yes', '1', '18', '2022-07-04 15:42:38', '2021-12-24 13:41:10'),
(7, 8, 30, '1655825387066.jpg', 6, 'Yes', '1', '18', '2022-07-04 15:43:24', '2021-12-24 13:41:25'),
(8, 8, 30, '1655825401554.jpg', 7, 'Yes', '1', '18', '2022-07-04 15:43:48', '2021-12-24 13:41:36'),
(9, 10, 30, '1655825416344.jpg', 8, 'Yes', '1', '18', '2022-07-04 15:45:28', '2021-12-24 13:41:43'),
(10, 12, 30, '1655825430780.png', 9, 'Yes', '1', '18', '2022-07-04 15:45:39', '2021-12-24 13:41:52');

-- --------------------------------------------------------

--
-- Table structure for table `getACallback`
--

CREATE TABLE `getACallback` (
  `id` int NOT NULL,
  `storeId` int DEFAULT NULL,
  `name` varchar(255) DEFAULT NULL,
  `email` varchar(255) DEFAULT NULL,
  `mobile` varchar(100) DEFAULT NULL,
  `createdBy` varchar(100) DEFAULT NULL,
  `updatedBy` varchar(100) DEFAULT NULL,
  `createdAt` datetime NOT NULL,
  `updatedAt` datetime NOT NULL
) ENGINE=InnoDB DEFAULT CHARSET=utf8mb4 COLLATE=utf8mb4_0900_ai_ci;

-- --------------------------------------------------------

--
-- Table structure for table `giftSet`
--

CREATE TABLE `giftSet` (
  `id` int NOT NULL,
  `storeId` int DEFAULT NULL,
  `title` varchar(255) DEFAULT NULL,
  `ar_title` varchar(255) DEFAULT NULL,
  `message` text,
  `ar_message` text,
  `image` varchar(255) DEFAULT NULL,
  `sequence` int DEFAULT NULL,
  `status` enum('Yes','No','Archive') DEFAULT 'Yes',
  `createdBy` varchar(100) DEFAULT NULL,
  `createdAt` datetime DEFAULT NULL,
  `updatedBy` varchar(100) DEFAULT NULL,
  `updatedAt` datetime DEFAULT NULL
) ENGINE=InnoDB DEFAULT CHARSET=utf8mb4 COLLATE=utf8mb4_0900_ai_ci COMMENT='giftSet Table';

--
-- Dumping data for table `giftSet`
--

INSERT INTO `giftSet` (`id`, `storeId`, `title`, `ar_title`, `message`, `ar_message`, `image`, `sequence`, `status`, `createdBy`, `createdAt`, `updatedBy`, `updatedAt`) VALUES
(2, 30, 'EID MUBARAK', NULL, 'Normal', NULL, '1660197474542.jpg', 3, 'Yes', '1', '2022-07-19 13:14:31', NULL, '2022-08-11 11:27:54'),
(3, 30, 'VALENTINE', NULL, '', NULL, '1660197460217.jpg', 2, 'Yes', '1', '2022-07-20 22:14:33', NULL, '2022-08-11 11:27:40'),
(4, 30, 'BASIC', 'الافترايفكتس', '', 'الافترايفكتسالافترايفكتسالافترايفكتسالافترايفكتسالافترايفكتس', '1660197444167.jpg', 1, 'Yes', '1', '2022-07-22 13:09:07', NULL, '2022-09-11 00:35:28');

-- --------------------------------------------------------

--
-- Table structure for table `guestCustomerAddresses`
--

CREATE TABLE `guestCustomerAddresses` (
  `id` int NOT NULL,
  `storeId` int DEFAULT NULL,
  `guestCustomerId` int DEFAULT NULL,
  `isPrimary` enum('yes','no') DEFAULT NULL,
  `prefix` varchar(200) DEFAULT NULL,
  `firstName` varchar(200) DEFAULT NULL,
  `middleName` varchar(200) DEFAULT NULL,
  `lastName` varchar(200) DEFAULT NULL,
  `fullName` varchar(200) DEFAULT NULL,
  `mobile` varchar(20) DEFAULT NULL,
  `addressType` enum('Home','Work','Other') DEFAULT NULL,
  `address` text,
  `locality` varchar(255) DEFAULT NULL,
  `city` varchar(128) DEFAULT NULL,
  `state` varchar(128) DEFAULT NULL,
  `pin` varchar(20) DEFAULT NULL,
  `country` varchar(50) DEFAULT NULL,
  `createdBy` varchar(100) DEFAULT NULL,
  `createdAt` datetime DEFAULT NULL,
  `updatedBy` varchar(100) DEFAULT NULL,
  `updatedAt` datetime DEFAULT NULL
) ENGINE=InnoDB DEFAULT CHARSET=utf8mb4 COLLATE=utf8mb4_0900_ai_ci COMMENT='Customer Addresses Table';

--
-- Dumping data for table `guestCustomerAddresses`
--

INSERT INTO `guestCustomerAddresses` (`id`, `storeId`, `guestCustomerId`, `isPrimary`, `prefix`, `firstName`, `middleName`, `lastName`, `fullName`, `mobile`, `addressType`, `address`, `locality`, `city`, `state`, `pin`, `country`, `createdBy`, `createdAt`, `updatedBy`, `updatedAt`) VALUES
(1, 30, 15, 'no', NULL, NULL, NULL, NULL, 'biswajit kolya', '3333333333', 'Home', 'medinipur', 'medinipur', 'Al Ain', 'Ras Al Khaimah', '721260', 'UAE', NULL, '2022-10-26 15:06:00', NULL, '2022-10-26 15:06:00'),
(2, 30, 19, 'no', NULL, NULL, NULL, NULL, 'rr uu', '9999999999', 'Home', 'ssssssssssssssssssssssssssssssssssssss', 'aaaaaaaaaaaaaaa', 'Ras Al Khaimah', 'Dubai', '6666666', 'UAE', NULL, '2022-10-26 17:32:27', NULL, '2022-10-26 17:32:27'),
(3, 30, 20, 'no', NULL, NULL, NULL, NULL, 'aa dd', '2222222222', 'Work', 'asasas', '2323wwwwwwwwwwww', 'Fujairah', 'Fujairah', '2324', 'UAE', NULL, '2022-10-26 17:53:10', NULL, '2022-10-26 17:53:10'),
(4, 30, 20, 'no', NULL, NULL, NULL, NULL, 'aa dd', '2222222222', 'Work', 'wwwwwwwwwwwwwwwwwwwwww', 'sssssssssssssss', 'Fujairah', 'Fujairah', '2332', 'UAE', NULL, '2022-10-26 18:27:18', NULL, '2022-10-26 18:27:18');

-- --------------------------------------------------------

--
-- Table structure for table `guestCustomers`
--

CREATE TABLE `guestCustomers` (
  `id` int NOT NULL,
  `storeId` int DEFAULT NULL,
  `prefix` varchar(200) DEFAULT NULL,
  `firstName` varchar(200) DEFAULT NULL,
  `middleName` varchar(200) DEFAULT NULL,
  `lastName` varchar(200) DEFAULT NULL,
  `fullName` varchar(200) DEFAULT NULL,
  `email` varchar(300) DEFAULT NULL,
  `mobile` varchar(20) DEFAULT NULL,
  `image` varchar(255) DEFAULT NULL,
  `dob` date DEFAULT NULL,
  `gender` enum('Male','Female','Other') DEFAULT NULL,
  `status` enum('Yes','No','Blocked') DEFAULT NULL,
  `createdBy` varchar(100) DEFAULT NULL,
  `createdAt` datetime DEFAULT NULL,
  `updatedBy` varchar(100) DEFAULT NULL,
  `updatedAt` datetime DEFAULT NULL
) ENGINE=InnoDB DEFAULT CHARSET=utf8mb4 COLLATE=utf8mb4_0900_ai_ci COMMENT='guest Customers Table';

--
-- Dumping data for table `guestCustomers`
--

INSERT INTO `guestCustomers` (`id`, `storeId`, `prefix`, `firstName`, `middleName`, `lastName`, `fullName`, `email`, `mobile`, `image`, `dob`, `gender`, `status`, `createdBy`, `createdAt`, `updatedBy`, `updatedAt`) VALUES
(1, 30, NULL, 'ssssssssssssssssss', NULL, 'hhhhhhhhhhhhhhh', NULL, 'biswajit@gmail.com', '6666666666', NULL, NULL, NULL, 'Yes', NULL, '2022-10-21 12:20:29', NULL, '2022-10-22 12:55:21'),
(2, 30, NULL, 'biswajit', NULL, 'kolya', NULL, 'biswajit@gmail.com', '2222222222', NULL, NULL, NULL, 'Yes', NULL, '2022-10-21 12:22:31', NULL, '2022-10-22 10:45:06'),
(3, 30, NULL, 'ww', NULL, 'ff', NULL, 'biswajit@gmail.com', '1111111111', NULL, NULL, NULL, 'Yes', NULL, '2022-10-21 12:24:52', NULL, '2022-10-21 12:24:52'),
(4, 30, NULL, 'sssssssssssss', NULL, 'hhhhhhhhhhhhhhhhhhh', NULL, 'biswajit@gmail.com', '4444444444', NULL, NULL, NULL, 'Yes', NULL, '2022-10-21 14:26:40', NULL, '2022-10-23 02:05:36'),
(5, 30, NULL, 'ss', NULL, 'hh', NULL, 'biswajit@gmail.com', '7777777777', NULL, NULL, NULL, 'Yes', NULL, '2022-10-21 15:23:20', NULL, '2022-10-21 15:23:20'),
(6, 30, NULL, 'sssssssssssss', NULL, 'bbbbbb', NULL, 'biswajit@gmail.com', '9999999999', NULL, NULL, NULL, 'Yes', NULL, '2022-10-21 15:24:40', NULL, '2022-10-21 18:35:11'),
(7, 30, NULL, 'aaaa', NULL, 'bbbb', NULL, 'biswajit@gmail.com', '5555555555', NULL, NULL, NULL, 'Yes', NULL, '2022-10-21 18:20:32', NULL, '2022-10-22 11:20:00'),
(8, 30, NULL, 'ffffffff', NULL, 'kkkkkkkkkkkk', NULL, 'biswajit@gmail.com', '8888888888', NULL, NULL, NULL, 'Yes', NULL, '2022-10-21 19:04:24', NULL, '2022-10-21 19:04:24'),
(9, 30, NULL, 'aaaaa', NULL, 'bbbbbbbbb', NULL, 'biswajit@gmail.com', '3333333333', NULL, NULL, NULL, 'Yes', NULL, '2022-10-22 10:17:25', NULL, '2022-10-22 10:17:25'),
(10, 30, NULL, 'dddd', NULL, 'ffff', NULL, 'tanbir.bluehorse@gmail.com', '323232323', NULL, NULL, NULL, 'Yes', NULL, '2022-10-22 15:59:38', NULL, '2022-10-22 15:59:38'),
(11, 30, NULL, 'dddd', NULL, 'ffff', NULL, 'tanbir.bluehorse@gmail.com1', '3232323231', NULL, NULL, NULL, 'Yes', NULL, '2022-10-22 16:04:09', NULL, '2022-10-22 16:04:09'),
(12, 30, NULL, 'ss', NULL, 'gg', NULL, 'abc@gmail.com', '6666666666', NULL, NULL, NULL, 'Yes', NULL, '2022-10-25 12:06:45', NULL, '2022-10-26 13:12:18'),
(13, 30, NULL, 'yyyyyy', NULL, 'ppppp', NULL, 'abc@gmail.com', '8888888888', NULL, NULL, NULL, 'Yes', NULL, '2022-10-25 17:39:23', NULL, '2022-11-01 12:55:37'),
(14, 30, NULL, 'a', NULL, 'b', NULL, 'abc@gmail.com', '8888888888', NULL, NULL, NULL, 'Yes', NULL, '2022-10-25 17:39:23', NULL, '2022-10-25 17:39:23'),
(15, 30, NULL, 'rrrrr', NULL, 'ggggggggggggg', NULL, 'abc@gmail.com', '3333333333', NULL, NULL, NULL, 'Yes', NULL, '2022-10-26 11:22:46', NULL, '2022-11-02 18:13:47'),
(16, 30, NULL, 'aa', NULL, 'bb', NULL, 'abc@gmail.com', '4444444444', NULL, NULL, NULL, 'Yes', NULL, '2022-10-26 12:49:41', NULL, '2022-10-26 12:49:41'),
(17, 30, NULL, 'eeeeeeee', NULL, 'ppppppppppppp', NULL, 'abc@gmail.com', '5555555555', NULL, NULL, NULL, 'Yes', NULL, '2022-10-26 13:12:48', NULL, '2022-10-31 13:13:12'),
(18, 30, NULL, 'aa', NULL, 'bb', NULL, 'abc@gmail.com', '7777777777', NULL, NULL, NULL, 'Yes', NULL, '2022-10-26 16:01:20', NULL, '2022-11-03 11:55:52'),
(19, 30, NULL, 'rr', NULL, 'uu', NULL, 'abc@gmail.com', '9999999999', NULL, NULL, NULL, 'Yes', NULL, '2022-10-26 16:09:11', NULL, '2022-10-26 16:09:11'),
(20, 30, NULL, 'aa', NULL, 'dd', NULL, 'abc@gmail.com', '2222222222', NULL, NULL, NULL, 'Yes', NULL, '2022-10-26 17:49:22', NULL, '2022-10-26 17:49:22');

-- --------------------------------------------------------

--
-- Table structure for table `imageResize`
--

CREATE TABLE `imageResize` (
  `id` int NOT NULL,
  `storeId` int DEFAULT NULL,
  `moduleName` varchar(255) DEFAULT NULL,
  `height` int DEFAULT NULL,
  `width` int DEFAULT NULL,
  `createdBy` varchar(100) DEFAULT NULL,
  `createdAt` datetime NOT NULL,
  `updatedAt` datetime NOT NULL
) ENGINE=InnoDB DEFAULT CHARSET=utf8mb4 COLLATE=utf8mb4_0900_ai_ci COMMENT='Image Resize Table';

-- --------------------------------------------------------

--
-- Table structure for table `inventory`
--

CREATE TABLE `inventory` (
  `id` int NOT NULL,
  `productId` int DEFAULT NULL,
  `storeId` int DEFAULT NULL,
  `saleBuy` varchar(255) DEFAULT NULL,
  `stock` varchar(255) DEFAULT NULL,
  `status` enum('Yes','No') NOT NULL DEFAULT 'Yes',
  `remarks` varchar(255) DEFAULT NULL,
  `createdBy` varchar(255) DEFAULT NULL,
  `updatedBy` varchar(255) DEFAULT NULL,
  `createdAt` datetime NOT NULL,
  `updatedAt` datetime NOT NULL
) ENGINE=InnoDB DEFAULT CHARSET=utf8mb4 COLLATE=utf8mb4_0900_ai_ci;

--
-- Dumping data for table `inventory`
--

INSERT INTO `inventory` (`id`, `productId`, `storeId`, `saleBuy`, `stock`, `status`, `remarks`, `createdBy`, `updatedBy`, `createdAt`, `updatedAt`) VALUES
(1561, 1217, 30, NULL, '0', 'Yes', '1 product order by 710', NULL, NULL, '2022-07-04 19:10:25', '2022-07-04 19:10:25'),
(1562, 1248, 30, NULL, '0', 'Yes', '1 product order by 711', NULL, NULL, '2022-07-05 11:12:43', '2022-07-05 11:12:43'),
(1563, 1252, 30, NULL, '0', 'Yes', '1 product order by 712', NULL, NULL, '2022-07-05 11:17:11', '2022-07-05 11:17:11'),
(1564, 1297, 30, NULL, '0', 'Yes', '1 product order by 713', NULL, NULL, '2022-07-05 16:06:55', '2022-07-05 16:06:55'),
(1565, 1236, 30, NULL, '0', 'Yes', '1 product order by 714', NULL, NULL, '2022-07-05 17:17:34', '2022-07-05 17:17:34'),
(1566, 1246, 30, NULL, '0', 'Yes', '1 product order by 715', NULL, NULL, '2022-07-05 17:21:45', '2022-07-05 17:21:45'),
(1567, 1268, 30, NULL, '0', 'Yes', '1 product order by 715', NULL, NULL, '2022-07-05 17:21:45', '2022-07-05 17:21:45'),
(1568, 1248, 30, NULL, '0', 'Yes', '1 product cancelled by 711', NULL, NULL, '2022-07-05 17:26:32', '2022-07-05 17:26:32'),
(1569, 1296, 30, NULL, '0', 'Yes', '1 product order by 716', NULL, NULL, '2022-07-05 18:56:49', '2022-07-05 18:56:49'),
(1570, 1297, 30, NULL, '0', 'Yes', '1 product cancelled by 713', NULL, NULL, '2022-07-05 18:58:18', '2022-07-05 18:58:18'),
(1571, 1234, 30, NULL, '0', 'Yes', '1 product order by 717', NULL, NULL, '2022-07-07 19:19:27', '2022-07-07 19:19:27'),
(1572, 1236, 30, NULL, '0', 'Yes', '1 product order by 718', NULL, NULL, '2022-07-07 23:26:25', '2022-07-07 23:26:25'),
(1573, 1237, 30, NULL, '0', 'Yes', '1 product order by 719', NULL, NULL, '2022-07-07 23:29:19', '2022-07-07 23:29:19'),
(1574, 1238, 30, NULL, '0', 'Yes', '1 product order by 720', NULL, NULL, '2022-07-18 13:01:12', '2022-07-18 13:01:12'),
(1575, 1238, 30, NULL, '0', 'Yes', '1 product order by 721', NULL, NULL, '2022-07-18 13:01:56', '2022-07-18 13:01:56'),
(1576, 1207, 30, NULL, '0', 'Yes', '1 product order by 722', NULL, NULL, '2022-07-18 13:03:42', '2022-07-18 13:03:42'),
(1577, 1207, 30, NULL, '0', 'Yes', '1 product cancelled by 722', NULL, NULL, '2022-07-18 13:06:20', '2022-07-18 13:06:20'),
(1578, 1238, 30, NULL, '0', 'Yes', '1 product cancelled by 721', NULL, NULL, '2022-07-18 13:06:25', '2022-07-18 13:06:25'),
(1579, 1247, 30, NULL, '0', 'Yes', '1 product order by 723', NULL, NULL, '2022-07-18 13:25:18', '2022-07-18 13:25:18'),
(1580, 1207, 30, NULL, '0', 'Yes', '1 product order by 724', NULL, NULL, '2022-07-18 16:59:03', '2022-07-18 16:59:03'),
(1581, 1207, 30, NULL, '0', 'Yes', '1 product order by 725', NULL, NULL, '2022-07-18 16:59:31', '2022-07-18 16:59:31'),
(1582, 1259, 30, NULL, '0', 'Yes', '1 product order by 726', NULL, NULL, '2022-07-19 09:22:31', '2022-07-19 09:22:31'),
(1583, 1238, 30, NULL, '0', 'Yes', '1 product order by 727', NULL, NULL, '2022-07-19 10:28:07', '2022-07-19 10:28:07'),
(1584, 1238, 30, NULL, '0', 'Yes', '1 product order by 728', NULL, NULL, '2022-07-20 15:18:06', '2022-07-20 15:18:06'),
(1585, 1294, 30, NULL, '0', 'Yes', '1 product order by 729', NULL, NULL, '2022-07-20 22:39:28', '2022-07-20 22:39:28'),
(1586, 1239, 30, NULL, '0', 'Yes', '1 product order by 730', NULL, NULL, '2022-07-20 23:49:48', '2022-07-20 23:49:48'),
(1587, 1239, 30, NULL, '0', 'Yes', '1 product cancelled by 730', NULL, NULL, '2022-07-20 23:51:08', '2022-07-20 23:51:08'),
(1588, 1238, 30, NULL, '0', 'Yes', '1 product cancelled by 728', NULL, NULL, '2022-07-20 23:51:15', '2022-07-20 23:51:15'),
(1589, 1214, 30, NULL, '0', 'Yes', '2 product order by 731', NULL, NULL, '2022-07-21 13:35:01', '2022-07-21 13:35:01'),
(1590, 1260, 30, NULL, '0', 'Yes', '1 product order by 732', NULL, NULL, '2022-07-21 14:17:03', '2022-07-21 14:17:03'),
(1591, 1303, 30, NULL, '0', 'Yes', '1 product order by 733', NULL, NULL, '2022-07-21 18:05:50', '2022-07-21 18:05:50'),
(1592, 1299, 30, NULL, '0', 'Yes', '3 product order by 734', NULL, NULL, '2022-07-22 00:40:26', '2022-07-22 00:40:26'),
(1594, 1218, 30, NULL, '0', 'Yes', '1 product order by 736', NULL, NULL, '2022-07-22 17:44:00', '2022-07-22 17:44:00'),
(1595, 1303, 30, NULL, '0', 'Yes', '1 product order by 737', NULL, NULL, '2022-07-22 19:14:51', '2022-07-22 19:14:51'),
(1596, 1303, 30, NULL, '0', 'Yes', '1 product order by 737', NULL, NULL, '2022-07-22 19:14:51', '2022-07-22 19:14:51'),
(1597, 1297, 30, NULL, '0', 'Yes', '1 product order by 738', NULL, NULL, '2022-07-23 20:18:59', '2022-07-23 20:18:59'),
(1598, 1282, 30, NULL, '0', 'Yes', '1 product order by 739', NULL, NULL, '2022-07-24 16:52:08', '2022-07-24 16:52:08'),
(1599, 1303, 30, NULL, '0', 'Yes', '2 product order by 740', NULL, NULL, '2022-07-25 12:29:30', '2022-07-25 12:29:30'),
(1600, 1303, 30, NULL, '0', 'Yes', '1 product order by 741', NULL, NULL, '2022-07-25 12:33:42', '2022-07-25 12:33:42'),
(1602, 1218, 30, NULL, '0', 'Yes', '1 product order by 743', NULL, NULL, '2022-07-27 10:28:07', '2022-07-27 10:28:07'),
(1603, 1218, 30, NULL, '0', 'Yes', '1 product order by 744', NULL, NULL, '2022-07-29 19:21:43', '2022-07-29 19:21:43'),
(1604, 1283, 30, NULL, '0', 'Yes', '1 product order by 745', NULL, NULL, '2022-07-30 11:10:38', '2022-07-30 11:10:38'),
(1605, 1284, 30, NULL, '0', 'Yes', '1 product order by 746', NULL, NULL, '2022-07-30 11:13:49', '2022-07-30 11:13:49'),
(1606, 1218, 30, NULL, '0', 'Yes', '1 product order by 747', NULL, NULL, '2022-07-30 11:14:26', '2022-07-30 11:14:26'),
(1607, 1283, 30, NULL, '0', 'Yes', '1 product order by 748', NULL, NULL, '2022-07-30 11:36:07', '2022-07-30 11:36:07'),
(1608, 1282, 30, NULL, '0', 'Yes', '1 product order by 748', NULL, NULL, '2022-07-30 11:36:07', '2022-07-30 11:36:07'),
(1609, 1239, 30, NULL, '0', 'Yes', '1 product order by 749', NULL, NULL, '2022-07-30 12:36:18', '2022-07-30 12:36:18'),
(1610, 1217, 30, NULL, '0', 'Yes', '1 product order by 750', NULL, NULL, '2022-07-30 12:41:33', '2022-07-30 12:41:33'),
(1611, 1219, 30, NULL, '0', 'Yes', '1 product order by 751', NULL, NULL, '2022-07-30 13:05:02', '2022-07-30 13:05:02'),
(1612, 1217, 30, NULL, '0', 'Yes', '1 product cancelled by 750', NULL, NULL, '2022-07-30 13:06:01', '2022-07-30 13:06:01'),
(1613, 1239, 30, NULL, '0', 'Yes', '1 product cancelled by 749', NULL, NULL, '2022-07-30 13:06:30', '2022-07-30 13:06:30'),
(1614, 1218, 30, NULL, '0', 'Yes', '1 product order by 752', NULL, NULL, '2022-07-31 17:29:40', '2022-07-31 17:29:40'),
(1615, 1218, 30, NULL, '0', 'Yes', '1 product order by 753', NULL, NULL, '2022-07-31 17:39:42', '2022-07-31 17:39:42'),
(1616, 1284, 30, NULL, '0', 'Yes', '1 product order by 754', NULL, NULL, '2022-07-31 17:43:18', '2022-07-31 17:43:18'),
(1617, 1217, 30, NULL, '0', 'Yes', '1 product order by 755', NULL, NULL, '2022-07-31 19:53:42', '2022-07-31 19:53:42'),
(1618, 1284, 30, NULL, '0', 'Yes', '1 product order by 756', NULL, NULL, '2022-08-01 10:16:27', '2022-08-01 10:16:27'),
(1619, 1252, 30, NULL, '0', 'Yes', '1 product order by 757', NULL, NULL, '2022-08-01 10:20:00', '2022-08-01 10:20:00'),
(1620, 1284, 30, NULL, '0', 'Yes', '1 product order by 758', NULL, NULL, '2022-08-01 10:56:21', '2022-08-01 10:56:21'),
(1621, 1284, 30, NULL, '0', 'Yes', '1 product order by 759', NULL, NULL, '2022-08-01 10:58:45', '2022-08-01 10:58:45'),
(1622, 1284, 30, NULL, '0', 'Yes', '1 product order by 760', NULL, NULL, '2022-08-01 10:59:45', '2022-08-01 10:59:45'),
(1623, 1218, 30, NULL, '0', 'Yes', '1 product order by 761', NULL, NULL, '2022-08-01 11:26:42', '2022-08-01 11:26:42'),
(1624, 1284, 30, NULL, '0', 'Yes', '1 product order by 762', NULL, NULL, '2022-08-01 11:28:12', '2022-08-01 11:28:12'),
(1625, 1284, 30, NULL, '0', 'Yes', '1 product order by 763', NULL, NULL, '2022-08-01 11:32:50', '2022-08-01 11:32:50'),
(1626, 1252, 30, NULL, '0', 'Yes', '1 product order by 764', NULL, NULL, '2022-08-01 14:22:11', '2022-08-01 14:22:11'),
(1627, 1283, 30, NULL, '0', 'Yes', '1 product order by 765', NULL, NULL, '2022-08-01 14:24:16', '2022-08-01 14:24:16'),
(1628, 1283, 30, NULL, '0', 'Yes', '1 product order by 766', NULL, NULL, '2022-08-01 14:30:05', '2022-08-01 14:30:05'),
(1629, 1283, 30, NULL, '0', 'Yes', '1 product order by 767', NULL, NULL, '2022-08-01 14:32:54', '2022-08-01 14:32:54'),
(1630, 1284, 30, NULL, '0', 'Yes', '1 product order by 768', NULL, NULL, '2022-08-01 14:33:44', '2022-08-01 14:33:44'),
(1631, 1283, 30, NULL, '0', 'Yes', '1 product order by 769', NULL, NULL, '2022-08-01 14:35:07', '2022-08-01 14:35:07'),
(1632, 1283, 30, NULL, '0', 'Yes', '1 product order by 770', NULL, NULL, '2022-08-01 14:41:42', '2022-08-01 14:41:42'),
(1633, 1284, 30, NULL, '0', 'Yes', '1 product order by 771', NULL, NULL, '2022-08-01 14:42:23', '2022-08-01 14:42:23'),
(1634, 1284, 30, NULL, '0', 'Yes', '1 product order by 772', NULL, NULL, '2022-08-01 19:10:53', '2022-08-01 19:10:53'),
(1635, 1218, 30, NULL, '0', 'Yes', '1 product order by 772', NULL, NULL, '2022-08-01 19:10:53', '2022-08-01 19:10:53'),
(1636, 1284, 30, NULL, '0', 'Yes', '1 product order by 773', NULL, NULL, '2022-08-02 09:25:18', '2022-08-02 09:25:18'),
(1637, 1284, 30, NULL, '0', 'Yes', '1 product order by 774', NULL, NULL, '2022-08-02 09:25:55', '2022-08-02 09:25:55'),
(1638, 1218, 30, NULL, '0', 'Yes', '1 product order by 775', NULL, NULL, '2022-08-02 09:32:29', '2022-08-02 09:32:29'),
(1639, 1252, 30, NULL, '0', 'Yes', '1 product order by 776', NULL, NULL, '2022-08-02 09:35:11', '2022-08-02 09:35:11'),
(1640, 1252, 30, NULL, '0', 'Yes', '1 product order by 777', NULL, NULL, '2022-08-02 09:42:20', '2022-08-02 09:42:20'),
(1641, 1284, 30, NULL, '0', 'Yes', '1 product order by 778', NULL, NULL, '2022-08-02 09:55:17', '2022-08-02 09:55:17'),
(1642, 1284, 30, NULL, '0', 'Yes', '1 product order by 779', NULL, NULL, '2022-08-02 09:56:47', '2022-08-02 09:56:47'),
(1643, 1284, 30, NULL, '0', 'Yes', '1 product order by 780', NULL, NULL, '2022-08-02 10:00:16', '2022-08-02 10:00:16'),
(1644, 1284, 30, NULL, '0', 'Yes', '1 product order by 781', NULL, NULL, '2022-08-02 10:06:33', '2022-08-02 10:06:33'),
(1645, 1257, 30, NULL, '0', 'Yes', '1 product order by 782', NULL, NULL, '2022-08-02 19:50:28', '2022-08-02 19:50:28'),
(1646, 1303, 30, NULL, '0', 'Yes', '1 product order by 783', NULL, NULL, '2022-08-02 20:15:04', '2022-08-02 20:15:04'),
(1647, 1284, 30, NULL, '0', 'Yes', '1 product order by 784', NULL, NULL, '2022-08-02 20:15:35', '2022-08-02 20:15:35'),
(1648, 1284, 30, NULL, '0', 'Yes', '1 product order by 785', NULL, NULL, '2022-08-02 20:17:44', '2022-08-02 20:17:44'),
(1649, 1284, 30, NULL, '0', 'Yes', '1 product order by 786', NULL, NULL, '2022-08-02 20:20:46', '2022-08-02 20:20:46'),
(1650, 1284, 30, NULL, '0', 'Yes', '1 product order by 787', NULL, NULL, '2022-08-02 20:22:25', '2022-08-02 20:22:25'),
(1651, 1303, 30, NULL, '0', 'Yes', '1 product order by 788', NULL, NULL, '2022-08-02 20:25:24', '2022-08-02 20:25:24'),
(1652, 1303, 30, NULL, '0', 'Yes', '1 product order by 789', NULL, NULL, '2022-08-02 20:27:48', '2022-08-02 20:27:48'),
(1653, 1284, 30, NULL, '0', 'Yes', '1 product order by 790', NULL, NULL, '2022-08-02 20:29:04', '2022-08-02 20:29:04'),
(1654, 1303, 30, NULL, '0', 'Yes', '1 product order by 791', NULL, NULL, '2022-08-03 10:46:52', '2022-08-03 10:46:52'),
(1655, 1284, 30, NULL, '0', 'Yes', '1 product order by 792', NULL, NULL, '2022-08-03 11:06:44', '2022-08-03 11:06:44'),
(1656, 1303, 30, NULL, '0', 'Yes', '1 product order by 793', NULL, NULL, '2022-08-03 11:09:07', '2022-08-03 11:09:07'),
(1657, 1303, 30, NULL, '0', 'Yes', '1 product order by 794', NULL, NULL, '2022-08-03 11:13:41', '2022-08-03 11:13:41'),
(1658, 1284, 30, NULL, '0', 'Yes', '1 product order by 795', NULL, NULL, '2022-08-03 11:19:43', '2022-08-03 11:19:43'),
(1659, 1303, 30, NULL, '0', 'Yes', '1 product order by 796', NULL, NULL, '2022-08-03 11:24:38', '2022-08-03 11:24:38'),
(1660, 1252, 30, NULL, '0', 'Yes', '1 product order by 797', NULL, NULL, '2022-08-03 11:41:26', '2022-08-03 11:41:26'),
(1661, 1252, 30, NULL, '0', 'Yes', '1 product order by 798', NULL, NULL, '2022-08-03 11:42:58', '2022-08-03 11:42:58'),
(1662, 1284, 30, NULL, '0', 'Yes', '1 product order by 799', NULL, NULL, '2022-08-03 11:46:03', '2022-08-03 11:46:03'),
(1663, 1303, 30, NULL, '0', 'Yes', '1 product order by 800', NULL, NULL, '2022-08-03 13:49:16', '2022-08-03 13:49:16'),
(1664, 1284, 30, NULL, '0', 'Yes', '1 product order by 801', NULL, NULL, '2022-08-03 16:26:34', '2022-08-03 16:26:34'),
(1665, 1284, 30, NULL, '0', 'Yes', '1 product order by 802', NULL, NULL, '2022-08-03 16:34:17', '2022-08-03 16:34:17'),
(1666, 1252, 30, NULL, '0', 'Yes', '1 product order by 803', NULL, NULL, '2022-08-03 16:38:35', '2022-08-03 16:38:35'),
(1667, 1303, 30, NULL, '0', 'Yes', '1 product order by 804', NULL, NULL, '2022-08-03 16:42:34', '2022-08-03 16:42:34'),
(1668, 1303, 30, NULL, '0', 'Yes', '1 product order by 805', NULL, NULL, '2022-08-03 16:51:48', '2022-08-03 16:51:48'),
(1669, 1284, 30, NULL, '0', 'Yes', '1 product order by 806', NULL, NULL, '2022-08-03 17:56:43', '2022-08-03 17:56:43'),
(1670, 1284, 30, NULL, '0', 'Yes', '1 product order by 807', NULL, NULL, '2022-08-03 17:58:38', '2022-08-03 17:58:38'),
(1671, 1303, 30, NULL, '0', 'Yes', '1 product order by 808', NULL, NULL, '2022-08-03 19:28:00', '2022-08-03 19:28:00'),
(1672, 1303, 30, NULL, '0', 'Yes', '1 product order by 809', NULL, NULL, '2022-08-04 10:46:55', '2022-08-04 10:46:55'),
(1673, 1218, 30, NULL, '0', 'Yes', '1 product order by 810', NULL, NULL, '2022-08-04 14:25:24', '2022-08-04 14:25:24'),
(1674, 1218, 30, NULL, '0', 'Yes', '1 product order by 811', NULL, NULL, '2022-08-04 14:27:12', '2022-08-04 14:27:12'),
(1675, 1303, 30, NULL, '0', 'Yes', '1 product order by 812', NULL, NULL, '2022-08-04 14:39:49', '2022-08-04 14:39:49'),
(1676, 1303, 30, NULL, '0', 'Yes', '1 product order by 813', NULL, NULL, '2022-08-04 14:42:25', '2022-08-04 14:42:25'),
(1677, 1303, 30, NULL, '0', 'Yes', '1 product order by 814', NULL, NULL, '2022-08-04 14:43:06', '2022-08-04 14:43:06'),
(1678, 1218, 30, NULL, '0', 'Yes', '1 product order by 815', NULL, NULL, '2022-08-04 14:47:41', '2022-08-04 14:47:41'),
(1679, 1218, 30, NULL, '0', 'Yes', '1 product order by 816', NULL, NULL, '2022-08-04 14:47:41', '2022-08-04 14:47:41'),
(1680, 1218, 30, NULL, '0', 'Yes', '1 product order by 817', NULL, NULL, '2022-08-04 14:47:41', '2022-08-04 14:47:41'),
(1681, 1303, 30, NULL, '0', 'Yes', '1 product order by 819', NULL, NULL, '2022-08-04 15:30:46', '2022-08-04 15:30:46'),
(1682, 1303, 30, NULL, '0', 'Yes', '1 product order by 820', NULL, NULL, '2022-08-04 16:53:50', '2022-08-04 16:53:50'),
(1683, 1303, 30, NULL, '0', 'Yes', '1 product order by 821', NULL, NULL, '2022-08-04 16:54:10', '2022-08-04 16:54:10'),
(1684, 1303, 30, NULL, '0', 'Yes', '1 product order by 822', NULL, NULL, '2022-08-04 16:56:10', '2022-08-04 16:56:10'),
(1685, 1303, 30, NULL, '0', 'Yes', '1 product order by 823', NULL, NULL, '2022-08-04 17:02:15', '2022-08-04 17:02:15'),
(1686, 1218, 30, NULL, '0', 'Yes', '1 product order by 824', NULL, NULL, '2022-08-04 18:07:23', '2022-08-04 18:07:23'),
(1687, 1239, 30, NULL, '0', 'Yes', '1 product order by 825', NULL, NULL, '2022-08-04 18:15:52', '2022-08-04 18:15:52'),
(1688, 1284, 30, NULL, '0', 'Yes', '1 product order by 826', NULL, NULL, '2022-08-04 19:04:14', '2022-08-04 19:04:14'),
(1689, 1284, 30, NULL, '0', 'Yes', '1 product order by 827', NULL, NULL, '2022-08-04 19:04:51', '2022-08-04 19:04:51'),
(1690, 1284, 30, NULL, '0', 'Yes', '1 product order by 828', NULL, NULL, '2022-08-04 19:07:29', '2022-08-04 19:07:29'),
(1691, 1284, 30, NULL, '0', 'Yes', '1 product order by 829', NULL, NULL, '2022-08-04 19:12:50', '2022-08-04 19:12:50'),
(1692, 1303, 30, NULL, '0', 'Yes', '1 product order by 830', NULL, NULL, '2022-08-04 19:13:23', '2022-08-04 19:13:23'),
(1693, 1303, 30, NULL, '0', 'Yes', '1 product order by 831', NULL, NULL, '2022-08-04 19:20:26', '2022-08-04 19:20:26'),
(1694, 1284, 30, NULL, '0', 'Yes', '1 product order by 832', NULL, NULL, '2022-08-04 19:39:25', '2022-08-04 19:39:25'),
(1695, 1303, 30, NULL, '0', 'Yes', '1 product order by 833', NULL, NULL, '2022-08-04 19:42:19', '2022-08-04 19:42:19'),
(1696, 1303, 30, NULL, '0', 'Yes', '1 product order by 834', NULL, NULL, '2022-08-04 23:17:45', '2022-08-04 23:17:45'),
(1697, 1303, 30, NULL, '0', 'Yes', '1 product order by 835', NULL, NULL, '2022-08-05 10:56:10', '2022-08-05 10:56:10'),
(1698, 1217, 30, NULL, '0', 'Yes', '1 product order by 836', NULL, NULL, '2022-08-07 15:05:08', '2022-08-07 15:05:08'),
(1699, 1252, 30, NULL, '0', 'Yes', '1 product order by 837', NULL, NULL, '2022-08-10 11:15:12', '2022-08-10 11:15:12'),
(1700, 1234, 30, NULL, '0', 'Yes', '1 product order by 838', NULL, NULL, '2022-08-11 01:09:41', '2022-08-11 01:09:41'),
(1702, 1284, 30, NULL, '0', 'Yes', '1 product order by 840', NULL, NULL, '2022-08-12 13:42:38', '2022-08-12 13:42:38'),
(1703, 1218, 30, NULL, '0', 'Yes', '1 product order by 841', NULL, NULL, '2022-08-12 18:17:16', '2022-08-12 18:17:16'),
(1704, 1218, 30, NULL, '0', 'Yes', '1 product order by 842', NULL, NULL, '2022-08-12 18:19:12', '2022-08-12 18:19:12'),
(1705, 1297, 30, NULL, '0', 'Yes', '1 product order by 843', NULL, NULL, '2022-08-12 18:28:08', '2022-08-12 18:28:08'),
(1706, 1257, 30, NULL, '0', 'Yes', '1 product order by 844', NULL, NULL, '2022-08-22 11:58:27', '2022-08-22 11:58:27'),
(1707, 1217, 30, NULL, '0', 'Yes', '1 product order by 845', NULL, NULL, '2022-09-05 15:08:31', '2022-09-05 15:08:31'),
(1708, 1217, 30, NULL, '0', 'Yes', '1 product order by 846', NULL, NULL, '2022-09-05 15:10:53', '2022-09-05 15:10:53'),
(1710, 1297, 30, NULL, '0', 'Yes', '1 product order by 848', NULL, NULL, '2022-09-19 19:28:22', '2022-09-19 19:28:22'),
(1711, 1314, 30, NULL, '100', 'Yes', '100 new quantity added', NULL, NULL, '2022-09-22 19:41:57', '2022-09-22 19:41:57'),
(1712, 1309, 30, NULL, '10', 'Yes', '10 new quantity added', NULL, NULL, '2022-09-24 11:08:43', '2022-09-24 11:08:43'),
(1713, 1309, 30, NULL, '0', 'Yes', '0 new quantity added', NULL, NULL, '2022-09-24 11:11:07', '2022-09-24 11:11:07'),
(1714, 1309, 30, NULL, '10', 'Yes', '10 new quantity added', NULL, NULL, '2022-09-24 11:11:58', '2022-09-24 11:11:58'),
(1715, 1309, 30, NULL, '3', 'Yes', '3 new quantity added', NULL, NULL, '2022-09-24 15:40:09', '2022-09-24 15:40:09'),
(1716, 1309, 30, NULL, '3', 'Yes', '3 new quantity added', NULL, NULL, '2022-09-24 15:40:21', '2022-09-24 15:40:21'),
(1717, 1314, 30, NULL, '100', 'Yes', '100 new quantity added', NULL, NULL, '2022-10-10 18:45:46', '2022-10-10 18:45:46'),
(1718, 1310, 30, NULL, '10', 'Yes', '10 new quantity added', NULL, NULL, '2022-10-22 12:35:21', '2022-10-22 12:35:21'),
(1719, 1313, 30, NULL, '10', 'Yes', '10 new quantity added', NULL, NULL, '2022-10-22 12:35:43', '2022-10-22 12:35:43'),
(1720, 1312, 30, NULL, '10', 'Yes', '10 new quantity added', NULL, NULL, '2022-10-22 12:35:59', '2022-10-22 12:35:59'),
(1721, 1311, 30, NULL, '10', 'Yes', '10 new quantity added', NULL, NULL, '2022-10-22 12:36:58', '2022-10-22 12:36:58'),
(1722, 1310, 30, NULL, '10', 'Yes', '10 new quantity added', NULL, NULL, '2022-10-22 12:37:13', '2022-10-22 12:37:13'),
(1723, 1313, 30, NULL, '10', 'Yes', '10 new quantity added', NULL, NULL, '2022-10-31 14:53:58', '2022-10-31 14:53:58'),
(1724, 1309, 30, NULL, '3', 'Yes', '3 new quantity added', NULL, NULL, '2022-10-31 14:56:25', '2022-10-31 14:56:25'),
(1725, 1310, 30, NULL, '10', 'Yes', '10 new quantity added', NULL, NULL, '2022-10-31 14:57:42', '2022-10-31 14:57:42'),
(1726, 1311, 30, NULL, '10', 'Yes', '10 new quantity added', NULL, NULL, '2022-10-31 14:58:54', '2022-10-31 14:58:54'),
(1727, 1312, 30, NULL, '10', 'Yes', '10 new quantity added', NULL, NULL, '2022-10-31 15:00:07', '2022-10-31 15:00:07');

-- --------------------------------------------------------

--
-- Table structure for table `invitation`
--

CREATE TABLE `invitation` (
  `id` int NOT NULL,
  `storeId` int DEFAULT NULL,
  `name` varchar(255) DEFAULT NULL,
  `email` varchar(255) DEFAULT NULL,
  `mobile` varchar(100) DEFAULT NULL,
  `message` text,
  `status` enum('Active','Inactive') DEFAULT NULL,
  `createdAt` datetime NOT NULL,
  `updatedAt` datetime NOT NULL
) ENGINE=InnoDB DEFAULT CHARSET=utf8mb4 COLLATE=utf8mb4_0900_ai_ci;

--
-- Dumping data for table `invitation`
--

INSERT INTO `invitation` (`id`, `storeId`, `name`, `email`, `mobile`, `message`, `status`, `createdAt`, `updatedAt`) VALUES
(1, 15, 'fdddf', 'mannaranajit34@gmail.com', '9733904033', 'sdsdsd', NULL, '2021-10-20 09:24:43', '2021-10-20 09:24:43'),
(2, 15, 'ranajit manna', 'mannaranajit34@gmail.com', '9733904033', 'dsdsdsd', NULL, '2021-10-20 09:25:54', '2021-10-20 09:25:54'),
(3, 15, 'Atanu Mondal', 'mannaranajit34@gmail.com', '9087563410', 'cvcvcvcv', NULL, '2021-10-20 09:26:49', '2021-10-20 09:26:49'),
(4, 15, 'Chandan De', 'mannaranajit34@gmail.com', '1234567890', 'dddddddddddddddddddd', NULL, '2021-10-20 09:28:03', '2021-10-20 09:28:03'),
(5, 15, 'asifur rahaman', 'asifur.rahaman@bluehorse.in', '9477078705', 'bgc', NULL, '2021-10-22 06:19:20', '2021-10-22 06:19:20'),
(6, 15, 'asifur rahaman', 'asifur.rahaman@bluehorse.in', '9477078705', 'ghf', NULL, '2021-10-22 06:19:34', '2021-10-22 06:19:34'),
(7, 15, 'hkguyhkg', 'acf@gmail.com', '4545454545', 'jhgkyugkjh', NULL, '2021-11-02 14:02:16', '2021-11-02 14:02:16'),
(8, 15, 'asd', '3rdnov@gmail.com', '9955882266', '3rd november test plywale', NULL, '2021-11-03 14:26:50', '2021-11-03 14:26:50'),
(9, 15, 'fhfghf', 'fghfgh@gg.co', '5464564564', 'gffdgfg', NULL, '2021-11-17 13:55:36', '2021-11-17 13:55:36'),
(10, 15, 'asifur', 'asifur.rahaman@bluehorse.in', '9477078705', 'zsdasd', NULL, '2021-11-19 13:11:05', '2021-11-19 13:11:05'),
(11, 15, 'Asifur Rahaman', 'asifur.rahaman6@gmail.com', '9477078705', '24th nov', NULL, '2021-11-24 09:16:58', '2021-11-24 09:16:58');

-- --------------------------------------------------------

--
-- Table structure for table `iUdyogBlogAuthor`
--

CREATE TABLE `iUdyogBlogAuthor` (
  `id` int NOT NULL,
  `cId` int DEFAULT NULL,
  `firstName` varchar(255) DEFAULT NULL,
  `lastName` varchar(255) DEFAULT NULL,
  `profilePic` varchar(255) DEFAULT NULL,
  `email` text,
  `facebook` text,
  `twitter` text,
  `linkedin` text,
  `github` text,
  `status` enum('Active','Inactive') NOT NULL DEFAULT 'Active',
  `createdBy` varchar(100) DEFAULT NULL,
  `updatedBy` varchar(100) DEFAULT NULL,
  `createdAt` datetime NOT NULL,
  `updatedAt` datetime NOT NULL
) ENGINE=InnoDB DEFAULT CHARSET=utf8mb4 COLLATE=utf8mb4_0900_ai_ci COMMENT='Blog Author Table';

--
-- Dumping data for table `iUdyogBlogAuthor`
--

INSERT INTO `iUdyogBlogAuthor` (`id`, `cId`, `firstName`, `lastName`, `profilePic`, `email`, `facebook`, `twitter`, `linkedin`, `github`, `status`, `createdBy`, `updatedBy`, `createdAt`, `updatedAt`) VALUES
(1, 4, 'Partha', 'Mandal', NULL, 'partha@gmail.com', 'facebook.com', 'twitter.com', 'linkedin.com', 'github.com', 'Active', NULL, NULL, '2022-01-03 07:12:43', '2022-01-03 07:12:43'),
(2, 4, 'Partha', 'Mandal', NULL, 'partha@gmail.com', 'facebook.com', 'twitter.com', 'linkedin.com', 'github.com', 'Active', NULL, NULL, '2022-01-03 07:13:36', '2022-01-03 07:13:36'),
(3, 4, 'Samrat', 'Jana', NULL, 'samrat@gmail.com', 'facebook.com', 'twitter.com', 'linkedin.com', 'github.com', 'Active', NULL, NULL, '2022-01-03 07:46:00', '2022-01-03 07:46:00'),
(4, 4, 'Partha', 'Mandal', NULL, 'partha@gmail.com', 'facebook.com', 'twitter.com', 'linkedin.com', 'github.com', 'Active', NULL, NULL, '2022-01-04 10:40:28', '2022-01-04 10:40:28'),
(5, 4, 'TEst', 'test', '1641294000939.png', 'test@gmail.com', 'test.f', 'test.f', 'test.f', 'test.f', 'Active', NULL, NULL, '2022-01-04 11:00:00', '2022-01-04 11:00:00');

-- --------------------------------------------------------

--
-- Table structure for table `iUdyogBlogCategory`
--

CREATE TABLE `iUdyogBlogCategory` (
  `id` int NOT NULL,
  `storeId` int DEFAULT NULL,
  `categoryName` varchar(255) DEFAULT NULL,
  `status` enum('Active','Inactive') NOT NULL DEFAULT 'Active',
  `createdBy` varchar(100) DEFAULT NULL,
  `updatedBy` varchar(100) DEFAULT NULL,
  `createdAt` datetime NOT NULL,
  `updatedAt` datetime NOT NULL
) ENGINE=InnoDB DEFAULT CHARSET=utf8mb4 COLLATE=utf8mb4_0900_ai_ci COMMENT='Blog Category Table';

--
-- Dumping data for table `iUdyogBlogCategory`
--

INSERT INTO `iUdyogBlogCategory` (`id`, `storeId`, `categoryName`, `status`, `createdBy`, `updatedBy`, `createdAt`, `updatedAt`) VALUES
(1, 4, 'Design', 'Active', NULL, NULL, '2022-01-03 07:50:09', '2022-01-03 07:50:09'),
(2, 4, 'Development', 'Active', NULL, NULL, '2022-01-03 07:50:46', '2022-01-03 07:50:46'),
(3, 4, 'Test', 'Active', NULL, NULL, '2022-01-04 11:30:40', '2022-01-04 11:30:40');

-- --------------------------------------------------------

--
-- Table structure for table `iUdyogBlogCategory_bkp_06_01`
--

CREATE TABLE `iUdyogBlogCategory_bkp_06_01` (
  `id` int NOT NULL,
  `cId` int DEFAULT NULL,
  `categoryName` varchar(255) DEFAULT NULL,
  `status` enum('Active','Inactive') NOT NULL DEFAULT 'Active',
  `createdBy` varchar(100) DEFAULT NULL,
  `updatedBy` varchar(100) DEFAULT NULL,
  `createdAt` datetime NOT NULL,
  `updatedAt` datetime NOT NULL
) ENGINE=InnoDB DEFAULT CHARSET=utf8mb4 COLLATE=utf8mb4_0900_ai_ci COMMENT='Blog Category Table';

--
-- Dumping data for table `iUdyogBlogCategory_bkp_06_01`
--

INSERT INTO `iUdyogBlogCategory_bkp_06_01` (`id`, `cId`, `categoryName`, `status`, `createdBy`, `updatedBy`, `createdAt`, `updatedAt`) VALUES
(1, 4, 'Design', 'Active', NULL, NULL, '2022-01-03 07:50:09', '2022-01-03 07:50:09'),
(2, 4, 'Development', 'Active', NULL, NULL, '2022-01-03 07:50:46', '2022-01-03 07:50:46'),
(3, 4, 'Test', 'Active', NULL, NULL, '2022-01-04 11:30:40', '2022-01-04 11:30:40');

-- --------------------------------------------------------

--
-- Table structure for table `iUdyogBlogComments`
--

CREATE TABLE `iUdyogBlogComments` (
  `id` int NOT NULL,
  `cId` int DEFAULT NULL,
  `blogId` int DEFAULT NULL,
  `commentDescription` text,
  `status` enum('Active','Inactive') NOT NULL DEFAULT 'Active',
  `createrName` varchar(255) DEFAULT NULL,
  `createrEmail` varchar(255) DEFAULT NULL,
  `createdAt` datetime NOT NULL,
  `updatedAt` datetime NOT NULL
) ENGINE=InnoDB DEFAULT CHARSET=utf8mb4 COLLATE=utf8mb4_0900_ai_ci COMMENT='Blog Comments Table';

--
-- Dumping data for table `iUdyogBlogComments`
--

INSERT INTO `iUdyogBlogComments` (`id`, `cId`, `blogId`, `commentDescription`, `status`, `createrName`, `createrEmail`, `createdAt`, `updatedAt`) VALUES
(1, 4, 3, 'Lorem Ipsum is simply dummy text of the printing and typesetting industry.', 'Active', 'Partha', 'partha@gmail.com', '2022-01-04 10:12:27', '2022-01-04 10:12:27'),
(2, 4, 3, 'Lorem Ipsum.', 'Active', 'Samrat', 'samrat@gmail.com', '2022-01-04 10:13:24', '2022-01-04 10:13:24');

-- --------------------------------------------------------

--
-- Table structure for table `iUdyogBlogs`
--

CREATE TABLE `iUdyogBlogs` (
  `id` int NOT NULL,
  `cId` int DEFAULT NULL,
  `authorId` int DEFAULT NULL,
  `blogTitle` varchar(255) DEFAULT NULL,
  `slug` varchar(255) DEFAULT NULL,
  `summary` varchar(255) DEFAULT NULL,
  `blogImage` varchar(255) DEFAULT NULL,
  `blogDescription` longtext,
  `metaTitle` varchar(255) DEFAULT NULL,
  `metaDescription` text,
  `metaKeywords` varchar(255) DEFAULT NULL,
  `status` enum('Active','Inactive') NOT NULL DEFAULT 'Active',
  `createdBy` varchar(100) DEFAULT NULL,
  `updatedBy` varchar(100) DEFAULT NULL,
  `createdAt` datetime NOT NULL,
  `updatedAt` datetime NOT NULL
) ENGINE=InnoDB DEFAULT CHARSET=utf8mb4 COLLATE=utf8mb4_0900_ai_ci COMMENT='Blogs Table';

--
-- Dumping data for table `iUdyogBlogs`
--

INSERT INTO `iUdyogBlogs` (`id`, `cId`, `authorId`, `blogTitle`, `slug`, `summary`, `blogImage`, `blogDescription`, `metaTitle`, `metaDescription`, `metaKeywords`, `status`, `createdBy`, `updatedBy`, `createdAt`, `updatedAt`) VALUES
(3, 4, 1, 'Demo', NULL, 'testing', '1641213927604.jpeg', 'testing', 'testing', 'testing', 'testing', 'Active', NULL, NULL, '2022-01-03 12:45:27', '2022-01-03 12:45:27');

-- --------------------------------------------------------

--
-- Table structure for table `iUdyogBlogSelectedCategory`
--

CREATE TABLE `iUdyogBlogSelectedCategory` (
  `id` int NOT NULL,
  `cId` int DEFAULT NULL,
  `categoryId` int DEFAULT NULL,
  `blogId` int DEFAULT NULL,
  `createdAt` datetime NOT NULL,
  `updatedAt` datetime NOT NULL
) ENGINE=InnoDB DEFAULT CHARSET=utf8mb4 COLLATE=utf8mb4_0900_ai_ci COMMENT='Blog Selected Category Table';

--
-- Dumping data for table `iUdyogBlogSelectedCategory`
--

INSERT INTO `iUdyogBlogSelectedCategory` (`id`, `cId`, `categoryId`, `blogId`, `createdAt`, `updatedAt`) VALUES
(33, NULL, 1, 3, '2022-01-03 12:45:27', '2022-01-03 12:45:27'),
(34, NULL, 2, 3, '2022-01-03 12:45:27', '2022-01-03 12:45:27');

-- --------------------------------------------------------

--
-- Table structure for table `iUdyogSubscribers`
--

CREATE TABLE `iUdyogSubscribers` (
  `id` int NOT NULL,
  `cId` int DEFAULT NULL,
  `email` varchar(128) NOT NULL,
  `status` enum('Active','Inactive','Blocked') NOT NULL DEFAULT 'Active',
  `createdBy` varchar(200) DEFAULT NULL,
  `updatedBy` varchar(200) DEFAULT NULL,
  `createdAt` datetime NOT NULL,
  `updatedAt` datetime NOT NULL,
  `storeId` int DEFAULT NULL
) ENGINE=InnoDB DEFAULT CHARSET=utf8mb4 COLLATE=utf8mb4_0900_ai_ci COMMENT='Subscribers Table';

-- --------------------------------------------------------

--
-- Table structure for table `menus`
--

CREATE TABLE `menus` (
  `id` int NOT NULL,
  `storeId` int DEFAULT NULL,
  `parentMenuId` int DEFAULT NULL,
  `moduleId` int DEFAULT NULL,
  `moduleItemId` int DEFAULT NULL,
  `dynamicSectionId` int DEFAULT NULL,
  `subSectionId` int DEFAULT NULL,
  `sequence` int DEFAULT NULL,
  `title` varchar(255) DEFAULT NULL,
  `pageName` varchar(255) DEFAULT NULL,
  `label` varchar(255) DEFAULT NULL,
  `description` text,
  `link` varchar(255) DEFAULT NULL,
  `slug` varchar(255) DEFAULT NULL,
  `target` enum('self','blank') DEFAULT 'self',
  `menuType` enum('header','footer','both') DEFAULT NULL,
  `status` enum('Active','Inactive') DEFAULT 'Active',
  `createdBy` varchar(100) DEFAULT NULL,
  `updatedBy` varchar(100) DEFAULT NULL,
  `createdAt` datetime NOT NULL,
  `updatedAt` datetime NOT NULL
) ENGINE=InnoDB DEFAULT CHARSET=utf8mb4 COLLATE=utf8mb4_0900_ai_ci COMMENT='Menus Table';

--
-- Dumping data for table `menus`
--

INSERT INTO `menus` (`id`, `storeId`, `parentMenuId`, `moduleId`, `moduleItemId`, `dynamicSectionId`, `subSectionId`, `sequence`, `title`, `pageName`, `label`, `description`, `link`, `slug`, `target`, `menuType`, `status`, `createdBy`, `updatedBy`, `createdAt`, `updatedAt`) VALUES
(62, NULL, NULL, NULL, NULL, NULL, NULL, 1, 'TEST', NULL, 'TEST', 'TSET', 'TEST', 'test-4', 'self', 'header', 'Active', NULL, NULL, '2021-12-24 09:06:31', '2021-12-24 09:06:31'),
(70, NULL, NULL, NULL, NULL, NULL, NULL, 1, 'test', NULL, 'test', '123', 'bbb', 'test-42', 'self', 'header', 'Active', NULL, NULL, '2021-12-27 03:28:04', '2021-12-27 03:28:04'),
(71, NULL, NULL, NULL, NULL, NULL, NULL, 11, 'Vvvvv', NULL, 'Ggg', 'Vbbb', 'Hhhh', 'vvvvv-4', 'self', 'header', 'Active', NULL, NULL, '2021-12-27 08:18:42', '2021-12-27 08:18:42'),
(72, NULL, NULL, NULL, NULL, NULL, NULL, 6, ' Bsb', NULL, 'Nbb', 'Nnnn', 'Nnn', '-bsb-4', 'blank', 'header', 'Active', NULL, NULL, '2021-12-27 14:41:46', '2021-12-27 14:41:46'),
(546, NULL, NULL, NULL, NULL, NULL, NULL, NULL, NULL, NULL, NULL, '', NULL, NULL, 'self', 'header', 'Active', NULL, NULL, '2022-01-28 10:30:43', '2022-01-28 10:30:43');

-- --------------------------------------------------------

--
-- Table structure for table `menus_bkp`
--

CREATE TABLE `menus_bkp` (
  `id` int NOT NULL,
  `cId` int DEFAULT NULL,
  `menuId` int DEFAULT NULL,
  `itemId` int DEFAULT NULL,
  `sequence` int DEFAULT NULL,
  `title` varchar(255) DEFAULT NULL,
  `slug` varchar(255) DEFAULT NULL,
  `displayPosition` enum('header','footer','both') DEFAULT NULL,
  `status` enum('Active','Inactive') DEFAULT 'Active',
  `createdBy` varchar(100) DEFAULT NULL,
  `updatedBy` varchar(100) DEFAULT NULL,
  `createdAt` datetime NOT NULL,
  `updatedAt` datetime NOT NULL
) ENGINE=InnoDB DEFAULT CHARSET=utf8mb4 COLLATE=utf8mb4_0900_ai_ci COMMENT='Menus Table';

--
-- Dumping data for table `menus_bkp`
--

INSERT INTO `menus_bkp` (`id`, `cId`, `menuId`, `itemId`, `sequence`, `title`, `slug`, `displayPosition`, `status`, `createdBy`, `updatedBy`, `createdAt`, `updatedAt`) VALUES
(1, 1, NULL, NULL, 1, 'Home', 'home-1', 'header', 'Active', NULL, NULL, '2021-12-06 12:56:27', '2021-12-06 12:58:03'),
(2, 1, NULL, NULL, 3, 'Contact Us', 'contactus-1', 'footer', 'Active', NULL, NULL, '2021-12-06 12:58:33', '2021-12-06 12:59:17'),
(4, 1, NULL, NULL, 3, 'Contact Us', 'contactus-12', 'footer', 'Active', NULL, NULL, '2021-12-07 08:53:21', '2021-12-07 08:53:21'),
(5, 1, 1, NULL, 1, 'Home', 'home-12', 'header', 'Active', NULL, NULL, '2021-12-07 09:33:01', '2021-12-07 09:33:01'),
(6, 1, NULL, NULL, 3, 'About', 'about-1', 'header', 'Active', NULL, NULL, '2021-12-07 09:52:28', '2021-12-07 09:52:28'),
(7, 1, NULL, NULL, 9, 'Test', 'test-1', 'header', 'Active', NULL, NULL, '2021-12-07 10:33:43', '2021-12-07 10:33:43');

-- --------------------------------------------------------

--
-- Table structure for table `menus_bkp_06`
--

CREATE TABLE `menus_bkp_06` (
  `id` int NOT NULL,
  `cId` int DEFAULT NULL,
  `parentMenuId` int DEFAULT NULL,
  `moduleId` int DEFAULT NULL,
  `moduleItemId` int DEFAULT NULL,
  `sequence` int DEFAULT NULL,
  `title` varchar(255) DEFAULT NULL,
  `pageName` varchar(255) DEFAULT NULL,
  `label` varchar(255) DEFAULT NULL,
  `description` text,
  `link` varchar(255) DEFAULT NULL,
  `slug` varchar(255) DEFAULT NULL,
  `target` enum('self','blank') DEFAULT 'self',
  `menuType` enum('header','footer','both') DEFAULT NULL,
  `status` enum('Active','Inactive') DEFAULT 'Active',
  `createdBy` varchar(100) DEFAULT NULL,
  `updatedBy` varchar(100) DEFAULT NULL,
  `createdAt` datetime NOT NULL,
  `updatedAt` datetime NOT NULL
) ENGINE=InnoDB DEFAULT CHARSET=utf8mb4 COLLATE=utf8mb4_0900_ai_ci COMMENT='Menus Table';

--
-- Dumping data for table `menus_bkp_06`
--

INSERT INTO `menus_bkp_06` (`id`, `cId`, `parentMenuId`, `moduleId`, `moduleItemId`, `sequence`, `title`, `pageName`, `label`, `description`, `link`, `slug`, `target`, `menuType`, `status`, `createdBy`, `updatedBy`, `createdAt`, `updatedAt`) VALUES
(1, 1, NULL, 1, NULL, 1, 'Home', 'Home', 'Home', NULL, NULL, 'home-1', 'self', 'header', 'Active', NULL, NULL, '2021-12-16 15:51:53', '2021-12-16 15:51:53'),
(9, 1, NULL, 5, NULL, 2, 'Courses', 'Courses', 'Courses', NULL, NULL, 'courses-1', 'self', 'header', 'Active', NULL, NULL, '2021-12-16 18:40:07', '2021-12-16 18:40:07'),
(11, 1, NULL, 6, NULL, 3, 'Take A Test', 'Take A Test', 'Take A Test', NULL, NULL, 'take-a-test-1', 'self', 'header', 'Active', NULL, NULL, '2021-12-16 18:44:50', '2021-12-16 18:44:50'),
(12, 1, NULL, 2, NULL, 4, 'About Us', 'About Us', 'About Us', NULL, NULL, 'about-us-1', 'self', 'header', 'Active', NULL, NULL, '2021-12-16 18:45:50', '2021-12-16 18:45:50'),
(13, 1, NULL, 3, NULL, 5, 'Gallery', 'Gallery', 'Gallery', NULL, NULL, 'gallery-1', 'self', 'header', 'Active', NULL, NULL, '2021-12-16 18:46:20', '2021-12-16 18:46:20'),
(14, 1, NULL, 4, NULL, 6, 'Contact Us', 'Contact Us', 'Contact Us', NULL, NULL, 'contact-us-1', 'self', 'header', 'Active', NULL, NULL, '2021-12-16 18:47:16', '2021-12-16 18:47:16'),
(15, 1, 9, 7, NULL, NULL, 'Courses 1', 'Courses', 'Courses 1', NULL, NULL, 'courses1-1', 'self', 'header', 'Inactive', NULL, NULL, '2021-12-17 12:34:11', '2021-12-17 12:34:11'),
(16, 1, 9, 8, NULL, NULL, 'Courses2', 'Courses', 'Courses2', NULL, NULL, 'courses2-1', 'self', 'header', 'Inactive', NULL, NULL, '2021-12-17 12:35:57', '2021-12-17 12:35:57'),
(18, 1, 11, 9, NULL, NULL, 'Take A Tast 2', 'Take A Test', 'Take A Tast 2', NULL, NULL, 'take-a-test-2', 'self', 'header', 'Inactive', NULL, NULL, '2021-12-17 12:37:06', '2021-12-17 12:37:06'),
(19, 1, 11, 10, NULL, NULL, 'Take A Tast 3', 'Take A Test', 'Take A Tast 3', NULL, NULL, 'take-a-test-3', 'self', 'header', 'Inactive', NULL, NULL, '2021-12-17 12:37:06', '2021-12-17 12:37:06'),
(20, 1, 18, 11, NULL, NULL, 'Take A Tast 4', 'Take A Test', 'Take A Tast 4', NULL, NULL, 'take-a-test-4', 'self', 'header', 'Inactive', NULL, NULL, '2021-12-17 12:37:06', '2021-12-17 12:37:06'),
(21, 3, NULL, 13, NULL, 1, 'HOME', 'Home', 'Home', NULL, NULL, 'home-3', 'self', 'header', 'Active', NULL, NULL, '2021-12-16 15:51:53', '2021-12-16 15:51:53'),
(22, 3, NULL, 17, NULL, 2, 'ABOUT US', 'ABOUT US', 'ABOUT US', NULL, NULL, 'about-us-3', 'self', 'header', 'Active', NULL, NULL, '2021-12-16 15:51:53', '2021-12-16 15:51:53'),
(29, 3, NULL, 19, NULL, 1, 'ACADEMICS', 'ACADEMICS', 'ACADEMICS', NULL, NULL, 'academics-3', 'self', 'header', 'Active', NULL, NULL, '2021-12-16 15:51:53', '2021-12-16 15:51:53'),
(30, 3, NULL, 21, NULL, 1, 'ADMISSION', 'ADMISSION', 'ADMISSION', NULL, NULL, 'admission-3', 'self', 'header', 'Active', NULL, NULL, '2021-12-16 15:51:53', '2021-12-16 15:51:53'),
(31, 3, NULL, 22, NULL, 1, 'CONTACT US', 'CONTACT US', 'CONTACT US', NULL, NULL, 'contact-us-3', 'self', 'header', 'Active', NULL, NULL, '2021-12-16 15:51:53', '2021-12-16 15:51:53'),
(32, 3, NULL, 23, NULL, 1, 'LOGIN', 'LOGIN', 'LOGIN', NULL, NULL, 'login-3', 'self', 'header', 'Inactive', NULL, NULL, '2021-12-16 15:51:53', '2021-12-16 15:51:53'),
(39, 3, 29, 36, NULL, 1, 'COURSES OFFERED', 'COURSES OFFERED', 'COURSES OFFERED', NULL, NULL, 'courses-offered-3', 'self', 'header', 'Active', NULL, NULL, '2021-12-16 15:51:53', '2021-12-16 15:51:53'),
(40, 3, 29, 37, NULL, 1, 'SYLLABUS', 'SYLLABUS', 'SYLLABUS', NULL, NULL, 'syllabus-3', 'self', 'header', 'Active', NULL, NULL, '2021-12-16 15:51:53', '2021-12-16 15:51:53'),
(41, 3, 29, 38, NULL, 1, 'PRACTICE TEACHING', 'PRACTICE TEACHING', 'PRACTICE TEACHING', NULL, NULL, 'practice-teaching-3', 'self', 'header', 'Active', NULL, NULL, '2021-12-16 15:51:53', '2021-12-16 15:51:53'),
(42, 3, 29, 39, NULL, 1, 'ACADEMIC CALENDER', 'ACADEMIC CALENDER', 'ACADEMIC CALENDER', NULL, NULL, 'academic-calender-3', 'self', 'header', 'Active', NULL, NULL, '2021-12-16 15:51:53', '2021-12-16 15:51:53'),
(43, 3, 30, 40, NULL, 1, 'ADMISSION PROCESS', 'ADMISSION PROCESS', 'ADMISSION PROCESS', NULL, NULL, 'admission-process-3', 'self', 'header', 'Active', NULL, NULL, '2021-12-16 15:51:53', '2021-12-16 15:51:53'),
(44, 3, 30, 41, NULL, 1, 'ELIGIBILITY CRITERIA', 'ELIGIBILITY CRITERIA', 'ELIGIBILITY CRITERIA', NULL, NULL, 'eligibility-criteria-3', 'self', 'header', 'Active', NULL, NULL, '2021-12-16 15:51:53', '2021-12-16 15:51:53'),
(45, 3, 30, 42, NULL, 1, 'FEE STRUCTURE', 'FEE STRUCTURE', 'FEE STRUCTURE', NULL, NULL, 'fee-structure-3', 'self', 'header', 'Active', NULL, NULL, '2021-12-16 15:51:53', '2021-12-16 15:51:53'),
(46, 3, 30, 43, NULL, 1, 'ADMISSION FORM', 'ADMISSION FORM', 'ADMISSION FORM', NULL, NULL, 'admission-form-3', 'self', 'header', 'Active', NULL, NULL, '2021-12-16 15:51:53', '2021-12-16 15:51:53'),
(47, 3, 32, 44, NULL, 1, 'STAFF LOGIN', 'STAFF LOGIN', 'STAFF LOGIN', NULL, NULL, 'staff-login-3', 'self', 'header', 'Active', NULL, NULL, '2021-12-16 15:51:53', '2021-12-16 15:51:53'),
(48, 3, 32, 45, NULL, 1, 'STUDENT LOGIN', 'STUDENT LOGIN', 'STUDENT LOGIN', NULL, NULL, 'student-login-3', 'self', 'header', 'Active', NULL, NULL, '2021-12-16 15:51:53', '2021-12-16 15:51:53'),
(49, 2, NULL, NULL, NULL, 1, 'Why Us', 'whyUs', 'Why Us', NULL, NULL, 'why-us-2', 'self', 'header', 'Active', NULL, NULL, '2021-12-16 15:51:53', '2021-12-16 15:51:53'),
(50, 2, NULL, NULL, NULL, 2, 'Go Online', 'goOnline', 'Go Online', NULL, NULL, 'go-online-2', 'self', 'header', 'Active', NULL, NULL, '2021-12-16 15:51:53', '2021-12-16 15:51:53'),
(51, 2, NULL, NULL, NULL, 3, 'Our Offerings', 'ourOfferings', 'Our Offerings', NULL, NULL, 'our-offerings-2', 'self', 'header', 'Active', NULL, NULL, '2021-12-16 15:51:53', '2021-12-16 15:51:53'),
(52, 2, NULL, NULL, NULL, 4, 'Features', 'features', 'Features', NULL, NULL, 'features-2', 'self', 'header', 'Active', NULL, NULL, '2021-12-16 15:51:53', '2021-12-16 15:51:53'),
(53, 2, NULL, NULL, NULL, 5, 'Contact', 'contact', 'Contact', NULL, NULL, 'contact-2', 'self', 'header', 'Active', NULL, NULL, '2021-12-16 15:51:53', '2021-12-16 15:51:53'),
(54, 2, NULL, NULL, NULL, 6, 'Blog', 'blog', 'Blog', NULL, NULL, 'blog-2', 'self', 'header', 'Active', NULL, NULL, '2021-12-16 15:51:53', '2021-12-16 15:51:53'),
(55, 2, NULL, 46, NULL, 7, 'Home', 'home', 'Home', NULL, NULL, 'home-2', 'self', 'header', 'Active', NULL, NULL, '2021-12-16 15:51:53', '2021-12-16 15:51:53'),
(56, 2, NULL, NULL, NULL, 1, 'Why Us', 'whyUs', 'Why Us', NULL, NULL, 'why-us-2', 'self', 'footer', 'Active', NULL, NULL, '2021-12-16 15:51:53', '2021-12-16 15:51:53'),
(57, 2, NULL, NULL, NULL, 2, 'Go Online', 'goOnline', 'Go Online', NULL, NULL, 'go-online-2', 'self', 'footer', 'Active', NULL, NULL, '2021-12-16 15:51:53', '2021-12-16 15:51:53'),
(58, 2, NULL, NULL, NULL, 3, 'Our Offerings', 'ourOfferings', 'Our Offerings', NULL, NULL, 'our-offerings-2', 'self', 'footer', 'Active', NULL, NULL, '2021-12-16 15:51:53', '2021-12-16 15:51:53'),
(59, 2, NULL, NULL, NULL, 4, 'Features', 'features', 'Features', NULL, NULL, 'features-2', 'self', 'footer', 'Active', NULL, NULL, '2021-12-16 15:51:53', '2021-12-16 15:51:53'),
(60, 2, NULL, NULL, NULL, 5, 'Contact', 'contact', 'Contact', NULL, NULL, 'contact-2', 'self', 'footer', 'Active', NULL, NULL, '2021-12-16 15:51:53', '2021-12-16 15:51:53'),
(61, 2, NULL, NULL, NULL, 6, 'Blog', 'blog', 'Blog', NULL, NULL, 'blog-2', 'self', 'footer', 'Active', NULL, NULL, '2021-12-16 15:51:53', '2021-12-16 15:51:53'),
(62, 4, NULL, NULL, NULL, 1, 'TEST', NULL, 'TEST', 'TSET', 'TEST', 'test-4', 'self', 'header', 'Active', NULL, NULL, '2021-12-24 09:06:31', '2021-12-24 09:06:31'),
(63, 3, 98, 50, NULL, 1, 'TEACHING STAFF', 'TEACHING STAFF', 'TEACHING STAFF', NULL, NULL, 'teaching-staff-3', 'self', 'header', 'Active', NULL, NULL, '2021-12-16 15:51:53', '2021-12-16 15:51:53'),
(64, 3, 98, 54, NULL, 1, 'NON TEACHING STAFF', 'NON TEACHING STAFF', 'NON TEACHING STAFF', NULL, NULL, 'non-teaching-staff-3', 'self', 'header', 'Active', NULL, NULL, '2021-12-16 15:51:53', '2021-12-16 15:51:53'),
(66, 3, 63, 57, NULL, 1, 'IQAC GuideLIne', 'IQACC GuideLIne', 'IQAC GuideLIne', NULL, NULL, 'iqacc-guideline-3', 'self', 'header', 'Active', NULL, NULL, '2021-12-16 15:51:53', '2021-12-16 15:51:53'),
(67, 3, 63, 58, NULL, 1, 'Metting', 'Metting', 'Metting', NULL, NULL, 'metting-3', 'self', 'header', 'Active', NULL, NULL, '2021-12-16 15:51:53', '2021-12-16 15:51:53'),
(68, 3, 63, 59, NULL, 1, 'Library', 'Library', 'Library', NULL, NULL, 'library-3', 'self', 'header', 'Active', NULL, NULL, '2021-12-16 15:51:53', '2021-12-16 15:51:53'),
(69, 3, 63, 60, NULL, 1, 'Iqac GuideLines', 'iqac-guidelines', 'Iqac GuideLines', NULL, NULL, 'iqac-guidelines-3', 'self', 'header', 'Active', NULL, NULL, '2021-12-16 15:51:53', '2021-12-16 15:51:53'),
(70, 4, NULL, NULL, NULL, 1, 'test', NULL, 'test', '123', 'bbb', 'test-42', 'self', 'header', 'Active', NULL, NULL, '2021-12-27 03:28:04', '2021-12-27 03:28:04'),
(71, 4, NULL, NULL, NULL, 11, 'Vvvvv', NULL, 'Ggg', 'Vbbb', 'Hhhh', 'vvvvv-4', 'self', 'header', 'Active', NULL, NULL, '2021-12-27 08:18:42', '2021-12-27 08:18:42'),
(72, 4, NULL, NULL, NULL, 6, ' Bsb', NULL, 'Nbb', 'Nnnn', 'Nnn', '-bsb-4', 'blank', 'header', 'Active', NULL, NULL, '2021-12-27 14:41:46', '2021-12-27 14:41:46'),
(73, 3, NULL, 62, NULL, NULL, 'Computer Lab', 'Computer Lab', 'Computer Lab', NULL, NULL, 'Computer-lab-3', 'self', 'header', 'Inactive', NULL, NULL, '2021-12-28 00:08:28', '2021-12-28 00:08:28'),
(74, 3, NULL, 63, NULL, NULL, 'Campus', 'Campus', 'Campus', NULL, NULL, 'campus-3', 'self', 'header', 'Inactive', NULL, NULL, '2021-12-28 00:08:28', '2021-12-28 00:08:28'),
(75, 3, NULL, 64, NULL, NULL, 'Labratory', 'Labratory', 'Laboratory', NULL, NULL, 'labratory-3', 'self', 'header', 'Inactive', NULL, NULL, '2021-12-28 00:16:50', '2021-12-28 00:16:50'),
(76, 3, NULL, 65, NULL, NULL, 'Auditorium', 'Auditorium', 'Auditorium', 'Auditorium', NULL, 'auditorium-3', 'self', 'footer', 'Active', NULL, NULL, '2021-12-28 00:16:50', '2021-12-28 00:16:50'),
(89, 3, NULL, 66, NULL, NULL, 'Internet&wifi', 'Internetwifi', 'Internet&wifi', 'Internet&wifi', NULL, 'Internet-wifi-3', 'self', 'header', 'Inactive', NULL, NULL, '2021-12-28 00:16:50', '2021-12-28 00:16:50'),
(90, 3, NULL, 67, NULL, NULL, 'Playground', 'Playground', 'Playground', 'Playground', NULL, 'playground-3', 'self', 'header', 'Inactive', NULL, NULL, '2021-12-28 00:16:50', '2021-12-28 00:16:50'),
(91, 3, NULL, 68, NULL, NULL, 'Hostel', 'Hostel', 'Hostel', 'Hostel', NULL, 'hostel-3', 'self', 'header', 'Inactive', NULL, NULL, '2021-12-28 00:16:50', '2021-12-28 00:16:50'),
(92, 3, NULL, 69, NULL, NULL, 'Canteen', 'Canteen', 'Canteen', 'Canteen', NULL, 'canteen-3', 'self', 'header', 'Inactive', NULL, NULL, '2021-12-28 00:16:50', '2021-12-28 00:16:50'),
(93, 3, NULL, 70, NULL, NULL, 'Studentdetails', 'Studentdetails', 'Studentdetails', 'Studentdetails', NULL, 'Studentdetails-3', 'self', 'header', 'Inactive', NULL, NULL, '2021-12-28 00:16:50', '2021-12-28 00:16:50'),
(94, 3, NULL, 71, NULL, NULL, 'Attendance', 'Attendance', 'Attendance', 'Attendance', NULL, 'Attendance-3', 'self', 'header', 'Inactive', NULL, NULL, '2021-12-28 00:16:50', '2021-12-28 00:16:50'),
(95, 3, NULL, 72, NULL, NULL, 'Alumni', 'Alumni', 'Alumni', 'Alumni', NULL, 'alumni-3', 'self', 'header', 'Inactive', NULL, NULL, '2021-12-28 00:16:50', '2021-12-28 00:16:50'),
(96, 3, NULL, 73, NULL, NULL, 'Disclosure', 'Disclosure', 'Disclosure', 'Disclosure', NULL, 'disclosure-3', 'self', 'header', 'Inactive', NULL, NULL, '2021-12-28 00:16:50', '2021-12-28 00:16:50'),
(97, 3, 63, 56, NULL, 2, 'IQAC Committee', 'IQACCommittee', NULL, NULL, NULL, 'iqaccommitee-3', 'self', 'header', 'Active', NULL, NULL, '2021-12-30 23:20:43', '2021-12-30 23:20:43'),
(98, 3, NULL, NULL, NULL, NULL, 'Staff', 'staff', 'staff', NULL, NULL, '', 'self', 'header', 'Inactive', NULL, NULL, '2021-12-30 00:16:50', '2021-12-30 00:16:50'),
(99, 3, NULL, 75, NULL, 1, 'Infrastructure', 'Infrastructure', NULL, NULL, NULL, 'infrastructure-3', 'self', 'header', 'Active', NULL, NULL, '2022-01-03 16:45:39', '2022-01-03 16:45:39'),
(100, 3, NULL, NULL, NULL, 1, 'Approval', 'approval', NULL, NULL, NULL, 'approval-3', 'self', 'both', 'Active', NULL, NULL, '2022-01-03 16:45:39', '2022-01-03 16:45:39'),
(101, 3, NULL, NULL, NULL, 1, 'Iqac Cell', 'iqaccell', NULL, NULL, NULL, 'iqaccell-3', 'self', 'header', 'Inactive', NULL, NULL, '2022-01-03 16:45:39', '2022-01-03 16:45:39'),
(102, 3, NULL, NULL, NULL, NULL, 'Grievances Redressal Cell', 'grivencereasalcell', NULL, NULL, NULL, 'grivencereasalcell-3', 'self', 'header', 'Inactive', NULL, NULL, '2022-01-03 16:54:17', '2022-01-03 16:54:17'),
(104, 3, NULL, NULL, NULL, NULL, 'Activities', 'activities', NULL, NULL, NULL, 'activities-3', 'self', 'header', 'Inactive', NULL, NULL, '2022-01-03 17:06:07', '2022-01-03 17:06:07'),
(105, 3, NULL, NULL, NULL, NULL, 'Almuni', 'almuni', NULL, NULL, NULL, 'almuni-3', 'self', 'header', 'Inactive', NULL, NULL, '2022-01-03 17:21:44', '2022-01-03 17:21:44'),
(106, 3, NULL, NULL, NULL, NULL, 'Seminar', 'seminar', NULL, NULL, NULL, 'seminar-3', 'self', 'header', 'Inactive', NULL, NULL, '2022-01-03 17:21:44', '2022-01-03 17:21:44'),
(107, 3, NULL, NULL, NULL, NULL, 'Publications', 'publications', NULL, NULL, NULL, 'publications-3', 'self', 'header', 'Inactive', NULL, NULL, '2022-01-03 17:56:56', '2022-01-03 17:56:56'),
(108, 3, NULL, NULL, NULL, NULL, 'Press Release', 'pressrelease', NULL, NULL, NULL, 'pressrelease-3', 'self', 'header', 'Inactive', NULL, NULL, '2022-01-03 17:56:56', '2022-01-03 17:56:56'),
(109, 3, NULL, 52, NULL, NULL, 'Gallery', 'gallery', NULL, NULL, NULL, 'gallery-3', 'self', 'header', 'Active', NULL, NULL, '2022-01-03 18:01:45', '2022-01-03 18:01:45'),
(110, 3, 99, 75, NULL, 1, 'Land', 'land', NULL, NULL, NULL, 'land-3', 'self', 'header', 'Active', NULL, NULL, '2022-01-03 16:45:39', '2022-01-03 16:45:39'),
(111, 3, 99, 75, NULL, 1, 'Building', 'building', NULL, NULL, NULL, 'building-3', 'self', 'header', 'Active', NULL, NULL, '2022-01-03 16:45:39', '2022-01-03 16:45:39'),
(112, 3, 99, 75, NULL, 1, 'Laboratory', 'laboratory', NULL, NULL, NULL, 'laboratory-3', 'self', 'header', 'Active', NULL, NULL, '2022-01-03 16:45:39', '2022-01-03 16:45:39'),
(113, 3, 99, 75, NULL, 1, 'Infrastructure Details', 'Infrastructuredetails', NULL, NULL, NULL, 'Infrastructuredetails-3', 'self', 'header', 'Active', NULL, NULL, '2022-01-03 16:45:39', '2022-01-03 16:45:39'),
(114, 3, 99, 75, NULL, 1, 'Library Details', 'librarydetails', NULL, NULL, NULL, 'librarydetails-3', 'self', 'header', 'Active', NULL, NULL, '2022-01-03 16:45:39', '2022-01-03 16:45:39'),
(115, 3, 99, 75, NULL, 1, 'Hostel', 'hostel', NULL, NULL, NULL, 'hostel-3', 'self', 'header', 'Active', NULL, NULL, '2022-01-03 16:45:39', '2022-01-03 16:45:39'),
(116, 3, 99, 75, NULL, 1, 'Canteen', 'canteen', NULL, NULL, NULL, 'canteen-3', 'self', 'header', 'Active', NULL, NULL, '2022-01-03 16:45:39', '2022-01-03 16:45:39'),
(117, 3, 99, 75, NULL, 1, 'Playground', 'playground', NULL, NULL, NULL, 'playground-3', 'self', 'header', 'Active', NULL, NULL, '2022-01-03 16:45:39', '2022-01-03 16:45:39'),
(118, 3, 99, 75, NULL, 1, 'Garden', 'garden', NULL, NULL, NULL, 'garden-3', 'self', 'header', 'Active', NULL, NULL, '2022-01-03 16:45:39', '2022-01-03 16:45:39'),
(119, 3, 99, 75, NULL, 1, 'Affidavit', 'affidavit', NULL, NULL, NULL, 'affidavit-3', 'self', 'header', 'Active', NULL, NULL, '2022-01-03 16:45:39', '2022-01-03 16:45:39'),
(120, 3, 112, 75, NULL, 1, 'Computer Lab', 'computerlab', NULL, NULL, NULL, 'computerlab-3', 'self', 'header', 'Active', NULL, NULL, '2022-01-03 16:45:39', '2022-01-03 16:45:39'),
(121, 3, 112, 75, NULL, 1, 'Chemistry Lab', 'Chemistrylab', NULL, NULL, NULL, 'Chemistrylab-3', 'self', 'header', 'Active', NULL, NULL, '2022-01-03 16:45:39', '2022-01-03 16:45:39'),
(122, 3, 112, 75, NULL, 1, 'Physics Lab', 'physicslab', NULL, NULL, NULL, 'physicslab-3', 'self', 'header', 'Active', NULL, NULL, '2022-01-03 16:45:39', '2022-01-03 16:45:39'),
(123, 3, 112, 75, NULL, 1, 'Biology Lab', 'biologylab', NULL, NULL, NULL, 'biology-3', 'self', 'header', 'Active', NULL, NULL, '2022-01-03 16:45:39', '2022-01-03 16:45:39'),
(124, 3, 112, 75, NULL, 1, 'Social Science Lab', 'socialsciencelab', NULL, NULL, NULL, 'socialsciencelab-3', 'self', 'header', 'Active', NULL, NULL, '2022-01-03 16:45:39', '2022-01-03 16:45:39'),
(125, 3, 112, 75, NULL, 1, 'Language Lab', 'languagelab', NULL, NULL, NULL, 'languagelab-3', 'self', 'header', 'Active', NULL, NULL, '2022-01-03 16:45:39', '2022-01-03 16:45:39'),
(126, 3, 112, 75, NULL, 1, 'Art & Craft Lab', 'languagelab', NULL, NULL, NULL, 'artcraftlab-3', 'self', 'header', 'Active', NULL, NULL, '2022-01-03 16:45:39', '2022-01-03 16:45:39'),
(127, 3, 112, 75, NULL, 1, 'Psyschology Lab', 'psyscologylab', NULL, NULL, NULL, 'psyscologylab-3', 'self', 'header', 'Active', NULL, NULL, '2022-01-03 16:45:39', '2022-01-03 16:45:39'),
(128, 3, 100, NULL, NULL, 1, 'RECOGNITION', 'recognition', NULL, NULL, NULL, 'recognition-3', 'self', 'header', 'Active', NULL, NULL, '2022-01-03 16:45:39', '2022-01-03 16:45:39'),
(129, 3, 100, NULL, NULL, 1, 'AFFILIATION', 'affliation', NULL, NULL, NULL, 'affliation-3', 'self', 'header', 'Active', NULL, NULL, '2022-01-03 16:45:39', '2022-01-03 16:45:39'),
(130, 3, 100, NULL, NULL, 1, 'NCTE', 'ncte', NULL, NULL, NULL, 'ncte-3', 'self', 'header', 'Active', NULL, NULL, '2022-01-03 16:45:39', '2022-01-03 16:45:39'),
(131, 3, 100, NULL, NULL, 1, 'BEd', 'bed', NULL, NULL, NULL, 'bed-3', 'self', 'header', 'Active', NULL, NULL, '2022-01-03 16:45:39', '2022-01-03 16:45:39'),
(132, 3, 100, NULL, NULL, 1, 'D.ElEd', 'deled', NULL, NULL, NULL, 'deled-3', 'self', 'header', 'Active', NULL, NULL, '2022-01-03 16:45:39', '2022-01-03 16:45:39'),
(133, 3, NULL, NULL, NULL, 1, 'Grievances Redressal Cell', '', NULL, NULL, NULL, '', 'self', 'header', 'Inactive', NULL, NULL, '2022-01-03 16:45:39', '2022-01-03 16:45:39'),
(134, 3, 133, NULL, NULL, 1, 'Instituotional  Guidelines', 'institutionalguidelines', NULL, NULL, NULL, 'instituotionalguidelines-3', 'self', 'header', 'Active', NULL, NULL, '2022-01-03 16:45:39', '2022-01-03 16:45:39'),
(135, 3, 133, NULL, NULL, 1, 'Committee Members', 'commiteemembers', NULL, NULL, NULL, 'commiteemembers-3', 'self', 'header', 'Active', NULL, NULL, '2022-01-03 16:45:39', '2022-01-03 16:45:39'),
(136, 3, 133, NULL, NULL, 1, 'Awarness Programmes', 'awarnessprogrammes', NULL, NULL, NULL, 'awarnessprogrammes-3', 'self', 'header', 'Active', NULL, NULL, '2022-01-03 16:45:39', '2022-01-03 16:45:39'),
(137, 3, 133, NULL, NULL, 1, 'Grivence Online Form', 'grivenceonlineform', NULL, NULL, NULL, 'grivenceonlineform-3', 'self', 'header', 'Active', NULL, NULL, '2022-01-03 16:45:39', '2022-01-03 16:45:39'),
(138, 3, 133, NULL, NULL, 1, 'Grivence Redressed  Report', 'grivenceredressedreport', NULL, NULL, NULL, 'grivenceredressedreport-3', 'self', 'header', 'Active', NULL, NULL, '2022-01-03 16:45:39', '2022-01-03 16:45:39'),
(139, 3, 133, NULL, NULL, 1, 'Minutes Of Meetings', 'minutesOfmeetings', NULL, NULL, NULL, 'minutesOfmeetings-3', 'self', 'header', 'Active', NULL, NULL, '2022-01-03 16:45:39', '2022-01-03 16:45:39'),
(140, 3, 29, 39, NULL, 1, 'PROSPECTUS', 'prospectus', 'PROSPECTUS', NULL, NULL, 'prospectus-3', 'self', 'header', 'Active', NULL, NULL, '2021-12-16 15:51:53', '2021-12-16 15:51:53'),
(141, 3, 29, 39, NULL, 1, 'POA', 'poa', 'POA', NULL, NULL, 'poa-3', 'self', 'header', 'Active', NULL, NULL, '2021-12-16 15:51:53', '2021-12-16 15:51:53'),
(142, 3, 29, 39, NULL, 1, 'ACADEMIC CALENDER', 'academiccalender', 'ACADEMIC CALENDER', NULL, NULL, 'academiccalender-3', 'self', 'header', 'Inactive', NULL, NULL, '2021-12-16 15:51:53', '2021-12-16 15:51:53'),
(143, 3, 29, NULL, NULL, 1, 'LEARNING OUTCOMES', 'learningoutcomes', 'LEARNING OUTCOMES', NULL, NULL, 'learningoutcomes-3', 'self', 'header', 'Active', NULL, NULL, '2021-12-16 15:51:53', '2021-12-16 15:51:53'),
(144, 3, 29, NULL, NULL, 1, 'COLLEGE ROUTINE', 'colegeroutine', 'COLLEGE ROUTINE', NULL, NULL, 'colegeroutine-3', 'self', 'header', 'Active', NULL, NULL, '2021-12-16 15:51:53', '2021-12-16 15:51:53'),
(145, 3, 29, NULL, NULL, 1, 'COLLEGE TEST', 'colegetest', 'COLLEGE TEST', NULL, NULL, 'colegetest-3', 'self', 'header', 'Active', NULL, NULL, '2021-12-16 15:51:53', '2021-12-16 15:51:53'),
(146, 3, 29, NULL, NULL, 1, 'FEEDBACK', 'feedback', 'FEEDBACK', NULL, NULL, 'feedback-3', 'self', 'header', 'Active', NULL, NULL, '2021-12-16 15:51:53', '2021-12-16 15:51:53'),
(147, 3, 29, NULL, NULL, 1, 'QUESTION PAPERS', 'questionpapers', 'QUESTION PAPERS', NULL, NULL, 'questionpapers-3', 'self', 'header', 'Active', NULL, NULL, '2021-12-16 15:51:53', '2021-12-16 15:51:53'),
(148, 3, 29, NULL, NULL, 1, 'UNIVERSITY BOARD RESULT', 'universityresult', 'UNIVERSITY BOARD RESULT', NULL, NULL, 'universityresult-3', 'self', 'header', 'Active', NULL, NULL, '2021-12-16 15:51:53', '2021-12-16 15:51:53'),
(149, 3, 104, 76, NULL, NULL, 'Practise Teaching', 'practiseteaching', 'Practise Teaching', NULL, NULL, 'practiseteaching-3', 'self', 'header', 'Active', NULL, NULL, '2022-01-05 01:50:26', '2022-01-04 01:50:26'),
(150, 3, 104, 77, NULL, NULL, 'Workshop', 'workshop', 'workshop', NULL, NULL, 'workshop-3', 'self', 'header', 'Active', NULL, NULL, '2022-01-04 01:50:26', '2022-01-04 01:50:26'),
(151, 3, 104, NULL, NULL, NULL, 'Social Work', 'Social Work', 'Social Work', NULL, NULL, 'socialwork-3', 'self', 'header', 'Active', NULL, NULL, '2022-01-04 01:50:26', '2022-01-04 01:50:26'),
(152, 3, 104, NULL, NULL, NULL, 'Educational Excursion', 'educationalexcursion', 'Educational Excursion', NULL, NULL, 'educationalexcursion-3', 'self', 'header', 'Active', NULL, NULL, '2022-01-04 01:50:26', '2022-01-04 01:50:26'),
(153, 3, 104, NULL, NULL, NULL, 'Enviromental Awarness', 'enviromentalawarness', 'Enviromental Awarness', NULL, NULL, 'enviromentalawarness-3', 'self', 'header', 'Active', NULL, NULL, '2022-01-04 01:50:26', '2022-01-04 01:50:26'),
(154, 3, 104, NULL, NULL, NULL, 'Cultural Activities', 'culturalactivities', 'Cultural Activities', NULL, NULL, 'culturalactivities-3', 'self', 'header', 'Active', NULL, NULL, '2022-01-04 01:50:26', '2022-01-04 01:50:26'),
(155, 3, 104, NULL, NULL, NULL, 'Yoga', 'yoga', 'Yoga', NULL, NULL, 'yoga-3', 'self', 'header', 'Active', NULL, NULL, '2022-01-04 01:50:26', '2022-01-04 01:50:26'),
(156, 3, 104, NULL, NULL, NULL, 'Magazine', 'magazine', 'Magazine', NULL, NULL, 'magazine-3', 'self', 'header', 'Active', NULL, NULL, '2022-01-04 01:50:26', '2022-01-04 01:50:26'),
(157, 3, 104, NULL, NULL, NULL, 'Sports', 'sports', 'Sports', NULL, NULL, 'sports-3', 'self', 'header', 'Active', NULL, NULL, '2022-01-04 01:50:26', '2022-01-04 01:50:26'),
(158, 3, 104, NULL, NULL, NULL, 'Seminar Presentation', 'seminarpresentation', 'Seminar Presentation', NULL, NULL, 'seminarpresentation-3', 'self', 'header', 'Active', NULL, NULL, '2022-01-04 01:50:26', '2022-01-04 01:50:26');

-- --------------------------------------------------------

--
-- Table structure for table `menus_bkp_2`
--

CREATE TABLE `menus_bkp_2` (
  `id` int NOT NULL,
  `cId` int DEFAULT NULL,
  `parentMenuId` int DEFAULT NULL,
  `moduleId` int DEFAULT NULL,
  `moduleItemId` int DEFAULT NULL,
  `sequence` int DEFAULT NULL,
  `title` varchar(255) DEFAULT NULL,
  `pageName` varchar(255) DEFAULT NULL,
  `label` varchar(255) DEFAULT NULL,
  `description` text,
  `link` varchar(255) DEFAULT NULL,
  `slug` varchar(255) DEFAULT NULL,
  `target` enum('self','blank') DEFAULT 'self',
  `menuType` enum('header','footer','both') DEFAULT NULL,
  `status` enum('Active','Inactive') DEFAULT 'Active',
  `createdBy` varchar(100) DEFAULT NULL,
  `updatedBy` varchar(100) DEFAULT NULL,
  `createdAt` datetime NOT NULL,
  `updatedAt` datetime NOT NULL
) ENGINE=InnoDB DEFAULT CHARSET=utf8mb4 COLLATE=utf8mb4_0900_ai_ci COMMENT='Menus Table';

--
-- Dumping data for table `menus_bkp_2`
--

INSERT INTO `menus_bkp_2` (`id`, `cId`, `parentMenuId`, `moduleId`, `moduleItemId`, `sequence`, `title`, `pageName`, `label`, `description`, `link`, `slug`, `target`, `menuType`, `status`, `createdBy`, `updatedBy`, `createdAt`, `updatedAt`) VALUES
(1, 1, NULL, NULL, NULL, NULL, 'Home', 'Home', 'Home', NULL, 'home', 'home-1', 'self', 'header', 'Active', NULL, NULL, '2021-12-09 18:48:20', '2021-12-09 18:48:20'),
(2, 1, NULL, NULL, NULL, NULL, 'Courses', NULL, 'Courses', NULL, 'courses', 'courses-1', 'self', 'header', 'Active', NULL, NULL, '2021-12-09 18:57:42', '2021-12-09 18:57:42'),
(3, 1, NULL, NULL, NULL, NULL, 'Take A Test', NULL, 'Take A Test', NULL, 'take-a-test', 'take-a-test-1', 'self', 'header', 'Active', NULL, NULL, '2021-12-10 17:11:27', '2021-12-10 17:11:27'),
(4, 1, NULL, NULL, NULL, NULL, 'About Us', NULL, 'About Us', NULL, 'about-us', 'about-us-1', 'self', 'header', 'Active', NULL, NULL, '2021-12-13 14:55:53', '2021-12-13 14:55:53'),
(5, 1, NULL, NULL, NULL, NULL, 'Gallery', NULL, 'Gallery', NULL, 'gallery', 'gallery-1', 'self', 'header', 'Active', NULL, NULL, '2021-12-13 14:55:53', '2021-12-13 14:55:53'),
(6, 1, NULL, NULL, NULL, NULL, 'Contact Us', NULL, 'Contact Us', NULL, 'contact-us', 'contact-us-1', 'self', 'header', 'Active', NULL, NULL, '2021-12-13 14:57:29', '2021-12-13 14:57:29'),
(7, 1, 2, NULL, NULL, NULL, 'Demo', NULL, 'Demo', NULL, 'demo', 'demo-1', 'self', 'header', 'Active', NULL, NULL, '2021-12-15 14:54:36', '2021-12-15 14:54:36'),
(8, 1, 7, NULL, NULL, NULL, 'Demo2', NULL, 'Demo2', NULL, 'demo2', 'demo2', 'self', 'header', 'Active', NULL, NULL, '2021-12-15 15:40:08', '2021-12-15 15:40:08');

-- --------------------------------------------------------

--
-- Table structure for table `message`
--

CREATE TABLE `message` (
  `id` int NOT NULL,
  `storeId` int DEFAULT NULL,
  `senderId` int DEFAULT NULL,
  `adminId` int DEFAULT NULL,
  `message` text,
  `senderType` enum('admin','customer') DEFAULT NULL,
  `createdBy` varchar(100) DEFAULT NULL,
  `createdAt` datetime DEFAULT NULL,
  `updatedBy` varchar(100) DEFAULT NULL,
  `updatedAt` datetime DEFAULT NULL
) ENGINE=InnoDB DEFAULT CHARSET=utf8mb4 COLLATE=utf8mb4_0900_ai_ci COMMENT='Message Table';

--
-- Dumping data for table `message`
--

INSERT INTO `message` (`id`, `storeId`, `senderId`, `adminId`, `message`, `senderType`, `createdBy`, `createdAt`, `updatedBy`, `updatedAt`) VALUES
(1, 17, 1, 4, 'Hi', 'customer', '1', '2022-04-15 06:33:12', NULL, '2022-04-15 06:33:12'),
(2, 17, 1, 4, 'testing message1234', 'admin', '4', '2022-04-15 06:33:12', NULL, '2022-04-15 06:33:12'),
(3, 17, 1, 4, 'Hello', 'customer', '1', '2022-04-15 06:33:18', NULL, '2022-04-15 06:33:18'),
(4, 17, 1, 4, 'testing message1234', 'admin', '4', '2022-04-15 06:33:18', NULL, '2022-04-15 06:33:18'),
(5, 17, 1, 4, 'bbbbb', 'customer', '1', '2022-04-15 06:33:44', NULL, '2022-04-15 06:33:44'),
(6, 17, 1, 4, 'testing message1234', 'admin', '4', '2022-04-15 06:33:44', NULL, '2022-04-15 06:33:44'),
(7, 17, 2, 4, 'Hi', 'customer', '2', '2022-04-15 06:34:42', NULL, '2022-04-15 06:34:42'),
(8, 17, 2, 4, 'testing message1234', 'admin', '4', '2022-04-15 06:34:42', NULL, '2022-04-15 06:34:42'),
(9, 17, 3, 4, 'Hi', 'customer', '3', '2022-04-15 11:47:51', NULL, '2022-04-15 11:47:51'),
(10, 17, 3, 4, 'please wait i will reply soon', 'admin', '4', '2022-04-15 11:47:51', NULL, '2022-04-15 11:47:51'),
(11, 17, 3, 4, 'hi', 'customer', '3', '2022-04-15 11:48:25', NULL, '2022-04-15 11:48:25'),
(12, 17, 3, 4, 'please wait i will reply soon', 'admin', '4', '2022-04-15 11:48:25', NULL, '2022-04-15 11:48:25'),
(13, 17, 3, 4, 'Hi', 'customer', '3', '2022-04-22 05:31:47', NULL, '2022-04-22 05:31:47'),
(14, 17, 3, 4, 'please wait i will reply soon', 'admin', '4', '2022-04-22 05:31:47', NULL, '2022-04-22 05:31:47'),
(15, 17, 3, 4, 'f', 'customer', '3', '2022-04-22 05:31:54', NULL, '2022-04-22 05:31:54'),
(16, 17, 3, 4, 'please wait i will reply soon', 'admin', '4', '2022-04-22 05:31:54', NULL, '2022-04-22 05:31:54'),
(17, 17, 3, 4, 'hi', 'customer', '3', '2022-04-22 05:32:31', NULL, '2022-04-22 05:32:31'),
(18, 17, 3, 4, 'please wait i will reply soon', 'admin', '4', '2022-04-22 05:32:31', NULL, '2022-04-22 05:32:31');

-- --------------------------------------------------------

--
-- Table structure for table `modelHasRoles`
--

CREATE TABLE `modelHasRoles` (
  `id` int NOT NULL,
  `storeId` int DEFAULT NULL,
  `roleId` int DEFAULT NULL,
  `userId` int DEFAULT NULL,
  `createdBy` varchar(100) DEFAULT NULL,
  `createdAt` datetime DEFAULT NULL,
  `updatedBy` varchar(100) DEFAULT NULL,
  `updatedAt` datetime DEFAULT NULL
) ENGINE=InnoDB DEFAULT CHARSET=utf8mb4 COLLATE=utf8mb4_0900_ai_ci COMMENT='Model Has Roles Table';

-- --------------------------------------------------------

--
-- Table structure for table `modelHasRoles_bkp`
--

CREATE TABLE `modelHasRoles_bkp` (
  `id` int NOT NULL,
  `storeId` int DEFAULT NULL,
  `roleId` int DEFAULT NULL,
  `userId` int DEFAULT NULL,
  `createdBy` varchar(100) CHARACTER SET utf8mb3 COLLATE utf8mb3_bin DEFAULT NULL,
  `createdAt` datetime DEFAULT NULL,
  `updatedBy` varchar(100) CHARACTER SET utf8mb3 COLLATE utf8mb3_bin DEFAULT NULL,
  `updatedAt` datetime DEFAULT NULL
) ENGINE=InnoDB DEFAULT CHARSET=utf8mb3 COLLATE=utf8mb3_bin COMMENT='Model Has Roles Table';

--
-- Dumping data for table `modelHasRoles_bkp`
--

INSERT INTO `modelHasRoles_bkp` (`id`, `storeId`, `roleId`, `userId`, `createdBy`, `createdAt`, `updatedBy`, `updatedAt`) VALUES
(1, NULL, NULL, 14, '1', '2021-08-20 06:29:41', NULL, '2021-08-20 06:29:41'),
(2, NULL, NULL, 15, '14', '2021-08-20 06:30:51', NULL, '2021-08-20 06:30:51'),
(3, NULL, 15, NULL, '1', '2021-08-20 06:31:49', NULL, '2021-08-20 06:31:49'),
(4, NULL, 17, 17, '1', '2021-08-30 08:27:25', NULL, '2021-08-30 08:27:25'),
(7, NULL, 19, 18, '1', '2021-10-26 12:05:53', NULL, '2021-10-26 12:05:53'),
(8, NULL, 19, 25, '1', '2021-12-30 14:07:04', NULL, '2021-12-30 14:07:04');

-- --------------------------------------------------------

--
-- Table structure for table `modelHasRoles_bkp_06_01`
--

CREATE TABLE `modelHasRoles_bkp_06_01` (
  `id` int NOT NULL,
  `cId` int DEFAULT NULL,
  `storeId` int DEFAULT NULL,
  `roleId` int DEFAULT NULL,
  `userId` int DEFAULT NULL,
  `createdBy` varchar(100) DEFAULT NULL,
  `createdAt` datetime DEFAULT NULL,
  `updatedBy` varchar(100) DEFAULT NULL,
  `updatedAt` datetime DEFAULT NULL
) ENGINE=InnoDB DEFAULT CHARSET=utf8mb4 COLLATE=utf8mb4_0900_ai_ci COMMENT='Model Has Roles Table';

-- --------------------------------------------------------

--
-- Table structure for table `module`
--

CREATE TABLE `module` (
  `id` int NOT NULL,
  `storeId` int DEFAULT NULL,
  `title` varchar(255) DEFAULT NULL,
  `shortDescription` text,
  `longDescription` text,
  `image` varchar(255) DEFAULT NULL,
  `tumbImage` varchar(255) DEFAULT NULL,
  `bannerImage` varchar(255) DEFAULT NULL,
  `slug` varchar(255) DEFAULT NULL,
  `metaTitle` varchar(255) DEFAULT NULL,
  `metaKeyword` varchar(255) DEFAULT NULL,
  `metaDescription` text,
  `relavantIndustry` varchar(255) DEFAULT NULL,
  `status` enum('Active','Inactive') DEFAULT 'Active',
  `createdBy` varchar(100) DEFAULT NULL,
  `updatedBy` varchar(100) DEFAULT NULL,
  `createdAt` datetime NOT NULL,
  `updatedAt` datetime NOT NULL
) ENGINE=InnoDB DEFAULT CHARSET=utf8mb4 COLLATE=utf8mb4_0900_ai_ci COMMENT='Module Table';

--
-- Dumping data for table `module`
--

INSERT INTO `module` (`id`, `storeId`, `title`, `shortDescription`, `longDescription`, `image`, `tumbImage`, `bannerImage`, `slug`, `metaTitle`, `metaKeyword`, `metaDescription`, `relavantIndustry`, `status`, `createdBy`, `updatedBy`, `createdAt`, `updatedAt`) VALUES
(14, NULL, 'Pages', 'Lorem Ipsum is simply dummy text of the printing and typesetting industry. Lorem Ipsum has been the industry\'s standard dummy text ever since the 1500s, when an unknown printer took a galley of type and scrambled it to make a type specimen book.', NULL, 'https://media.istockphoto.com/photos/programmer-working-with-program-code-picture-id1075599562?k=20&m=1075599562&s=612x612&w=0&h=cDFY2kKyhFzSNNlDQsaxoekIW0v7iyaMBkxp11Fz33U=', NULL, NULL, 'pages-4', NULL, NULL, NULL, NULL, 'Active', NULL, NULL, '2021-12-22 14:33:12', '2021-12-22 14:33:12'),
(15, NULL, 'Gallery', 'Lorem Ipsum is simply dummy text of the printing and typesetting industry. Lorem Ipsum has been the industry\'s standard dummy text ever since the 1500s, when an unknown printer took a galley of type and scrambled it to make a type specimen book.', NULL, 'https://media.istockphoto.com/photos/programmer-working-with-program-code-picture-id1075599562?k=20&m=1075599562&s=612x612&w=0&h=cDFY2kKyhFzSNNlDQsaxoekIW0v7iyaMBkxp11Fz33U=', NULL, NULL, 'gallery-4', NULL, NULL, NULL, NULL, 'Active', NULL, NULL, '2021-12-22 14:48:53', '2021-12-22 14:48:53'),
(16, NULL, 'Work', 'Lorem Ipsum is simply dummy text of the printing and typesetting industry. Lorem Ipsum has been the industry\'s standard dummy text ever since the 1500s, when an unknown printer took a galley of type and scrambled it to make a type specimen book.', NULL, 'https://media.istockphoto.com/photos/programmer-working-with-program-code-picture-id1075599562?k=20&m=1075599562&s=612x612&w=0&h=cDFY2kKyhFzSNNlDQsaxoekIW0v7iyaMBkxp11Fz33U=', NULL, NULL, 'work-4', NULL, NULL, NULL, NULL, 'Active', NULL, NULL, '2021-12-22 14:50:18', '2021-12-22 14:50:18'),
(53, NULL, 'TEST', 'test', 'tes', '1640764551461.jpg', '1640764551465.jpg', NULL, 'test-4', 'davdasv', 'adva', 'avadv', 'scdav', 'Active', NULL, NULL, '2021-12-29 07:55:51', '2021-12-29 07:55:51'),
(1372, NULL, NULL, NULL, NULL, NULL, NULL, NULL, NULL, NULL, NULL, NULL, NULL, 'Active', NULL, NULL, '2022-03-17 17:31:06', '2022-03-17 17:31:06');

-- --------------------------------------------------------

--
-- Table structure for table `moduleItem`
--

CREATE TABLE `moduleItem` (
  `id` int NOT NULL,
  `storeId` int DEFAULT NULL,
  `moduleId` int DEFAULT NULL,
  `sequence` int DEFAULT NULL,
  `title` varchar(255) DEFAULT NULL,
  `shortDescription` text,
  `longDescription` text,
  `image` varchar(255) DEFAULT NULL,
  `tumbImage` varchar(255) DEFAULT NULL,
  `bannerImage` varchar(255) DEFAULT NULL,
  `file` varchar(255) DEFAULT NULL,
  `slug` varchar(255) DEFAULT NULL,
  `metaTitle` varchar(255) DEFAULT NULL,
  `metaKeyword` varchar(255) DEFAULT NULL,
  `metaDescription` text,
  `status` enum('Active','Inactive') DEFAULT 'Active',
  `attr1` varchar(255) DEFAULT NULL,
  `attr2` varchar(255) DEFAULT NULL,
  `attr3` varchar(255) DEFAULT NULL,
  `attr4` varchar(255) DEFAULT NULL,
  `attr5` varchar(255) DEFAULT NULL,
  `attr6` varchar(255) DEFAULT NULL,
  `attr7` varchar(255) DEFAULT NULL,
  `attr8` varchar(255) DEFAULT NULL,
  `attr9` varchar(255) DEFAULT NULL,
  `attr10` varchar(255) DEFAULT NULL,
  `createdBy` varchar(100) DEFAULT NULL,
  `updatedBy` varchar(100) DEFAULT NULL,
  `createdAt` datetime NOT NULL,
  `updatedAt` datetime NOT NULL
) ENGINE=InnoDB DEFAULT CHARSET=utf8mb4 COLLATE=utf8mb4_0900_ai_ci COMMENT='Module Item Table';

--
-- Dumping data for table `moduleItem`
--

INSERT INTO `moduleItem` (`id`, `storeId`, `moduleId`, `sequence`, `title`, `shortDescription`, `longDescription`, `image`, `tumbImage`, `bannerImage`, `file`, `slug`, `metaTitle`, `metaKeyword`, `metaDescription`, `status`, `attr1`, `attr2`, `attr3`, `attr4`, `attr5`, `attr6`, `attr7`, `attr8`, `attr9`, `attr10`, `createdBy`, `updatedBy`, `createdAt`, `updatedAt`) VALUES
(31, NULL, 14, NULL, 'Home', 'Lorem Ipsum is simply dummy text of the printing and typesetting industry. Lorem Ipsum has been the industry\'s standard dummy text ever since the 1500s, when an unknown printer took a galley of type and scrambled it to make a type specimen book.', NULL, 'https://media.istockphoto.com/photos/programmer-working-with-program-code-picture-id1075599562?k=20&m=1075599562&s=612x612&w=0&h=cDFY2kKyhFzSNNlDQsaxoekIW0v7iyaMBkxp11Fz33U=', NULL, NULL, NULL, 'home-4', NULL, NULL, NULL, 'Active', NULL, NULL, NULL, NULL, NULL, NULL, NULL, NULL, NULL, NULL, NULL, NULL, '2021-12-22 15:06:59', '2021-12-22 15:06:59'),
(32, NULL, 14, NULL, 'About Us', 'Lorem Ipsum is simply dummy text of the printing and typesetting industry. Lorem Ipsum has been the industry\'s standard dummy text ever since the 1500s, when an unknown printer took a galley of type and scrambled it to make a type specimen book.', NULL, 'https://media.istockphoto.com/photos/programmer-working-with-program-code-picture-id1075599562?k=20&m=1075599562&s=612x612&w=0&h=cDFY2kKyhFzSNNlDQsaxoekIW0v7iyaMBkxp11Fz33U=', NULL, NULL, NULL, 'about-us-4', NULL, NULL, NULL, 'Active', NULL, NULL, NULL, NULL, NULL, NULL, NULL, NULL, NULL, NULL, NULL, NULL, '2021-12-22 15:08:46', '2021-12-22 15:08:46'),
(33, NULL, 16, NULL, 'GrowTrail', 'Lorem Ipsum is simply dummy text of the printing and typesetting industry. Lorem Ipsum has been the industry\'s standard dummy text ever since the 1500s, when an unknown printer took a galley of type and scrambled it to make a type specimen book.', NULL, 'https://media.istockphoto.com/photos/programmer-working-with-program-code-picture-id1075599562?k=20&m=1075599562&s=612x612&w=0&h=cDFY2kKyhFzSNNlDQsaxoekIW0v7iyaMBkxp11Fz33U=', NULL, NULL, NULL, 'growtrail-4', NULL, NULL, NULL, 'Active', NULL, NULL, NULL, NULL, NULL, NULL, NULL, NULL, NULL, NULL, NULL, NULL, '2021-12-22 15:10:54', '2021-12-22 15:10:54'),
(34, NULL, 16, NULL, 'Tezcommerce', 'Lorem Ipsum is simply dummy text of the printing and typesetting industry. Lorem Ipsum has been the industry\'s standard dummy text ever since the 1500s, when an unknown printer took a galley of type and scrambled it to make a type specimen book.', NULL, 'https://media.istockphoto.com/photos/programmer-working-with-program-code-picture-id1075599562?k=20&m=1075599562&s=612x612&w=0&h=cDFY2kKyhFzSNNlDQsaxoekIW0v7iyaMBkxp11Fz33U=', NULL, NULL, NULL, 'tezcommerce-4', NULL, NULL, NULL, 'Active', NULL, NULL, NULL, NULL, NULL, NULL, NULL, NULL, NULL, NULL, NULL, NULL, '2021-12-22 15:10:54', '2021-12-22 15:10:54'),
(40, NULL, 14, NULL, 'test', 'tgyjh', 'nm bhjbj', '1640183741514.jpg', NULL, NULL, NULL, 'test-4', 'jhkn jnj', 'jnjnjk', 'jnjnjnjnj', 'Active', NULL, NULL, NULL, NULL, NULL, NULL, NULL, NULL, NULL, NULL, NULL, NULL, '2021-12-22 14:35:41', '2021-12-22 14:35:41'),
(51, NULL, 14, NULL, 'test', 'Test', '', '1640251161445.png', NULL, NULL, NULL, 'test-42', 'nnn', 'nnn', 'nnn', 'Active', NULL, NULL, NULL, NULL, NULL, NULL, NULL, NULL, NULL, NULL, NULL, NULL, '2021-12-23 09:19:21', '2021-12-23 09:19:21'),
(60, NULL, 14, NULL, 'bjnj', 'n jnj', 'jjj', '1640280441516.jpg', NULL, NULL, NULL, 'bjnj-4', 'bb', 'bbb', 'bbb', 'Active', NULL, NULL, NULL, NULL, NULL, NULL, NULL, NULL, NULL, NULL, NULL, NULL, '2021-12-23 17:27:21', '2021-12-23 17:27:21'),
(68, NULL, 14, NULL, 'Today', 'weeee', 'eee', '1640576384340.png', NULL, NULL, NULL, 'today-4', 'b vbvh', 'nbjbhj', 'hbhjb', 'Active', NULL, NULL, NULL, NULL, NULL, NULL, NULL, NULL, NULL, NULL, NULL, NULL, '2021-12-27 03:39:44', '2021-12-27 03:39:44'),
(69, NULL, 14, NULL, 'Gggg', 'Hhhbb', 'Hhhb', NULL, NULL, NULL, NULL, 'gggg-4', 'Bbb', 'Bb', 'Bbb', 'Active', NULL, NULL, NULL, NULL, NULL, NULL, NULL, NULL, NULL, NULL, NULL, NULL, '2021-12-27 14:36:28', '2021-12-27 14:36:28'),
(70, NULL, 14, NULL, 'Hhssb', 'Hhhsb', 'Nnsnns', '1640615909668.jpg', NULL, NULL, NULL, 'hhssb-4', 'Hmmm bbb', 'Nnn', 'Nnn', 'Active', NULL, NULL, NULL, NULL, NULL, NULL, NULL, NULL, NULL, NULL, NULL, NULL, '2021-12-27 14:38:29', '2021-12-27 14:38:29'),
(71, NULL, 14, NULL, 'Bbsbsb', 'Hhsbdb', 'Nnnb', '1640615955877.jpg', NULL, NULL, NULL, 'bbsbsb-4', 'Nnsns', 'Nbbb', 'Nnn', 'Active', NULL, NULL, NULL, NULL, NULL, NULL, NULL, NULL, NULL, NULL, NULL, NULL, '2021-12-27 14:39:15', '2021-12-27 14:39:15'),
(72, NULL, 14, NULL, 'n  xn nx n', 'nxn  nx ', 'n xn x n x ', '1640700178222.jpg', NULL, NULL, NULL, 'n-xn-nx-n-4', 'dvdavd', '', '', 'Active', NULL, NULL, NULL, NULL, NULL, NULL, NULL, NULL, NULL, NULL, NULL, NULL, '2021-12-28 14:02:58', '2021-12-28 14:02:58'),
(73, NULL, 15, NULL, 'mnd vnd vm', 'nd vdmv ', 'nd vdman v', '1640700530577.jpg', NULL, NULL, NULL, 'mnd-vnd-vm-4', 'dvd', '', '', 'Active', NULL, NULL, NULL, NULL, NULL, NULL, NULL, NULL, NULL, NULL, NULL, NULL, '2021-12-28 14:08:50', '2021-12-28 14:08:50');

-- --------------------------------------------------------

--
-- Table structure for table `moduleItem_bkp`
--

CREATE TABLE `moduleItem_bkp` (
  `id` int NOT NULL,
  `cId` int DEFAULT NULL,
  `moduleId` int DEFAULT NULL,
  `title` varchar(255) DEFAULT NULL,
  `shortDescription` text,
  `longDescription` text,
  `mainImage` varchar(255) DEFAULT NULL,
  `shortImage` varchar(255) DEFAULT NULL,
  `slug` varchar(255) DEFAULT NULL,
  `metaTitle` varchar(255) DEFAULT NULL,
  `metaKeyword` varchar(255) DEFAULT NULL,
  `metaDescription` text,
  `status` enum('Active','Inactive') DEFAULT 'Active',
  `attr1` varchar(255) DEFAULT NULL,
  `attr2` varchar(255) DEFAULT NULL,
  `attr3` varchar(255) DEFAULT NULL,
  `attr4` varchar(255) DEFAULT NULL,
  `attr5` varchar(255) DEFAULT NULL,
  `attr6` varchar(255) DEFAULT NULL,
  `attr7` varchar(255) DEFAULT NULL,
  `attr8` varchar(255) DEFAULT NULL,
  `attr9` varchar(255) DEFAULT NULL,
  `attr10` varchar(255) DEFAULT NULL,
  `createdBy` varchar(100) DEFAULT NULL,
  `updatedBy` varchar(100) DEFAULT NULL,
  `createdAt` datetime NOT NULL,
  `updatedAt` datetime NOT NULL
) ENGINE=InnoDB DEFAULT CHARSET=utf8mb4 COLLATE=utf8mb4_0900_ai_ci COMMENT='Module Item Table';

-- --------------------------------------------------------

--
-- Table structure for table `moduleItem_bkp_06`
--

CREATE TABLE `moduleItem_bkp_06` (
  `id` int NOT NULL,
  `cId` int DEFAULT NULL,
  `moduleId` int DEFAULT NULL,
  `sequence` int DEFAULT NULL,
  `title` varchar(255) DEFAULT NULL,
  `shortDescription` text,
  `longDescription` text,
  `image` varchar(255) DEFAULT NULL,
  `tumbImage` varchar(255) DEFAULT NULL,
  `bannerImage` varchar(255) DEFAULT NULL,
  `slug` varchar(255) DEFAULT NULL,
  `metaTitle` varchar(255) DEFAULT NULL,
  `metaKeyword` varchar(255) DEFAULT NULL,
  `metaDescription` text,
  `status` enum('Active','Inactive') DEFAULT 'Active',
  `attr1` varchar(255) DEFAULT NULL,
  `attr2` varchar(255) DEFAULT NULL,
  `attr3` varchar(255) DEFAULT NULL,
  `attr4` varchar(255) DEFAULT NULL,
  `attr5` varchar(255) DEFAULT NULL,
  `attr6` varchar(255) DEFAULT NULL,
  `attr7` varchar(255) DEFAULT NULL,
  `attr8` varchar(255) DEFAULT NULL,
  `attr9` varchar(255) DEFAULT NULL,
  `attr10` varchar(255) DEFAULT NULL,
  `createdBy` varchar(100) DEFAULT NULL,
  `updatedBy` varchar(100) DEFAULT NULL,
  `createdAt` datetime NOT NULL,
  `updatedAt` datetime NOT NULL
) ENGINE=InnoDB DEFAULT CHARSET=utf8mb4 COLLATE=utf8mb4_0900_ai_ci COMMENT='Module Item Table';

--
-- Dumping data for table `moduleItem_bkp_06`
--

INSERT INTO `moduleItem_bkp_06` (`id`, `cId`, `moduleId`, `sequence`, `title`, `shortDescription`, `longDescription`, `image`, `tumbImage`, `bannerImage`, `slug`, `metaTitle`, `metaKeyword`, `metaDescription`, `status`, `attr1`, `attr2`, `attr3`, `attr4`, `attr5`, `attr6`, `attr7`, `attr8`, `attr9`, `attr10`, `createdBy`, `updatedBy`, `createdAt`, `updatedAt`) VALUES
(1, 1, 5, 1, 'Our Courses', 'We\'ve Something To Offer For Anyone', NULL, NULL, NULL, NULL, NULL, NULL, NULL, NULL, 'Active', NULL, NULL, NULL, NULL, NULL, NULL, NULL, NULL, NULL, NULL, NULL, NULL, '2021-12-21 11:06:56', '2021-12-21 11:06:56'),
(2, 1, 7, 1, 'Our Courses', 'We\'ve Something To Offer For Anyone', NULL, NULL, NULL, NULL, NULL, NULL, NULL, NULL, 'Active', NULL, NULL, NULL, NULL, NULL, NULL, NULL, NULL, NULL, NULL, NULL, NULL, '2021-12-21 11:06:56', '2021-12-21 11:06:56'),
(3, 1, 8, 1, 'Our Courses', 'We\'ve Something To Offer For Anyone', NULL, NULL, NULL, NULL, NULL, NULL, NULL, NULL, 'Active', NULL, NULL, NULL, NULL, NULL, NULL, NULL, NULL, NULL, NULL, NULL, NULL, '2021-12-21 11:06:56', '2021-12-21 11:06:56'),
(5, 1, 1, 1, 'Our Courses', 'We Have Courses For Everyone In Every Group', NULL, NULL, NULL, NULL, 'our-courses', NULL, NULL, NULL, 'Active', NULL, NULL, NULL, NULL, NULL, NULL, NULL, NULL, NULL, NULL, NULL, NULL, '2021-12-16 18:18:59', '2021-12-16 18:18:59'),
(6, 1, 1, 2, 'About Us', 'What is Unique and Different About Us', 'Effective online tutoring program with an intuitive study model. Best quality study materials, chapter wise notes, quiz & qualitative exams to prepare you for achieving great results.', 'Image.png', NULL, NULL, 'about-us', NULL, NULL, NULL, 'Active', NULL, NULL, NULL, NULL, NULL, NULL, NULL, NULL, NULL, NULL, NULL, NULL, '2021-12-16 18:19:58', '2021-12-16 18:19:58'),
(7, 1, 1, 3, 'Take A Test', 'We Have Tests For Everyone In Every Group', NULL, NULL, NULL, NULL, 'take-a-test', NULL, NULL, NULL, 'Active', NULL, NULL, NULL, NULL, NULL, NULL, NULL, NULL, NULL, NULL, NULL, NULL, '2021-12-17 15:34:35', '2021-12-17 15:34:35'),
(8, 1, 1, 4, 'For College/University & Corporate Sector', 'Train your Employees or Students with best Resources, to make them prepared for any situation in their career.', NULL, NULL, NULL, NULL, 'corporate-sector', NULL, NULL, NULL, 'Active', NULL, NULL, NULL, NULL, NULL, NULL, NULL, NULL, NULL, NULL, NULL, NULL, '2021-12-17 16:22:31', '2021-12-17 16:22:31'),
(9, 1, 1, 5, 'Testimonial', 'What Our Students Speak About Us', NULL, NULL, NULL, NULL, 'testimonia', NULL, NULL, NULL, 'Active', NULL, NULL, NULL, NULL, NULL, NULL, NULL, NULL, NULL, NULL, NULL, NULL, '2021-12-17 16:26:04', '2021-12-17 16:26:04'),
(10, 1, 1, 6, 'Our Principles', 'How We Operate Effectively', NULL, NULL, NULL, NULL, 'our-principles', NULL, NULL, NULL, 'Active', NULL, NULL, NULL, NULL, NULL, NULL, NULL, NULL, NULL, NULL, NULL, NULL, '2021-12-17 16:39:03', '2021-12-17 16:39:03'),
(11, 1, 1, 7, 'Become A Part Of Our Team', 'Lorem Ipsum is simply dummy text of the printing and typesetting industry. Lorem Ipsum has been the industry\'s standard dummy text ever since the 1500s.', NULL, NULL, NULL, NULL, 'contact-us', NULL, NULL, NULL, 'Active', NULL, NULL, NULL, NULL, NULL, NULL, NULL, NULL, NULL, NULL, NULL, NULL, '2021-12-17 16:44:49', '2021-12-17 16:44:49'),
(12, 1, 2, 1, 'Faculty Members', 'Know More About Our Faculty Members', NULL, NULL, NULL, NULL, 'faculty-members-1', NULL, NULL, NULL, 'Active', NULL, NULL, NULL, NULL, NULL, NULL, NULL, NULL, NULL, NULL, NULL, NULL, '2021-12-17 16:44:49', '2021-12-17 16:44:49'),
(13, 1, 2, 2, 'Our Services', 'What We Have To Offer', NULL, NULL, NULL, NULL, 'our-services-1', NULL, NULL, NULL, 'Active', NULL, NULL, NULL, NULL, NULL, NULL, NULL, NULL, NULL, NULL, NULL, NULL, '2021-12-17 16:44:49', '2021-12-17 16:44:49'),
(14, 1, 2, 3, 'Our Principles', 'How We Operate Effectively', NULL, NULL, NULL, NULL, 'our-principles-2', NULL, NULL, NULL, 'Active', NULL, NULL, NULL, NULL, NULL, NULL, NULL, NULL, NULL, NULL, NULL, NULL, '2021-12-17 16:44:49', '2021-12-17 16:44:49'),
(16, 1, 3, 1, 'Awards & Recognition', 'Awards & Recognition', NULL, NULL, NULL, NULL, '', NULL, NULL, NULL, 'Active', NULL, NULL, NULL, NULL, NULL, NULL, NULL, NULL, NULL, NULL, NULL, NULL, '2021-12-17 16:44:49', '2021-12-17 16:44:49'),
(17, 1, 3, 2, 'Cultural Activities', 'Cultural Activities', NULL, NULL, NULL, NULL, '', NULL, NULL, NULL, 'Active', NULL, NULL, NULL, NULL, NULL, NULL, NULL, NULL, NULL, NULL, NULL, NULL, '2021-12-17 16:44:49', '2021-12-17 16:44:49'),
(18, 1, 3, 3, 'Mr. & Miss Smart Championship', 'Mr. & Miss Smart Championship', NULL, NULL, NULL, NULL, '', NULL, NULL, NULL, 'Active', NULL, NULL, NULL, NULL, NULL, NULL, NULL, NULL, NULL, NULL, NULL, NULL, '2021-12-17 16:44:49', '2021-12-17 16:44:49'),
(19, 1, 3, 4, 'RK Mission Vidyabhawan', 'RK Mission Vidyabhawan', NULL, NULL, NULL, NULL, '', NULL, NULL, NULL, 'Active', NULL, NULL, NULL, NULL, NULL, NULL, NULL, NULL, NULL, NULL, NULL, NULL, '2021-12-17 16:44:49', '2021-12-17 16:44:49'),
(20, 1, 3, 5, 'Smart Classes', 'Smart Classes', NULL, NULL, NULL, NULL, '', NULL, NULL, NULL, 'Active', NULL, NULL, NULL, NULL, NULL, NULL, NULL, NULL, NULL, NULL, NULL, NULL, '2021-12-17 16:44:49', '2021-12-17 16:44:49'),
(21, 1, 3, 6, 'Smart Education Class Students', 'Smart Education Class Students', NULL, NULL, NULL, NULL, '', NULL, NULL, NULL, 'Active', NULL, NULL, NULL, NULL, NULL, NULL, NULL, NULL, NULL, NULL, NULL, NULL, '2021-12-17 16:44:49', '2021-12-17 16:44:49'),
(22, 1, 3, 7, 'Student\'s Activity', 'Student\'s Activity', NULL, NULL, NULL, NULL, '', NULL, NULL, NULL, 'Active', NULL, NULL, NULL, NULL, NULL, NULL, NULL, NULL, NULL, NULL, NULL, NULL, '2021-12-17 16:44:49', '2021-12-17 16:44:49'),
(23, 1, 3, 8, 'Summer Camp 2011', 'Summer Camp 2011', NULL, NULL, NULL, NULL, '', NULL, NULL, NULL, 'Active', NULL, NULL, NULL, NULL, NULL, NULL, NULL, NULL, NULL, NULL, NULL, NULL, '2021-12-17 16:44:49', '2021-12-17 16:44:49'),
(24, 1, 3, 9, 'Videos', 'Videos', NULL, NULL, NULL, NULL, '', NULL, NULL, NULL, 'Active', NULL, NULL, NULL, NULL, NULL, NULL, NULL, NULL, NULL, NULL, NULL, NULL, '2021-12-17 16:44:49', '2021-12-17 16:44:49'),
(25, 1, 4, 1, 'Our Branches', 'Our Branches', NULL, NULL, NULL, NULL, 'our-branches-4', NULL, NULL, NULL, 'Active', NULL, NULL, NULL, NULL, NULL, NULL, NULL, NULL, NULL, NULL, NULL, NULL, '2021-12-17 16:44:49', '2021-12-17 16:44:49'),
(26, 1, 6, 1, 'Take A Test', 'Find Out Your Potential', NULL, NULL, NULL, NULL, NULL, NULL, NULL, NULL, 'Active', NULL, NULL, NULL, NULL, NULL, NULL, NULL, NULL, NULL, NULL, NULL, NULL, '2021-12-17 16:44:49', '2021-12-17 16:44:49'),
(27, 1, 9, 1, 'Take A Test', 'Find Out Your Potential', NULL, NULL, NULL, NULL, NULL, NULL, NULL, NULL, 'Active', NULL, NULL, NULL, NULL, NULL, NULL, NULL, NULL, NULL, NULL, NULL, NULL, '2021-12-17 16:44:49', '2021-12-17 16:44:49'),
(28, 1, 10, 1, 'Take A Test', 'Find Out Your Potential', NULL, NULL, NULL, NULL, NULL, NULL, NULL, NULL, 'Active', NULL, NULL, NULL, NULL, NULL, NULL, NULL, NULL, NULL, NULL, NULL, NULL, '2021-12-17 16:44:49', '2021-12-17 16:44:49'),
(29, 1, 11, 1, 'Take A Test', 'Find Out Your Potential', NULL, NULL, NULL, NULL, NULL, NULL, NULL, NULL, 'Active', NULL, NULL, NULL, NULL, NULL, NULL, NULL, NULL, NULL, NULL, NULL, NULL, '2021-12-17 16:44:49', '2021-12-17 16:44:49'),
(30, 3, 13, 1, 'Welcome Kultikri Teacher Training Institute', 'Lalita Barik Memorial Charitable Trust (LBMCT) has given special attention for setting up Primary Teacher Training Institute at Kultikri under Sankrail Block for introducing D.EL.Ed course in Kultikiri Teachers Training Institute of Higher Studies', 'Lalita Barik Memorial Charitable Trust (LBMCT) has given special attention for setting up Primary Teacher Training Institute at Kultikri under Sankrail Block for introducing D.EL.Ed course in Kultikiri Teachers Training Institute of Higher Studies', NULL, NULL, NULL, 'welcome-kultikri', NULL, NULL, NULL, 'Active', NULL, NULL, NULL, NULL, NULL, NULL, NULL, NULL, NULL, NULL, NULL, NULL, '2021-12-22 01:03:47', '2021-12-22 01:03:47'),
(31, 4, 14, NULL, 'Home', 'Lorem Ipsum is simply dummy text of the printing and typesetting industry. Lorem Ipsum has been the industry\'s standard dummy text ever since the 1500s, when an unknown printer took a galley of type and scrambled it to make a type specimen book.', NULL, 'https://media.istockphoto.com/photos/programmer-working-with-program-code-picture-id1075599562?k=20&m=1075599562&s=612x612&w=0&h=cDFY2kKyhFzSNNlDQsaxoekIW0v7iyaMBkxp11Fz33U=', NULL, NULL, 'home-4', NULL, NULL, NULL, 'Active', NULL, NULL, NULL, NULL, NULL, NULL, NULL, NULL, NULL, NULL, NULL, NULL, '2021-12-22 15:06:59', '2021-12-22 15:06:59'),
(32, 4, 14, NULL, 'About Us', 'Lorem Ipsum is simply dummy text of the printing and typesetting industry. Lorem Ipsum has been the industry\'s standard dummy text ever since the 1500s, when an unknown printer took a galley of type and scrambled it to make a type specimen book.', NULL, 'https://media.istockphoto.com/photos/programmer-working-with-program-code-picture-id1075599562?k=20&m=1075599562&s=612x612&w=0&h=cDFY2kKyhFzSNNlDQsaxoekIW0v7iyaMBkxp11Fz33U=', NULL, NULL, 'about-us-4', NULL, NULL, NULL, 'Active', NULL, NULL, NULL, NULL, NULL, NULL, NULL, NULL, NULL, NULL, NULL, NULL, '2021-12-22 15:08:46', '2021-12-22 15:08:46'),
(33, 4, 16, NULL, 'GrowTrail', 'Lorem Ipsum is simply dummy text of the printing and typesetting industry. Lorem Ipsum has been the industry\'s standard dummy text ever since the 1500s, when an unknown printer took a galley of type and scrambled it to make a type specimen book.', NULL, 'https://media.istockphoto.com/photos/programmer-working-with-program-code-picture-id1075599562?k=20&m=1075599562&s=612x612&w=0&h=cDFY2kKyhFzSNNlDQsaxoekIW0v7iyaMBkxp11Fz33U=', NULL, NULL, 'growtrail-4', NULL, NULL, NULL, 'Active', NULL, NULL, NULL, NULL, NULL, NULL, NULL, NULL, NULL, NULL, NULL, NULL, '2021-12-22 15:10:54', '2021-12-22 15:10:54'),
(34, 4, 16, NULL, 'Tezcommerce', 'Lorem Ipsum is simply dummy text of the printing and typesetting industry. Lorem Ipsum has been the industry\'s standard dummy text ever since the 1500s, when an unknown printer took a galley of type and scrambled it to make a type specimen book.', NULL, 'https://media.istockphoto.com/photos/programmer-working-with-program-code-picture-id1075599562?k=20&m=1075599562&s=612x612&w=0&h=cDFY2kKyhFzSNNlDQsaxoekIW0v7iyaMBkxp11Fz33U=', NULL, NULL, 'tezcommerce-4', NULL, NULL, NULL, 'Active', NULL, NULL, NULL, NULL, NULL, NULL, NULL, NULL, NULL, NULL, NULL, NULL, '2021-12-22 15:10:54', '2021-12-22 15:10:54'),
(36, 3, 13, 2, 'Notice', '', NULL, '', NULL, NULL, 'notice', NULL, NULL, NULL, 'Active', NULL, NULL, NULL, NULL, NULL, NULL, NULL, NULL, NULL, NULL, NULL, NULL, '2021-12-17 16:44:49', '2021-12-17 16:44:49'),
(37, 3, 13, NULL, 'College', '', NULL, '', NULL, NULL, 'college', NULL, NULL, NULL, 'Active', NULL, NULL, NULL, NULL, NULL, NULL, NULL, NULL, NULL, NULL, NULL, NULL, '2021-12-17 16:44:49', '2021-12-17 16:44:49'),
(38, 3, 13, 3, 'Chairman\'s Quote', 'Golden inspirational words from our Chairman', 'It is great to educate a child in true and larger sense of the world. Hence, the ultimate goal of our college ‘Rishi Aurobindo Institute of Teacher Education’ under Amaranth Altruist Charitable Trust is to empower the students to rise and shine. Our vision, mission and values, on the basis of which we have been able to establish our institute, are quite pragmatic enough to provide high quality education to our students, who will surely excel in every sphere of their life. As a Chairman, I feel that I have moral obligation to help the students of my institute grow to become excellent human beings empowered with academic excellence.', '01.jpg', NULL, NULL, 'chairmans-quote', NULL, NULL, NULL, 'Active', NULL, NULL, NULL, NULL, NULL, NULL, NULL, NULL, NULL, NULL, NULL, NULL, '2021-12-17 16:44:49', '2021-12-17 16:44:49'),
(40, 4, 14, NULL, 'test', 'tgyjh', 'nm bhjbj', '1640183741514.jpg', NULL, NULL, 'test-4', 'jhkn jnj', 'jnjnjk', 'jnjnjnjnj', 'Active', NULL, NULL, NULL, NULL, NULL, NULL, NULL, NULL, NULL, NULL, NULL, NULL, '2021-12-22 14:35:41', '2021-12-22 14:35:41'),
(41, 3, 17, NULL, 'About us', '', '', NULL, NULL, NULL, 'about-us-3', NULL, NULL, NULL, 'Active', NULL, NULL, NULL, NULL, NULL, NULL, NULL, NULL, NULL, NULL, NULL, NULL, '2021-12-23 00:28:15', '2021-12-23 00:28:15'),
(42, 2, 46, 1, 'Why TezCommerce', 'TezCommerce brings an all in one package for your Internet Business.', '', NULL, NULL, NULL, 'why-tezcommerce-2', NULL, NULL, NULL, 'Active', NULL, NULL, NULL, NULL, NULL, NULL, NULL, NULL, NULL, NULL, NULL, NULL, '2021-12-23 00:28:15', '2021-12-30 11:45:34'),
(43, 2, 46, 2, 'An Offer You Cannot Refuse', '<h2 class=\"title\"><span>₹833/</span>Month</h2><h5 class=\"details\">Starting from INR 20000/- Per Year<br> * This Package Includes - Website, Domain, Hosting, SSl Certificate</h5>', '', NULL, NULL, NULL, 'an-Offer-you-cannot-refuse-2', NULL, NULL, NULL, 'Active', NULL, NULL, NULL, NULL, NULL, NULL, NULL, NULL, NULL, NULL, NULL, NULL, '2021-12-23 00:28:15', '2021-12-23 00:28:15'),
(44, 2, 46, 3, 'Our Offerings', 'We offer Customised solutions exactly as per your Business needs.', '', NULL, NULL, NULL, 'our-offerings-2', NULL, NULL, NULL, 'Active', NULL, NULL, NULL, NULL, NULL, NULL, NULL, NULL, NULL, NULL, NULL, NULL, '2021-12-23 00:28:15', '2021-12-23 00:28:15'),
(45, 2, 46, 4, 'Our Features', 'We offer a wide range of features developed to solve your Business Challanges.', '', NULL, NULL, NULL, 'our-features-2', NULL, NULL, NULL, 'Active', NULL, NULL, NULL, NULL, NULL, NULL, NULL, NULL, NULL, NULL, NULL, NULL, '2021-12-23 00:28:15', '2021-12-23 00:28:15'),
(46, 2, 46, 5, 'Our Client', '', '', NULL, NULL, NULL, 'our-Client-2', NULL, NULL, NULL, 'Active', NULL, NULL, NULL, NULL, NULL, NULL, NULL, NULL, NULL, NULL, NULL, NULL, '2021-12-23 00:28:15', '2021-12-23 00:28:15'),
(47, 2, 46, 6, 'Guarantee', '', '', NULL, NULL, NULL, 'guarantee-2', NULL, NULL, NULL, 'Active', NULL, NULL, NULL, NULL, NULL, NULL, NULL, NULL, NULL, NULL, NULL, NULL, '2021-12-23 00:28:15', '2021-12-23 00:28:15'),
(48, 2, 46, 7, 'About Us', 'TezCommerce is founded by Experts working in eCommerce industry for more then 15 Years and a team that has empowered more then 100 Successfull eCommerce Brands including EurekaForbes, Mufte Jeans, Manyavar, W for Women, etc to name a few.', '', 'feature.jpg', NULL, NULL, 'about-us-2', NULL, NULL, NULL, 'Active', NULL, NULL, NULL, NULL, NULL, NULL, NULL, NULL, NULL, NULL, NULL, NULL, '2021-12-23 00:28:15', '2021-12-23 00:28:15'),
(49, 2, 46, NULL, 'Get A Quote', 'Please Send Us A Message To Discuss More. We Will Get Back To you Within 24 hours.', '', NULL, NULL, NULL, 'get-a-quote-2', NULL, NULL, NULL, 'Active', NULL, NULL, NULL, NULL, NULL, NULL, NULL, NULL, NULL, NULL, NULL, NULL, '2021-12-23 00:28:15', '2021-12-23 00:28:15'),
(50, 2, 46, 8, 'Advice from the blog', '', '', NULL, NULL, NULL, 'advice-from-the-blog-2', NULL, NULL, NULL, 'Active', NULL, NULL, NULL, NULL, NULL, NULL, NULL, NULL, NULL, NULL, NULL, NULL, '2021-12-23 00:28:15', '2021-12-23 00:28:15'),
(51, 4, 14, NULL, 'test', 'Test', '', '1640251161445.png', NULL, NULL, 'test-42', 'nnn', 'nnn', 'nnn', 'Active', NULL, NULL, NULL, NULL, NULL, NULL, NULL, NULL, NULL, NULL, NULL, NULL, '2021-12-23 09:19:21', '2021-12-23 09:19:21'),
(53, 3, 37, NULL, 'Syallabus', NULL, NULL, NULL, NULL, NULL, NULL, NULL, NULL, NULL, 'Active', NULL, NULL, NULL, NULL, NULL, NULL, NULL, NULL, NULL, NULL, NULL, NULL, '2021-12-23 05:31:43', '2021-12-23 05:31:43'),
(54, 3, 19, NULL, 'Academics', 'Academics content coming soon', 'Academics content coming soon', NULL, NULL, NULL, NULL, NULL, NULL, NULL, 'Active', NULL, NULL, NULL, NULL, NULL, NULL, NULL, NULL, NULL, NULL, NULL, NULL, '2021-12-23 05:31:43', '2021-12-23 05:31:43'),
(55, 3, 36, NULL, 'Courses Offered', 'Courses Offered', 'Courses Offered', NULL, NULL, NULL, NULL, NULL, NULL, NULL, 'Active', NULL, NULL, NULL, NULL, NULL, NULL, NULL, NULL, NULL, NULL, NULL, NULL, '2021-12-23 06:03:10', '2021-12-23 06:03:10'),
(56, 3, 38, NULL, 'Practice Teaching', 'Content Coming soon......', 'Content coming soon........', NULL, NULL, NULL, NULL, NULL, NULL, NULL, 'Active', NULL, NULL, NULL, NULL, NULL, NULL, NULL, NULL, NULL, NULL, NULL, NULL, '2021-12-23 06:15:32', '2021-12-23 06:15:32'),
(57, 3, 39, NULL, 'Academic Calendar', 'Content Coming soon........', 'Content Coming soon........', NULL, NULL, NULL, NULL, NULL, NULL, NULL, 'Active', NULL, NULL, NULL, NULL, NULL, NULL, NULL, NULL, NULL, NULL, NULL, NULL, '2021-12-23 06:40:44', '2021-12-23 06:40:44'),
(58, 3, 42, NULL, 'B.ED FEES STRUCTURE FOR 2(TWO) YEARS – 85,000', 'B.ED FEES STRUCTURE FOR 2(TWO) YEARS – 85,000', 'B.ED FEES STRUCTURE FOR 2(TWO) YEARS – 85,000', NULL, NULL, NULL, NULL, NULL, NULL, NULL, 'Active', NULL, NULL, NULL, NULL, NULL, NULL, NULL, NULL, NULL, NULL, NULL, NULL, '2021-12-23 07:08:09', '2021-12-23 07:08:09'),
(59, 3, 42, NULL, 'D.EL.ED FEES STRUCTURE FOR 2(TWO) YEARS – 80,000', 'D.EL.ED FEES STRUCTURE FOR 2(TWO) YEARS – 80,000', 'D.EL.ED FEES STRUCTURE FOR 2(TWO) YEARS – 80,000', NULL, NULL, NULL, NULL, NULL, NULL, NULL, 'Active', NULL, NULL, NULL, NULL, NULL, NULL, NULL, NULL, NULL, NULL, NULL, NULL, '2021-12-23 07:08:09', '2021-12-23 07:08:09'),
(60, 4, 14, NULL, 'bjnj', 'n jnj', 'jjj', '1640280441516.jpg', NULL, NULL, 'bjnj-4', 'bb', 'bbb', 'bbb', 'Active', NULL, NULL, NULL, NULL, NULL, NULL, NULL, NULL, NULL, NULL, NULL, NULL, '2021-12-23 17:27:21', '2021-12-23 17:27:21'),
(61, 2, 48, NULL, 'Setup a New Channel of Business for your Restaurant', 'Start selling your products online under your own Branded Website and Mobile app and create a base of your own Loyal Customer.', NULL, NULL, NULL, NULL, 'setup-a-new-channel-of-business-for-your-restaurant-2', NULL, NULL, NULL, 'Active', NULL, NULL, NULL, NULL, NULL, NULL, NULL, NULL, NULL, NULL, NULL, NULL, '2021-12-17 16:44:49', '2021-12-17 16:44:49'),
(62, 2, 48, 2, 'Why Do you Need a Website and App', 'In this current age of internet & work from home it\'s a must to have your own business channel.', NULL, NULL, NULL, NULL, 'why-do-you-need-a-website-and-app-2', NULL, NULL, NULL, 'Active', NULL, NULL, NULL, NULL, NULL, NULL, NULL, NULL, NULL, NULL, NULL, NULL, '2021-12-17 16:44:49', '2021-12-17 16:44:49'),
(63, 2, 48, 6, 'Our Features', '', NULL, NULL, NULL, NULL, 'our-features-2', NULL, NULL, NULL, 'Active', NULL, NULL, NULL, NULL, NULL, NULL, NULL, NULL, NULL, NULL, NULL, NULL, '2021-12-17 16:44:49', '2021-12-17 16:44:49'),
(64, 2, 48, 4, 'A Solution for all your Requirements', 'We offer a complete solution for all your requirements to setup a Online Store.', NULL, NULL, NULL, NULL, 'a-solution-for-all-your-requirements-2', NULL, NULL, NULL, 'Active', NULL, NULL, NULL, NULL, NULL, NULL, NULL, NULL, NULL, NULL, NULL, NULL, '2021-12-17 16:44:49', '2021-12-17 16:44:49'),
(65, 2, 48, 5, 'Get Solutions', 'Is Swiggy & Zomato Tearing A Piece of Your Business?', 'Drive Business on Your Own Website & Create Your Brand Both Online and Offline.', NULL, NULL, NULL, 'get-solutions-2', NULL, NULL, NULL, 'Active', NULL, NULL, NULL, NULL, NULL, NULL, NULL, NULL, NULL, NULL, NULL, NULL, '2021-12-17 16:44:49', '2021-12-17 16:44:49'),
(66, 2, 48, 3, 'Should You Take This Product?', 'In Today\'s Market Online Presence Is More Important Than Ever', 'Work From Home, Quarantine & Growth In Internet Users Means Only One Thing, i.e. Online Presence Is A Must.', NULL, NULL, NULL, 'should-you-take-this-product-2', NULL, NULL, NULL, 'Active', NULL, NULL, NULL, NULL, NULL, NULL, NULL, NULL, NULL, NULL, NULL, NULL, '2021-12-17 16:44:49', '2021-12-17 16:44:49'),
(67, 2, 48, 7, 'Get Started With Our Mobile App!', 'Increase Your Business Growth With Millions Of Online Customers Waiting For Quality.', '', NULL, NULL, NULL, 'get-started-with-our-mobile-app-2', NULL, NULL, NULL, 'Active', NULL, NULL, NULL, NULL, NULL, NULL, NULL, NULL, NULL, NULL, NULL, NULL, '2021-12-17 16:44:49', '2021-12-17 16:44:49'),
(68, 4, 14, NULL, 'Today', 'weeee', 'eee', '1640576384340.png', NULL, NULL, 'today-4', 'b vbvh', 'nbjbhj', 'hbhjb', 'Active', NULL, NULL, NULL, NULL, NULL, NULL, NULL, NULL, NULL, NULL, NULL, NULL, '2021-12-27 03:39:44', '2021-12-27 03:39:44'),
(69, 4, 14, NULL, 'Gggg', 'Hhhbb', 'Hhhb', NULL, NULL, NULL, 'gggg-4', 'Bbb', 'Bb', 'Bbb', 'Active', NULL, NULL, NULL, NULL, NULL, NULL, NULL, NULL, NULL, NULL, NULL, NULL, '2021-12-27 14:36:28', '2021-12-27 14:36:28'),
(70, 4, 14, NULL, 'Hhssb', 'Hhhsb', 'Nnsnns', '1640615909668.jpg', NULL, NULL, 'hhssb-4', 'Hmmm bbb', 'Nnn', 'Nnn', 'Active', NULL, NULL, NULL, NULL, NULL, NULL, NULL, NULL, NULL, NULL, NULL, NULL, '2021-12-27 14:38:29', '2021-12-27 14:38:29'),
(71, 4, 14, NULL, 'Bbsbsb', 'Hhsbdb', 'Nnnb', '1640615955877.jpg', NULL, NULL, 'bbsbsb-4', 'Nnsns', 'Nbbb', 'Nnn', 'Active', NULL, NULL, NULL, NULL, NULL, NULL, NULL, NULL, NULL, NULL, NULL, NULL, '2021-12-27 14:39:15', '2021-12-27 14:39:15'),
(72, 4, 14, NULL, 'n  xn nx n', 'nxn  nx ', 'n xn x n x ', '1640700178222.jpg', NULL, NULL, 'n-xn-nx-n-4', 'dvdavd', '', '', 'Active', NULL, NULL, NULL, NULL, NULL, NULL, NULL, NULL, NULL, NULL, NULL, NULL, '2021-12-28 14:02:58', '2021-12-28 14:02:58'),
(73, 4, 15, NULL, 'mnd vnd vm', 'nd vdmv ', 'nd vdman v', '1640700530577.jpg', NULL, NULL, 'mnd-vnd-vm-4', 'dvd', '', '', 'Active', NULL, NULL, NULL, NULL, NULL, NULL, NULL, NULL, NULL, NULL, NULL, NULL, '2021-12-28 14:08:50', '2021-12-28 14:08:50'),
(74, 3, 13, 4, 'Admission', 'Gateway to the different branches and courses', NULL, '', NULL, NULL, 'admission', NULL, NULL, NULL, 'Active', NULL, NULL, NULL, NULL, NULL, NULL, NULL, NULL, NULL, NULL, NULL, NULL, '2021-12-29 16:44:49', '2021-12-29 16:44:49'),
(75, 3, 13, 5, 'Our Mission-vission', 'Duis aute irure dolor in reprehenderit in voluptate velit esse cillum dolore eu fugiat nulla pariatur sint occaecat cupidatat', 'Nisi ut aliquip ex ea commodo consequat. Duis aute irure dolor in reprehenderit in voluptate velit esse cillum dolore eu fugiat nulla pariatur. Excepteur sint occaecat cupidatat non proident, sunt in culpa qui officia deserunt mollit anim id est laborum. Sed ut perspiciatis unde aperiam, eaque ipsa quae ab illo inventore. proident, sunt in culpa qui officia deserunt mollit anim id est laborum. Sed ut perspiciatis unde aperiam, eaque ipsa quae ab illo inventore.proident, sunt in culpa qui officia deserunt mollit anim id est laborum. ', '', NULL, NULL, 'ourmission-vission', NULL, NULL, NULL, 'Active', NULL, NULL, NULL, NULL, NULL, NULL, NULL, NULL, NULL, NULL, NULL, NULL, '2021-12-17 16:44:49', '2021-12-17 16:44:49'),
(76, 3, 13, 6, 'Student Count', '', NULL, '', NULL, NULL, 'studentcount', NULL, NULL, NULL, 'Active', '130 Students', '5 Branches', '1000+  Alumni', NULL, NULL, NULL, NULL, NULL, NULL, NULL, NULL, NULL, '2021-12-29 16:44:49', '2021-12-29 16:44:49'),
(77, 3, 13, 7, 'College Facilities', 'Here each aspiring student enjoys access to an array of in-house facilities that aim to enhance their all-round development in the field of academics', NULL, '', NULL, NULL, 'collegefacilities', NULL, NULL, NULL, 'Active', NULL, NULL, NULL, NULL, NULL, NULL, NULL, NULL, NULL, NULL, NULL, NULL, '2021-12-29 16:44:49', '2021-12-29 16:44:49'),
(78, 4, 16, NULL, 'dvdsvdv', 'davadv', 'advdav', '1640759779911.png', NULL, NULL, 'dvdsvdv-4', 'vdv', 'dvdv', 'dvadvdv', 'Active', NULL, NULL, NULL, NULL, NULL, NULL, NULL, NULL, NULL, NULL, NULL, NULL, '2021-12-29 06:36:19', '2021-12-29 06:36:19'),
(79, 4, 16, NULL, 'dvcdvv', 'dvdv', 'dvdvd', '1640760057803.png', '1640760057804.jpg', '1640760057807.jpg', 'dvcdvv-4', 'vcxcb ', 'sbsfb', 'sfbFB', 'Active', NULL, NULL, NULL, NULL, NULL, NULL, NULL, NULL, NULL, NULL, NULL, NULL, '2021-12-29 06:40:57', '2021-12-29 06:40:57'),
(80, 2, 48, 1, 'Simply Delicious', '<span>New Channel</span> Setup a of Business for your <span>Restaurant</span>', 'Start selling your products online under your own Branded Website and Mobile app and create a base of your own Loyal Customer.', NULL, NULL, NULL, 'simply-delicious-2', NULL, NULL, NULL, 'Active', NULL, NULL, NULL, NULL, NULL, NULL, NULL, NULL, NULL, NULL, NULL, NULL, '2021-12-17 16:44:49', '2021-12-17 16:44:49'),
(81, 3, 13, 8, 'Gallery', '', NULL, '', NULL, NULL, 'gallery', NULL, NULL, NULL, 'Active', NULL, NULL, NULL, NULL, NULL, NULL, NULL, NULL, NULL, NULL, NULL, NULL, '2021-12-29 16:44:49', '2021-12-29 16:44:49'),
(82, 3, 54, NULL, 'Non Teaching Staff', 'Content coming soon', 'Content coming soon', NULL, NULL, NULL, 'non-teaching-staff-3', NULL, NULL, NULL, 'Active', NULL, NULL, NULL, NULL, NULL, NULL, NULL, NULL, NULL, NULL, NULL, NULL, '2021-12-30 23:36:46', '2021-12-30 23:36:46'),
(83, 3, 56, NULL, 'Iqacc Commitee', 'Content coming soon', 'Content coming soon', NULL, NULL, NULL, 'iqacc-comitee-3', NULL, NULL, NULL, 'Active', NULL, NULL, NULL, NULL, NULL, NULL, NULL, NULL, NULL, NULL, NULL, NULL, '2021-12-30 00:43:26', '2021-12-30 00:43:26'),
(84, 3, 57, NULL, 'Iqacc Guideline', 'Contenct coming soon', 'Contenct coming soon', NULL, NULL, NULL, 'iqacc-guideline-3', NULL, NULL, NULL, 'Active', NULL, NULL, NULL, NULL, NULL, NULL, NULL, NULL, NULL, NULL, NULL, NULL, '2021-12-30 00:58:57', '2021-12-30 00:58:57'),
(85, 3, 59, NULL, 'Library', 'Content Coming soon', 'Content Coming soon', NULL, NULL, NULL, 'library-3', NULL, NULL, NULL, 'Active', NULL, NULL, NULL, NULL, NULL, NULL, NULL, NULL, NULL, NULL, NULL, NULL, '2021-12-30 05:04:57', '2021-12-30 05:04:57'),
(86, 3, 60, NULL, 'IqAc Guidelines', 'content coming soon', 'content coming soon', NULL, NULL, NULL, NULL, NULL, NULL, NULL, 'Active', NULL, NULL, NULL, NULL, NULL, NULL, NULL, NULL, NULL, NULL, NULL, NULL, '2021-12-30 05:43:54', '2021-12-30 05:43:54'),
(87, 2, 48, NULL, 'Get A Quote', 'Please Send Us A Message To Discuss More. We Will Get Back To you Within 24 hours.', '', NULL, NULL, NULL, 'restrurent-get-a-quote-2', NULL, NULL, NULL, 'Active', NULL, NULL, NULL, NULL, NULL, NULL, NULL, NULL, NULL, NULL, NULL, NULL, '2021-12-23 00:28:15', '2021-12-23 00:28:15'),
(91, 3, 62, NULL, 'Computer Lab', 'content coming soon', 'content coming soon', NULL, NULL, NULL, 'Computer-lab-3', NULL, NULL, NULL, 'Active', NULL, NULL, NULL, NULL, NULL, NULL, NULL, NULL, NULL, NULL, NULL, NULL, '2021-12-30 05:59:40', '2021-12-30 05:59:40'),
(92, 3, 63, NULL, 'Campus', 'Content coming soon', 'Content coming soon', NULL, NULL, NULL, NULL, NULL, NULL, NULL, 'Active', NULL, NULL, NULL, NULL, NULL, NULL, NULL, NULL, NULL, NULL, NULL, NULL, '2021-12-30 06:02:51', '2021-12-30 06:02:51'),
(93, 3, 64, NULL, 'Labratory', 'content coming soon', 'content coming soon', NULL, NULL, NULL, NULL, NULL, NULL, NULL, 'Active', NULL, NULL, NULL, NULL, NULL, NULL, NULL, NULL, NULL, NULL, NULL, NULL, '2021-12-30 06:05:34', '2021-12-30 06:05:34'),
(94, 3, 65, NULL, 'Auditorium', 'Content Coming soon', 'Content Coming soon', NULL, NULL, NULL, NULL, NULL, NULL, NULL, 'Active', NULL, NULL, NULL, NULL, NULL, NULL, NULL, NULL, NULL, NULL, NULL, NULL, '2021-12-30 06:10:24', '2021-12-30 06:10:24'),
(95, 3, 66, NULL, 'Internet&wif', 'Content coming soon', 'Content coming soon', NULL, NULL, NULL, NULL, NULL, NULL, NULL, 'Active', NULL, NULL, NULL, NULL, NULL, NULL, NULL, NULL, NULL, NULL, NULL, NULL, '2021-12-30 06:12:19', '2021-12-30 06:12:19'),
(96, 3, 67, NULL, 'Playground', 'Content coming soon', 'Content coming soon', NULL, NULL, NULL, NULL, NULL, NULL, NULL, 'Active', NULL, NULL, NULL, NULL, NULL, NULL, NULL, NULL, NULL, NULL, NULL, NULL, '2021-12-30 06:23:09', '2021-12-30 06:23:09'),
(97, 3, 68, NULL, 'Hostel', 'Content coming soon', 'Content coming soon', NULL, NULL, NULL, NULL, NULL, NULL, NULL, 'Active', NULL, NULL, NULL, NULL, NULL, NULL, NULL, NULL, NULL, NULL, NULL, NULL, '2021-12-30 06:25:17', '2021-12-30 06:25:17'),
(98, 3, 69, NULL, 'Canteen', 'Content coming soon', 'Content coming soon', NULL, NULL, NULL, 'canteen-3', NULL, NULL, NULL, 'Active', NULL, NULL, NULL, NULL, NULL, NULL, NULL, NULL, NULL, NULL, NULL, NULL, '2021-12-30 06:27:18', '2021-12-30 06:27:18'),
(99, 3, 70, NULL, 'Studentdetails', 'Content coming soon', 'Content coming soon', NULL, NULL, NULL, 'Studentdetails-3', NULL, NULL, NULL, 'Active', NULL, NULL, NULL, NULL, NULL, NULL, NULL, NULL, NULL, NULL, NULL, NULL, '2021-12-30 06:29:40', '2021-12-30 06:29:40'),
(100, 3, 71, NULL, 'Attendance', 'Content coming soon', 'Content coming soon', NULL, NULL, NULL, NULL, NULL, NULL, NULL, 'Active', NULL, NULL, NULL, NULL, NULL, NULL, NULL, NULL, NULL, NULL, NULL, NULL, '2021-12-30 06:33:29', '2021-12-30 06:33:29'),
(101, 3, 72, NULL, 'Alumni', 'Content coming soon', 'Content coming soon', NULL, NULL, NULL, NULL, NULL, NULL, NULL, 'Active', NULL, NULL, NULL, NULL, NULL, NULL, NULL, NULL, NULL, NULL, NULL, NULL, '2021-12-30 06:36:19', '2021-12-30 06:36:19'),
(102, 3, 73, NULL, 'Disclosure', 'Content coming soon', 'Content coming soon', NULL, NULL, NULL, NULL, NULL, NULL, NULL, 'Active', NULL, NULL, NULL, NULL, NULL, NULL, NULL, NULL, NULL, NULL, NULL, NULL, '2021-12-30 06:39:05', '2021-12-30 06:39:05'),
(103, 3, 22, NULL, NULL, NULL, NULL, NULL, NULL, NULL, 'contact-us-3', NULL, NULL, NULL, 'Active', 'rishiaurobindibed@gmail.com', ' At Panchkhuri P.O. Panchkhuri\r\nDist. Paschim Medinipur,\r\nPin – 721150, West Bengal', '9933722796 / 9434341327 / 9830249999', NULL, NULL, NULL, NULL, NULL, NULL, NULL, NULL, NULL, '2021-12-30 06:45:26', '2021-12-30 06:45:26'),
(106, 3, 52, NULL, 'Gallery', NULL, NULL, NULL, NULL, NULL, 'gallery-3', NULL, NULL, NULL, 'Active', NULL, NULL, NULL, NULL, NULL, NULL, NULL, NULL, NULL, NULL, NULL, NULL, '2022-01-04 03:14:00', '2022-01-04 03:14:00'),
(107, 3, 75, NULL, 'Land', '1.      Area of land: 1 Acor (4046.82 sq.mt.)\r\n\r\n2.      Location :\r\n\r\nMouza – Baligeria,\r\n\r\nGram Panchayat – Kultikri \r\n\r\nBlock – Sankrail\r\n\r\nDist. – Jhargram\r\n\r\nState – West Bengal\r\n\r\n3.      Land particulars :\r\n\r\nL.R. Plot No. 80,83,116,  J.L. No. 226,\r\n\r\n L.R. Khatian No. 662,752\r\n\r\nAFFIDAVIT\r\nCopy of Affidavit on Rs. 100 on Non-Judicial Stamp Paper before Notary Public, Midnapore (in terms of provision of NCTE Regulation 2009)', NULL, NULL, NULL, NULL, NULL, NULL, NULL, NULL, 'Active', NULL, NULL, NULL, NULL, NULL, NULL, NULL, NULL, NULL, NULL, NULL, NULL, '2022-01-04 06:13:13', '2022-01-04 06:13:13');

-- --------------------------------------------------------

--
-- Table structure for table `moduleSetting`
--

CREATE TABLE `moduleSetting` (
  `id` int NOT NULL,
  `storeId` int DEFAULT NULL,
  `ip` varchar(255) DEFAULT NULL,
  `siteName` varchar(255) DEFAULT NULL,
  `name` varchar(255) DEFAULT NULL,
  `title` varchar(255) DEFAULT NULL,
  `email` varchar(255) DEFAULT NULL,
  `mobileNo` varchar(255) DEFAULT NULL,
  `fax` varchar(255) DEFAULT NULL,
  `gstn` varchar(255) DEFAULT NULL,
  `siteURL` varchar(255) DEFAULT NULL,
  `sslRedirect` varchar(255) DEFAULT NULL,
  `copyright` varchar(255) DEFAULT NULL,
  `logo` varchar(255) DEFAULT NULL,
  `fabIcon` varchar(255) DEFAULT NULL,
  `version` varchar(255) DEFAULT NULL,
  `location` varchar(255) DEFAULT NULL,
  `country` varchar(255) DEFAULT NULL,
  `address` text,
  `latitude` varchar(255) DEFAULT NULL,
  `longitude` varchar(255) DEFAULT NULL,
  `poweredByText` varchar(255) DEFAULT NULL,
  `poweredByLink` varchar(255) DEFAULT NULL,
  `facebookLink` varchar(255) DEFAULT NULL,
  `instagramLink` varchar(255) DEFAULT NULL,
  `twitterLink` varchar(255) DEFAULT NULL,
  `otherLink` varchar(255) DEFAULT NULL,
  `slug` varchar(255) DEFAULT NULL,
  `metaTitle` varchar(255) DEFAULT NULL,
  `metaKeyword` varchar(255) DEFAULT NULL,
  `metaDescription` text,
  `status` enum('Active','Inactive') DEFAULT 'Active',
  `lastUpdate` datetime DEFAULT NULL,
  `createdBy` varchar(100) DEFAULT NULL,
  `updatedBy` varchar(100) DEFAULT NULL,
  `createdAt` datetime NOT NULL,
  `updatedAt` datetime NOT NULL
) ENGINE=InnoDB DEFAULT CHARSET=utf8mb4 COLLATE=utf8mb4_0900_ai_ci COMMENT='Module Setting Table';

-- --------------------------------------------------------

--
-- Table structure for table `moduleSetting_bkp_06`
--

CREATE TABLE `moduleSetting_bkp_06` (
  `id` int NOT NULL,
  `cId` int DEFAULT NULL,
  `ip` varchar(255) DEFAULT NULL,
  `siteName` varchar(255) DEFAULT NULL,
  `name` varchar(255) DEFAULT NULL,
  `title` varchar(255) DEFAULT NULL,
  `email` varchar(255) DEFAULT NULL,
  `mobileNo` varchar(255) DEFAULT NULL,
  `fax` varchar(255) DEFAULT NULL,
  `gstn` varchar(255) DEFAULT NULL,
  `siteURL` varchar(255) DEFAULT NULL,
  `sslRedirect` varchar(255) DEFAULT NULL,
  `copyright` varchar(255) DEFAULT NULL,
  `logo` varchar(255) DEFAULT NULL,
  `fabIcon` varchar(255) DEFAULT NULL,
  `version` varchar(255) DEFAULT NULL,
  `location` varchar(255) DEFAULT NULL,
  `country` varchar(255) DEFAULT NULL,
  `address` text,
  `latitude` varchar(255) DEFAULT NULL,
  `longitude` varchar(255) DEFAULT NULL,
  `poweredByText` varchar(255) DEFAULT NULL,
  `poweredByLink` varchar(255) DEFAULT NULL,
  `facebookLink` varchar(255) DEFAULT NULL,
  `instagramLink` varchar(255) DEFAULT NULL,
  `twitterLink` varchar(255) DEFAULT NULL,
  `otherLink` varchar(255) DEFAULT NULL,
  `slug` varchar(255) DEFAULT NULL,
  `metaTitle` varchar(255) DEFAULT NULL,
  `metaKeyword` varchar(255) DEFAULT NULL,
  `metaDescription` text,
  `status` enum('Active','Inactive') DEFAULT 'Active',
  `lastUpdate` datetime DEFAULT NULL,
  `createdBy` varchar(100) DEFAULT NULL,
  `updatedBy` varchar(100) DEFAULT NULL,
  `createdAt` datetime NOT NULL,
  `updatedAt` datetime NOT NULL
) ENGINE=InnoDB DEFAULT CHARSET=utf8mb4 COLLATE=utf8mb4_0900_ai_ci COMMENT='Module Setting Table';

--
-- Dumping data for table `moduleSetting_bkp_06`
--

INSERT INTO `moduleSetting_bkp_06` (`id`, `cId`, `ip`, `siteName`, `name`, `title`, `email`, `mobileNo`, `fax`, `gstn`, `siteURL`, `sslRedirect`, `copyright`, `logo`, `fabIcon`, `version`, `location`, `country`, `address`, `latitude`, `longitude`, `poweredByText`, `poweredByLink`, `facebookLink`, `instagramLink`, `twitterLink`, `otherLink`, `slug`, `metaTitle`, `metaKeyword`, `metaDescription`, `status`, `lastUpdate`, `createdBy`, `updatedBy`, `createdAt`, `updatedAt`) VALUES
(1, 1, '', 'Smart Education', 'Smart Education', 'Smart Education', 'director@smarteducation.org.in', '+919932053428', '', '', 'https://www.smarteducation.org.in', '', 'Smart Education', '', '', '1.0.0', 'Midnapur', 'India', 'SMART EDUCATION, Near the Railway Station of MIDNAPORE 2 Minutes Walking Distance behind FAKHIR KUA', '', '', '', '', 'https://www.facebook.com/smarteducation.org.in', '', '', 'https://www.youtube.com/results?search_query=sourav+majumdar+spoken+english', 'smart-education-1', '', '', '', 'Active', '2021-12-21 12:04:54', NULL, NULL, '2021-12-21 12:04:54', '2021-12-21 12:04:54');

-- --------------------------------------------------------

--
-- Table structure for table `module_bkp`
--

CREATE TABLE `module_bkp` (
  `id` int NOT NULL,
  `cId` int DEFAULT NULL,
  `title` varchar(255) DEFAULT NULL,
  `shortDescription` text,
  `longDescription` text,
  `mainImage` varchar(255) DEFAULT NULL,
  `shortImage` varchar(255) DEFAULT NULL,
  `slug` varchar(255) DEFAULT NULL,
  `metaTitle` varchar(255) DEFAULT NULL,
  `metaKeyword` varchar(255) DEFAULT NULL,
  `metaDescription` text,
  `status` enum('Active','Inactive') DEFAULT 'Active',
  `createdBy` varchar(100) DEFAULT NULL,
  `updatedBy` varchar(100) DEFAULT NULL,
  `createdAt` datetime NOT NULL,
  `updatedAt` datetime NOT NULL
) ENGINE=InnoDB DEFAULT CHARSET=utf8mb4 COLLATE=utf8mb4_0900_ai_ci COMMENT='Module Table';

-- --------------------------------------------------------

--
-- Table structure for table `module_bkp_06`
--

CREATE TABLE `module_bkp_06` (
  `id` int NOT NULL,
  `cId` int DEFAULT NULL,
  `title` varchar(255) DEFAULT NULL,
  `shortDescription` text,
  `longDescription` text,
  `image` varchar(255) DEFAULT NULL,
  `tumbImage` varchar(255) DEFAULT NULL,
  `bannerImage` varchar(255) DEFAULT NULL,
  `slug` varchar(255) DEFAULT NULL,
  `metaTitle` varchar(255) DEFAULT NULL,
  `metaKeyword` varchar(255) DEFAULT NULL,
  `metaDescription` text,
  `relavantIndustry` varchar(255) DEFAULT NULL,
  `status` enum('Active','Inactive') DEFAULT 'Active',
  `createdBy` varchar(100) DEFAULT NULL,
  `updatedBy` varchar(100) DEFAULT NULL,
  `createdAt` datetime NOT NULL,
  `updatedAt` datetime NOT NULL
) ENGINE=InnoDB DEFAULT CHARSET=utf8mb4 COLLATE=utf8mb4_0900_ai_ci COMMENT='Module Table';

--
-- Dumping data for table `module_bkp_06`
--

INSERT INTO `module_bkp_06` (`id`, `cId`, `title`, `shortDescription`, `longDescription`, `image`, `tumbImage`, `bannerImage`, `slug`, `metaTitle`, `metaKeyword`, `metaDescription`, `relavantIndustry`, `status`, `createdBy`, `updatedBy`, `createdAt`, `updatedAt`) VALUES
(1, 1, 'Home', 'Take a Test Now To Find Out Where You Stand', 'We have an out of the box procedure to organize class for each of the students of different ages.', NULL, NULL, NULL, 'home-1', NULL, NULL, NULL, NULL, 'Active', NULL, NULL, '2021-12-16 15:41:35', '2021-12-16 15:41:35'),
(2, 1, 'About Us', 'What is Unique and Different About Us', 'Know More About Us & Our Faculty Members.', NULL, NULL, NULL, 'about-us-1', NULL, NULL, NULL, NULL, 'Active', NULL, NULL, '2021-12-16 15:41:35', '2021-12-16 15:41:35'),
(3, 1, 'Gallery', 'A Glimpse of Our Achievements & Success Story', 'Join us to become a part of our Success Stories.', NULL, NULL, NULL, 'gallery-1', NULL, NULL, NULL, NULL, 'Active', NULL, NULL, '2021-12-16 15:41:35', '2021-12-16 15:41:35'),
(4, 1, 'Contact Us', 'Feel Free To Contact Us For More Details', 'We have multiple branches throughout the state. We are always happy to help.', NULL, NULL, NULL, 'contact-us-1', NULL, NULL, NULL, NULL, 'Active', NULL, NULL, '2021-12-16 15:41:35', '2021-12-16 15:41:35'),
(5, 1, 'Courses', 'We Have Something To Offer For Everyone', 'Checkout Our Course Range to Know More.', NULL, NULL, NULL, 'courses-1', NULL, NULL, NULL, NULL, 'Active', NULL, NULL, '2021-12-16 15:41:35', '2021-12-16 15:41:35'),
(6, 1, 'Take A Test', 'Take a Test Now To Find Out Where You Stand', 'Check Your Score And Collect Certificate from Results Section.', NULL, NULL, NULL, 'take-a-test-1', NULL, NULL, NULL, NULL, 'Active', NULL, NULL, '2021-12-16 15:41:35', '2021-12-16 15:41:35'),
(7, 1, 'Courses 1', 'We Have Something To Offer For Everyone', 'Checkout Our Course Range to Know More.', NULL, NULL, NULL, 'courses1-1', NULL, NULL, NULL, NULL, 'Active', NULL, NULL, '2021-12-16 15:41:35', '2021-12-16 15:41:35'),
(8, 1, 'Courses2', 'We Have Something To Offer For Everyone', 'Checkout Our Course Range to Know More.', NULL, NULL, NULL, 'courses2-1', NULL, NULL, NULL, NULL, 'Active', NULL, NULL, '2021-12-16 15:41:35', '2021-12-16 15:41:35'),
(9, 1, 'Take A Tast 2', 'Take a Test Now To Find Out Where You Stand', 'Check Your Score And Collect Certificate from Results Section.', NULL, NULL, NULL, 'take-a-test-2', NULL, NULL, NULL, NULL, 'Active', NULL, NULL, '2021-12-16 15:41:35', '2021-12-16 15:41:35'),
(10, 1, 'Take A Tast 3', 'Take a Test Now To Find Out Where You Stand', 'Check Your Score And Collect Certificate from Results Section.', NULL, NULL, NULL, 'take-a-test-3', NULL, NULL, NULL, NULL, 'Active', NULL, NULL, '2021-12-16 15:41:35', '2021-12-16 15:41:35'),
(11, 1, 'Take A Tast 4', 'Take a Test Now To Find Out Where You Stand', 'Check Your Score And Collect Certificate from Results Section.', NULL, NULL, NULL, 'take-a-test-4', NULL, NULL, NULL, NULL, 'Active', NULL, NULL, '2021-12-16 15:41:35', '2021-12-16 15:41:35'),
(13, 3, 'Home', 'Kultikri Teacher Training Institute of Higher Studies', '', NULL, NULL, NULL, 'home-3', NULL, NULL, NULL, NULL, 'Active', NULL, NULL, '2021-12-16 15:41:35', '2021-12-16 15:41:35'),
(14, 4, 'Pages', 'Lorem Ipsum is simply dummy text of the printing and typesetting industry. Lorem Ipsum has been the industry\'s standard dummy text ever since the 1500s, when an unknown printer took a galley of type and scrambled it to make a type specimen book.', NULL, 'https://media.istockphoto.com/photos/programmer-working-with-program-code-picture-id1075599562?k=20&m=1075599562&s=612x612&w=0&h=cDFY2kKyhFzSNNlDQsaxoekIW0v7iyaMBkxp11Fz33U=', NULL, NULL, 'pages-4', NULL, NULL, NULL, NULL, 'Active', NULL, NULL, '2021-12-22 14:33:12', '2021-12-22 14:33:12'),
(15, 4, 'Gallery', 'Lorem Ipsum is simply dummy text of the printing and typesetting industry. Lorem Ipsum has been the industry\'s standard dummy text ever since the 1500s, when an unknown printer took a galley of type and scrambled it to make a type specimen book.', NULL, 'https://media.istockphoto.com/photos/programmer-working-with-program-code-picture-id1075599562?k=20&m=1075599562&s=612x612&w=0&h=cDFY2kKyhFzSNNlDQsaxoekIW0v7iyaMBkxp11Fz33U=', NULL, NULL, 'gallery-4', NULL, NULL, NULL, NULL, 'Active', NULL, NULL, '2021-12-22 14:48:53', '2021-12-22 14:48:53'),
(16, 4, 'Work', 'Lorem Ipsum is simply dummy text of the printing and typesetting industry. Lorem Ipsum has been the industry\'s standard dummy text ever since the 1500s, when an unknown printer took a galley of type and scrambled it to make a type specimen book.', NULL, 'https://media.istockphoto.com/photos/programmer-working-with-program-code-picture-id1075599562?k=20&m=1075599562&s=612x612&w=0&h=cDFY2kKyhFzSNNlDQsaxoekIW0v7iyaMBkxp11Fz33U=', NULL, NULL, 'work-4', NULL, NULL, NULL, NULL, 'Active', NULL, NULL, '2021-12-22 14:50:18', '2021-12-22 14:50:18'),
(17, 3, 'ABOUT US', '', '', NULL, NULL, NULL, 'about-us-3', NULL, NULL, NULL, NULL, 'Active', NULL, NULL, '2021-12-23 15:41:35', '2021-12-23 15:41:35'),
(19, 3, 'ACADEMICS', '', '', NULL, NULL, NULL, 'academics-3', NULL, NULL, NULL, NULL, 'Active', NULL, NULL, '2021-12-16 15:41:35', '2021-12-16 15:41:35'),
(21, 3, 'ADMISSION', '', '', NULL, NULL, NULL, 'admission-3', NULL, NULL, NULL, NULL, 'Active', NULL, NULL, '2021-12-16 15:41:35', '2021-12-16 15:41:35'),
(22, 3, 'CONTACT US', '', '', NULL, NULL, NULL, 'contact-us-3', NULL, NULL, NULL, NULL, 'Active', NULL, NULL, '2021-12-16 15:41:35', '2021-12-16 15:41:35'),
(23, 3, 'LOGIN', '', '', NULL, NULL, NULL, 'login-3', NULL, NULL, NULL, NULL, 'Active', NULL, NULL, '2021-12-16 15:41:35', '2021-12-16 15:41:35'),
(24, 3, 'OUR COLLEGE', '', '', NULL, NULL, NULL, 'our-college-3', NULL, NULL, NULL, NULL, 'Active', NULL, NULL, '2021-12-16 15:41:35', '2021-12-16 15:41:35'),
(26, 3, 'MISSSION & VISION', '', '', NULL, NULL, NULL, 'mission-&-vision-3', NULL, NULL, NULL, NULL, 'Active', NULL, NULL, '2021-12-16 15:41:35', '2021-12-16 15:41:35'),
(27, 3, 'PRINCIPAL\'S DESK', '', '', NULL, NULL, NULL, 'principal\'s-desk-3', NULL, NULL, NULL, NULL, 'Active', NULL, NULL, '2021-12-16 15:41:35', '2021-12-16 15:41:35'),
(28, 3, 'MANAGEMENT', '', '', NULL, NULL, NULL, 'management-3', NULL, NULL, NULL, NULL, 'Active', NULL, NULL, '2021-12-16 15:41:35', '2021-12-16 15:41:35'),
(34, 3, 'AFFILIATION', '', '', NULL, NULL, NULL, 'affiliation-3', NULL, NULL, NULL, NULL, 'Active', NULL, NULL, '2021-12-16 15:41:35', '2021-12-16 15:41:35'),
(35, 3, 'COLLEGE MAGAZINE', '', '', NULL, NULL, NULL, 'college-magazine-3', NULL, NULL, NULL, NULL, 'Active', NULL, NULL, '2021-12-16 15:41:35', '2021-12-16 15:41:35'),
(36, 3, 'COURSES OFFERED', '', '', NULL, NULL, NULL, 'courses-offered-3', NULL, NULL, NULL, NULL, 'Active', NULL, NULL, '2021-12-16 15:41:35', '2021-12-16 15:41:35'),
(37, 3, 'SYLLABUS', '', '', NULL, NULL, NULL, 'syllabus-3', NULL, NULL, NULL, NULL, 'Active', NULL, NULL, '2021-12-16 15:41:35', '2021-12-16 15:41:35'),
(38, 3, 'PRACTICE TEACHING', '', '', NULL, NULL, NULL, 'practice-teaching-3', NULL, NULL, NULL, NULL, 'Active', NULL, NULL, '2021-12-16 15:41:35', '2021-12-16 15:41:35'),
(39, 3, 'ACADEMIC CALENDER', '', '', NULL, NULL, NULL, 'academic-calender-3', NULL, NULL, NULL, NULL, 'Active', NULL, NULL, '2021-12-16 15:41:35', '2021-12-16 15:41:35'),
(40, 3, 'ADMISSION PROCESS', '', '', NULL, NULL, NULL, 'admission-process-3', NULL, NULL, NULL, NULL, 'Active', NULL, NULL, '2021-12-16 15:41:35', '2021-12-16 15:41:35'),
(41, 3, 'ELIGIBILITY CRITERIA', '', '', NULL, NULL, NULL, 'eligibility-criteria-3', NULL, NULL, NULL, NULL, 'Active', NULL, NULL, '2021-12-16 15:41:35', '2021-12-16 15:41:35'),
(42, 3, 'FEE STRUCTURE', '', '', NULL, NULL, NULL, 'fee-structure-3', NULL, NULL, NULL, NULL, 'Active', NULL, NULL, '2021-12-16 15:41:35', '2021-12-16 15:41:35'),
(43, 3, 'ADMISSION FORM', '', '', NULL, NULL, NULL, 'admission-form-3', NULL, NULL, NULL, NULL, 'Active', NULL, NULL, '2021-12-16 15:41:35', '2021-12-16 15:41:35'),
(44, 3, 'STAFF LOGIN', '', '', NULL, NULL, NULL, 'staff-login-3', NULL, NULL, NULL, NULL, 'Active', NULL, NULL, '2021-12-16 15:41:35', '2021-12-16 15:41:35'),
(45, 3, 'STUDENT LOGIN', '', '', NULL, NULL, NULL, 'student-login-3', NULL, NULL, NULL, NULL, 'Active', NULL, NULL, '2021-12-16 15:41:35', '2021-12-16 15:41:35'),
(46, 2, 'Home', 'Go Online & Grow Now', '<h1 class=\"title\">Start Your Online Business Today</h1><span class=\"line\"></span><h5 class=\"details\">Setup a parallel online Store, complementing to your existing Business with the help of Our Experts who will guide on each steps from setting up your online store to Marketing the same to generatre online sales.</h5>', NULL, NULL, NULL, 'home-2', NULL, NULL, NULL, NULL, 'Active', NULL, NULL, '2021-12-16 15:41:35', '2021-12-30 11:32:57'),
(48, 2, 'Restaurant', '', '', NULL, NULL, NULL, 'restaurant-2', NULL, NULL, NULL, NULL, 'Active', NULL, NULL, '2021-12-16 15:41:35', '2021-12-30 11:43:21'),
(50, 3, 'Teaching Staff', NULL, NULL, NULL, NULL, NULL, 'teaching-staff-3', NULL, NULL, NULL, NULL, 'Active', NULL, NULL, '2021-12-27 23:47:18', '2021-12-27 23:47:18'),
(51, 3, 'Staff', NULL, NULL, NULL, NULL, NULL, NULL, NULL, NULL, NULL, NULL, 'Active', NULL, NULL, '2021-12-27 23:51:07', '2021-12-27 23:51:07'),
(52, 3, 'GALLERY', NULL, NULL, NULL, NULL, NULL, 'gallery-3', NULL, NULL, NULL, NULL, 'Active', NULL, NULL, '2021-12-29 21:49:03', '2021-12-29 21:49:03'),
(53, 4, 'TEST', 'test', 'tes', '1640764551461.jpg', '1640764551465.jpg', NULL, 'test-4', 'davdasv', 'adva', 'avadv', 'scdav', 'Active', NULL, NULL, '2021-12-29 07:55:51', '2021-12-29 07:55:51'),
(54, 3, 'Non Teaching Staff', 'Content Coming soon', 'Content Coming soon', NULL, NULL, NULL, 'non-teaching-staff-3', NULL, NULL, NULL, NULL, 'Active', NULL, NULL, '2021-12-30 23:47:18', '2021-12-30 23:47:18'),
(56, 3, 'Iqacc Commitee', 'Content coming soon', NULL, NULL, NULL, NULL, 'iqaccommitee-3', NULL, NULL, NULL, NULL, 'Active', NULL, NULL, '2021-12-30 22:49:30', '2021-12-30 22:49:30'),
(57, 3, 'IQAC GuideLIne', 'IQAC GuideLIne', 'IQAC GuideLIne', NULL, NULL, NULL, 'iqacc-guideline-3', NULL, NULL, NULL, NULL, 'Active', NULL, NULL, '2021-12-30 00:53:57', '2021-12-30 00:53:57'),
(58, 3, 'Meeting', 'content coming soon', 'content coming soon', NULL, NULL, NULL, 'metting-3', NULL, NULL, NULL, NULL, 'Active', NULL, NULL, '2021-12-30 00:53:57', '2021-12-30 00:53:57'),
(59, 3, 'Library', NULL, NULL, NULL, NULL, NULL, 'library-3', NULL, NULL, NULL, NULL, 'Active', NULL, NULL, '2021-12-30 05:03:35', '2021-12-30 05:03:35'),
(60, 3, 'IQAC GUIDELINE', 'Content coming soon', 'Content coming soon', NULL, NULL, NULL, 'iqac-guidelines-3', NULL, NULL, NULL, NULL, 'Active', NULL, NULL, '2021-12-30 05:42:20', '2021-12-30 05:42:20'),
(61, 2, 'Grocery', '', '', NULL, NULL, NULL, 'grocery-2', NULL, NULL, NULL, NULL, 'Active', NULL, NULL, '2021-12-16 15:41:35', '2021-12-30 11:43:21'),
(62, 3, 'Computer Lab', 'content coming soon', 'content coming soon', NULL, NULL, NULL, NULL, NULL, NULL, NULL, NULL, 'Active', NULL, NULL, '2021-12-30 05:58:39', '2021-12-30 05:58:39'),
(63, 3, 'Campus', 'coming soon', 'coming soon', NULL, NULL, NULL, 'campus-3', NULL, NULL, NULL, NULL, 'Active', NULL, NULL, '2021-12-30 06:02:13', '2021-12-30 06:02:13'),
(64, 3, 'Laboratory', 'content coming soon', 'content coming soon', NULL, NULL, NULL, 'labratory-3', NULL, NULL, NULL, NULL, 'Active', NULL, NULL, '2021-12-30 06:04:44', '2021-12-30 06:04:44'),
(65, 3, 'Auditorium', 'Content Coming soon', 'Content Coming soon', NULL, NULL, NULL, NULL, NULL, NULL, NULL, NULL, 'Active', NULL, NULL, '2021-12-30 06:09:31', '2021-12-30 06:09:31'),
(66, 3, 'Internet&wifi', 'Content coming soon', 'Content coming soon', NULL, NULL, NULL, 'Internet-wifi-3', NULL, NULL, NULL, NULL, 'Active', NULL, NULL, '2021-12-30 06:11:35', '2021-12-30 06:11:35'),
(67, 3, 'Playground', 'Content coming soon', 'Content coming soon', NULL, NULL, NULL, NULL, NULL, NULL, NULL, NULL, 'Active', NULL, NULL, '2021-12-30 06:22:18', '2021-12-30 06:22:18'),
(68, 3, 'Hostel', 'Content coming soon', 'Content coming soon', NULL, NULL, NULL, NULL, NULL, NULL, NULL, NULL, 'Active', NULL, NULL, '2021-12-30 06:24:28', '2021-12-30 06:24:28'),
(69, 3, 'Canteen', 'Content coming soon', 'Content coming soon', NULL, NULL, NULL, 'canteen-3', NULL, NULL, NULL, NULL, 'Active', NULL, NULL, '2021-12-30 06:26:37', '2021-12-30 06:26:37'),
(70, 3, 'Studentdetails', 'Content coming soon', 'Content coming soon', NULL, NULL, NULL, 'Studentdetails-3', NULL, NULL, NULL, NULL, 'Active', NULL, NULL, '2021-12-30 06:29:04', '2021-12-30 06:29:04'),
(71, 3, 'Attendance', 'Content coming soon', 'Content coming soon', NULL, NULL, NULL, 'Attendance-3', NULL, NULL, NULL, NULL, 'Active', NULL, NULL, '2021-12-30 06:32:21', '2021-12-30 06:32:21'),
(72, 3, 'Alumni', 'Content coming soon', 'Content coming soon', NULL, NULL, NULL, NULL, NULL, NULL, NULL, NULL, 'Active', NULL, NULL, '2021-12-30 06:35:27', '2021-12-30 06:35:27'),
(73, 3, 'Disclosure', 'Content coming soon', 'Content coming soon', NULL, NULL, NULL, NULL, NULL, NULL, NULL, NULL, 'Active', NULL, NULL, '2021-12-30 06:37:52', '2021-12-30 06:37:52'),
(75, 3, 'Infrastructure', NULL, NULL, NULL, NULL, NULL, 'infrastructure-3', NULL, NULL, NULL, NULL, 'Active', NULL, NULL, '2022-01-03 17:14:51', '2022-01-03 17:14:51'),
(76, 3, 'Practice Teaching', NULL, NULL, NULL, NULL, NULL, 'practiseteaching-3', NULL, NULL, NULL, NULL, 'Active', NULL, NULL, '2022-01-04 02:06:41', '2022-01-04 02:06:41'),
(77, 3, 'workshop', NULL, NULL, NULL, NULL, NULL, NULL, NULL, NULL, NULL, NULL, 'Active', NULL, NULL, '2022-01-04 02:06:41', '2022-01-04 02:06:41');

-- --------------------------------------------------------

--
-- Table structure for table `msgUserLogin`
--

CREATE TABLE `msgUserLogin` (
  `id` int NOT NULL,
  `storeId` int DEFAULT NULL,
  `name` varchar(255) DEFAULT NULL,
  `email` varchar(255) DEFAULT NULL,
  `mobile` varchar(255) DEFAULT NULL,
  `createdAt` datetime NOT NULL,
  `updatedAt` datetime NOT NULL
) ENGINE=InnoDB DEFAULT CHARSET=utf8mb4 COLLATE=utf8mb4_0900_ai_ci COMMENT='Message User Login Table';

--
-- Dumping data for table `msgUserLogin`
--

INSERT INTO `msgUserLogin` (`id`, `storeId`, `name`, `email`, `mobile`, `createdAt`, `updatedAt`) VALUES
(1, 17, 'samrat jana', 'samrat.bluehorse@gmail.com', '7547905968', '2022-04-15 06:33:06', '2022-04-15 06:33:06'),
(2, 17, 'TANVIER DA', 'tanvir@gmail.com', '9999999999', '2022-04-15 06:34:38', '2022-04-15 06:34:38'),
(3, 17, 'samrat', 's@gmail.com', '7777777777', '2022-04-15 11:47:44', '2022-04-15 11:47:44');

-- --------------------------------------------------------

--
-- Table structure for table `news`
--

CREATE TABLE `news` (
  `id` int NOT NULL,
  `storeId` int DEFAULT NULL,
  `title` varchar(255) DEFAULT NULL,
  `slug` varchar(255) DEFAULT NULL,
  `image` varchar(255) DEFAULT NULL,
  `shortDescription` text,
  `description` longtext,
  `sequence` int DEFAULT NULL,
  `status` enum('Yes','No') NOT NULL DEFAULT 'No',
  `ar_title` text,
  `ar_shortDescription` text,
  `ar_description` longtext,
  `createdBy` varchar(100) DEFAULT NULL,
  `createdAt` datetime DEFAULT NULL,
  `updatedBy` varchar(100) DEFAULT NULL,
  `updatedAt` datetime DEFAULT NULL
) ENGINE=InnoDB DEFAULT CHARSET=utf8mb4 COLLATE=utf8mb4_0900_ai_ci COMMENT='News Table';

--
-- Dumping data for table `news`
--

INSERT INTO `news` (`id`, `storeId`, `title`, `slug`, `image`, `shortDescription`, `description`, `sequence`, `status`, `ar_title`, `ar_shortDescription`, `ar_description`, `createdBy`, `createdAt`, `updatedBy`, `updatedAt`) VALUES
(2, 30, 'PERFUME GIFT SETS', '', '1657689547103.jpg', 'PERFUME GIFT SETS', 'Mawfoor presents Niche perfume gift sets on the occasion of Eid Al Adha. Order your Gift set at the price of Perfume. Limited time Offer!\r\n', 1, 'Yes', ' اول موقع يسمح', ' اول موقع يسمح  اول موقع يسمح  اول موقع يسمح', ' اول موقع يسمح  اول موقع يسمح  اول موقع يسمح', '1', '2022-07-08 19:05:00', '1', '2022-11-04 18:16:01'),
(3, 30, 'ABOUT NISHANE', '', '1657689454662.jpg', 'NISHANE', 'NISHANE is the first and only Istanbul based niche perfume brand that is celebrated globally with an exceptional point of view on artistic perfumery. This can easily be recognized by the uniqueness of the scent creations.\r\n \r\nInspired by the rooted traditions, modern vision and the cosmopolitan structure of Istanbul that has embraced so many civilizations; NISHANE is ready to be the indicator of the value you put on yourself and your loved ones with unique and sophisticated fragrances and elegant touch of its artistic collections designed with utmost care. This is an offer of exclusivity sense deriving from a rooted culture.  \r\n \r\nBearing in mind that a delicate sprinkle of scent has the capacity to kindle valued reminiscences along with enlightening feelings, NISHANE\r\nproudly presents its collections to the world and is delighted to see the unending appreciation of the perfume lovers around the world that made the brand one of the most celebrated, most widespread and the best-selling niche perfume brands of the world.\r\n\r\nEach NISHANE fragrance is designed as a tribute to different emotions and moods to ensure cherished moments to remember. NISHANE sees the perfume creation as an important form of art and is gaining a big reputation by storytelling with perfumes. \"Collection Rumi\" inspired by the quotes of Mevlânâ Celâleddîn-i Rûmî, \"Shadow Play Trilogy\" inspired by the traditional shadow play also known as \"Karagöz & Hacivat\", \"Collection Imaginative\" inspired by the novella \"The Little Prince\", and \"No Boundaries Collection\" designed to give the hopeful message of terminating all the emotional borders between the people of the world are the examples of the storytelling by perfumes. Not only NISHANE is telling stories with these collections but also many of the scents in these collections have started to be defined as \"iconic scents\" by many like HACIVAT, ANI, HUNDRED SILENT WAYS, FAN YOUR FLAMES etc.  \r\n\r\nNISHANE means mark, sign or symbol. NISHANE is ready to be the symbol (nişane) of the value you put on yourself and your loved ones with unique and sophisticated fragrances and elegant touch of its artistic collections designed with utmost care.\r\n', 1, 'Yes', 'اربك تكست هو اول موقع يسمح لزواره الكرام بتحويل الكتابة العربي الى كتابة مفهومة من قبل اغلب برامج', 'اربك تكست هو اول موقع يسمح لزواره الكرام بتحويل الكتابة العربي الى كتابة مفهومة من قبل اغلب برامج', 'اربك تكست هو اول موقع يسمح لزواره الكرام بتحويل الكتابة العربي الى كتابة مفهومة من قبل اغلب برامج', '1', '2022-07-08 19:05:17', '1', '2022-11-04 17:54:25');

-- --------------------------------------------------------

--
-- Table structure for table `newsLetter`
--

CREATE TABLE `newsLetter` (
  `id` int NOT NULL,
  `storeId` int DEFAULT NULL,
  `heading` varchar(255) DEFAULT NULL,
  `scheduleTime` datetime DEFAULT NULL,
  `sendingStatus` enum('Done','ScheduleTime') NOT NULL DEFAULT 'Done',
  `description` text,
  `createdBy` varchar(100) DEFAULT NULL,
  `createdAt` datetime NOT NULL,
  `updatedAt` datetime NOT NULL
) ENGINE=InnoDB DEFAULT CHARSET=utf8mb4 COLLATE=utf8mb4_0900_ai_ci COMMENT='News Letter Table';

-- --------------------------------------------------------

--
-- Table structure for table `newsLetterEmail`
--

CREATE TABLE `newsLetterEmail` (
  `id` int NOT NULL,
  `storeId` int DEFAULT NULL,
  `newsLetterId` int DEFAULT NULL,
  `emails` varchar(100) DEFAULT NULL,
  `createdAt` datetime NOT NULL,
  `updatedAt` datetime NOT NULL
) ENGINE=InnoDB DEFAULT CHARSET=utf8mb4 COLLATE=utf8mb4_0900_ai_ci COMMENT='News Letter Email Table';

-- --------------------------------------------------------

--
-- Table structure for table `optionMaster`
--

CREATE TABLE `optionMaster` (
  `id` int NOT NULL,
  `storeId` int DEFAULT NULL,
  `title` varchar(255) CHARACTER SET utf8mb3 COLLATE utf8mb3_bin DEFAULT NULL,
  `type` varchar(255) CHARACTER SET utf8mb3 COLLATE utf8mb3_bin DEFAULT NULL,
  `type_08_03` enum('text','multi-select','dropdown') CHARACTER SET utf8mb3 COLLATE utf8mb3_bin DEFAULT NULL,
  `isRequired` enum('Yes','No') CHARACTER SET utf8mb3 COLLATE utf8mb3_bin DEFAULT 'No',
  `sorting` int DEFAULT NULL,
  `createdAt` datetime DEFAULT NULL,
  `updatedAt` datetime DEFAULT NULL
) ENGINE=InnoDB DEFAULT CHARSET=utf8mb3 COLLATE=utf8mb3_bin COMMENT='Option Master Table';

--
-- Dumping data for table `optionMaster`
--

INSERT INTO `optionMaster` (`id`, `storeId`, `title`, `type`, `type_08_03`, `isRequired`, `sorting`, `createdAt`, `updatedAt`) VALUES
(1, NULL, 'Weight', NULL, NULL, 'No', NULL, '2022-01-11 13:08:51', '2022-01-11 13:08:51'),
(2, NULL, 'Weight', NULL, NULL, 'No', NULL, '2022-01-27 07:41:55', '2022-01-27 07:41:55'),
(3, NULL, 'Size', NULL, NULL, 'No', NULL, '2022-01-27 07:41:55', '2022-01-27 07:41:55'),
(4, NULL, 'Test', NULL, NULL, 'No', NULL, '2022-01-27 07:41:55', '2022-01-27 07:41:55'),
(5, NULL, 'Type', NULL, NULL, 'No', NULL, '2022-01-27 07:41:55', '2022-01-27 07:41:55'),
(6, NULL, 'Type', NULL, NULL, 'No', NULL, '2022-01-27 07:41:55', '2022-01-27 07:41:55'),
(7, NULL, 'Type', NULL, NULL, 'No', NULL, '2022-01-27 07:41:55', '2022-01-27 07:41:55'),
(8, NULL, 'Quantity', NULL, NULL, 'No', NULL, '2022-01-27 07:41:55', '2022-01-27 07:41:55'),
(9, NULL, 'Quantity', NULL, NULL, 'No', NULL, '2022-01-27 07:41:55', '2022-01-27 07:41:55'),
(10, NULL, 'Quantity', NULL, NULL, 'No', NULL, '2022-01-27 07:41:55', '2022-01-27 07:41:55'),
(11, NULL, 'Pieces', NULL, NULL, 'No', NULL, '2022-01-27 07:41:55', '2022-01-27 07:41:55'),
(12, NULL, 'Type', NULL, NULL, 'No', NULL, '2022-01-27 07:41:55', '2022-01-27 07:41:55'),
(13, NULL, 'Type', NULL, NULL, 'No', NULL, '2022-01-27 07:41:55', '2022-01-27 07:41:55'),
(14, NULL, 'Type', NULL, NULL, 'No', NULL, '2022-01-27 07:41:55', '2022-01-27 07:41:55'),
(15, NULL, 'Type', NULL, NULL, 'No', NULL, '2022-01-27 07:41:55', '2022-01-27 07:41:55'),
(16, NULL, 'Size', NULL, NULL, 'No', NULL, '2022-01-27 07:41:55', '2022-01-27 07:41:55'),
(17, NULL, 'Color', NULL, NULL, 'No', NULL, '2022-01-27 07:41:55', '2022-01-27 07:41:55'),
(18, NULL, 'Size', NULL, NULL, 'Yes', NULL, '2022-03-08 10:41:50', '2022-03-08 10:41:50'),
(19, NULL, 'weight', '', NULL, 'No', NULL, '2022-03-08 10:50:04', '2022-03-08 10:50:04'),
(20, NULL, 'weight', NULL, NULL, 'Yes', NULL, '2022-03-08 10:54:56', '2022-03-08 10:54:56'),
(21, NULL, 'weight', NULL, NULL, 'No', NULL, '2022-03-08 11:09:17', '2022-03-08 11:09:17'),
(22, NULL, 'weight', NULL, NULL, 'No', NULL, '2022-03-08 11:16:04', '2022-03-08 11:16:04'),
(23, NULL, 'weight', NULL, NULL, 'Yes', NULL, '2022-03-08 14:23:11', '2022-03-08 14:23:11'),
(24, NULL, 'size`', 'size', NULL, 'Yes', NULL, '2022-03-09 08:34:47', '2022-03-09 08:34:47'),
(25, NULL, 'size', 'l', NULL, 'Yes', NULL, '2022-03-09 09:41:29', '2022-03-09 09:41:29'),
(27, NULL, 'Weight', 'test', NULL, 'Yes', NULL, '2022-03-14 07:25:58', '2022-03-14 07:25:58'),
(30, NULL, 'Size', NULL, NULL, 'Yes', NULL, '2022-03-14 12:57:32', '2022-03-14 12:57:32'),
(31, NULL, 'Size', NULL, NULL, 'Yes', NULL, '2022-03-14 13:14:59', '2022-03-14 13:14:59'),
(32, NULL, 'Size', NULL, NULL, 'Yes', NULL, '2022-03-14 13:24:39', '2022-03-14 13:24:39'),
(33, NULL, 'Size', NULL, NULL, 'Yes', NULL, '2022-03-14 13:29:21', '2022-03-14 13:29:21'),
(34, NULL, 'Size', NULL, NULL, 'Yes', NULL, '2022-03-14 13:33:59', '2022-03-14 13:33:59'),
(37, NULL, 'weight', NULL, NULL, 'Yes', NULL, '2022-03-21 13:47:16', '2022-03-21 13:47:16');

-- --------------------------------------------------------

--
-- Table structure for table `optionProduct`
--

CREATE TABLE `optionProduct` (
  `id` int NOT NULL,
  `storeId` int DEFAULT NULL,
  `optionId` int DEFAULT NULL,
  `productId` int DEFAULT NULL,
  `createdAt` datetime DEFAULT NULL,
  `updatedAt` datetime DEFAULT NULL
) ENGINE=InnoDB DEFAULT CHARSET=utf8mb3 COLLATE=utf8mb3_bin COMMENT='Option Product Table';

--
-- Dumping data for table `optionProduct`
--

INSERT INTO `optionProduct` (`id`, `storeId`, `optionId`, `productId`, `createdAt`, `updatedAt`) VALUES
(1, NULL, 1, NULL, '2022-01-11 13:15:15', '2022-01-11 13:15:15'),
(2, NULL, 2, NULL, '2022-01-27 07:41:55', '2022-01-27 07:41:55'),
(4, NULL, 4, NULL, '2022-01-27 07:41:55', '2022-01-27 07:41:55'),
(5, NULL, 5, NULL, '2022-01-27 07:41:55', '2022-01-27 07:41:55'),
(6, NULL, 6, NULL, '2022-01-27 07:41:55', '2022-01-27 07:41:55'),
(7, NULL, 7, NULL, '2022-01-27 07:41:55', '2022-01-27 07:41:55'),
(8, NULL, 8, NULL, '2022-01-27 07:41:55', '2022-01-27 07:41:55'),
(9, NULL, 9, NULL, '2022-01-27 07:41:55', '2022-01-27 07:41:55'),
(10, NULL, 10, NULL, '2022-01-27 07:41:55', '2022-01-27 07:41:55'),
(11, NULL, 11, NULL, '2022-01-27 07:41:55', '2022-01-27 07:41:55'),
(12, NULL, 12, NULL, '2022-01-27 07:41:55', '2022-01-27 07:41:55'),
(13, NULL, 13, NULL, '2022-01-27 07:41:55', '2022-01-27 07:41:55'),
(14, NULL, 14, NULL, '2022-01-27 07:41:55', '2022-01-27 07:41:55'),
(15, NULL, 15, NULL, '2022-01-27 07:41:55', '2022-01-27 07:41:55'),
(17, NULL, 16, NULL, '2022-01-11 13:15:15', '2022-01-11 13:15:15'),
(18, NULL, 17, NULL, '2022-01-11 13:15:15', '2022-01-11 13:15:15'),
(19, NULL, 18, NULL, '2022-03-08 10:41:50', '2022-03-08 10:41:50'),
(20, NULL, 19, NULL, '2022-03-08 10:50:05', '2022-03-08 10:50:05'),
(21, NULL, 20, NULL, '2022-03-08 10:54:56', '2022-03-08 10:54:56'),
(22, NULL, 21, NULL, '2022-03-08 11:09:18', '2022-03-08 11:09:18'),
(23, NULL, 22, NULL, '2022-03-08 11:16:04', '2022-03-08 11:16:04'),
(24, NULL, 23, NULL, '2022-03-08 14:23:11', '2022-03-08 14:23:11'),
(25, NULL, 24, NULL, '2022-03-09 08:34:47', '2022-03-09 08:34:47'),
(26, NULL, 25, NULL, '2022-03-09 09:41:29', '2022-03-09 09:41:29'),
(28, NULL, 27, NULL, '2022-03-14 07:25:58', '2022-03-14 07:25:58'),
(31, NULL, 30, NULL, '2022-03-14 12:57:33', '2022-03-14 12:57:33'),
(32, NULL, 31, NULL, '2022-03-14 13:14:59', '2022-03-14 13:14:59'),
(33, NULL, 32, NULL, '2022-03-14 13:24:39', '2022-03-14 13:24:39'),
(34, NULL, 33, NULL, '2022-03-14 13:29:21', '2022-03-14 13:29:21'),
(35, NULL, 34, NULL, '2022-03-14 13:33:59', '2022-03-14 13:33:59'),
(38, NULL, 37, NULL, '2022-03-21 13:47:16', '2022-03-21 13:47:16');

-- --------------------------------------------------------

--
-- Table structure for table `optionValue`
--

CREATE TABLE `optionValue` (
  `id` int NOT NULL,
  `storeId` int DEFAULT NULL,
  `sku` varchar(255) CHARACTER SET utf8mb3 COLLATE utf8mb3_bin DEFAULT NULL,
  `optionId` int DEFAULT NULL,
  `value` varchar(255) CHARACTER SET utf8mb3 COLLATE utf8mb3_bin DEFAULT NULL,
  `price` decimal(10,2) DEFAULT NULL,
  `sorting` int DEFAULT NULL,
  `status` enum('active','inactive') CHARACTER SET utf8mb3 COLLATE utf8mb3_bin DEFAULT NULL,
  `createdAt` datetime DEFAULT NULL,
  `updatedAt` datetime DEFAULT NULL
) ENGINE=InnoDB DEFAULT CHARSET=utf8mb3 COLLATE=utf8mb3_bin COMMENT='Option Value Table';

--
-- Dumping data for table `optionValue`
--

INSERT INTO `optionValue` (`id`, `storeId`, `sku`, `optionId`, `value`, `price`, `sorting`, `status`, `createdAt`, `updatedAt`) VALUES
(1, NULL, 'COLG660-200', 1, '200 gm', '95.00', 1, NULL, '2022-01-11 13:11:44', '2022-01-11 13:11:44'),
(2, NULL, 'COLG660-100', 1, '100 gm', '50.00', 2, NULL, '2022-01-11 13:11:44', '2022-01-11 13:11:44'),
(3, NULL, 'COLG660-50', 1, '50 gm', '30.00', 3, NULL, '2022-01-11 13:11:44', '2022-01-11 13:11:44'),
(4, NULL, 'COLG660-25', 1, '25 gm', '20.00', 4, NULL, '2022-01-11 13:11:44', '2022-01-11 13:11:44'),
(5, NULL, 'CHICK909-6INCH', 3, 'Small (6 inch)', '100.00', 1, NULL, '2022-01-11 13:11:44', '2022-01-11 13:11:44'),
(6, NULL, 'CHICK909-9INCH', 3, 'Medium (9 inch)', '200.00', 2, NULL, '2022-01-11 13:11:44', '2022-01-11 13:11:44'),
(7, NULL, 'CHICK909-12INCH', 3, 'Family (12 inch)', '300.00', 3, NULL, '2022-01-11 13:11:44', '2022-01-11 13:11:44'),
(8, NULL, 'FRESH1071-SALT', 4, 'Salt', '60.00', 1, NULL, '2022-01-11 13:11:44', '2022-01-11 13:11:44'),
(9, NULL, 'FRESH1071-SWEET', 4, 'Sweet', '60.00', 2, NULL, '2022-01-11 13:11:44', '2022-01-11 13:11:44'),
(10, NULL, 'FRESH1071-SALTSWEET', 4, 'Salt & Sweet', '60.00', 3, NULL, '2022-01-11 13:11:44', '2022-01-11 13:11:44'),
(11, NULL, 'PRAWN1017-HOTGARLIC', 5, 'Hot Garlic', '260.00', 1, NULL, '2022-01-11 13:11:44', '2022-01-11 13:11:44'),
(12, NULL, 'PRAWN1017-SCHEZAN', 5, 'Schezwan', '260.00', 2, NULL, '2022-01-11 13:11:44', '2022-01-11 13:11:44'),
(13, NULL, 'PRAWN1017-SWEETNSOUR', 5, 'Sweet n Sour', '260.00', 3, NULL, '2022-01-11 13:11:44', '2022-01-11 13:11:44'),
(14, NULL, 'FISHC1015-HOTGARLIC', 6, 'Hot Garlic', '240.00', 1, NULL, '2022-01-11 13:11:44', '2022-01-11 13:11:44'),
(15, NULL, 'FISHC1015-SCHEZAN', 6, 'Schezwan', '240.00', 2, NULL, '2022-01-11 13:11:44', '2022-01-11 13:11:44'),
(16, NULL, 'PRAWN1017-SWEETNSOUR', 6, 'Sweet n Sour', '240.00', 3, NULL, '2022-01-11 13:11:44', '2022-01-11 13:11:44'),
(17, NULL, 'CHICK1003-HOTGARLIC', 7, 'Hot Garlic', '200.00', 1, NULL, '2022-01-11 13:11:44', '2022-01-11 13:11:44'),
(18, NULL, 'CHICK1003-SCHEZAN', 7, 'Schezwan', '200.00', 2, NULL, '2022-01-11 13:11:44', '2022-01-11 13:11:44'),
(19, NULL, 'CHICK1003-SWEETNSOUR', 7, 'Sweet n Sour', '200.00', 3, NULL, '2022-01-11 13:11:44', '2022-01-11 13:11:44'),
(20, NULL, 'TANDO969-HALF', 8, 'Half', '220.00', 1, NULL, '2022-01-11 13:11:44', '2022-01-11 13:11:44'),
(21, NULL, 'TANDO969-FULL', 8, 'Full', '380.00', 2, NULL, '2022-01-11 13:11:44', '2022-01-11 13:11:44'),
(22, NULL, 'DAHIT970-HALF', 9, 'Half', '220.00', 1, NULL, '2022-01-11 13:11:44', '2022-01-11 13:11:44'),
(23, NULL, 'DAHIT970-FULL', 9, 'Full', '380.00', 2, NULL, '2022-01-11 13:11:44', '2022-01-11 13:11:44'),
(24, NULL, 'HARIY971-HALF', 10, 'Half', '220.00', 1, NULL, '2022-01-11 13:11:44', '2022-01-11 13:11:44'),
(25, NULL, 'HARIY971-FULL', 10, 'Full', '380.00', 2, NULL, '2022-01-11 13:11:44', '2022-01-11 13:11:44'),
(26, NULL, 'ZBRDS955-2PCS', 11, '2 Pcs', '160.00', 1, NULL, '2022-01-11 13:11:44', '2022-01-11 13:11:44'),
(27, NULL, 'ZBRDS955-4PCS', 11, '4 Pcs', '280.00', 2, NULL, '2022-01-11 13:11:44', '2022-01-11 13:11:44'),
(28, NULL, 'VEGMO895-STEAM', 12, 'Steam', '80.00', 1, NULL, '2022-01-11 13:11:44', '2022-01-11 13:11:44'),
(29, NULL, 'VEGMO895-PANFRIED', 12, 'Pan Fried', '100.00', 2, NULL, '2022-01-11 13:11:44', '2022-01-11 13:11:44'),
(30, NULL, 'CHEES896-PANFRIED', 13, 'Pan Fried', '120.00', 2, NULL, '2022-01-11 13:11:44', '2022-01-11 13:11:44'),
(31, NULL, 'CHEES896-STEAM', 13, 'Steam', '100.00', 1, NULL, '2022-01-11 13:11:44', '2022-01-11 13:11:44'),
(32, NULL, 'CHICK897-STEAM', 14, 'Steam', '100.00', 1, NULL, '2022-01-11 13:11:44', '2022-01-11 13:11:44'),
(33, NULL, 'CHICK897-PANFRIED', 14, 'Pan Fried', '120.00', 2, NULL, '2022-01-11 13:11:44', '2022-01-11 13:11:44'),
(34, NULL, 'CHICK898-STEAM', 15, 'Steam', '120.00', 1, NULL, '2022-01-11 13:11:44', '2022-01-11 13:11:44'),
(35, NULL, 'CHICK898-PANFRIED', 15, 'Pan Fried', '140.00', 2, NULL, '2022-01-11 13:11:44', '2022-01-11 13:11:44'),
(36, NULL, 'LONGC1132-S', 16, 'S', '1000.00', 1, NULL, '2022-03-04 17:40:18', '2022-03-04 17:40:18'),
(37, NULL, 'LONGC1132-L', 16, 'L', '1100.00', 2, NULL, '2022-03-04 17:40:18', '2022-03-04 17:40:18'),
(38, NULL, 'LONGC1132-XL', 16, 'XL', '1200.00', 3, NULL, '2022-03-04 17:40:18', '2022-03-04 17:40:18'),
(39, NULL, 'LONGC1132-XXL', 16, 'XXL', '1300.00', 4, NULL, '2022-03-04 17:40:18', '2022-03-04 17:40:18'),
(40, NULL, 'LONGC1132-RED', 17, 'Red', '1000.00', 5, NULL, '2022-03-04 17:40:18', '2022-03-04 17:40:18'),
(41, NULL, 'LONGC1132-GREEN', 17, 'Green', '1200.00', 6, NULL, '2022-03-04 17:40:18', '2022-03-04 17:40:18'),
(42, NULL, 'LONGC1132-BLUE', 17, 'Blue', '1100.00', 7, NULL, '2022-03-04 17:40:18', '2022-03-04 17:40:18'),
(43, NULL, 'LONGC1132-BLACK', 17, 'Black', '1000.00', 8, NULL, '2022-03-04 17:40:18', '2022-03-04 17:40:18'),
(44, NULL, NULL, 18, '200', '50.00', NULL, 'active', '2022-03-08 10:41:50', '2022-03-08 10:41:50'),
(45, NULL, NULL, 18, '100', '30.00', NULL, 'active', '2022-03-08 10:41:50', '2022-03-08 10:41:50'),
(46, NULL, NULL, 19, '1 kg', '200.00', NULL, 'active', '2022-03-08 10:50:05', '2022-03-08 10:50:05'),
(47, NULL, NULL, 19, '2 kg', '350.00', NULL, 'active', '2022-03-08 10:50:05', '2022-03-08 10:50:05'),
(48, NULL, NULL, 20, '2kg', '300.00', NULL, 'active', '2022-03-08 10:54:56', '2022-03-08 10:54:56'),
(49, NULL, NULL, 20, '3 kg', '500.00', NULL, 'active', '2022-03-08 10:54:56', '2022-03-08 10:54:56'),
(50, NULL, NULL, 21, '8kg', '700.00', NULL, 'active', '2022-03-08 11:09:18', '2022-03-08 14:20:12'),
(51, NULL, NULL, 21, '1kg', '100.00', NULL, 'active', '2022-03-08 11:09:18', '2022-03-08 14:20:12'),
(52, NULL, 'FGFIS1143-2KG', 22, '2kg', '200.00', NULL, 'active', '2022-03-08 11:16:04', '2022-03-08 11:16:04'),
(53, NULL, 'FGFIS1143-1KG', 22, '1kg', '100.00', NULL, 'active', '2022-03-08 11:16:04', '2022-03-08 11:16:04'),
(55, NULL, '[object SequelizeInstance:products]-5KG', 21, '5kg', '500.00', NULL, 'active', '2022-03-08 14:18:10', '2022-03-08 14:20:12'),
(56, NULL, 'GGFIS1142-7KG', 21, '7kg', '600.00', NULL, 'active', '2022-03-08 14:20:12', '2022-03-08 14:20:12'),
(58, NULL, 'VETKI1144-4KG', 23, '4kg', '1500.00', NULL, 'active', '2022-03-08 14:23:11', '2022-03-08 14:26:13'),
(59, NULL, 'VETKI1144-3KG', 23, '3kg', '1100.00', NULL, 'active', '2022-03-08 14:24:25', '2022-03-08 14:26:13'),
(60, NULL, 'VETKI1144-5KG', 23, '5kg', '1800.00', NULL, 'active', '2022-03-08 14:26:13', '2022-03-08 14:26:13'),
(61, NULL, 'ASIII1146-COMBO', 24, 'combo', '10.00', NULL, 'active', '2022-03-09 08:34:47', '2022-03-09 08:34:47'),
(62, NULL, 'ASIII1146-REGUL', 24, 'regular', '5.00', NULL, 'active', '2022-03-09 08:34:47', '2022-03-09 08:34:47'),
(63, NULL, 'CHEET1147-M', 25, 'm', '1000.00', NULL, 'active', '2022-03-09 09:41:29', '2022-03-09 12:30:57'),
(64, NULL, 'CHEET1147-L', 25, 'l', '15000.00', NULL, 'active', '2022-03-09 12:30:57', '2022-03-09 12:30:57'),
(65, NULL, 'CHEET1147-XL', 25, 'xl', '2000.00', NULL, 'active', '2022-03-09 12:30:57', '2022-03-09 12:30:57'),
(68, NULL, 'PREPS1174-100GM', 27, '100gm', '100.00', NULL, 'active', '2022-03-14 07:25:58', '2022-03-14 07:25:58'),
(69, NULL, 'PREPS1174-200GM', 27, '200gm', '200.00', NULL, 'active', '2022-03-14 07:25:58', '2022-03-14 07:25:58'),
(74, NULL, 'MISSC1175-S', 30, 's', '1399.00', NULL, 'active', '2022-03-14 12:57:33', '2022-03-14 12:57:33'),
(75, NULL, 'MISSC1175-L', 30, 'l', '1399.00', NULL, 'active', '2022-03-14 12:57:33', '2022-03-14 12:57:33'),
(76, NULL, 'MISSC1175-M', 30, 'm', '1399.00', NULL, 'active', '2022-03-14 12:57:33', '2022-03-14 12:57:33'),
(77, NULL, 'MISSC1175-XL', 30, 'xl', '1399.00', NULL, 'active', '2022-03-14 12:57:33', '2022-03-14 12:57:33'),
(78, NULL, 'MODEV1176-M', 31, 'M', '1199.00', NULL, 'active', '2022-03-14 13:14:59', '2022-03-14 13:14:59'),
(79, NULL, 'MODEV1176-S', 31, 'S', '1199.00', NULL, 'active', '2022-03-14 13:14:59', '2022-03-14 13:14:59'),
(80, NULL, 'MODEV1176-L', 31, 'L', '1199.00', NULL, 'active', '2022-03-14 13:14:59', '2022-03-14 13:14:59'),
(81, NULL, 'MODEV1176-XL', 31, 'XL', '1199.00', NULL, 'active', '2022-03-14 13:14:59', '2022-03-14 13:14:59'),
(82, NULL, 'BUYNE1177-M', 32, 'M', '409.00', NULL, 'active', '2022-03-14 13:24:39', '2022-03-14 13:24:39'),
(83, NULL, 'BUYNE1177-S', 32, 'S', '409.00', NULL, 'active', '2022-03-14 13:24:39', '2022-03-14 13:24:39'),
(84, NULL, 'BUYNE1177-XL', 32, 'XL', '490.00', NULL, 'active', '2022-03-14 13:24:39', '2022-03-14 13:24:39'),
(85, NULL, 'BUYNE1177-L', 32, 'L', '409.00', NULL, 'active', '2022-03-14 13:24:39', '2022-03-14 13:24:39'),
(86, NULL, 'RARER1178-S', 33, 'S', '529.00', NULL, 'active', '2022-03-14 13:29:21', '2022-03-14 13:29:21'),
(87, NULL, 'RARER1178-L', 33, 'L', '529.00', NULL, 'active', '2022-03-14 13:29:21', '2022-03-14 13:29:21'),
(88, NULL, 'RARER1178-M', 33, 'M', '529.00', NULL, 'active', '2022-03-14 13:29:21', '2022-03-14 13:29:21'),
(89, NULL, 'RARER1178-XL', 33, 'XL', '529.00', NULL, 'active', '2022-03-14 13:29:21', '2022-03-14 13:29:21'),
(90, NULL, 'MISSC1179-M', 34, 'M', '1398.00', NULL, 'active', '2022-03-14 13:33:59', '2022-03-14 13:33:59'),
(91, NULL, 'MISSC1179-S', 34, 'S', '1398.00', NULL, 'active', '2022-03-14 13:33:59', '2022-03-14 13:33:59'),
(92, NULL, 'MISSC1179-XL', 34, 'XL', '1398.00', NULL, 'active', '2022-03-14 13:33:59', '2022-03-14 13:33:59'),
(93, NULL, 'MISSC1179-L', 34, 'L', '1398.00', NULL, 'active', '2022-03-14 13:33:59', '2022-03-14 13:33:59'),
(96, NULL, 'IND569-200GM', 37, '200gm', '400.00', NULL, 'active', '2022-03-21 13:47:16', '2022-03-21 13:47:16');

-- --------------------------------------------------------

--
-- Table structure for table `orderItems`
--

CREATE TABLE `orderItems` (
  `id` int NOT NULL,
  `storeId` int DEFAULT NULL,
  `orderId` int DEFAULT NULL,
  `productId` int DEFAULT NULL,
  `configProductId` int DEFAULT NULL,
  `parentsProductId` int DEFAULT NULL,
  `name` varchar(255) CHARACTER SET utf8mb3 COLLATE utf8mb3_bin DEFAULT NULL,
  `description` text CHARACTER SET utf8mb3 COLLATE utf8mb3_bin,
  `weight` varchar(255) CHARACTER SET utf8mb3 COLLATE utf8mb3_bin DEFAULT NULL,
  `tax` decimal(10,2) DEFAULT NULL,
  `qty` varchar(128) CHARACTER SET utf8mb3 COLLATE utf8mb3_bin DEFAULT NULL,
  `originalPrice` decimal(10,2) DEFAULT NULL,
  `discountType` varchar(30) CHARACTER SET utf8mb3 COLLATE utf8mb3_bin DEFAULT NULL,
  `discountPercent` varchar(30) CHARACTER SET utf8mb3 COLLATE utf8mb3_bin DEFAULT NULL,
  `discounAamount` decimal(10,2) DEFAULT NULL,
  `price` decimal(10,2) DEFAULT NULL,
  `totalPrice` decimal(10,2) DEFAULT NULL,
  `wrapId` int DEFAULT NULL,
  `createdBy` varchar(100) CHARACTER SET utf8mb3 COLLATE utf8mb3_bin DEFAULT NULL,
  `createdAt` datetime DEFAULT NULL,
  `updatedBy` varchar(100) CHARACTER SET utf8mb3 COLLATE utf8mb3_bin DEFAULT NULL,
  `updatedAt` datetime DEFAULT NULL
) ENGINE=InnoDB DEFAULT CHARSET=utf8mb3 COLLATE=utf8mb3_bin COMMENT='Order Items Table';

--
-- Dumping data for table `orderItems`
--

INSERT INTO `orderItems` (`id`, `storeId`, `orderId`, `productId`, `configProductId`, `parentsProductId`, `name`, `description`, `weight`, `tax`, `qty`, `originalPrice`, `discountType`, `discountPercent`, `discounAamount`, `price`, `totalPrice`, `wrapId`, `createdBy`, `createdAt`, `updatedBy`, `updatedAt`) VALUES
(1, 30, 840, 1284, NULL, NULL, 'VIVE LA MARIÉE HAIR MIST 50 ml', NULL, NULL, NULL, '1', '279.00', NULL, NULL, NULL, '279.00', '279.00', NULL, NULL, '2022-08-12 13:42:38', NULL, '2022-08-12 13:42:38'),
(2, 30, 841, 1218, NULL, NULL, 'Hacivat EDP 100 ML', NULL, NULL, NULL, '1', '1375.00', NULL, NULL, NULL, '1375.00', '1375.00', NULL, NULL, '2022-08-12 18:17:16', NULL, '2022-08-12 18:17:16'),
(3, 30, 842, 1218, NULL, NULL, 'Hacivat EDP 100 ML', NULL, NULL, NULL, '1', '1375.00', NULL, NULL, NULL, '1375.00', '1375.00', NULL, NULL, '2022-08-12 18:19:12', NULL, '2022-08-12 18:19:12'),
(4, 30, 843, 1297, NULL, NULL, 'CODA EDP + CODA HAIR PERFUME GIFT SET', NULL, NULL, NULL, '1', '1199.00', NULL, NULL, NULL, '1199.00', '1199.00', 3, NULL, '2022-08-12 18:28:08', NULL, '2022-08-12 18:28:08'),
(5, 30, 844, 1257, NULL, NULL, 'PLUSH HAIR PERFUME 75 ML', NULL, NULL, NULL, '1', '242.00', NULL, NULL, NULL, '242.00', '242.00', NULL, NULL, '2022-08-22 11:58:27', NULL, '2022-08-22 11:58:27'),
(6, 30, 845, 1217, NULL, NULL, 'Hacivat EDP 50 ML', NULL, NULL, NULL, '1', '987.00', NULL, NULL, NULL, '987.00', '987.00', NULL, NULL, '2022-09-05 15:08:31', NULL, '2022-09-05 15:08:31'),
(7, 30, 846, 1217, NULL, NULL, 'Hacivat EDP 50 ML', NULL, NULL, NULL, '1', '987.00', NULL, NULL, NULL, '987.00', '987.00', NULL, NULL, '2022-09-05 15:10:53', NULL, '2022-09-05 15:10:53'),
(8, 30, 847, NULL, NULL, NULL, 'CODA EDP + CODA HAIR PERFUME GIFT SET', NULL, NULL, NULL, '1', '1199.00', NULL, NULL, NULL, '1199.00', '1199.00', 2, NULL, '2022-09-06 15:10:10', NULL, '2022-09-06 15:10:10'),
(9, 30, 848, 1297, NULL, NULL, 'CODA EDP + CODA HAIR PERFUME GIFT SET', NULL, NULL, '61.00', '1', '1153.00', NULL, NULL, NULL, '1199.00', '1199.00', 2, NULL, '2022-09-19 19:28:22', NULL, '2022-09-19 19:28:22');

-- --------------------------------------------------------

--
-- Table structure for table `orders`
--

CREATE TABLE `orders` (
  `id` int NOT NULL,
  `storeId` int DEFAULT NULL,
  `orderNo` varchar(128) CHARACTER SET utf8mb3 COLLATE utf8mb3_bin DEFAULT NULL,
  `customerId` int DEFAULT NULL,
  `orderStatus` varchar(32) CHARACTER SET utf8mb3 COLLATE utf8mb3_bin DEFAULT NULL,
  `paymentStatus` varchar(32) CHARACTER SET utf8mb3 COLLATE utf8mb3_bin DEFAULT NULL,
  `shippingMethod` varchar(32) CHARACTER SET utf8mb3 COLLATE utf8mb3_bin DEFAULT NULL,
  `shippingDescription` varchar(255) CHARACTER SET utf8mb3 COLLATE utf8mb3_bin DEFAULT NULL,
  `deliveryStatus` varchar(32) CHARACTER SET utf8mb3 COLLATE utf8mb3_bin DEFAULT NULL,
  `deliveryTrack` varchar(100) CHARACTER SET utf8mb3 COLLATE utf8mb3_bin DEFAULT NULL,
  `deliveryBoy` varchar(100) CHARACTER SET utf8mb3 COLLATE utf8mb3_bin DEFAULT NULL,
  `paymentMethod` varchar(128) CHARACTER SET utf8mb3 COLLATE utf8mb3_bin DEFAULT NULL,
  `discountPercent` varchar(128) CHARACTER SET utf8mb3 COLLATE utf8mb3_bin DEFAULT NULL,
  `discountAmount` decimal(10,2) DEFAULT NULL,
  `total` decimal(10,2) DEFAULT NULL,
  `salesmanId` int DEFAULT NULL,
  `tax` decimal(10,2) DEFAULT NULL,
  `baseGrandTotal` decimal(10,2) DEFAULT NULL,
  `couponCode` varchar(128) CHARACTER SET utf8mb3 COLLATE utf8mb3_bin DEFAULT NULL,
  `couponCodeType` varchar(128) CHARACTER SET utf8mb3 COLLATE utf8mb3_bin DEFAULT NULL,
  `couponCodeValue` varchar(128) CHARACTER SET utf8mb3 COLLATE utf8mb3_bin DEFAULT NULL,
  `couponAmount` decimal(10,2) DEFAULT NULL,
  `shippingAmount` decimal(10,2) DEFAULT NULL,
  `grandTotal` decimal(10,2) DEFAULT NULL,
  `walletAmount` decimal(10,2) DEFAULT NULL,
  `amountPaid` decimal(10,2) DEFAULT NULL,
  `promotion` varchar(128) CHARACTER SET utf8mb3 COLLATE utf8mb3_bin DEFAULT NULL,
  `customerName` varchar(128) CHARACTER SET utf8mb3 COLLATE utf8mb3_bin DEFAULT NULL,
  `customerEmail` varchar(128) CHARACTER SET utf8mb3 COLLATE utf8mb3_bin DEFAULT NULL,
  `customerMobile` varchar(30) CHARACTER SET utf8mb3 COLLATE utf8mb3_bin DEFAULT NULL,
  `customerAddress` varchar(255) CHARACTER SET utf8mb3 COLLATE utf8mb3_bin DEFAULT NULL,
  `billingAddress` text CHARACTER SET utf8mb3 COLLATE utf8mb3_bin,
  `shippingAddress` text CHARACTER SET utf8mb3 COLLATE utf8mb3_bin,
  `shippingCity` varchar(128) CHARACTER SET utf8mb3 COLLATE utf8mb3_bin DEFAULT NULL,
  `shippingState` varchar(128) CHARACTER SET utf8mb3 COLLATE utf8mb3_bin DEFAULT NULL,
  `shippingPin` varchar(20) CHARACTER SET utf8mb3 COLLATE utf8mb3_bin DEFAULT NULL,
  `shippingCountry` varchar(128) CHARACTER SET utf8mb3 COLLATE utf8mb3_bin DEFAULT NULL,
  `cancleReason` varchar(255) CHARACTER SET utf8mb3 COLLATE utf8mb3_bin DEFAULT NULL,
  `cancleMessage` varchar(255) CHARACTER SET utf8mb3 COLLATE utf8mb3_bin DEFAULT NULL,
  `giftMessage` text CHARACTER SET utf8mb3 COLLATE utf8mb3_bin,
  `deliveryDate` datetime DEFAULT NULL,
  `deliveryType` enum('Now','Later') CHARACTER SET utf8mb3 COLLATE utf8mb3_bin DEFAULT NULL,
  `deliveryTimeSlotId` int DEFAULT NULL,
  `deliveryID` varchar(50) CHARACTER SET utf8mb3 COLLATE utf8mb3_bin DEFAULT NULL,
  `bankRefNo` varchar(255) CHARACTER SET utf8mb3 COLLATE utf8mb3_bin DEFAULT NULL,
  `trackingId` varchar(255) CHARACTER SET utf8mb3 COLLATE utf8mb3_bin DEFAULT NULL,
  `adminCancelRemarks` text CHARACTER SET utf8mb3 COLLATE utf8mb3_bin,
  `customerType` enum('regular','guest') COLLATE utf8mb3_bin DEFAULT NULL,
  `createdBy` varchar(100) CHARACTER SET utf8mb3 COLLATE utf8mb3_bin DEFAULT NULL,
  `createdAt` datetime DEFAULT NULL,
  `updatedBy` varchar(100) CHARACTER SET utf8mb3 COLLATE utf8mb3_bin DEFAULT NULL,
  `updatedAt` datetime DEFAULT NULL
) ENGINE=InnoDB DEFAULT CHARSET=utf8mb3 COLLATE=utf8mb3_bin COMMENT='Orders Table';

--
-- Dumping data for table `orders`
--

INSERT INTO `orders` (`id`, `storeId`, `orderNo`, `customerId`, `orderStatus`, `paymentStatus`, `shippingMethod`, `shippingDescription`, `deliveryStatus`, `deliveryTrack`, `deliveryBoy`, `paymentMethod`, `discountPercent`, `discountAmount`, `total`, `salesmanId`, `tax`, `baseGrandTotal`, `couponCode`, `couponCodeType`, `couponCodeValue`, `couponAmount`, `shippingAmount`, `grandTotal`, `walletAmount`, `amountPaid`, `promotion`, `customerName`, `customerEmail`, `customerMobile`, `customerAddress`, `billingAddress`, `shippingAddress`, `shippingCity`, `shippingState`, `shippingPin`, `shippingCountry`, `cancleReason`, `cancleMessage`, `giftMessage`, `deliveryDate`, `deliveryType`, `deliveryTimeSlotId`, `deliveryID`, `bankRefNo`, `trackingId`, `adminCancelRemarks`, `customerType`, `createdBy`, `createdAt`, `updatedBy`, `updatedAt`) VALUES
(840, 30, 'MAW12822840', NULL, 'Cancelled', 'COD', 'Shipping Charge', NULL, NULL, NULL, NULL, 'Cash On Delivery', NULL, '0.00', '15.00', NULL, '15.00', '279.00', '', NULL, NULL, NULL, '30.00', NULL, NULL, '339.00', NULL, 'Zeeshan Anjum', 'mawfoor@gmail.com', '551630694', NULL, 'Zeeshan Anjum,440 Al rasheed Road, Hor al anz east,Abu Hail,Dubai,Dubai,28525,UAE,551630694', 'Zeeshan Anjum,440 Al rasheed Road, Hor al anz east,Abu Hail,Dubai,Dubai,28525,UAE,551630694', 'Dubai', 'Dubai', '28525', 'UAE', NULL, NULL, NULL, NULL, 'Now', NULL, NULL, NULL, NULL, NULL, NULL, NULL, '2022-08-12 13:42:38', NULL, '2022-08-12 13:44:54'),
(841, 30, 'MAW12822841', NULL, 'Payment Under Process', 'Online', 'Free Shipping', NULL, NULL, NULL, NULL, 'Online Payment', NULL, '0.00', NULL, NULL, '70.00', '1320.00', '', NULL, NULL, NULL, NULL, NULL, NULL, '1390.00', NULL, 'Zeeshan Anjum', 'zeeshananjumin@gmail.com', '551630694', NULL, 'Zeeshan Anjum,440 Al rasheed road,Hor al anz east,Dubai,Dubai,28525,UAE,551630694', 'Zeeshan Anjum,440 Al rasheed road,Hor al anz east,Dubai,Dubai,28525,UAE,551630694', 'Dubai', 'Dubai', '28525', 'UAE', NULL, NULL, NULL, NULL, 'Now', NULL, NULL, NULL, NULL, NULL, NULL, NULL, '2022-08-12 18:17:16', NULL, '2022-08-12 18:17:16'),
(842, 30, 'MAW12822842', NULL, 'Payment Under Process', 'Online', 'Free Shipping', NULL, NULL, NULL, NULL, 'Online Payment', NULL, '0.00', NULL, NULL, '69.00', '1306.00', '', NULL, NULL, NULL, NULL, NULL, NULL, '1375.00', NULL, 'Zeeshan Anjum', 'zeeshananjumin@gmail.com', '551630694', NULL, 'Zeeshan Anjum,440 Al rasheed road,Hor al anz east,Dubai,Dubai,28525,UAE,551630694', 'Zeeshan Anjum,440 Al rasheed road,Hor al anz east,Dubai,Dubai,28525,UAE,551630694', 'Dubai', 'Dubai', '28525', 'UAE', NULL, NULL, NULL, NULL, 'Now', NULL, NULL, NULL, NULL, NULL, NULL, NULL, '2022-08-12 18:19:12', NULL, '2022-08-12 18:19:12'),
(843, 30, 'MAW12822843', NULL, 'Cancelled', 'COD', 'Free Shipping', NULL, NULL, NULL, NULL, 'Cash On Delivery', NULL, '0.00', '15.00', NULL, '61.00', '1153.00', '', NULL, NULL, NULL, NULL, NULL, NULL, '1229.00', NULL, 'Zeeshan Anjum', 'zeeshananjumin@gmail.com', '551630694', NULL, 'Zeeshan Anjum,440 Al rasheed road,Hor al anz east,Dubai,Dubai,28525,UAE,551630694', 'Zeeshan Anjum,440 Al rasheed road,Hor al anz east,Dubai,Dubai,28525,UAE,551630694', 'Dubai', 'Dubai', '28525', 'UAE', NULL, NULL, NULL, NULL, 'Now', NULL, NULL, NULL, NULL, NULL, NULL, NULL, '2022-08-12 18:28:08', NULL, '2022-08-15 10:44:27'),
(844, 30, 'MAW22822844', 343, 'Payment Under Process', 'Online', 'Shipping Charge', NULL, NULL, NULL, NULL, 'Online Payment', NULL, '0.00', NULL, NULL, '12.00', '230.00', '', NULL, NULL, NULL, '30.00', NULL, NULL, '272.00', NULL, 'Zeeshan Anjum', 'zeeshananjumin@gmail.com', '551630694', NULL, 'Zeeshan Anjum,440 Al Rasheed Street, Hor al anz east, Abu Hail,Abu Hail Masjid 1 Bus Stop,Dubai,Dubai,,UAE,551630694', 'Zeeshan Anjum,440 Al Rasheed Street, Hor al anz east, Abu Hail,Abu Hail Masjid 1 Bus Stop,Dubai,Dubai,,UAE,551630694', 'Dubai', 'Dubai', '', 'UAE', NULL, NULL, NULL, NULL, 'Now', NULL, NULL, NULL, NULL, NULL, NULL, NULL, '2022-08-22 11:58:27', NULL, '2022-08-22 11:58:27'),
(845, 30, 'MAW5922845', 343, 'Payment Under Process', 'Online', 'Shipping Charge', NULL, NULL, NULL, NULL, 'Online Payment', NULL, '0.00', NULL, NULL, '49.00', '938.00', '', NULL, NULL, NULL, '30.00', NULL, NULL, '1017.00', NULL, 'Zeeshan Anjum', 'zeeshananjumin@gmail.com', '551630694', NULL, 'Zeeshan Anjum,440 Al Rasheed Street, Hor al anz east, Abu Hail,Abu Hail Masjid 1 Bus Stop,Dubai,Dubai,,UAE,551630694', 'Zeeshan Anjum,440 Al Rasheed Street, Hor al anz east, Abu Hail,Abu Hail Masjid 1 Bus Stop,Dubai,Dubai,,UAE,551630694', 'Dubai', 'Dubai', '', 'UAE', NULL, NULL, NULL, NULL, 'Now', NULL, NULL, NULL, NULL, NULL, NULL, NULL, '2022-09-05 15:08:31', NULL, '2022-09-05 15:08:31'),
(846, 30, 'MAW5922846', 343, 'Payment Under Process', 'Online', 'Shipping Charge', NULL, NULL, NULL, NULL, 'Online Payment', NULL, '0.00', NULL, NULL, '49.00', '938.00', '', NULL, NULL, NULL, '30.00', NULL, NULL, '1017.00', NULL, 'Zeeshan Anjum', 'zeeshananjumin@gmail.com', '551630694', NULL, 'Zeeshan Anjum,440 Al Rasheed Street, Hor al anz east, Abu Hail,Abu Hail Masjid 1 Bus Stop,Dubai,Dubai,,UAE,551630694', 'Zeeshan Anjum,440 Al Rasheed Street, Hor al anz east, Abu Hail,Abu Hail Masjid 1 Bus Stop,Dubai,Dubai,,UAE,551630694', 'Dubai', 'Dubai', '', 'UAE', NULL, NULL, NULL, NULL, 'Now', NULL, NULL, NULL, NULL, NULL, NULL, NULL, '2022-09-05 15:10:52', NULL, '2022-09-05 15:10:53'),
(847, 30, 'MAW6922847', 343, 'Cancelled', 'COD', 'Free Shipping', NULL, NULL, NULL, NULL, 'Cash On Delivery', NULL, '0.00', '15.00', NULL, '61.00', '1153.00', '', NULL, NULL, NULL, NULL, NULL, NULL, '1229.00', NULL, 'Zeeshan Anjum', 'zeeshananjumin@gmail.com', '551630694', NULL, 'Zeeshan Anjum,440 Al Rasheed Street, Hor al anz east, Abu Hail,Abu Hail Masjid 1 Bus Stop,Dubai,Dubai,,UAE,551630694', 'Zeeshan Anjum,440 Al Rasheed Street, Hor al anz east, Abu Hail,Abu Hail Masjid 1 Bus Stop,Dubai,Dubai,,UAE,551630694', 'Dubai', 'Dubai', '', 'UAE', NULL, NULL, NULL, NULL, 'Now', NULL, NULL, NULL, NULL, NULL, NULL, NULL, '2022-09-06 15:10:10', NULL, '2022-09-06 17:24:49'),
(848, 30, 'MAW19922848', 343, 'Cancelled', 'COD', 'Free Shipping', NULL, NULL, NULL, NULL, 'Cash On Delivery', NULL, '0.00', '15.00', NULL, '61.00', '1153.00', '', NULL, NULL, NULL, NULL, NULL, NULL, '1229.00', NULL, 'Zeeshan Anjum', 'zeeshananjumin@gmail.com', '551630694', NULL, 'Zeeshan Anjum,440 Al Rasheed Street, Hor al anz east, Abu Hail,Abu Hail Masjid 1 Bus Stop,Dubai,Dubai,,UAE,551630694', 'Zeeshan Anjum,440 Al Rasheed Street, Hor al anz east, Abu Hail,Abu Hail Masjid 1 Bus Stop,Dubai,Dubai,,UAE,551630694', 'Dubai', 'Dubai', '', 'UAE', NULL, NULL, NULL, NULL, 'Now', NULL, NULL, NULL, NULL, NULL, NULL, NULL, '2022-09-19 19:28:22', NULL, '2022-09-20 13:55:17');

-- --------------------------------------------------------

--
-- Table structure for table `orderStatusHistory`
--

CREATE TABLE `orderStatusHistory` (
  `id` int NOT NULL,
  `storeId` int DEFAULT NULL,
  `orderId` int DEFAULT NULL,
  `orderStatus` varchar(32) CHARACTER SET utf8mb3 COLLATE utf8mb3_bin DEFAULT NULL,
  `paymentStatus` varchar(32) CHARACTER SET utf8mb3 COLLATE utf8mb3_bin DEFAULT NULL,
  `deliveryStatus` varchar(32) CHARACTER SET utf8mb3 COLLATE utf8mb3_bin DEFAULT NULL,
  `userName` varchar(128) CHARACTER SET utf8mb3 COLLATE utf8mb3_bin DEFAULT NULL,
  `remarks` text CHARACTER SET utf8mb3 COLLATE utf8mb3_bin,
  `message` text CHARACTER SET utf8mb3 COLLATE utf8mb3_bin,
  `sendEmail` enum('Yes','No') CHARACTER SET utf8mb3 COLLATE utf8mb3_bin DEFAULT NULL,
  `sendSMS` enum('Yes','No') CHARACTER SET utf8mb3 COLLATE utf8mb3_bin DEFAULT NULL,
  `createdBy` varchar(100) CHARACTER SET utf8mb3 COLLATE utf8mb3_bin DEFAULT NULL,
  `createdAt` datetime DEFAULT NULL,
  `updatedBy` varchar(100) CHARACTER SET utf8mb3 COLLATE utf8mb3_bin DEFAULT NULL,
  `updatedAt` datetime DEFAULT NULL
) ENGINE=InnoDB DEFAULT CHARSET=utf8mb3 COLLATE=utf8mb3_bin COMMENT='Order Status History Table';

--
-- Dumping data for table `orderStatusHistory`
--

INSERT INTO `orderStatusHistory` (`id`, `storeId`, `orderId`, `orderStatus`, `paymentStatus`, `deliveryStatus`, `userName`, `remarks`, `message`, `sendEmail`, `sendSMS`, `createdBy`, `createdAt`, `updatedBy`, `updatedAt`) VALUES
(1, 30, 840, 'Order Placed', NULL, NULL, 'Zeeshan Anjum', NULL, NULL, NULL, NULL, '338', '2022-08-12 13:42:38', NULL, '2022-08-12 13:42:38'),
(2, 30, 841, 'Order Placed', NULL, NULL, 'Zeeshan Anjum', NULL, NULL, NULL, NULL, '340', '2022-08-12 18:17:16', NULL, '2022-08-12 18:17:16'),
(3, 30, 842, 'Order Placed', NULL, NULL, 'Zeeshan Anjum', NULL, NULL, NULL, NULL, '340', '2022-08-12 18:19:12', NULL, '2022-08-12 18:19:12'),
(4, 30, 843, 'Order Placed', NULL, NULL, 'Zeeshan Anjum', NULL, NULL, NULL, NULL, '340', '2022-08-12 18:28:08', NULL, '2022-08-12 18:28:08'),
(5, 30, 844, 'Order Placed', NULL, NULL, 'Zeeshan Anjum', NULL, NULL, NULL, NULL, '343', '2022-08-22 11:58:27', NULL, '2022-08-22 11:58:27'),
(6, 30, 845, 'Order Placed', NULL, NULL, 'Zeeshan Anjum', NULL, NULL, NULL, NULL, '343', '2022-09-05 15:08:31', NULL, '2022-09-05 15:08:31'),
(7, 30, 846, 'Order Placed', NULL, NULL, 'Zeeshan Anjum', NULL, NULL, NULL, NULL, '343', '2022-09-05 15:10:53', NULL, '2022-09-05 15:10:53'),
(8, 30, 847, 'Order Placed', NULL, NULL, 'Zeeshan Anjum', NULL, NULL, NULL, NULL, '343', '2022-09-06 15:10:10', NULL, '2022-09-06 15:10:10'),
(9, 30, 848, 'Order Placed', NULL, NULL, 'Zeeshan Anjum', NULL, NULL, NULL, NULL, '343', '2022-09-19 19:28:22', NULL, '2022-09-19 19:28:22');

-- --------------------------------------------------------

--
-- Table structure for table `pages`
--

CREATE TABLE `pages` (
  `id` int NOT NULL,
  `storeId` int DEFAULT NULL,
  `slug` varchar(255) CHARACTER SET utf8mb3 COLLATE utf8mb3_bin DEFAULT NULL,
  `title` varchar(255) CHARACTER SET utf8mb3 COLLATE utf8mb3_bin DEFAULT NULL,
  `urlKey` varchar(255) CHARACTER SET utf8mb3 COLLATE utf8mb3_bin DEFAULT NULL,
  `heading` varchar(255) CHARACTER SET utf8mb3 COLLATE utf8mb3_bin DEFAULT NULL,
  `shortDescription` varchar(255) CHARACTER SET utf8mb3 COLLATE utf8mb3_bin DEFAULT NULL,
  `content` text CHARACTER SET utf8mb3 COLLATE utf8mb3_bin,
  `image` varchar(255) CHARACTER SET utf8mb3 COLLATE utf8mb3_bin DEFAULT NULL,
  `metaTitle` varchar(255) CHARACTER SET utf8mb3 COLLATE utf8mb3_bin DEFAULT NULL,
  `metaKeyword` varchar(255) CHARACTER SET utf8mb3 COLLATE utf8mb3_bin DEFAULT NULL,
  `metaDescription` text CHARACTER SET utf8mb3 COLLATE utf8mb3_bin,
  `metaImage` varchar(255) CHARACTER SET utf8mb3 COLLATE utf8mb3_bin DEFAULT NULL,
  `status` enum('Yes','No') CHARACTER SET utf8mb3 COLLATE utf8mb3_bin DEFAULT NULL,
  `createdBy` varchar(100) CHARACTER SET utf8mb3 COLLATE utf8mb3_bin DEFAULT NULL,
  `updatedBy` varchar(100) CHARACTER SET utf8mb3 COLLATE utf8mb3_bin DEFAULT NULL,
  `createdAt` datetime NOT NULL,
  `updatedAt` datetime NOT NULL
) ENGINE=InnoDB DEFAULT CHARSET=utf8mb3 COLLATE=utf8mb3_bin COMMENT='Pages Table';

--
-- Dumping data for table `pages`
--

INSERT INTO `pages` (`id`, `storeId`, `slug`, `title`, `urlKey`, `heading`, `shortDescription`, `content`, `image`, `metaTitle`, `metaKeyword`, `metaDescription`, `metaImage`, `status`, `createdBy`, `updatedBy`, `createdAt`, `updatedAt`) VALUES
(1, NULL, 'demo13-1452', 'Demo', 'demo', 'Demo', 'vbdfbvdfb', 'efrg tbt', '1631335541059.jpeg', 'fwf', 'bb', 'tgtgtg', '1631335541060.jpeg', 'Yes', NULL, NULL, '2021-09-11 04:45:41', '2021-09-11 04:45:41'),
(2, NULL, 'offer18-6029', 'offer', 'offer', 'offer', 'offer', 'offer', NULL, 'offer', 'offer', 'offer', NULL, 'Yes', NULL, NULL, '2022-01-02 06:00:47', '2022-01-02 06:00:47');

-- --------------------------------------------------------

--
-- Table structure for table `permissionGroup`
--

CREATE TABLE `permissionGroup` (
  `id` int NOT NULL,
  `groupName` varchar(255) DEFAULT NULL,
  `slug` varchar(255) DEFAULT NULL,
  `description` text,
  `sequence` int DEFAULT NULL,
  `status` enum('Yes','No') NOT NULL,
  `createdBy` varchar(100) DEFAULT NULL,
  `updatedBy` varchar(100) DEFAULT NULL,
  `createdAt` datetime NOT NULL,
  `updatedAt` datetime NOT NULL
) ENGINE=InnoDB DEFAULT CHARSET=utf8mb4 COLLATE=utf8mb4_0900_ai_ci COMMENT='Permission Group Table';

--
-- Dumping data for table `permissionGroup`
--

INSERT INTO `permissionGroup` (`id`, `groupName`, `slug`, `description`, `sequence`, `status`, `createdBy`, `updatedBy`, `createdAt`, `updatedAt`) VALUES
(4, 'Catalogue', 'catalogue', '', 1, 'Yes', '1', NULL, '2022-01-20 10:43:36', '2022-01-20 10:43:36'),
(5, 'Orders', 'orders', '', 2, 'Yes', '1', NULL, '2022-01-20 10:43:52', '2022-01-20 10:43:52'),
(6, 'Reports', 'reports', '', 3, 'Yes', '1', NULL, '2022-01-20 10:44:07', '2022-01-20 10:44:07'),
(7, 'Offers and Promotions', 'offers-and-promotions', '', 4, 'Yes', '1', NULL, '2022-01-20 10:45:08', '2022-01-20 10:45:08'),
(8, 'Customers', 'customers', '', 5, 'Yes', '1', NULL, '2022-01-20 10:45:33', '2022-01-20 10:45:33'),
(9, 'Users', 'users', '', 6, 'Yes', '1', NULL, '2022-01-20 10:45:47', '2022-01-20 10:45:47'),
(10, 'CMS', 'cms', '', 7, 'Yes', '1', NULL, '2022-01-20 10:45:55', '2022-01-20 10:45:55'),
(11, 'Survey', 'survey', '', 8, 'Yes', '1', NULL, '2022-01-20 10:46:17', '2022-01-20 10:46:17'),
(12, 'Setting', 'setting', '', 9, 'Yes', '1', NULL, '2022-01-20 10:46:38', '2022-01-20 10:46:38'),
(13, 'Forms', 'forms', '', 10, 'Yes', '1', '1', '2022-01-20 10:46:54', '2022-01-20 12:57:02'),
(14, 'Billing Feedback', 'billing-feedback', '', 11, 'Yes', '1', '1', '2022-03-03 12:15:46', '2022-03-03 12:15:55'),
(15, 'Call Back', 'call-back', '', 12, 'Yes', '1', NULL, '2022-03-03 12:16:19', '2022-03-03 12:16:19'),
(16, 'Contacts', 'contacts', '', 13, 'Yes', '1', NULL, '2022-03-22 12:59:23', '2022-03-22 12:59:23'),
(17, 'Razorpay', 'razorpay', '', 14, 'Yes', '1', NULL, '2022-05-23 17:12:31', '2022-05-23 17:12:31');

-- --------------------------------------------------------

--
-- Table structure for table `permissionLog`
--

CREATE TABLE `permissionLog` (
  `id` int NOT NULL,
  `storeId` int DEFAULT NULL,
  `permissionGroupId` int DEFAULT NULL,
  `createdBy` varchar(100) DEFAULT NULL,
  `updatedBy` varchar(100) DEFAULT NULL,
  `createdAt` datetime NOT NULL,
  `updatedAt` datetime NOT NULL
) ENGINE=InnoDB DEFAULT CHARSET=utf8mb4 COLLATE=utf8mb4_0900_ai_ci COMMENT='Permission Log Table';

--
-- Dumping data for table `permissionLog`
--

INSERT INTO `permissionLog` (`id`, `storeId`, `permissionGroupId`, `createdBy`, `updatedBy`, `createdAt`, `updatedAt`) VALUES
(597, 30, 4, '1', NULL, '2022-07-22 00:38:26', '2022-07-22 00:38:26'),
(598, 30, 5, '1', NULL, '2022-07-22 00:38:26', '2022-07-22 00:38:26'),
(599, 30, 6, '1', NULL, '2022-07-22 00:38:26', '2022-07-22 00:38:26'),
(600, 30, 7, '1', NULL, '2022-07-22 00:38:26', '2022-07-22 00:38:26'),
(601, 30, 8, '1', NULL, '2022-07-22 00:38:26', '2022-07-22 00:38:26'),
(602, 30, 9, '1', NULL, '2022-07-22 00:38:26', '2022-07-22 00:38:26'),
(603, 30, 10, '1', NULL, '2022-07-22 00:38:26', '2022-07-22 00:38:26'),
(604, 30, 11, '1', NULL, '2022-07-22 00:38:26', '2022-07-22 00:38:26'),
(605, 30, 12, '1', NULL, '2022-07-22 00:38:26', '2022-07-22 00:38:26'),
(606, 30, 13, '1', NULL, '2022-07-22 00:38:26', '2022-07-22 00:38:26');

-- --------------------------------------------------------

--
-- Table structure for table `permissions`
--

CREATE TABLE `permissions` (
  `id` int NOT NULL,
  `storeId` int DEFAULT NULL,
  `name` varchar(255) CHARACTER SET utf8mb3 COLLATE utf8mb3_bin DEFAULT NULL,
  `createdBy` varchar(100) CHARACTER SET utf8mb3 COLLATE utf8mb3_bin DEFAULT NULL,
  `createdAt` datetime DEFAULT NULL,
  `updatedBy` varchar(100) CHARACTER SET utf8mb3 COLLATE utf8mb3_bin DEFAULT NULL,
  `updatedAt` datetime DEFAULT NULL
) ENGINE=InnoDB DEFAULT CHARSET=utf8mb3 COLLATE=utf8mb3_bin COMMENT='Permissions Table';

--
-- Dumping data for table `permissions`
--

INSERT INTO `permissions` (`id`, `storeId`, `name`, `createdBy`, `createdAt`, `updatedBy`, `updatedAt`) VALUES
(1, NULL, 'RoleList', NULL, NULL, NULL, NULL),
(2, NULL, 'RoleAddEdit', NULL, NULL, NULL, NULL),
(3, NULL, 'RoleView', NULL, NULL, NULL, NULL),
(4, NULL, 'RoleDelete', NULL, NULL, NULL, NULL),
(5, NULL, 'StoreList', NULL, NULL, NULL, NULL),
(7, NULL, 'StoreView', NULL, NULL, NULL, NULL),
(9, NULL, 'AdminUserList', NULL, NULL, NULL, NULL),
(10, NULL, 'AdminUserAddEdit', NULL, NULL, NULL, NULL),
(11, NULL, 'AdminUserView', NULL, NULL, NULL, NULL),
(12, NULL, 'AdminUserDelete', NULL, NULL, NULL, NULL),
(13, NULL, 'CategoryList', NULL, NULL, NULL, NULL),
(14, NULL, 'CategoryAddEdit', NULL, NULL, NULL, NULL),
(15, NULL, 'CategoryView', NULL, NULL, NULL, NULL),
(16, NULL, 'CategoryDelete', NULL, NULL, NULL, NULL),
(17, NULL, 'BrandList', NULL, NULL, NULL, NULL),
(18, NULL, 'BrandAddEdit', NULL, NULL, NULL, NULL),
(19, NULL, 'BrandView', NULL, NULL, NULL, NULL),
(20, NULL, 'BrandDelete', NULL, NULL, NULL, NULL),
(21, NULL, 'SiteSettingsGroupList', NULL, NULL, NULL, NULL),
(22, NULL, 'SiteSettingsGroupAddEdit', NULL, NULL, NULL, NULL),
(23, NULL, 'SiteSettingsGroupView', NULL, NULL, NULL, NULL),
(24, NULL, 'SiteSettingsGroupDelete', NULL, NULL, NULL, NULL),
(25, NULL, 'SiteSettingsList', NULL, NULL, NULL, NULL),
(26, NULL, 'SiteSettingsAddEdit', NULL, NULL, NULL, NULL),
(27, NULL, 'SiteSettingsView', NULL, NULL, NULL, NULL),
(28, NULL, 'SiteSettingsDelete', NULL, NULL, NULL, NULL),
(29, NULL, 'FaqList', NULL, NULL, NULL, NULL),
(30, NULL, 'FaqAddEdit', NULL, NULL, NULL, NULL),
(31, NULL, 'FaqView', NULL, NULL, NULL, NULL),
(32, NULL, 'FaqDelete', NULL, NULL, NULL, NULL),
(33, NULL, 'FaqGroupList', NULL, NULL, NULL, NULL),
(34, NULL, 'FaqGroupAddEdit', NULL, NULL, NULL, NULL),
(35, NULL, 'FaqGroupView', NULL, NULL, NULL, NULL),
(36, NULL, 'FaqGroupDelete', NULL, NULL, NULL, NULL),
(37, NULL, 'TestimonialList', NULL, NULL, NULL, NULL),
(38, NULL, 'TestimonialAddEdit', NULL, NULL, NULL, NULL),
(39, NULL, 'TestimonialView', NULL, NULL, NULL, NULL),
(40, NULL, 'TestimonialDelete', NULL, NULL, NULL, NULL),
(41, NULL, 'DropdownSettingList', NULL, NULL, NULL, NULL),
(42, NULL, 'DropdownSettingAddEdit', NULL, NULL, NULL, NULL),
(43, NULL, 'DropdownSettingView', NULL, NULL, NULL, NULL),
(44, NULL, 'DropdownSettingDelete', NULL, NULL, NULL, NULL),
(45, NULL, 'ShippingMethodList', NULL, NULL, NULL, NULL),
(46, NULL, 'ShippingMethodAddEdit', NULL, NULL, NULL, NULL),
(47, NULL, 'ShippingMethodView', NULL, NULL, NULL, NULL),
(48, NULL, 'ShippingMethodDelete', NULL, NULL, NULL, NULL),
(49, NULL, 'FormMasterList', NULL, NULL, NULL, NULL),
(50, NULL, 'FormMasterAddEdit', NULL, NULL, NULL, NULL),
(51, NULL, 'FormMasterView', NULL, NULL, NULL, NULL),
(52, NULL, 'FormMasterDelete', NULL, NULL, NULL, NULL),
(53, NULL, 'PageList', NULL, NULL, NULL, NULL),
(54, NULL, 'PageAddEdit', NULL, NULL, NULL, NULL),
(55, NULL, 'PageView', NULL, NULL, NULL, NULL),
(56, NULL, 'PageDelete', NULL, NULL, NULL, NULL),
(57, NULL, 'ContentBlockList', NULL, NULL, NULL, NULL),
(58, NULL, 'ContentBlockEdit', NULL, NULL, NULL, NULL),
(59, NULL, 'ContentBlockView', NULL, NULL, NULL, NULL),
(60, NULL, 'ContentBlockDelete', NULL, NULL, NULL, NULL),
(61, NULL, 'PageList', NULL, NULL, NULL, NULL),
(62, NULL, 'PageAddEdit', NULL, NULL, NULL, NULL),
(63, NULL, 'PageView', NULL, NULL, NULL, NULL),
(64, NULL, 'PageDelete', NULL, NULL, NULL, NULL),
(65, NULL, 'ProductList', NULL, NULL, NULL, NULL),
(66, NULL, 'ProductAddEdit', NULL, NULL, NULL, NULL),
(67, NULL, 'ProductView', NULL, NULL, NULL, NULL),
(68, NULL, 'ProductDelete', NULL, NULL, NULL, NULL),
(69, NULL, 'CMSList', NULL, NULL, NULL, NULL),
(70, NULL, 'CMSView', NULL, NULL, NULL, NULL),
(71, NULL, 'CMSAddEdit', NULL, NULL, NULL, NULL),
(72, NULL, 'CMSDelete', NULL, NULL, NULL, NULL),
(73, NULL, 'CityList', NULL, NULL, NULL, NULL),
(74, NULL, 'CityView', NULL, NULL, NULL, NULL),
(75, NULL, 'CityAddEdit', NULL, NULL, NULL, NULL),
(76, NULL, 'CityDelete', NULL, NULL, NULL, NULL),
(77, NULL, 'ZipcodeList', NULL, NULL, NULL, NULL),
(78, NULL, 'ZipcodeView', NULL, NULL, NULL, NULL),
(79, NULL, 'ZipcodeAddEdit', NULL, NULL, NULL, NULL),
(80, NULL, 'ZipcodeDelete', NULL, NULL, NULL, NULL),
(81, NULL, 'BannerDisplayList', NULL, NULL, NULL, NULL),
(82, NULL, 'BannerDisplayView', NULL, NULL, NULL, NULL),
(83, NULL, 'BannerDisplayAddEdit', NULL, NULL, NULL, NULL),
(84, NULL, 'BannerDisplayDelete', NULL, NULL, NULL, NULL),
(85, NULL, 'BannerSectionList', NULL, NULL, NULL, NULL),
(86, NULL, 'BannerSectionView', NULL, NULL, NULL, NULL),
(87, NULL, 'BannerSectionAddEdit', NULL, NULL, NULL, NULL),
(88, NULL, 'BannerSectionDelete', NULL, NULL, NULL, NULL),
(89, NULL, 'BannerList', NULL, NULL, NULL, NULL),
(90, NULL, 'BannerView', NULL, NULL, NULL, NULL),
(91, NULL, 'BannerAddEdit', NULL, NULL, NULL, NULL),
(92, NULL, 'BannerDelete', NULL, NULL, NULL, NULL),
(93, NULL, 'CustomersReportList', NULL, NULL, NULL, NULL),
(94, NULL, 'couponTransactionList', NULL, NULL, NULL, NULL),
(95, NULL, 'CouponTransactionView', NULL, NULL, NULL, NULL),
(96, NULL, 'CouponTransactionAddEdit', NULL, NULL, NULL, NULL),
(97, NULL, 'BlogAuthorList', NULL, NULL, NULL, NULL),
(98, NULL, 'BlogAuthorView', NULL, NULL, NULL, NULL),
(99, NULL, 'BlogAuthorAddEdit', NULL, NULL, NULL, NULL),
(100, NULL, 'BlogAuthorDelete', NULL, NULL, NULL, NULL),
(101, NULL, 'BlogCategoryList', NULL, NULL, NULL, NULL),
(102, NULL, 'BlogCategoryView', NULL, NULL, NULL, NULL),
(103, NULL, 'BlogCategoryAddEdit', NULL, NULL, NULL, NULL),
(104, NULL, 'BlogCategoryDelete', NULL, NULL, NULL, NULL),
(105, NULL, 'BlogsList', NULL, NULL, NULL, NULL),
(106, NULL, 'BlogsView', NULL, NULL, NULL, NULL),
(107, NULL, 'BlogsAddEdit', NULL, NULL, NULL, NULL),
(108, NULL, 'BlogsDelete', NULL, NULL, NULL, NULL),
(109, NULL, 'BlogCommentList', NULL, NULL, NULL, NULL),
(110, NULL, 'BlogCommentDelete', NULL, NULL, NULL, NULL),
(111, NULL, 'DeliveryTimeSlotList', NULL, NULL, NULL, NULL),
(112, NULL, 'DeliveryTimeSlotView', NULL, NULL, NULL, NULL),
(113, NULL, 'DeliveryTimeSlotAddEdit', NULL, NULL, NULL, NULL),
(114, NULL, 'DeliveryTimeSlotDelete', NULL, NULL, NULL, NULL),
(115, NULL, 'OrderList', NULL, NULL, NULL, NULL),
(116, NULL, 'OrderReportList', NULL, NULL, NULL, NULL),
(117, NULL, 'InvitationList', NULL, NULL, NULL, NULL),
(118, NULL, 'CarpenterList', NULL, NULL, NULL, NULL),
(119, NULL, 'ReservationTimeSlotList', NULL, NULL, NULL, NULL),
(120, NULL, 'ReservationTimeSlotView', NULL, NULL, NULL, NULL),
(121, NULL, 'ReservationTimeSlotAddEdit', NULL, NULL, NULL, NULL),
(122, NULL, 'ReservationTimeSlotDelete', NULL, NULL, NULL, NULL),
(123, NULL, 'CustomerList', NULL, NULL, NULL, NULL),
(124, NULL, 'SubscriberList', NULL, NULL, NULL, NULL),
(125, NULL, 'SubscriberDelete', NULL, NULL, NULL, NULL),
(126, NULL, 'SMSList', NULL, NULL, NULL, NULL),
(127, NULL, 'SMSView', NULL, NULL, NULL, NULL),
(128, NULL, 'SMSAddEdit', NULL, NULL, NULL, NULL),
(129, NULL, 'SMSDelete', NULL, NULL, NULL, NULL),
(130, NULL, 'FranchiseList', NULL, NULL, NULL, NULL),
(131, NULL, 'FranchiseView', NULL, NULL, NULL, NULL),
(132, NULL, 'FranchiseAddEdit', NULL, NULL, NULL, NULL),
(133, NULL, 'FranchiseDelete', NULL, NULL, NULL, NULL),
(134, NULL, 'GalleryList', NULL, NULL, NULL, NULL),
(135, NULL, 'GalleryView', NULL, NULL, NULL, NULL),
(136, NULL, 'GalleryAddEdit', NULL, NULL, NULL, NULL),
(137, NULL, 'GalleryDelete', NULL, NULL, NULL, NULL),
(138, NULL, 'ContactUsList', NULL, NULL, NULL, NULL),
(139, NULL, 'ContactUsView', NULL, NULL, NULL, NULL),
(140, NULL, 'ContactUsAddEdit', NULL, NULL, NULL, NULL),
(141, NULL, 'ContactUsDelete', NULL, NULL, NULL, NULL),
(142, NULL, 'AboutUsList', NULL, NULL, NULL, NULL),
(143, NULL, 'AboutUsView', NULL, NULL, NULL, NULL),
(144, NULL, 'AboutUsAddEdit', NULL, NULL, NULL, NULL),
(145, NULL, 'AboutUsDelete', NULL, NULL, NULL, NULL),
(146, NULL, 'CustomersReportList', NULL, NULL, NULL, NULL),
(147, NULL, 'AttributeSettingList', NULL, NULL, NULL, NULL),
(148, NULL, 'AttributeSettingAddEdit', NULL, NULL, NULL, NULL),
(149, NULL, 'AttributeSettingDelete', NULL, NULL, NULL, NULL),
(150, NULL, 'AttributeSettingStatusChange', NULL, NULL, NULL, NULL),
(151, NULL, 'CouponList', NULL, NULL, NULL, NULL),
(152, NULL, 'CouponView', NULL, NULL, NULL, NULL),
(153, NULL, 'CouponAddEdit', NULL, NULL, NULL, NULL),
(154, NULL, 'CouponDelete', NULL, NULL, NULL, NULL),
(155, NULL, 'FeedbackList', NULL, NULL, NULL, NULL),
(156, NULL, 'FeedbackView', NULL, NULL, NULL, NULL),
(157, NULL, 'FeedbackAddEdit', NULL, NULL, NULL, NULL),
(158, NULL, 'FeedbackDelete', NULL, NULL, NULL, NULL),
(159, NULL, 'SectionList', NULL, NULL, NULL, NULL),
(160, NULL, 'SectionView', NULL, NULL, NULL, NULL),
(161, NULL, 'SectionAddEdit', NULL, NULL, NULL, NULL),
(162, NULL, 'SectionDelete', NULL, NULL, NULL, NULL),
(163, NULL, 'CatalogPriceRuleList', NULL, NULL, NULL, NULL),
(164, NULL, 'CatalogPriceRuleView', NULL, NULL, NULL, NULL),
(165, NULL, 'CatalogPriceRuleAddEdit', NULL, NULL, NULL, NULL),
(166, NULL, 'CatalogPriceRuleDelete', NULL, NULL, NULL, NULL),
(167, NULL, 'CartPriceRuleList', NULL, NULL, NULL, NULL),
(168, NULL, 'CartPriceRuleView', NULL, NULL, NULL, NULL),
(169, NULL, 'CartPriceRuleAddEdit', NULL, NULL, NULL, NULL),
(170, NULL, 'CartPriceRuleDelete', NULL, NULL, NULL, NULL),
(171, NULL, 'ReservationList', NULL, NULL, NULL, NULL),
(172, NULL, 'ReservationView', NULL, NULL, NULL, NULL),
(173, NULL, 'ReservationAddEdit', NULL, NULL, NULL, NULL),
(174, NULL, 'ReservationDelete', NULL, NULL, NULL, NULL),
(175, NULL, 'NewsLetterList', NULL, NULL, NULL, NULL),
(176, NULL, 'NewsLetterView', NULL, NULL, NULL, NULL),
(177, NULL, 'NewsLetterSend', NULL, NULL, NULL, NULL),
(178, NULL, 'NewsLetterDelete', NULL, NULL, NULL, NULL),
(179, NULL, 'DynamicFormList', NULL, '2021-11-10 11:14:44', NULL, '2021-11-10 11:14:44'),
(180, NULL, 'DynamicFormView', NULL, '2021-11-10 11:14:44', NULL, '2021-11-10 11:14:44'),
(181, NULL, 'DynamicFormAddEdit', NULL, '2021-11-10 11:16:04', NULL, '2021-11-10 11:16:04'),
(182, NULL, 'DynamicFormDelete', NULL, '2021-11-10 11:16:30', NULL, '2021-11-10 11:16:30'),
(183, NULL, 'DynamicFormStatusChange', NULL, '2021-11-10 11:17:02', NULL, '2021-11-10 11:17:02'),
(184, NULL, 'WalletList', NULL, NULL, NULL, NULL),
(185, NULL, 'EmailConfigList', NULL, NULL, NULL, NULL),
(186, NULL, 'ContactList', NULL, NULL, NULL, NULL),
(187, NULL, 'ContentBlockAddEdit', NULL, '2022-01-02 11:37:42', NULL, '2022-01-02 11:37:42'),
(188, NULL, 'bannerView', NULL, '2022-01-04 15:43:57', NULL, '2022-01-04 15:43:57'),
(189, NULL, 'BannerAddEdit', NULL, '2022-01-04 16:17:54', NULL, '2022-01-04 16:17:54');

-- --------------------------------------------------------

--
-- Table structure for table `popupMessage`
--

CREATE TABLE `popupMessage` (
  `id` int NOT NULL,
  `storeId` int DEFAULT NULL,
  `title` varchar(255) DEFAULT NULL,
  `message` varchar(255) DEFAULT NULL,
  `createdBy` varchar(255) DEFAULT NULL,
  `createdAt` datetime NOT NULL,
  `updatedAt` datetime NOT NULL
) ENGINE=InnoDB DEFAULT CHARSET=utf8mb4 COLLATE=utf8mb4_0900_ai_ci COMMENT='Popup Message Table';

--
-- Dumping data for table `popupMessage`
--

INSERT INTO `popupMessage` (`id`, `storeId`, `title`, `message`, `createdBy`, `createdAt`, `updatedAt`) VALUES
(1, 17, NULL, 'please wait i will reply soon', NULL, '2022-04-06 15:10:28', '2022-04-15 09:47:55'),
(2, 22, NULL, 'Please wait', NULL, '2022-04-15 05:21:09', '2022-04-15 05:21:09');

-- --------------------------------------------------------

--
-- Table structure for table `productCategory`
--

CREATE TABLE `productCategory` (
  `id` int NOT NULL,
  `storeId` int DEFAULT NULL,
  `cartId` int DEFAULT NULL,
  `categoryId` int DEFAULT NULL,
  `productId` int DEFAULT NULL,
  `position` varchar(100) CHARACTER SET utf8mb3 COLLATE utf8mb3_bin DEFAULT NULL,
  `parentCategoryId` int DEFAULT NULL,
  `createdBy` varchar(100) CHARACTER SET utf8mb3 COLLATE utf8mb3_bin DEFAULT NULL,
  `createdAt` datetime DEFAULT NULL,
  `updatedBy` varchar(100) CHARACTER SET utf8mb3 COLLATE utf8mb3_bin DEFAULT NULL,
  `updatedAt` datetime DEFAULT NULL
) ENGINE=InnoDB DEFAULT CHARSET=utf8mb3 COLLATE=utf8mb3_bin COMMENT='Product Category Table';

--
-- Dumping data for table `productCategory`
--

INSERT INTO `productCategory` (`id`, `storeId`, `cartId`, `categoryId`, `productId`, `position`, `parentCategoryId`, `createdBy`, `createdAt`, `updatedBy`, `updatedAt`) VALUES
(14, NULL, 0, NULL, NULL, '0', NULL, NULL, '2021-09-02 07:38:10', NULL, '2021-09-02 07:38:10'),
(16, NULL, 0, NULL, NULL, '0', NULL, NULL, '2021-09-02 10:08:53', NULL, '2021-09-02 10:08:53'),
(17, NULL, 0, NULL, NULL, '0', NULL, NULL, '2021-09-02 10:12:12', NULL, '2021-09-02 10:12:12'),
(18, NULL, 0, NULL, NULL, '0', NULL, NULL, '2021-09-09 13:44:11', NULL, '2021-09-09 13:44:11'),
(19, NULL, 0, NULL, NULL, '0', NULL, NULL, '2021-09-16 05:29:17', NULL, '2021-09-16 05:29:17'),
(20, NULL, 0, NULL, NULL, '0', NULL, NULL, '2021-09-16 05:34:30', NULL, '2021-09-16 05:34:30'),
(21, NULL, 0, NULL, NULL, '0', NULL, NULL, '2021-09-16 05:47:44', NULL, '2021-09-16 05:47:44'),
(22, NULL, 0, NULL, NULL, '0', NULL, NULL, '2021-09-16 05:49:54', NULL, '2021-09-16 05:49:54'),
(23, NULL, 0, NULL, NULL, '0', NULL, NULL, '2021-09-16 05:54:27', NULL, '2021-09-16 05:54:27'),
(24, NULL, 0, NULL, NULL, '0', NULL, NULL, '2021-09-16 05:57:14', NULL, '2021-09-16 05:57:14'),
(25, NULL, 0, NULL, NULL, '0', NULL, NULL, '2021-09-16 06:01:44', NULL, '2021-09-16 06:01:44'),
(26, NULL, 0, NULL, NULL, '0', NULL, NULL, '2021-09-16 06:04:13', NULL, '2021-09-16 06:04:13'),
(27, NULL, 0, NULL, NULL, '0', NULL, NULL, '2021-10-20 17:07:12', NULL, '2021-10-20 17:07:12'),
(28, NULL, 0, NULL, NULL, '0', NULL, NULL, '2021-10-20 17:07:12', NULL, '2021-10-20 17:07:12'),
(29, NULL, 0, NULL, NULL, '0', NULL, NULL, '2021-10-20 17:07:12', NULL, '2021-10-20 17:07:12'),
(30, NULL, 0, NULL, NULL, '0', NULL, NULL, '2021-10-20 17:07:12', NULL, '2021-10-20 17:07:12'),
(31, NULL, 0, NULL, NULL, '0', NULL, NULL, '2021-10-20 17:07:12', NULL, '2021-10-20 17:07:12'),
(32, NULL, 0, NULL, NULL, '0', NULL, NULL, '2021-10-20 17:07:12', NULL, '2021-10-20 17:07:12'),
(33, NULL, 0, NULL, NULL, '0', NULL, NULL, '2021-10-20 17:07:12', NULL, '2021-10-20 17:07:12'),
(34, NULL, 0, NULL, NULL, '0', NULL, NULL, '2021-10-20 17:07:12', NULL, '2021-10-20 17:07:12'),
(36, NULL, 0, NULL, NULL, '0', NULL, NULL, '2021-10-20 17:07:12', NULL, '2021-10-20 17:07:12'),
(37, NULL, 0, NULL, NULL, '0', NULL, NULL, '2021-10-20 17:07:12', NULL, '2021-10-20 17:07:12'),
(38, NULL, 0, NULL, NULL, '0', NULL, NULL, '2021-10-20 17:07:12', NULL, '2021-10-20 17:07:12'),
(41, NULL, 0, NULL, NULL, '0', NULL, NULL, '2021-10-20 17:07:12', NULL, '2021-10-20 17:07:12'),
(42, NULL, 0, NULL, NULL, '0', NULL, NULL, '2021-10-20 17:07:12', NULL, '2021-10-20 17:07:12'),
(43, NULL, 0, NULL, NULL, '0', NULL, NULL, '2021-10-20 17:07:12', NULL, '2021-10-20 17:07:12'),
(44, NULL, 0, NULL, NULL, '0', NULL, NULL, '2021-10-20 17:07:12', NULL, '2021-10-20 17:07:12'),
(63, NULL, NULL, NULL, NULL, '0', NULL, NULL, '2021-10-23 07:00:45', NULL, '2021-10-23 07:00:45'),
(64, NULL, NULL, NULL, NULL, '0', NULL, NULL, '2021-10-23 07:00:57', NULL, '2021-10-23 07:00:57'),
(65, NULL, NULL, NULL, NULL, '0', NULL, NULL, '2021-10-23 07:01:05', NULL, '2021-10-23 07:01:05'),
(66, NULL, NULL, NULL, NULL, '0', NULL, NULL, '2021-10-23 07:01:13', NULL, '2021-10-23 07:01:13'),
(67, NULL, NULL, NULL, NULL, '0', NULL, NULL, '2021-10-23 07:01:24', NULL, '2021-10-23 07:01:24'),
(68, NULL, NULL, NULL, NULL, '0', NULL, NULL, '2021-10-23 07:01:34', NULL, '2021-10-23 07:01:34'),
(69, NULL, NULL, NULL, NULL, '0', NULL, NULL, '2021-10-23 07:01:44', NULL, '2021-10-23 07:01:44'),
(70, NULL, NULL, NULL, NULL, '0', NULL, NULL, '2021-10-23 07:01:54', NULL, '2021-10-23 07:01:54'),
(71, NULL, NULL, NULL, NULL, '0', NULL, NULL, '2021-10-23 07:02:03', NULL, '2021-10-23 07:02:03'),
(72, NULL, NULL, NULL, NULL, '0', NULL, NULL, '2021-10-23 07:02:15', NULL, '2021-10-23 07:02:15'),
(73, NULL, NULL, NULL, NULL, '0', NULL, NULL, '2021-10-23 07:02:29', NULL, '2021-10-23 07:02:29'),
(74, NULL, NULL, NULL, NULL, '0', NULL, NULL, '2021-10-23 07:02:45', NULL, '2021-10-23 07:02:45'),
(75, NULL, NULL, NULL, NULL, '0', NULL, NULL, '2021-10-23 07:02:56', NULL, '2021-10-23 07:02:56'),
(382, NULL, NULL, NULL, NULL, NULL, NULL, NULL, NULL, NULL, NULL),
(383, NULL, NULL, NULL, NULL, NULL, NULL, NULL, NULL, NULL, NULL),
(384, NULL, NULL, NULL, NULL, NULL, NULL, NULL, NULL, NULL, NULL),
(386, NULL, NULL, NULL, NULL, NULL, NULL, NULL, NULL, NULL, NULL),
(400, NULL, NULL, NULL, NULL, NULL, NULL, NULL, NULL, NULL, NULL),
(401, NULL, NULL, NULL, NULL, NULL, NULL, NULL, NULL, NULL, NULL),
(402, NULL, NULL, NULL, NULL, NULL, NULL, NULL, NULL, NULL, NULL),
(403, NULL, NULL, NULL, NULL, NULL, NULL, NULL, NULL, NULL, NULL),
(405, NULL, NULL, NULL, NULL, NULL, NULL, NULL, NULL, NULL, NULL),
(406, NULL, NULL, NULL, NULL, NULL, NULL, NULL, NULL, NULL, NULL),
(407, NULL, NULL, NULL, NULL, NULL, NULL, NULL, NULL, NULL, NULL),
(409, NULL, NULL, NULL, NULL, NULL, NULL, NULL, NULL, NULL, NULL),
(410, NULL, NULL, NULL, NULL, NULL, NULL, NULL, NULL, NULL, NULL),
(411, NULL, NULL, NULL, NULL, NULL, NULL, NULL, NULL, NULL, NULL),
(413, NULL, NULL, NULL, NULL, NULL, NULL, NULL, NULL, NULL, NULL),
(415, NULL, NULL, NULL, NULL, NULL, NULL, NULL, NULL, NULL, NULL),
(416, NULL, NULL, NULL, NULL, '0', NULL, NULL, '2021-12-09 03:15:36', NULL, '2021-12-09 03:15:36'),
(417, NULL, NULL, NULL, NULL, '0', NULL, NULL, '2021-12-09 03:17:39', NULL, '2021-12-09 03:17:39'),
(418, NULL, NULL, NULL, NULL, '0', NULL, NULL, '2021-12-09 03:18:52', NULL, '2021-12-09 03:18:52'),
(432, NULL, NULL, NULL, NULL, '0', NULL, NULL, '2021-12-09 03:34:02', NULL, '2021-12-09 03:34:02'),
(433, NULL, NULL, NULL, NULL, '0', NULL, NULL, '2021-12-09 03:34:37', NULL, '2021-12-09 03:34:37'),
(434, NULL, NULL, NULL, NULL, '0', NULL, NULL, '2021-12-09 03:35:07', NULL, '2021-12-09 03:35:07'),
(436, NULL, NULL, NULL, NULL, '0', NULL, NULL, '2021-12-09 03:36:02', NULL, '2021-12-09 03:36:02'),
(437, NULL, NULL, NULL, NULL, '0', NULL, NULL, '2021-12-09 03:36:40', NULL, '2021-12-09 03:36:40'),
(438, NULL, NULL, NULL, NULL, '0', NULL, NULL, '2021-12-09 03:37:23', NULL, '2021-12-09 03:37:23'),
(473, NULL, NULL, NULL, NULL, '0', NULL, NULL, '2021-12-09 04:30:53', NULL, '2021-12-09 04:30:53'),
(474, NULL, NULL, NULL, NULL, '0', NULL, NULL, '2021-12-09 04:34:29', NULL, '2021-12-09 04:34:29'),
(475, NULL, NULL, NULL, NULL, '0', NULL, NULL, '2021-12-09 04:34:58', NULL, '2021-12-09 04:34:58'),
(476, NULL, NULL, NULL, NULL, '0', NULL, NULL, '2021-12-09 04:35:25', NULL, '2021-12-09 04:35:25'),
(477, NULL, NULL, NULL, NULL, '0', NULL, NULL, '2021-12-09 04:35:56', NULL, '2021-12-09 04:35:56'),
(478, NULL, NULL, NULL, NULL, '0', NULL, NULL, '2021-12-09 04:37:47', NULL, '2021-12-09 04:37:47'),
(480, NULL, NULL, NULL, NULL, '0', NULL, NULL, '2021-12-09 04:38:41', NULL, '2021-12-09 04:38:41'),
(481, NULL, NULL, NULL, NULL, '0', NULL, NULL, '2021-12-09 04:39:07', NULL, '2021-12-09 04:39:07'),
(482, NULL, NULL, NULL, NULL, '0', NULL, NULL, '2021-12-09 04:39:30', NULL, '2021-12-09 04:39:30'),
(484, NULL, NULL, NULL, NULL, '0', NULL, NULL, '2021-12-09 04:40:22', NULL, '2021-12-09 04:40:22'),
(487, NULL, NULL, NULL, NULL, '0', NULL, NULL, '2021-12-09 04:41:43', NULL, '2021-12-09 04:41:43'),
(488, NULL, NULL, NULL, NULL, '0', NULL, NULL, '2021-12-09 04:42:10', NULL, '2021-12-09 04:42:10'),
(490, NULL, NULL, NULL, NULL, '0', NULL, NULL, '2021-12-09 04:43:03', NULL, '2021-12-09 04:43:03'),
(492, NULL, NULL, NULL, NULL, '0', NULL, NULL, '2021-12-09 04:43:48', NULL, '2021-12-09 04:43:48'),
(493, NULL, NULL, NULL, NULL, '0', NULL, NULL, '2021-12-09 04:44:09', NULL, '2021-12-09 04:44:09'),
(494, NULL, NULL, NULL, NULL, '0', NULL, NULL, '2021-12-09 04:44:38', NULL, '2021-12-09 04:44:38'),
(495, NULL, NULL, NULL, NULL, '0', NULL, NULL, '2021-12-09 04:45:11', NULL, '2021-12-09 04:45:11'),
(496, NULL, NULL, NULL, NULL, '0', NULL, NULL, '2021-12-09 04:45:41', NULL, '2021-12-09 04:45:41'),
(499, NULL, NULL, NULL, NULL, '0', NULL, NULL, '2021-12-09 04:49:18', NULL, '2021-12-09 04:49:18'),
(500, NULL, NULL, NULL, NULL, '0', NULL, NULL, '2021-12-09 04:49:52', NULL, '2021-12-09 04:49:52'),
(501, NULL, NULL, NULL, NULL, '0', NULL, NULL, '2021-12-09 04:50:18', NULL, '2021-12-09 04:50:18'),
(502, NULL, NULL, NULL, NULL, '0', NULL, NULL, '2021-12-09 04:50:45', NULL, '2021-12-09 04:50:45'),
(503, NULL, NULL, NULL, NULL, '0', NULL, NULL, '2021-12-09 04:51:18', NULL, '2021-12-09 04:51:18'),
(504, NULL, NULL, NULL, NULL, '0', NULL, NULL, '2021-12-09 04:52:16', NULL, '2021-12-09 04:52:16'),
(506, NULL, NULL, NULL, NULL, '0', NULL, NULL, '2021-12-09 04:55:29', NULL, '2021-12-09 04:55:29'),
(508, NULL, NULL, NULL, NULL, '0', NULL, NULL, '2021-12-09 04:58:16', NULL, '2021-12-09 04:58:16'),
(509, NULL, NULL, NULL, NULL, '0', NULL, NULL, '2021-12-09 04:58:53', NULL, '2021-12-09 04:58:53'),
(511, NULL, NULL, NULL, NULL, '0', NULL, NULL, '2021-12-09 05:00:08', NULL, '2021-12-09 05:00:08'),
(512, NULL, NULL, NULL, NULL, '0', NULL, NULL, '2021-12-09 05:00:59', NULL, '2021-12-09 05:00:59'),
(513, NULL, NULL, NULL, NULL, '0', NULL, NULL, '2021-12-09 05:01:37', NULL, '2021-12-09 05:01:37'),
(514, NULL, NULL, NULL, NULL, '0', NULL, NULL, '2021-12-09 05:02:11', NULL, '2021-12-09 05:02:11'),
(516, NULL, NULL, NULL, NULL, '0', NULL, NULL, '2021-12-09 05:05:08', NULL, '2021-12-09 05:05:08'),
(517, NULL, NULL, NULL, NULL, '0', NULL, NULL, '2021-12-09 05:05:42', NULL, '2021-12-09 05:05:42'),
(518, NULL, NULL, NULL, NULL, '0', NULL, NULL, '2021-12-09 05:06:32', NULL, '2021-12-09 05:06:32'),
(519, NULL, NULL, NULL, NULL, '0', NULL, NULL, '2021-12-09 05:09:43', NULL, '2021-12-09 05:09:43'),
(520, NULL, NULL, NULL, NULL, '0', NULL, NULL, '2021-12-09 05:10:21', NULL, '2021-12-09 05:10:21'),
(521, NULL, NULL, NULL, NULL, '0', NULL, NULL, '2021-12-09 05:11:08', NULL, '2021-12-09 05:11:08'),
(523, NULL, NULL, NULL, NULL, '0', NULL, NULL, '2021-12-09 05:12:52', NULL, '2021-12-09 05:12:52'),
(524, NULL, NULL, NULL, NULL, '0', NULL, NULL, '2021-12-09 05:13:31', NULL, '2021-12-09 05:13:31'),
(526, NULL, NULL, NULL, NULL, '0', NULL, NULL, '2021-12-09 05:14:56', NULL, '2021-12-09 05:14:56'),
(529, NULL, NULL, NULL, NULL, '0', NULL, NULL, '2021-12-09 05:18:42', NULL, '2021-12-09 05:18:42'),
(530, NULL, NULL, NULL, NULL, '0', NULL, NULL, '2021-12-09 05:19:40', NULL, '2021-12-09 05:19:40'),
(531, NULL, NULL, NULL, NULL, '0', NULL, NULL, '2021-12-09 05:20:13', NULL, '2021-12-09 05:20:13'),
(532, NULL, NULL, NULL, NULL, '0', NULL, NULL, '2021-12-09 05:20:44', NULL, '2021-12-09 05:20:44'),
(534, NULL, NULL, NULL, NULL, '0', NULL, NULL, '2021-12-09 05:21:37', NULL, '2021-12-09 05:21:37'),
(535, NULL, NULL, NULL, NULL, '0', NULL, NULL, '2021-12-09 05:22:06', NULL, '2021-12-09 05:22:06'),
(536, NULL, NULL, NULL, NULL, '0', NULL, NULL, '2021-12-09 05:22:37', NULL, '2021-12-09 05:22:37'),
(537, NULL, NULL, NULL, NULL, '0', NULL, NULL, '2021-12-09 05:23:05', NULL, '2021-12-09 05:23:05'),
(538, NULL, NULL, NULL, NULL, '0', NULL, NULL, '2021-12-09 05:23:26', NULL, '2021-12-09 05:23:26'),
(539, NULL, NULL, NULL, NULL, '0', NULL, NULL, '2021-12-09 05:23:56', NULL, '2021-12-09 05:23:56'),
(540, NULL, NULL, NULL, NULL, '0', NULL, NULL, '2021-12-09 05:24:40', NULL, '2021-12-09 05:24:40'),
(541, NULL, NULL, NULL, NULL, '0', NULL, NULL, '2021-12-09 05:25:14', NULL, '2021-12-09 05:25:14'),
(542, NULL, NULL, NULL, NULL, '0', NULL, NULL, '2021-12-09 05:25:52', NULL, '2021-12-09 05:25:52'),
(544, NULL, NULL, NULL, NULL, '0', NULL, NULL, '2021-12-09 05:26:55', NULL, '2021-12-09 05:26:55'),
(545, NULL, NULL, NULL, NULL, '0', NULL, NULL, '2021-12-09 05:27:22', NULL, '2021-12-09 05:27:22'),
(546, NULL, NULL, NULL, NULL, '0', NULL, NULL, '2021-12-09 05:27:53', NULL, '2021-12-09 05:27:53'),
(547, NULL, NULL, NULL, NULL, '0', NULL, NULL, '2021-12-09 05:28:24', NULL, '2021-12-09 05:28:24'),
(549, NULL, NULL, NULL, NULL, '0', NULL, NULL, '2021-12-09 05:29:43', NULL, '2021-12-09 05:29:43'),
(550, NULL, NULL, NULL, NULL, '0', NULL, NULL, '2021-12-09 05:31:07', NULL, '2021-12-09 05:31:07'),
(551, NULL, NULL, NULL, NULL, '0', NULL, NULL, '2021-12-09 05:39:24', NULL, '2021-12-09 05:39:24'),
(553, NULL, NULL, NULL, NULL, '0', NULL, NULL, '2021-12-09 05:40:50', NULL, '2021-12-09 05:40:50'),
(554, NULL, NULL, NULL, NULL, '0', NULL, NULL, '2021-12-09 05:41:26', NULL, '2021-12-09 05:41:26'),
(555, NULL, NULL, NULL, NULL, '0', NULL, NULL, '2021-12-09 05:47:25', NULL, '2021-12-09 05:47:25'),
(557, NULL, NULL, NULL, NULL, '0', NULL, NULL, '2021-12-09 05:50:31', NULL, '2021-12-09 05:50:31'),
(559, NULL, NULL, NULL, NULL, '0', NULL, NULL, '2021-12-09 05:59:29', NULL, '2021-12-09 05:59:29'),
(560, NULL, NULL, NULL, NULL, '0', NULL, NULL, '2021-12-09 06:02:58', NULL, '2021-12-09 06:02:58'),
(562, NULL, NULL, NULL, NULL, '0', NULL, NULL, '2021-12-09 06:06:12', NULL, '2021-12-09 06:06:12'),
(563, NULL, NULL, NULL, NULL, '0', NULL, NULL, '2021-12-09 06:06:54', NULL, '2021-12-09 06:06:54'),
(565, NULL, NULL, NULL, NULL, '0', NULL, NULL, '2021-12-09 06:10:08', NULL, '2021-12-09 06:10:08'),
(566, NULL, NULL, NULL, NULL, '0', NULL, NULL, '2021-12-09 06:10:39', NULL, '2021-12-09 06:10:39'),
(567, NULL, NULL, NULL, NULL, '0', NULL, NULL, '2021-12-09 06:11:13', NULL, '2021-12-09 06:11:13'),
(568, NULL, NULL, NULL, NULL, '0', NULL, NULL, '2021-12-09 06:12:16', NULL, '2021-12-09 06:12:16'),
(569, NULL, NULL, NULL, NULL, '0', NULL, NULL, '2021-12-09 06:12:58', NULL, '2021-12-09 06:12:58'),
(570, NULL, NULL, NULL, NULL, '0', NULL, NULL, '2021-12-09 06:14:14', NULL, '2021-12-09 06:14:14'),
(571, NULL, NULL, NULL, NULL, '0', NULL, NULL, '2021-12-09 06:14:56', NULL, '2021-12-09 06:14:56'),
(572, NULL, NULL, NULL, NULL, '0', NULL, NULL, '2021-12-09 06:15:46', NULL, '2021-12-09 06:15:46'),
(573, NULL, NULL, NULL, NULL, '0', NULL, NULL, '2021-12-09 06:21:16', NULL, '2021-12-09 06:21:16'),
(574, NULL, NULL, NULL, NULL, '0', NULL, NULL, '2021-12-09 06:22:08', NULL, '2021-12-09 06:22:08'),
(575, NULL, NULL, NULL, NULL, '0', NULL, NULL, '2021-12-09 06:22:34', NULL, '2021-12-09 06:22:34'),
(576, NULL, NULL, NULL, NULL, '0', NULL, NULL, '2021-12-09 06:23:06', NULL, '2021-12-09 06:23:06'),
(578, NULL, NULL, NULL, NULL, '0', NULL, NULL, '2021-12-09 06:25:19', NULL, '2021-12-09 06:25:19'),
(579, NULL, NULL, NULL, NULL, '0', NULL, NULL, '2021-12-09 06:26:10', NULL, '2021-12-09 06:26:10'),
(580, NULL, NULL, NULL, NULL, '0', NULL, NULL, '2021-12-09 06:26:42', NULL, '2021-12-09 06:26:42'),
(581, NULL, NULL, NULL, NULL, '0', NULL, NULL, '2021-12-09 06:27:17', NULL, '2021-12-09 06:27:17'),
(582, NULL, NULL, NULL, NULL, '0', NULL, NULL, '2021-12-09 06:27:47', NULL, '2021-12-09 06:27:47'),
(583, NULL, NULL, NULL, NULL, '0', NULL, NULL, '2021-12-09 06:29:19', NULL, '2021-12-09 06:29:19'),
(585, NULL, NULL, NULL, NULL, '0', NULL, NULL, '2021-12-09 06:30:34', NULL, '2021-12-09 06:30:34'),
(587, NULL, NULL, NULL, NULL, '0', NULL, NULL, '2021-12-09 06:31:46', NULL, '2021-12-09 06:31:46'),
(589, NULL, NULL, NULL, NULL, '0', NULL, NULL, '2021-12-09 06:34:46', NULL, '2021-12-09 06:34:46'),
(590, NULL, NULL, NULL, NULL, '0', NULL, NULL, '2021-12-09 06:35:18', NULL, '2021-12-09 06:35:18'),
(593, NULL, NULL, NULL, NULL, '0', NULL, NULL, '2021-12-09 06:37:15', NULL, '2021-12-09 06:37:15'),
(594, NULL, NULL, NULL, NULL, '0', NULL, NULL, '2021-12-09 06:39:31', NULL, '2021-12-09 06:39:31'),
(595, NULL, NULL, NULL, NULL, '0', NULL, NULL, '2021-12-09 06:40:02', NULL, '2021-12-09 06:40:02'),
(596, NULL, NULL, NULL, NULL, '0', NULL, NULL, '2021-12-09 06:40:32', NULL, '2021-12-09 06:40:32'),
(597, NULL, NULL, NULL, NULL, '0', NULL, NULL, '2021-12-09 06:41:08', NULL, '2021-12-09 06:41:08'),
(598, NULL, NULL, NULL, NULL, '0', NULL, NULL, '2021-12-09 06:41:42', NULL, '2021-12-09 06:41:42'),
(599, NULL, NULL, NULL, NULL, '0', NULL, NULL, '2021-12-09 06:42:16', NULL, '2021-12-09 06:42:16'),
(600, NULL, NULL, NULL, NULL, '0', NULL, NULL, '2021-12-09 06:46:47', NULL, '2021-12-09 06:46:47'),
(601, NULL, NULL, NULL, NULL, '0', NULL, NULL, '2021-12-09 06:53:46', NULL, '2021-12-09 06:53:46'),
(602, NULL, NULL, NULL, NULL, '0', NULL, NULL, '2021-12-09 06:54:16', NULL, '2021-12-09 06:54:16'),
(603, NULL, NULL, NULL, NULL, '0', NULL, NULL, '2021-12-09 06:57:00', NULL, '2021-12-09 06:57:00'),
(604, NULL, NULL, NULL, NULL, '0', NULL, NULL, '2021-12-09 06:57:38', NULL, '2021-12-09 06:57:38'),
(605, NULL, NULL, NULL, NULL, '0', NULL, NULL, '2021-12-09 06:58:41', NULL, '2021-12-09 06:58:41'),
(606, NULL, NULL, NULL, NULL, '0', NULL, NULL, '2021-12-09 06:59:12', NULL, '2021-12-09 06:59:12'),
(607, NULL, NULL, NULL, NULL, '0', NULL, NULL, '2021-12-09 06:59:47', NULL, '2021-12-09 06:59:47'),
(608, NULL, NULL, NULL, NULL, '0', NULL, NULL, '2021-12-09 07:00:18', NULL, '2021-12-09 07:00:18'),
(609, NULL, NULL, NULL, NULL, '0', NULL, NULL, '2021-12-09 07:00:47', NULL, '2021-12-09 07:00:47'),
(610, NULL, NULL, NULL, NULL, '0', NULL, NULL, '2021-12-09 07:01:23', NULL, '2021-12-09 07:01:23'),
(611, NULL, NULL, NULL, NULL, '0', NULL, NULL, '2021-12-09 07:02:16', NULL, '2021-12-09 07:02:16'),
(612, NULL, NULL, NULL, NULL, '0', NULL, NULL, '2021-12-09 07:02:49', NULL, '2021-12-09 07:02:49'),
(613, NULL, NULL, NULL, NULL, '0', NULL, NULL, '2021-12-09 07:03:17', NULL, '2021-12-09 07:03:17'),
(614, NULL, NULL, NULL, NULL, '0', NULL, NULL, '2021-12-09 07:03:39', NULL, '2021-12-09 07:03:39'),
(615, NULL, NULL, NULL, NULL, '0', NULL, NULL, '2021-12-09 07:05:37', NULL, '2021-12-09 07:05:37'),
(616, NULL, NULL, NULL, NULL, '0', NULL, NULL, '2021-12-09 07:06:12', NULL, '2021-12-09 07:06:12'),
(617, NULL, NULL, NULL, NULL, '0', NULL, NULL, '2021-12-09 07:06:45', NULL, '2021-12-09 07:06:45'),
(618, NULL, NULL, NULL, NULL, '0', NULL, NULL, '2021-12-09 07:07:11', NULL, '2021-12-09 07:07:11'),
(619, NULL, NULL, NULL, NULL, '0', NULL, NULL, '2021-12-09 07:07:41', NULL, '2021-12-09 07:07:41'),
(620, NULL, NULL, NULL, NULL, '0', NULL, NULL, '2021-12-09 07:08:16', NULL, '2021-12-09 07:08:16'),
(624, NULL, NULL, NULL, NULL, '0', NULL, NULL, '2021-12-09 13:19:52', NULL, '2021-12-09 13:19:52'),
(625, NULL, NULL, NULL, NULL, '0', NULL, NULL, '2021-12-10 08:16:38', NULL, '2021-12-10 08:16:38'),
(637, NULL, NULL, NULL, NULL, '0', NULL, NULL, '2021-12-14 10:10:54', NULL, '2021-12-14 10:10:54'),
(638, NULL, NULL, NULL, NULL, '0', NULL, NULL, '2021-12-14 10:11:21', NULL, '2021-12-14 10:11:21'),
(639, NULL, NULL, NULL, NULL, '0', NULL, NULL, '2021-12-14 10:11:48', NULL, '2021-12-14 10:11:48'),
(640, NULL, NULL, NULL, NULL, '0', NULL, NULL, '2021-12-14 10:12:19', NULL, '2021-12-14 10:12:19'),
(641, NULL, NULL, NULL, NULL, '0', NULL, NULL, '2021-12-14 10:12:49', NULL, '2021-12-14 10:12:49'),
(642, NULL, NULL, NULL, NULL, '0', NULL, NULL, '2021-12-14 10:13:23', NULL, '2021-12-14 10:13:23'),
(643, NULL, NULL, NULL, NULL, '0', NULL, NULL, '2021-12-14 10:13:55', NULL, '2021-12-14 10:13:55'),
(644, NULL, NULL, NULL, NULL, '0', NULL, NULL, '2021-12-15 07:43:27', NULL, '2021-12-15 07:43:27'),
(649, NULL, NULL, NULL, NULL, NULL, NULL, NULL, '2021-12-22 13:37:45', NULL, '2021-12-22 13:37:45'),
(657, NULL, NULL, NULL, NULL, NULL, NULL, NULL, '2021-12-23 13:27:04', NULL, '2021-12-23 13:27:04'),
(663, NULL, NULL, NULL, NULL, NULL, NULL, NULL, '2021-12-23 13:36:15', NULL, '2021-12-23 13:36:15'),
(679, NULL, NULL, NULL, NULL, '0', NULL, NULL, '2021-12-29 10:30:58', NULL, '2021-12-29 10:30:58'),
(681, NULL, NULL, NULL, NULL, '0', NULL, NULL, '2021-12-30 07:47:09', NULL, '2021-12-30 07:47:09'),
(683, NULL, NULL, NULL, NULL, NULL, 68, NULL, '2022-01-03 14:17:26', NULL, '2022-01-03 14:17:26'),
(684, NULL, NULL, NULL, NULL, NULL, 68, NULL, '2022-01-03 14:17:26', NULL, '2022-01-03 14:17:26'),
(685, NULL, NULL, NULL, NULL, NULL, 68, NULL, '2022-01-03 14:17:26', NULL, '2022-01-03 14:17:26'),
(687, NULL, NULL, NULL, NULL, NULL, 68, NULL, '2022-01-03 14:17:26', NULL, '2022-01-03 14:17:26'),
(688, NULL, NULL, NULL, NULL, NULL, 68, NULL, '2022-01-03 14:17:26', NULL, '2022-01-03 14:17:26'),
(689, NULL, NULL, NULL, NULL, NULL, 68, NULL, '2022-01-03 14:17:26', NULL, '2022-01-03 14:17:26'),
(690, NULL, NULL, NULL, NULL, NULL, 68, NULL, '2022-01-03 14:17:26', NULL, '2022-01-03 14:17:26'),
(691, NULL, NULL, NULL, NULL, NULL, 68, NULL, '2022-01-03 14:17:26', NULL, '2022-01-03 14:17:26'),
(692, NULL, NULL, NULL, NULL, NULL, 68, NULL, '2022-01-03 14:17:26', NULL, '2022-01-03 14:17:26'),
(693, NULL, NULL, NULL, NULL, NULL, 68, NULL, '2022-01-03 14:17:26', NULL, '2022-01-03 14:17:26'),
(694, NULL, NULL, NULL, NULL, NULL, 68, NULL, '2022-01-03 14:17:26', NULL, '2022-01-03 14:17:26'),
(695, NULL, NULL, NULL, NULL, NULL, 68, NULL, '2022-01-03 14:17:26', NULL, '2022-01-03 14:17:26'),
(696, NULL, NULL, NULL, NULL, NULL, 68, NULL, '2022-01-03 14:17:26', NULL, '2022-01-03 14:17:26'),
(697, NULL, NULL, NULL, NULL, NULL, 68, NULL, '2022-01-03 14:17:26', NULL, '2022-01-03 14:17:26'),
(698, NULL, NULL, NULL, NULL, NULL, 73, NULL, '2022-01-04 18:18:52', NULL, '2022-01-04 18:18:52'),
(699, NULL, NULL, NULL, NULL, NULL, 73, NULL, '2022-01-04 18:18:52', NULL, '2022-01-04 18:18:52'),
(700, NULL, NULL, NULL, NULL, NULL, 73, NULL, '2022-01-04 18:18:52', NULL, '2022-01-04 18:18:52'),
(702, NULL, NULL, NULL, NULL, NULL, 73, NULL, '2022-01-04 18:18:52', NULL, '2022-01-04 18:18:52'),
(703, NULL, NULL, NULL, NULL, NULL, 73, NULL, '2022-01-04 18:18:52', NULL, '2022-01-04 18:18:52'),
(704, NULL, NULL, NULL, NULL, NULL, 73, NULL, '2022-01-04 18:18:52', NULL, '2022-01-04 18:18:52'),
(705, NULL, NULL, NULL, NULL, NULL, 73, NULL, '2022-01-04 18:18:52', NULL, '2022-01-04 18:18:52'),
(706, NULL, NULL, NULL, NULL, NULL, 73, NULL, '2022-01-04 18:18:52', NULL, '2022-01-04 18:18:52'),
(707, NULL, NULL, NULL, NULL, NULL, 73, NULL, '2022-01-04 18:18:52', NULL, '2022-01-04 18:18:52'),
(708, NULL, NULL, NULL, NULL, NULL, 73, NULL, '2022-01-04 18:18:52', NULL, '2022-01-04 18:18:52'),
(709, NULL, NULL, NULL, NULL, NULL, 73, NULL, '2022-01-04 18:18:52', NULL, '2022-01-04 18:18:52'),
(710, NULL, NULL, NULL, NULL, NULL, 73, NULL, '2022-01-04 18:18:52', NULL, '2022-01-04 18:18:52'),
(711, NULL, NULL, NULL, NULL, NULL, 73, NULL, '2022-01-04 18:18:52', NULL, '2022-01-04 18:18:52'),
(712, NULL, NULL, NULL, NULL, NULL, 73, NULL, '2022-01-04 18:18:52', NULL, '2022-01-04 18:18:52'),
(713, NULL, NULL, NULL, NULL, NULL, 73, NULL, '2022-01-04 18:18:52', NULL, '2022-01-04 18:18:52'),
(714, NULL, NULL, NULL, NULL, NULL, 73, NULL, '2022-01-04 18:18:52', NULL, '2022-01-04 18:18:52'),
(715, NULL, NULL, NULL, NULL, NULL, 73, NULL, '2022-01-04 18:18:52', NULL, '2022-01-04 18:18:52'),
(716, NULL, NULL, NULL, NULL, NULL, 73, NULL, '2022-01-04 18:18:52', NULL, '2022-01-04 18:18:52'),
(717, NULL, NULL, NULL, NULL, NULL, 73, NULL, '2022-01-04 18:18:52', NULL, '2022-01-04 18:18:52'),
(739, NULL, NULL, NULL, NULL, NULL, 86, NULL, '2022-01-05 12:08:28', NULL, '2022-01-05 12:08:28'),
(740, NULL, NULL, NULL, NULL, NULL, 86, NULL, '2022-01-05 12:08:28', NULL, '2022-01-05 12:08:28'),
(741, NULL, NULL, NULL, NULL, NULL, 86, NULL, '2022-01-05 12:08:28', NULL, '2022-01-05 12:08:28'),
(750, NULL, NULL, NULL, NULL, NULL, 85, NULL, '2022-01-05 12:08:28', NULL, '2022-01-05 12:08:28'),
(751, NULL, NULL, NULL, NULL, NULL, 85, NULL, '2022-01-05 12:08:28', NULL, '2022-01-05 12:08:28'),
(756, NULL, NULL, NULL, NULL, NULL, 83, NULL, '2022-01-05 12:08:28', NULL, '2022-01-05 12:08:28'),
(757, NULL, NULL, NULL, NULL, NULL, 83, NULL, '2022-01-05 12:08:28', NULL, '2022-01-05 12:08:28'),
(758, NULL, NULL, NULL, NULL, NULL, 83, NULL, '2022-01-05 12:08:28', NULL, '2022-01-05 12:08:28'),
(759, NULL, NULL, NULL, NULL, NULL, 83, NULL, '2022-01-05 12:08:28', NULL, '2022-01-05 12:08:28'),
(760, NULL, NULL, NULL, NULL, NULL, 83, NULL, '2022-01-05 12:08:28', NULL, '2022-01-05 12:08:28'),
(761, NULL, NULL, NULL, NULL, NULL, 83, NULL, '2022-01-05 12:08:28', NULL, '2022-01-05 12:08:28'),
(780, NULL, NULL, NULL, NULL, NULL, 82, NULL, '2022-01-05 12:08:28', NULL, '2022-01-05 12:08:28'),
(781, NULL, NULL, NULL, NULL, NULL, 82, NULL, '2022-01-05 12:08:28', NULL, '2022-01-05 12:08:28'),
(782, NULL, NULL, NULL, NULL, NULL, 82, NULL, '2022-01-05 12:08:28', NULL, '2022-01-05 12:08:28'),
(783, NULL, NULL, NULL, NULL, NULL, 82, NULL, '2022-01-05 12:08:28', NULL, '2022-01-05 12:08:28'),
(786, NULL, NULL, NULL, NULL, NULL, 80, NULL, '2022-01-11 22:22:06', NULL, '2022-01-11 22:22:06'),
(787, NULL, NULL, NULL, NULL, NULL, 80, NULL, '2022-01-11 22:22:06', NULL, '2022-01-11 22:22:06'),
(788, NULL, NULL, NULL, NULL, NULL, 80, NULL, '2022-01-11 22:22:06', NULL, '2022-01-11 22:22:06'),
(794, NULL, NULL, NULL, NULL, NULL, 73, NULL, '2022-01-11 22:22:06', NULL, '2022-01-11 22:22:06'),
(795, NULL, NULL, NULL, NULL, NULL, 68, NULL, '2022-01-14 12:21:03', NULL, '2022-01-14 12:21:03'),
(796, NULL, NULL, NULL, NULL, NULL, 68, NULL, '2022-01-14 12:21:03', NULL, '2022-01-14 12:21:03'),
(808, NULL, NULL, NULL, NULL, '0', 68, NULL, '2022-01-18 13:51:52', NULL, '2022-01-18 13:51:52'),
(837, NULL, NULL, NULL, NULL, '0', 85, NULL, '2022-01-25 14:34:55', NULL, '2022-01-25 14:34:55'),
(838, NULL, NULL, NULL, NULL, '1', 68, NULL, '2022-01-25 14:34:55', NULL, '2022-01-25 14:34:55'),
(975, NULL, NULL, NULL, NULL, NULL, NULL, NULL, '2022-01-31 15:54:36', NULL, '2022-01-31 15:54:36'),
(976, NULL, NULL, NULL, NULL, NULL, NULL, NULL, '2022-01-31 15:54:36', NULL, '2022-01-31 15:54:36'),
(978, NULL, NULL, NULL, NULL, '0', NULL, NULL, '2022-01-31 12:01:28', NULL, '2022-01-31 12:01:28'),
(979, NULL, NULL, NULL, NULL, '0', NULL, NULL, '2022-01-31 12:15:08', NULL, '2022-01-31 12:15:08'),
(980, NULL, NULL, NULL, NULL, '0', NULL, NULL, '2022-01-31 12:18:08', NULL, '2022-01-31 12:18:08'),
(981, NULL, NULL, NULL, NULL, '0', NULL, NULL, '2022-01-31 12:21:17', NULL, '2022-01-31 12:21:17'),
(1007, NULL, NULL, NULL, NULL, '0', NULL, NULL, '2022-01-31 14:14:45', NULL, '2022-01-31 14:14:45'),
(1015, NULL, NULL, NULL, NULL, '0', NULL, NULL, '2022-01-31 14:30:10', NULL, '2022-01-31 14:30:10'),
(1043, NULL, NULL, NULL, NULL, '0', NULL, NULL, '2022-02-01 02:56:10', NULL, '2022-02-01 02:56:10'),
(1062, NULL, NULL, NULL, NULL, '0', NULL, NULL, '2022-02-01 04:00:31', NULL, '2022-02-01 04:00:31'),
(1075, NULL, NULL, NULL, NULL, '0', NULL, NULL, '2022-02-01 04:24:37', NULL, '2022-02-01 04:24:37'),
(1093, NULL, NULL, NULL, NULL, '0', NULL, NULL, '2022-02-01 05:50:46', NULL, '2022-02-01 05:50:46'),
(1097, NULL, NULL, NULL, NULL, '0', NULL, NULL, '2022-02-01 06:02:14', NULL, '2022-02-01 06:02:14'),
(1105, NULL, NULL, NULL, NULL, '0', NULL, NULL, '2022-02-01 06:19:21', NULL, '2022-02-01 06:19:21'),
(1117, NULL, NULL, NULL, NULL, '0', NULL, NULL, '2022-02-01 06:48:15', NULL, '2022-02-01 06:48:15'),
(1153, NULL, NULL, NULL, NULL, '0', NULL, NULL, '2022-02-01 07:51:32', NULL, '2022-02-01 07:51:32'),
(1155, NULL, NULL, NULL, NULL, '0', NULL, NULL, '2022-02-01 07:56:07', NULL, '2022-02-01 07:56:07'),
(1166, NULL, NULL, NULL, NULL, '0', NULL, NULL, '2022-02-01 08:19:00', NULL, '2022-02-01 08:19:00'),
(1197, NULL, NULL, NULL, NULL, NULL, NULL, NULL, '2022-02-02 09:20:42', NULL, '2022-02-02 09:20:42'),
(1198, NULL, NULL, NULL, NULL, NULL, NULL, NULL, '2022-02-02 09:21:08', NULL, '2022-02-02 09:21:08'),
(1199, NULL, NULL, NULL, NULL, NULL, NULL, NULL, '2022-02-02 09:21:32', NULL, '2022-02-02 09:21:32'),
(1201, NULL, NULL, NULL, NULL, NULL, NULL, NULL, '2022-02-02 09:22:04', NULL, '2022-02-02 09:22:04'),
(1202, NULL, NULL, NULL, NULL, NULL, NULL, NULL, '2022-02-02 09:22:27', NULL, '2022-02-02 09:22:27'),
(1214, NULL, NULL, NULL, NULL, NULL, NULL, NULL, '2022-02-02 09:34:24', NULL, '2022-02-02 09:34:24'),
(1215, NULL, NULL, NULL, NULL, NULL, NULL, NULL, '2022-02-02 09:35:49', NULL, '2022-02-02 09:35:49'),
(1216, NULL, NULL, NULL, NULL, NULL, NULL, NULL, '2022-02-02 09:37:26', NULL, '2022-02-02 09:37:26'),
(1219, NULL, NULL, NULL, NULL, NULL, NULL, NULL, '2022-02-02 09:41:32', NULL, '2022-02-02 09:41:32'),
(1225, NULL, NULL, NULL, NULL, NULL, NULL, NULL, '2022-02-02 09:47:36', NULL, '2022-02-02 09:47:36'),
(1226, NULL, NULL, NULL, NULL, NULL, NULL, NULL, '2022-02-02 09:50:22', NULL, '2022-02-02 09:50:22'),
(1227, NULL, NULL, NULL, NULL, NULL, NULL, NULL, '2022-02-02 09:50:53', NULL, '2022-02-02 09:50:53'),
(1228, NULL, NULL, NULL, NULL, NULL, NULL, NULL, '2022-02-02 09:51:10', NULL, '2022-02-02 09:51:10'),
(1229, NULL, NULL, NULL, NULL, NULL, NULL, NULL, '2022-02-02 09:51:32', NULL, '2022-02-02 09:51:32'),
(1263, NULL, NULL, NULL, NULL, NULL, NULL, NULL, '2022-02-02 12:24:50', NULL, '2022-02-02 12:24:50'),
(1264, NULL, NULL, NULL, NULL, NULL, NULL, NULL, '2022-02-02 12:26:06', NULL, '2022-02-02 12:26:06'),
(1265, NULL, NULL, NULL, NULL, NULL, NULL, NULL, '2022-02-02 12:27:06', NULL, '2022-02-02 12:27:06'),
(1266, NULL, NULL, NULL, NULL, NULL, NULL, NULL, '2022-02-02 12:28:03', NULL, '2022-02-02 12:28:03'),
(1267, NULL, NULL, NULL, NULL, NULL, NULL, NULL, '2022-02-02 12:28:53', NULL, '2022-02-02 12:28:53'),
(1268, NULL, NULL, NULL, NULL, NULL, NULL, NULL, '2022-02-02 12:29:57', NULL, '2022-02-02 12:29:57'),
(1269, NULL, NULL, NULL, NULL, NULL, NULL, NULL, '2022-02-02 12:31:51', NULL, '2022-02-02 12:31:51'),
(1270, NULL, NULL, NULL, NULL, NULL, NULL, NULL, '2022-02-02 12:32:50', NULL, '2022-02-02 12:32:50'),
(1272, NULL, NULL, NULL, NULL, NULL, NULL, NULL, '2022-02-02 12:34:06', NULL, '2022-02-02 12:34:06'),
(1273, NULL, NULL, NULL, NULL, NULL, NULL, NULL, '2022-02-02 12:35:09', NULL, '2022-02-02 12:35:09'),
(1274, NULL, NULL, NULL, NULL, '0', NULL, NULL, '2022-02-02 12:37:20', NULL, '2022-02-02 12:37:20'),
(1275, NULL, NULL, NULL, NULL, NULL, NULL, NULL, '2022-02-02 12:38:08', NULL, '2022-02-02 12:38:08'),
(1276, NULL, NULL, NULL, NULL, NULL, NULL, NULL, '2022-02-02 12:38:43', NULL, '2022-02-02 12:38:43'),
(1277, NULL, NULL, NULL, NULL, NULL, NULL, NULL, '2022-02-02 12:39:39', NULL, '2022-02-02 12:39:39'),
(1278, NULL, NULL, NULL, NULL, NULL, NULL, NULL, '2022-02-02 12:40:49', NULL, '2022-02-02 12:40:49'),
(1279, NULL, NULL, NULL, NULL, NULL, NULL, NULL, '2022-02-02 12:42:09', NULL, '2022-02-02 12:42:09'),
(1280, NULL, NULL, NULL, NULL, NULL, NULL, NULL, '2022-02-02 12:42:56', NULL, '2022-02-02 12:42:56'),
(1281, NULL, NULL, NULL, NULL, NULL, NULL, NULL, '2022-02-02 12:43:58', NULL, '2022-02-02 12:43:58'),
(1282, NULL, NULL, NULL, NULL, NULL, NULL, NULL, '2022-02-02 12:45:03', NULL, '2022-02-02 12:45:03'),
(1283, NULL, NULL, NULL, NULL, NULL, NULL, NULL, '2022-02-02 12:46:13', NULL, '2022-02-02 12:46:13'),
(1284, NULL, NULL, NULL, NULL, NULL, NULL, NULL, '2022-02-02 12:47:04', NULL, '2022-02-02 12:47:04'),
(1285, NULL, NULL, NULL, NULL, NULL, NULL, NULL, '2022-02-02 12:47:56', NULL, '2022-02-02 12:47:56'),
(1286, NULL, NULL, NULL, NULL, NULL, NULL, NULL, '2022-02-02 12:48:35', NULL, '2022-02-02 12:48:35'),
(1287, NULL, NULL, NULL, NULL, NULL, NULL, NULL, '2022-02-02 12:49:00', NULL, '2022-02-02 12:49:00'),
(1288, NULL, NULL, NULL, NULL, NULL, NULL, NULL, '2022-02-02 12:49:52', NULL, '2022-02-02 12:49:52'),
(1289, NULL, NULL, NULL, NULL, NULL, NULL, NULL, '2022-02-02 12:50:36', NULL, '2022-02-02 12:50:36'),
(1290, NULL, NULL, NULL, NULL, NULL, NULL, NULL, '2022-02-02 12:51:12', NULL, '2022-02-02 12:51:12'),
(1291, NULL, NULL, NULL, NULL, NULL, NULL, NULL, '2022-02-02 12:52:36', NULL, '2022-02-02 12:52:36'),
(1292, NULL, NULL, NULL, NULL, NULL, NULL, NULL, '2022-02-02 12:53:28', NULL, '2022-02-02 12:53:28'),
(1293, NULL, NULL, NULL, NULL, '0', NULL, NULL, '2022-02-02 12:58:06', NULL, '2022-02-02 12:58:06'),
(1294, NULL, NULL, NULL, NULL, NULL, NULL, NULL, '2022-02-02 12:58:58', NULL, '2022-02-02 12:58:58'),
(1295, NULL, NULL, NULL, NULL, NULL, NULL, NULL, '2022-02-02 12:59:31', NULL, '2022-02-02 12:59:31'),
(1296, NULL, NULL, NULL, NULL, NULL, NULL, NULL, '2022-02-02 13:00:14', NULL, '2022-02-02 13:00:14'),
(1297, NULL, NULL, NULL, NULL, NULL, NULL, NULL, '2022-02-02 13:01:02', NULL, '2022-02-02 13:01:02'),
(1298, NULL, NULL, NULL, NULL, NULL, NULL, NULL, '2022-02-02 13:01:33', NULL, '2022-02-02 13:01:33'),
(1299, NULL, NULL, NULL, NULL, NULL, NULL, NULL, '2022-02-02 13:02:17', NULL, '2022-02-02 13:02:17'),
(1302, NULL, NULL, NULL, NULL, NULL, NULL, NULL, '2022-02-02 13:04:38', NULL, '2022-02-02 13:04:38'),
(1303, NULL, NULL, NULL, NULL, NULL, NULL, NULL, '2022-02-02 13:05:43', NULL, '2022-02-02 13:05:43'),
(1304, NULL, NULL, NULL, NULL, NULL, NULL, NULL, '2022-02-02 13:07:04', NULL, '2022-02-02 13:07:04'),
(1305, NULL, NULL, NULL, NULL, NULL, NULL, NULL, '2022-02-02 13:07:56', NULL, '2022-02-02 13:07:56'),
(1306, NULL, NULL, NULL, NULL, NULL, NULL, NULL, '2022-02-02 13:11:42', NULL, '2022-02-02 13:11:42'),
(1308, NULL, NULL, NULL, NULL, NULL, NULL, NULL, '2022-02-02 13:13:26', NULL, '2022-02-02 13:13:26'),
(1310, NULL, NULL, NULL, NULL, NULL, NULL, NULL, '2022-02-02 13:16:54', NULL, '2022-02-02 13:16:54'),
(1312, NULL, NULL, NULL, NULL, NULL, NULL, NULL, '2022-02-02 13:18:28', NULL, '2022-02-02 13:18:28'),
(1313, NULL, NULL, NULL, NULL, NULL, NULL, NULL, '2022-02-02 13:20:17', NULL, '2022-02-02 13:20:17'),
(1314, NULL, NULL, NULL, NULL, NULL, NULL, NULL, '2022-02-02 13:20:42', NULL, '2022-02-02 13:20:42'),
(1315, NULL, NULL, NULL, NULL, NULL, NULL, NULL, '2022-02-02 13:22:07', NULL, '2022-02-02 13:22:07'),
(1316, NULL, NULL, NULL, NULL, NULL, NULL, NULL, '2022-02-02 13:23:06', NULL, '2022-02-02 13:23:06'),
(1317, NULL, NULL, NULL, NULL, NULL, NULL, NULL, '2022-02-02 13:23:59', NULL, '2022-02-02 13:23:59'),
(1318, NULL, NULL, NULL, NULL, NULL, NULL, NULL, '2022-02-02 13:25:10', NULL, '2022-02-02 13:25:10'),
(1319, NULL, NULL, NULL, NULL, NULL, NULL, NULL, '2022-02-02 13:26:06', NULL, '2022-02-02 13:26:06'),
(1320, NULL, NULL, NULL, NULL, NULL, NULL, NULL, '2022-02-02 13:26:49', NULL, '2022-02-02 13:26:49'),
(1321, NULL, NULL, NULL, NULL, NULL, NULL, NULL, '2022-02-02 13:27:18', NULL, '2022-02-02 13:27:18'),
(1322, NULL, NULL, NULL, NULL, NULL, NULL, NULL, '2022-02-02 13:27:50', NULL, '2022-02-02 13:27:50'),
(1323, NULL, NULL, NULL, NULL, NULL, NULL, NULL, '2022-02-02 13:28:35', NULL, '2022-02-02 13:28:35'),
(1324, NULL, NULL, NULL, NULL, NULL, NULL, NULL, '2022-02-02 13:29:27', NULL, '2022-02-02 13:29:27'),
(1325, NULL, NULL, NULL, NULL, NULL, NULL, NULL, '2022-02-02 13:30:00', NULL, '2022-02-02 13:30:00'),
(1326, NULL, NULL, NULL, NULL, NULL, NULL, NULL, '2022-02-02 13:30:53', NULL, '2022-02-02 13:30:53'),
(1327, NULL, NULL, NULL, NULL, NULL, NULL, NULL, '2022-02-02 13:32:30', NULL, '2022-02-02 13:32:30'),
(1328, NULL, NULL, NULL, NULL, NULL, NULL, NULL, '2022-02-02 13:32:51', NULL, '2022-02-02 13:32:51'),
(1329, NULL, NULL, NULL, NULL, NULL, NULL, NULL, '2022-02-02 13:34:08', NULL, '2022-02-02 13:34:08'),
(1330, NULL, NULL, NULL, NULL, NULL, NULL, NULL, '2022-02-02 18:11:06', NULL, '2022-02-02 18:11:06'),
(1331, NULL, NULL, NULL, NULL, NULL, NULL, NULL, '2022-02-02 18:12:55', NULL, '2022-02-02 18:12:55'),
(1332, NULL, NULL, NULL, NULL, NULL, NULL, NULL, '2022-02-03 01:27:46', NULL, '2022-02-03 01:27:46'),
(1333, NULL, NULL, NULL, NULL, NULL, NULL, NULL, '2022-02-03 01:28:54', NULL, '2022-02-03 01:28:54'),
(1334, NULL, NULL, NULL, NULL, NULL, NULL, NULL, '2022-02-03 01:30:14', NULL, '2022-02-03 01:30:14'),
(1335, NULL, NULL, NULL, NULL, '0', NULL, NULL, '2022-02-03 01:32:09', NULL, '2022-02-03 01:32:09'),
(1336, NULL, NULL, NULL, NULL, NULL, NULL, NULL, '2022-02-03 01:33:02', NULL, '2022-02-03 01:33:02'),
(1337, NULL, NULL, NULL, NULL, NULL, NULL, NULL, '2022-02-03 01:33:50', NULL, '2022-02-03 01:33:50'),
(1338, NULL, NULL, NULL, NULL, NULL, NULL, NULL, '2022-02-03 01:35:24', NULL, '2022-02-03 01:35:24'),
(1339, NULL, NULL, NULL, NULL, NULL, NULL, NULL, '2022-02-03 01:36:20', NULL, '2022-02-03 01:36:20'),
(1340, NULL, NULL, NULL, NULL, NULL, NULL, NULL, '2022-02-03 01:37:05', NULL, '2022-02-03 01:37:05'),
(1341, NULL, NULL, NULL, NULL, NULL, NULL, NULL, '2022-02-03 01:37:44', NULL, '2022-02-03 01:37:44'),
(1343, NULL, NULL, NULL, NULL, NULL, NULL, NULL, '2022-02-03 01:39:07', NULL, '2022-02-03 01:39:07'),
(1344, NULL, NULL, NULL, NULL, NULL, NULL, NULL, '2022-02-03 01:39:58', NULL, '2022-02-03 01:39:58'),
(1345, NULL, NULL, NULL, NULL, NULL, NULL, NULL, '2022-02-03 01:40:50', NULL, '2022-02-03 01:40:50'),
(1346, NULL, NULL, NULL, NULL, NULL, NULL, NULL, '2022-02-03 01:41:50', NULL, '2022-02-03 01:41:50'),
(1347, NULL, NULL, NULL, NULL, NULL, NULL, NULL, '2022-02-03 01:43:16', NULL, '2022-02-03 01:43:16'),
(1348, NULL, NULL, NULL, NULL, NULL, NULL, NULL, '2022-02-03 01:45:18', NULL, '2022-02-03 01:45:18'),
(1349, NULL, NULL, NULL, NULL, NULL, NULL, NULL, '2022-02-03 01:46:07', NULL, '2022-02-03 01:46:07'),
(1350, NULL, NULL, NULL, NULL, NULL, NULL, NULL, '2022-02-03 01:46:57', NULL, '2022-02-03 01:46:57'),
(1351, NULL, NULL, NULL, NULL, NULL, NULL, NULL, '2022-02-03 01:47:56', NULL, '2022-02-03 01:47:56'),
(1352, NULL, NULL, NULL, NULL, NULL, NULL, NULL, '2022-02-03 01:48:40', NULL, '2022-02-03 01:48:40'),
(1353, NULL, NULL, NULL, NULL, NULL, NULL, NULL, '2022-02-03 01:49:33', NULL, '2022-02-03 01:49:33'),
(1354, NULL, NULL, NULL, NULL, NULL, NULL, NULL, '2022-02-03 01:50:06', NULL, '2022-02-03 01:50:06'),
(1355, NULL, NULL, NULL, NULL, NULL, NULL, NULL, '2022-02-03 01:50:50', NULL, '2022-02-03 01:50:50'),
(1357, NULL, NULL, NULL, NULL, NULL, NULL, NULL, '2022-02-03 01:53:03', NULL, '2022-02-03 01:53:03'),
(1358, NULL, NULL, NULL, NULL, NULL, NULL, NULL, '2022-02-03 01:53:24', NULL, '2022-02-03 01:53:24'),
(1359, NULL, NULL, NULL, NULL, NULL, NULL, NULL, '2022-02-03 01:53:59', NULL, '2022-02-03 01:53:59'),
(1360, NULL, NULL, NULL, NULL, NULL, NULL, NULL, '2022-02-03 01:55:13', NULL, '2022-02-03 01:55:13'),
(1361, NULL, NULL, NULL, NULL, NULL, NULL, NULL, '2022-02-03 01:55:49', NULL, '2022-02-03 01:55:49'),
(1362, NULL, NULL, NULL, NULL, NULL, NULL, NULL, '2022-02-03 01:56:33', NULL, '2022-02-03 01:56:33'),
(1363, NULL, NULL, NULL, NULL, NULL, NULL, NULL, '2022-02-03 01:57:13', NULL, '2022-02-03 01:57:13'),
(1364, NULL, NULL, NULL, NULL, NULL, NULL, NULL, '2022-02-03 01:57:47', NULL, '2022-02-03 01:57:47'),
(1365, NULL, NULL, NULL, NULL, NULL, NULL, NULL, '2022-02-03 01:58:27', NULL, '2022-02-03 01:58:27'),
(1366, NULL, NULL, NULL, NULL, NULL, NULL, NULL, '2022-02-03 01:59:15', NULL, '2022-02-03 01:59:15'),
(1367, NULL, NULL, NULL, NULL, NULL, NULL, NULL, '2022-02-03 01:59:44', NULL, '2022-02-03 01:59:44'),
(1368, NULL, NULL, NULL, NULL, NULL, NULL, NULL, '2022-02-03 02:00:32', NULL, '2022-02-03 02:00:32'),
(1371, NULL, NULL, NULL, NULL, NULL, NULL, NULL, '2022-02-03 02:02:29', NULL, '2022-02-03 02:02:29'),
(1372, NULL, NULL, NULL, NULL, NULL, NULL, NULL, '2022-02-03 02:02:53', NULL, '2022-02-03 02:02:53'),
(1373, NULL, NULL, NULL, NULL, NULL, NULL, NULL, '2022-02-03 02:03:23', NULL, '2022-02-03 02:03:23'),
(1374, NULL, NULL, NULL, NULL, NULL, NULL, NULL, '2022-02-03 02:04:31', NULL, '2022-02-03 02:04:31'),
(1375, NULL, NULL, NULL, NULL, NULL, NULL, NULL, '2022-02-03 02:05:04', NULL, '2022-02-03 02:05:04'),
(1376, NULL, NULL, NULL, NULL, NULL, NULL, NULL, '2022-02-03 02:05:38', NULL, '2022-02-03 02:05:38'),
(1377, NULL, NULL, NULL, NULL, NULL, NULL, NULL, '2022-02-03 02:06:21', NULL, '2022-02-03 02:06:21'),
(1378, NULL, NULL, NULL, NULL, NULL, NULL, NULL, '2022-02-03 02:07:06', NULL, '2022-02-03 02:07:06'),
(1379, NULL, NULL, NULL, NULL, NULL, NULL, NULL, '2022-02-03 02:08:07', NULL, '2022-02-03 02:08:07'),
(1380, NULL, NULL, NULL, NULL, NULL, NULL, NULL, '2022-02-03 02:09:06', NULL, '2022-02-03 02:09:06'),
(1381, NULL, NULL, NULL, NULL, NULL, NULL, NULL, '2022-02-03 02:09:52', NULL, '2022-02-03 02:09:52'),
(1383, NULL, NULL, NULL, NULL, NULL, NULL, NULL, '2022-02-03 02:12:27', NULL, '2022-02-03 02:12:27'),
(1385, NULL, NULL, NULL, NULL, NULL, NULL, NULL, '2022-02-03 02:13:33', NULL, '2022-02-03 02:13:33'),
(1386, NULL, NULL, NULL, NULL, NULL, NULL, NULL, '2022-02-03 02:14:19', NULL, '2022-02-03 02:14:19'),
(1387, NULL, NULL, NULL, NULL, NULL, NULL, NULL, '2022-02-03 02:15:03', NULL, '2022-02-03 02:15:03'),
(1388, NULL, NULL, NULL, NULL, NULL, NULL, NULL, '2022-02-03 02:16:43', NULL, '2022-02-03 02:16:43'),
(1389, NULL, NULL, NULL, NULL, NULL, NULL, NULL, '2022-02-03 02:19:09', NULL, '2022-02-03 02:19:09'),
(1390, NULL, NULL, NULL, NULL, NULL, NULL, NULL, '2022-02-03 02:19:45', NULL, '2022-02-03 02:19:45'),
(1391, NULL, NULL, NULL, NULL, NULL, NULL, NULL, '2022-02-03 02:20:29', NULL, '2022-02-03 02:20:29'),
(1392, NULL, NULL, NULL, NULL, NULL, NULL, NULL, '2022-02-03 02:21:27', NULL, '2022-02-03 02:21:27'),
(1393, NULL, NULL, NULL, NULL, NULL, NULL, NULL, '2022-02-03 02:22:21', NULL, '2022-02-03 02:22:21'),
(1394, NULL, NULL, NULL, NULL, NULL, NULL, NULL, '2022-02-03 02:22:48', NULL, '2022-02-03 02:22:48'),
(1395, NULL, NULL, NULL, NULL, NULL, NULL, NULL, '2022-02-03 02:23:25', NULL, '2022-02-03 02:23:25'),
(1396, NULL, NULL, NULL, NULL, NULL, NULL, NULL, '2022-02-03 02:24:20', NULL, '2022-02-03 02:24:20'),
(1397, NULL, NULL, NULL, NULL, NULL, NULL, NULL, '2022-02-03 02:26:03', NULL, '2022-02-03 02:26:03'),
(1398, NULL, NULL, NULL, NULL, NULL, NULL, NULL, '2022-02-03 02:28:23', NULL, '2022-02-03 02:28:23'),
(1399, NULL, NULL, NULL, NULL, NULL, NULL, NULL, '2022-02-03 02:29:07', NULL, '2022-02-03 02:29:07'),
(1401, NULL, NULL, NULL, NULL, NULL, NULL, NULL, '2022-02-03 02:31:19', NULL, '2022-02-03 02:31:19'),
(1402, NULL, NULL, NULL, NULL, NULL, NULL, NULL, '2022-02-03 02:32:18', NULL, '2022-02-03 02:32:18'),
(1403, NULL, NULL, NULL, NULL, NULL, NULL, NULL, '2022-02-03 02:33:30', NULL, '2022-02-03 02:33:30'),
(1404, NULL, NULL, NULL, NULL, NULL, NULL, NULL, '2022-02-03 02:34:14', NULL, '2022-02-03 02:34:14'),
(1405, NULL, NULL, NULL, NULL, NULL, NULL, NULL, '2022-02-03 02:35:10', NULL, '2022-02-03 02:35:10'),
(1406, NULL, NULL, NULL, NULL, NULL, NULL, NULL, '2022-02-03 02:35:40', NULL, '2022-02-03 02:35:40'),
(1407, NULL, NULL, NULL, NULL, NULL, NULL, NULL, '2022-02-03 02:36:34', NULL, '2022-02-03 02:36:34'),
(1408, NULL, NULL, NULL, NULL, NULL, NULL, NULL, '2022-02-03 02:37:13', NULL, '2022-02-03 02:37:13'),
(1409, NULL, NULL, NULL, NULL, NULL, NULL, NULL, '2022-02-03 02:38:05', NULL, '2022-02-03 02:38:05'),
(1410, NULL, NULL, NULL, NULL, NULL, NULL, NULL, '2022-02-03 02:38:36', NULL, '2022-02-03 02:38:36'),
(1462, NULL, NULL, NULL, NULL, '0', 83, NULL, '2022-02-21 08:27:51', NULL, '2022-02-21 08:27:51'),
(1466, NULL, NULL, NULL, NULL, NULL, 68, NULL, '2022-02-22 02:23:46', NULL, '2022-02-22 02:23:46'),
(1467, NULL, NULL, NULL, NULL, '0', 245, NULL, '2022-02-25 12:19:25', NULL, '2022-02-25 12:19:25'),
(1469, NULL, NULL, NULL, NULL, '0', 245, NULL, '2022-02-25 13:39:50', NULL, '2022-02-25 13:39:50'),
(1470, NULL, NULL, NULL, NULL, '0', 245, NULL, '2022-02-25 13:46:05', NULL, '2022-02-25 13:46:05'),
(1473, NULL, NULL, NULL, NULL, '2', 245, NULL, '2022-02-25 13:54:50', NULL, '2022-02-25 13:54:50'),
(1525, NULL, NULL, NULL, NULL, NULL, 68, NULL, '2022-03-03 07:53:02', NULL, '2022-03-03 07:53:02'),
(1527, NULL, NULL, NULL, NULL, NULL, 68, NULL, '2022-03-03 07:53:56', NULL, '2022-03-03 07:53:56'),
(1528, NULL, NULL, NULL, NULL, '0', 84, NULL, '2022-03-03 07:55:47', NULL, '2022-03-03 07:55:47'),
(1565, NULL, NULL, NULL, NULL, '0', 84, NULL, '2022-03-09 08:34:47', NULL, '2022-03-09 08:34:47'),
(1580, NULL, NULL, NULL, NULL, NULL, 68, NULL, '2022-03-09 14:05:13', NULL, '2022-03-09 14:05:13'),
(1584, NULL, NULL, NULL, NULL, NULL, 68, NULL, '2022-03-09 14:48:39', NULL, '2022-03-09 14:48:39'),
(1585, NULL, NULL, NULL, NULL, NULL, 68, NULL, '2022-03-10 13:51:35', NULL, '2022-03-10 13:51:35'),
(1586, NULL, NULL, NULL, NULL, NULL, 68, NULL, '2022-03-10 16:11:17', NULL, '2022-03-10 16:11:17'),
(1587, NULL, NULL, NULL, NULL, NULL, 68, NULL, '2022-03-10 16:14:27', NULL, '2022-03-10 16:14:27'),
(1612, NULL, NULL, NULL, NULL, NULL, 259, NULL, '2022-03-11 08:58:29', NULL, '2022-03-11 08:58:29'),
(1627, NULL, NULL, NULL, NULL, '0', 259, NULL, '2022-03-11 12:29:52', NULL, '2022-03-11 12:29:52'),
(1629, NULL, NULL, NULL, NULL, NULL, 259, NULL, '2022-03-11 12:33:18', NULL, '2022-03-11 12:33:18'),
(1630, NULL, NULL, NULL, NULL, '0', 259, NULL, '2022-03-11 12:46:06', NULL, '2022-03-11 12:46:06'),
(1637, NULL, NULL, NULL, NULL, NULL, 68, NULL, '2022-03-14 06:24:09', NULL, '2022-03-14 06:24:09'),
(1641, NULL, NULL, NULL, NULL, NULL, NULL, NULL, '2022-03-14 12:07:12', NULL, '2022-03-14 12:07:12'),
(1647, NULL, NULL, NULL, NULL, NULL, NULL, NULL, '2022-03-14 14:04:09', NULL, '2022-03-14 14:04:09'),
(1684, NULL, NULL, NULL, NULL, NULL, 68, NULL, '2022-03-23 09:45:25', NULL, '2022-03-23 09:45:25'),
(1685, NULL, NULL, NULL, NULL, NULL, 68, NULL, '2022-03-23 11:06:46', NULL, '2022-03-23 11:06:46'),
(1686, NULL, NULL, NULL, NULL, NULL, 73, NULL, '2022-03-24 06:04:55', NULL, '2022-03-24 06:04:55'),
(1690, NULL, NULL, NULL, NULL, NULL, 68, NULL, '2022-03-25 15:30:09', NULL, '2022-03-25 15:30:09'),
(1693, NULL, NULL, NULL, NULL, NULL, 68, NULL, '2022-04-04 13:30:58', NULL, '2022-04-04 13:30:58'),
(1698, NULL, NULL, NULL, NULL, NULL, 60, NULL, '2022-04-13 12:13:45', NULL, '2022-04-13 12:13:45'),
(1699, NULL, NULL, NULL, NULL, NULL, 54, NULL, '2022-04-13 12:15:06', NULL, '2022-04-13 12:15:06'),
(1702, NULL, NULL, 266, NULL, '0', NULL, NULL, '2022-06-22 13:56:38', NULL, '2022-06-22 13:56:38'),
(1712, NULL, NULL, 268, NULL, '0', NULL, NULL, '2022-06-22 15:43:56', NULL, '2022-06-22 15:43:56'),
(1713, NULL, NULL, 268, NULL, '0', NULL, NULL, '2022-06-22 15:44:07', NULL, '2022-06-22 15:44:07'),
(1714, NULL, NULL, 268, NULL, '0', NULL, NULL, '2022-06-22 15:44:17', NULL, '2022-06-22 15:44:17'),
(1715, NULL, NULL, 268, NULL, '0', NULL, NULL, '2022-06-22 15:45:45', NULL, '2022-06-22 15:45:45'),
(1984, 30, NULL, 271, 1231, '0', NULL, NULL, '2022-07-22 11:01:41', NULL, '2022-07-22 11:01:41'),
(1991, 30, NULL, 271, 1228, '0', NULL, NULL, '2022-07-22 11:12:43', NULL, '2022-07-22 11:12:43'),
(1998, 30, NULL, 271, 1220, '0', NULL, NULL, '2022-07-22 11:17:18', NULL, '2022-07-22 11:17:18'),
(2005, 30, NULL, 271, 1224, '0', NULL, NULL, '2022-07-22 11:21:30', NULL, '2022-07-22 11:21:30'),
(2018, 30, NULL, 271, 1207, '0', NULL, NULL, '2022-07-22 11:33:05', NULL, '2022-07-22 11:33:05'),
(2067, 30, NULL, 270, 1282, '0', NULL, NULL, '2022-07-22 12:20:11', NULL, '2022-07-22 12:20:11'),
(2068, 30, NULL, 270, 1273, '0', NULL, NULL, '2022-07-22 12:21:09', NULL, '2022-07-22 12:21:09'),
(2077, 30, NULL, 270, 1275, '0', NULL, NULL, '2022-07-22 12:26:46', NULL, '2022-07-22 12:26:46'),
(2079, 30, NULL, 270, 1271, '0', NULL, NULL, '2022-07-22 12:27:28', NULL, '2022-07-22 12:27:28'),
(2081, 30, NULL, 270, 1269, '0', NULL, NULL, '2022-07-22 12:27:55', NULL, '2022-07-22 12:27:55'),
(2094, 30, NULL, 270, 1291, '0', NULL, NULL, '2022-07-22 15:54:37', NULL, '2022-07-22 15:54:37'),
(2096, 30, NULL, 270, 1289, '0', NULL, NULL, '2022-07-22 15:55:02', NULL, '2022-07-22 15:55:02'),
(2097, 30, NULL, 270, 1290, '0', NULL, NULL, '2022-07-22 15:57:04', NULL, '2022-07-22 15:57:04'),
(2101, 30, NULL, 270, 1293, '0', NULL, NULL, '2022-07-22 15:57:49', NULL, '2022-07-22 15:57:49'),
(2102, 30, NULL, 270, 1292, '0', NULL, NULL, '2022-07-22 15:58:02', NULL, '2022-07-22 15:58:02'),
(2103, 30, NULL, 270, 1283, '0', NULL, NULL, '2022-07-22 15:58:26', NULL, '2022-07-22 15:58:26'),
(2105, 30, NULL, 270, 1278, '0', NULL, NULL, '2022-07-22 15:59:08', NULL, '2022-07-22 15:59:08'),
(2106, 30, NULL, 270, 1277, '0', NULL, NULL, '2022-07-22 15:59:26', NULL, '2022-07-22 15:59:26'),
(2107, 30, NULL, 270, 1276, '0', NULL, NULL, '2022-07-22 15:59:43', NULL, '2022-07-22 15:59:43'),
(2108, 30, NULL, 270, 1274, '0', NULL, NULL, '2022-07-22 16:00:00', NULL, '2022-07-22 16:00:00'),
(2109, 30, NULL, 270, 1272, '0', NULL, NULL, '2022-07-22 16:00:17', NULL, '2022-07-22 16:00:17'),
(2110, 30, NULL, 270, 1270, '0', NULL, NULL, '2022-07-22 16:00:32', NULL, '2022-07-22 16:00:32'),
(2114, 30, NULL, 268, 1258, '0', NULL, NULL, '2022-07-22 16:01:41', NULL, '2022-07-22 16:01:41'),
(2115, 30, NULL, 268, 1257, '0', NULL, NULL, '2022-07-22 16:02:16', NULL, '2022-07-22 16:02:16'),
(2116, 30, NULL, 268, 1256, '0', NULL, NULL, '2022-07-22 16:02:30', NULL, '2022-07-22 16:02:30'),
(2117, 30, NULL, 270, 1255, '0', NULL, NULL, '2022-07-22 16:02:46', NULL, '2022-07-22 16:02:46'),
(2121, 30, NULL, 270, 1251, '0', NULL, NULL, '2022-07-22 16:03:43', NULL, '2022-07-22 16:03:43'),
(2127, 30, NULL, 268, 1236, '0', NULL, NULL, '2022-07-22 16:05:51', NULL, '2022-07-22 16:05:51'),
(2128, 30, NULL, 268, 1235, '0', NULL, NULL, '2022-07-22 16:06:07', NULL, '2022-07-22 16:06:07'),
(2129, 30, NULL, 268, 1234, '0', NULL, NULL, '2022-07-22 16:06:22', NULL, '2022-07-22 16:06:22'),
(2136, 30, NULL, 271, 1223, '0', NULL, NULL, '2022-07-26 12:56:56', NULL, '2022-07-26 12:56:56'),
(2138, 30, NULL, 271, 1226, '0', NULL, NULL, '2022-07-26 13:09:15', NULL, '2022-07-26 13:09:15'),
(2139, 30, NULL, 271, 1219, '0', NULL, NULL, '2022-07-26 13:44:05', NULL, '2022-07-26 13:44:05'),
(2141, 30, NULL, 271, 1214, '0', NULL, NULL, '2022-07-26 13:46:02', NULL, '2022-07-26 13:46:02'),
(2142, 30, NULL, 271, 1216, '0', NULL, NULL, '2022-07-26 13:52:59', NULL, '2022-07-26 13:52:59'),
(2145, 30, NULL, 271, 1233, '0', NULL, NULL, '2022-07-26 16:04:50', NULL, '2022-07-26 16:04:50'),
(2148, 30, NULL, 271, 1230, '0', NULL, NULL, '2022-07-26 16:35:13', NULL, '2022-07-26 16:35:13'),
(2149, 30, NULL, 271, 1229, '0', NULL, NULL, '2022-07-26 16:46:16', NULL, '2022-07-26 16:46:16'),
(2151, 30, NULL, 271, 1225, '0', NULL, NULL, '2022-07-26 17:11:42', NULL, '2022-07-26 17:11:42'),
(2153, 30, NULL, 271, 1222, '0', NULL, NULL, '2022-07-26 17:25:15', NULL, '2022-07-26 17:25:15'),
(2156, 30, NULL, 271, 1221, '0', NULL, NULL, '2022-07-26 17:28:00', NULL, '2022-07-26 17:28:00'),
(2158, 30, NULL, 271, 1213, '0', NULL, NULL, '2022-07-26 17:56:04', NULL, '2022-07-26 17:56:04'),
(2160, 30, NULL, 271, 1212, '0', NULL, NULL, '2022-07-26 17:57:02', NULL, '2022-07-26 17:57:02'),
(2161, 30, NULL, 271, 1211, '0', NULL, NULL, '2022-07-26 18:12:58', NULL, '2022-07-26 18:12:58'),
(2162, 30, NULL, 271, 1210, '0', NULL, NULL, '2022-07-26 18:25:50', NULL, '2022-07-26 18:25:50'),
(2163, 30, NULL, 271, 1232, '0', NULL, NULL, '2022-07-26 18:29:34', NULL, '2022-07-26 18:29:34'),
(2164, 30, NULL, 271, 1227, '0', NULL, NULL, '2022-07-26 18:30:06', NULL, '2022-07-26 18:30:06'),
(2165, 30, NULL, 271, 1209, '0', NULL, NULL, '2022-07-26 18:30:38', NULL, '2022-07-26 18:30:38'),
(2166, 30, NULL, 271, 1208, '0', NULL, NULL, '2022-07-26 18:30:55', NULL, '2022-07-26 18:30:55'),
(2167, 30, NULL, 268, 1237, '0', NULL, NULL, '2022-07-26 18:31:55', NULL, '2022-07-26 18:31:55'),
(2168, 30, NULL, 270, 1238, '0', NULL, NULL, '2022-07-27 10:53:19', NULL, '2022-07-27 10:53:19'),
(2169, 30, NULL, 270, 1239, '0', NULL, NULL, '2022-07-27 11:56:35', NULL, '2022-07-27 11:56:35'),
(2170, 30, NULL, 270, 1240, '0', NULL, NULL, '2022-07-27 11:57:43', NULL, '2022-07-27 11:57:43'),
(2171, 30, NULL, 270, 1241, '0', NULL, NULL, '2022-07-27 11:58:51', NULL, '2022-07-27 11:58:51'),
(2173, 30, NULL, 270, 1242, '0', NULL, NULL, '2022-07-27 12:01:18', NULL, '2022-07-27 12:01:18'),
(2174, 30, NULL, 270, 1243, '0', NULL, NULL, '2022-07-27 12:02:08', NULL, '2022-07-27 12:02:08'),
(2175, 30, NULL, 270, 1244, '0', NULL, NULL, '2022-07-27 12:03:08', NULL, '2022-07-27 12:03:08');
INSERT INTO `productCategory` (`id`, `storeId`, `cartId`, `categoryId`, `productId`, `position`, `parentCategoryId`, `createdBy`, `createdAt`, `updatedBy`, `updatedAt`) VALUES
(2177, 30, NULL, 270, 1245, '0', NULL, NULL, '2022-07-27 12:04:02', NULL, '2022-07-27 12:04:02'),
(2179, 30, NULL, 270, 1246, '0', NULL, NULL, '2022-07-27 12:05:20', NULL, '2022-07-27 12:05:20'),
(2180, 30, NULL, 270, 1259, '0', NULL, NULL, '2022-07-27 13:49:25', NULL, '2022-07-27 13:49:25'),
(2183, 30, NULL, 270, 1260, '0', NULL, NULL, '2022-07-27 13:52:33', NULL, '2022-07-27 13:52:33'),
(2184, 30, NULL, 270, 1261, '0', NULL, NULL, '2022-07-27 13:53:18', NULL, '2022-07-27 13:53:18'),
(2186, 30, NULL, 270, 1262, '0', NULL, NULL, '2022-07-27 13:55:22', NULL, '2022-07-27 13:55:22'),
(2188, 30, NULL, 270, 1263, '0', NULL, NULL, '2022-07-27 13:56:26', NULL, '2022-07-27 13:56:26'),
(2190, 30, NULL, 270, 1264, '0', NULL, NULL, '2022-07-27 13:57:25', NULL, '2022-07-27 13:57:25'),
(2191, 30, NULL, 270, 1265, '0', NULL, NULL, '2022-07-27 13:57:46', NULL, '2022-07-27 13:57:46'),
(2192, 30, NULL, 270, 1267, '0', NULL, NULL, '2022-07-27 13:59:38', NULL, '2022-07-27 13:59:38'),
(2193, 30, NULL, 270, 1268, '0', NULL, NULL, '2022-07-27 14:00:52', NULL, '2022-07-27 14:00:52'),
(2194, 30, NULL, 270, 1266, '0', NULL, NULL, '2022-07-27 14:19:56', NULL, '2022-07-27 14:19:56'),
(2201, 30, NULL, 270, 1288, '0', NULL, NULL, '2022-07-27 17:32:54', NULL, '2022-07-27 17:32:54'),
(2203, 30, NULL, 270, 1286, '0', NULL, NULL, '2022-07-27 17:35:02', NULL, '2022-07-27 17:35:02'),
(2205, 30, NULL, 270, 1287, '0', NULL, NULL, '2022-07-27 17:37:02', NULL, '2022-07-27 17:37:02'),
(2206, 30, NULL, 270, 1285, '0', NULL, NULL, '2022-07-27 17:38:27', NULL, '2022-07-27 17:38:27'),
(2207, 30, NULL, 270, 1280, '0', NULL, NULL, '2022-07-27 18:47:43', NULL, '2022-07-27 18:47:43'),
(2208, 30, NULL, 268, 1284, '0', NULL, NULL, '2022-07-27 19:12:36', NULL, '2022-07-27 19:12:36'),
(2209, 30, NULL, 270, 1281, '0', NULL, NULL, '2022-07-28 11:12:11', NULL, '2022-07-28 11:12:11'),
(2212, 30, NULL, 271, 1306, '0', NULL, NULL, '2022-07-28 11:54:34', NULL, '2022-07-28 11:54:34'),
(2213, 30, NULL, 271, 1217, '0', NULL, NULL, '2022-07-28 11:55:35', NULL, '2022-07-28 11:55:35'),
(2214, 30, NULL, 271, 1218, '0', NULL, NULL, '2022-07-28 11:55:55', NULL, '2022-07-28 11:55:55'),
(2217, 30, NULL, 270, 1279, '0', NULL, NULL, '2022-07-28 11:58:24', NULL, '2022-07-28 11:58:24'),
(2218, 30, NULL, 270, 1294, '0', NULL, NULL, '2022-08-09 18:53:02', NULL, '2022-08-09 18:53:02'),
(2219, 30, NULL, 273, 1297, '0', NULL, NULL, '2022-08-11 11:25:54', NULL, '2022-08-11 11:25:54'),
(2220, 30, NULL, 273, 1296, '0', NULL, NULL, '2022-08-11 11:26:57', NULL, '2022-08-11 11:26:57'),
(2221, 30, NULL, 270, 1254, '0', NULL, NULL, '2022-08-22 12:01:55', NULL, '2022-08-22 12:01:55'),
(2222, 30, NULL, 270, 1253, '0', NULL, NULL, '2022-08-22 12:02:34', NULL, '2022-08-22 12:02:34'),
(2223, 30, NULL, 270, 1252, '0', NULL, NULL, '2022-08-22 12:03:15', NULL, '2022-08-22 12:03:15'),
(2224, 30, NULL, 270, 1250, '0', NULL, NULL, '2022-08-22 12:04:27', NULL, '2022-08-22 12:04:27'),
(2225, 30, NULL, 270, 1249, '0', NULL, NULL, '2022-08-22 12:05:16', NULL, '2022-08-22 12:05:16'),
(2226, 30, NULL, 270, 1248, '0', NULL, NULL, '2022-08-22 12:05:54', NULL, '2022-08-22 12:05:54'),
(2227, 30, NULL, 270, 1247, '0', NULL, NULL, '2022-08-22 12:06:31', NULL, '2022-08-22 12:06:31'),
(2228, 30, NULL, 270, 1307, '0', NULL, NULL, '2022-08-24 11:14:35', NULL, '2022-08-24 11:14:35'),
(2230, 30, NULL, 270, 1308, '0', NULL, NULL, '2022-08-24 11:30:59', NULL, '2022-08-24 11:30:59'),
(2241, 30, NULL, 272, 1303, '0', NULL, NULL, '2022-09-11 23:09:46', NULL, '2022-09-11 23:09:46'),
(2242, 30, NULL, 267, 1303, '1', NULL, NULL, '2022-09-11 23:09:46', NULL, '2022-09-11 23:09:46'),
(2250, 30, NULL, 270, 1314, '0', NULL, NULL, '2022-10-10 18:45:46', NULL, '2022-10-10 18:45:46'),
(2256, 30, NULL, 267, 1313, '0', NULL, NULL, '2022-10-31 14:53:58', NULL, '2022-10-31 14:53:58'),
(2257, 30, NULL, 267, 1309, '0', NULL, NULL, '2022-10-31 14:56:25', NULL, '2022-10-31 14:56:25'),
(2258, 30, NULL, 267, 1310, '0', NULL, NULL, '2022-10-31 14:57:42', NULL, '2022-10-31 14:57:42'),
(2259, 30, NULL, 267, 1311, '0', NULL, NULL, '2022-10-31 14:58:54', NULL, '2022-10-31 14:58:54'),
(2260, 30, NULL, 267, 1312, '0', NULL, NULL, '2022-10-31 15:00:07', NULL, '2022-10-31 15:00:07');

-- --------------------------------------------------------

--
-- Table structure for table `productImages`
--

CREATE TABLE `productImages` (
  `id` int NOT NULL,
  `storeId` int DEFAULT NULL,
  `productId` int DEFAULT NULL,
  `file` varchar(255) CHARACTER SET utf8mb3 COLLATE utf8mb3_bin DEFAULT NULL,
  `url` varchar(255) CHARACTER SET utf8mb3 COLLATE utf8mb3_bin DEFAULT NULL,
  `imageTitle` varchar(255) CHARACTER SET utf8mb3 COLLATE utf8mb3_bin DEFAULT NULL,
  `isVideo` varchar(255) CHARACTER SET utf8mb3 COLLATE utf8mb3_bin DEFAULT NULL,
  `isPrimary` enum('Yes','No') CHARACTER SET utf8mb3 COLLATE utf8mb3_bin DEFAULT 'No',
  `createdBy` varchar(100) CHARACTER SET utf8mb3 COLLATE utf8mb3_bin DEFAULT NULL,
  `createdAt` datetime DEFAULT NULL,
  `updatedBy` varchar(100) CHARACTER SET utf8mb3 COLLATE utf8mb3_bin DEFAULT NULL,
  `updatedAt` datetime DEFAULT NULL
) ENGINE=InnoDB DEFAULT CHARSET=utf8mb3 COLLATE=utf8mb3_bin COMMENT='Product Images Table';

--
-- Dumping data for table `productImages`
--

INSERT INTO `productImages` (`id`, `storeId`, `productId`, `file`, `url`, `imageTitle`, `isVideo`, `isPrimary`, `createdBy`, `createdAt`, `updatedBy`, `updatedAt`) VALUES
(1, NULL, NULL, 'spent-time.png', NULL, NULL, NULL, 'No', NULL, '2021-10-18 06:23:58', NULL, '2021-10-18 06:23:58'),
(2, NULL, NULL, 'collaboration.png', NULL, NULL, NULL, 'No', NULL, '2021-10-18 06:23:58', NULL, '2021-10-18 06:23:58'),
(3, NULL, NULL, 'spent-time.png', NULL, NULL, NULL, 'No', NULL, '2021-10-18 06:30:24', NULL, '2021-10-18 06:30:24'),
(4, NULL, NULL, 'collaboration.png', NULL, NULL, NULL, 'No', NULL, '2021-10-18 06:30:24', NULL, '2021-10-18 06:30:24'),
(5, NULL, NULL, 'WhatsApp Image 2021-10-05 at 09.51.41.jpeg', NULL, NULL, NULL, 'No', NULL, '2021-10-18 06:55:21', NULL, '2021-10-18 06:55:21'),
(6, NULL, NULL, '_dsc0530-500x500.jpg', NULL, NULL, NULL, 'No', NULL, '2021-10-18 07:00:45', NULL, '2021-10-18 07:00:45'),
(7, NULL, NULL, 'spent-time.png', NULL, NULL, NULL, 'No', NULL, '2021-10-20 12:18:43', NULL, '2021-10-20 12:18:43'),
(8, NULL, NULL, 'collaboration.png', NULL, NULL, NULL, 'No', NULL, '2021-10-20 12:18:43', NULL, '2021-10-20 12:18:43'),
(9, NULL, NULL, 'plywood-board-500x500.jpg', NULL, NULL, NULL, 'No', NULL, '2021-10-20 12:26:10', NULL, '2021-10-20 12:26:10'),
(10, NULL, NULL, 'block-board-500x500.jpg', NULL, NULL, NULL, 'No', NULL, '2021-10-20 12:26:10', NULL, '2021-10-20 12:26:10'),
(11, NULL, NULL, '_dsc0530-500x500.jpg', NULL, NULL, NULL, 'No', NULL, '2021-10-21 05:40:14', NULL, '2021-10-21 05:40:14'),
(12, NULL, NULL, 'depositphotos_69354377-stock-photo-cross-section-of-plywood.jpg', NULL, NULL, NULL, 'No', NULL, '2021-10-23 11:45:39', NULL, '2021-10-23 11:45:39'),
(13, NULL, NULL, '1592400611828block-board-500x500.jpg', NULL, NULL, NULL, 'No', NULL, '2021-11-23 06:55:33', NULL, '2021-11-23 06:55:33'),
(14, NULL, NULL, '1592400541791plywood-board-500x500.jpg', NULL, NULL, NULL, 'No', NULL, '2021-11-23 07:02:43', NULL, '2021-11-23 07:02:43'),
(15, NULL, NULL, '159315285009219-122-244-pumaply-bwp-19mm-8-x-4-blockboard-duro-original-imafsbg5xtfjy9uz.jpeg', NULL, NULL, NULL, 'No', NULL, '2021-11-23 09:42:25', NULL, '2021-11-23 09:42:25'),
(16, NULL, NULL, '1592402470054block-board-500x500.jpg', NULL, NULL, NULL, 'No', NULL, '2021-11-23 09:47:56', NULL, '2021-11-23 09:47:56'),
(17, NULL, NULL, '1592402538682plywood-board-500x500.jpg', NULL, NULL, NULL, 'No', NULL, '2021-11-23 09:51:07', NULL, '2021-11-23 09:51:07'),
(18, NULL, NULL, '1592402563226block-board-500x500.jpg', NULL, NULL, NULL, 'No', NULL, '2021-11-23 09:55:08', NULL, '2021-11-23 09:55:08'),
(19, NULL, NULL, '1592402578132block-board-500x500.jpg', NULL, NULL, NULL, 'No', NULL, '2021-11-23 10:00:16', NULL, '2021-11-23 10:00:16'),
(20, NULL, NULL, '1592402595301block-board-500x500.jpg', NULL, NULL, NULL, 'No', NULL, '2021-11-23 10:03:01', NULL, '2021-11-23 10:03:01'),
(21, NULL, NULL, '1594136577679Laminatesicon.jpg', NULL, NULL, NULL, 'No', NULL, '2021-11-23 10:31:26', NULL, '2021-11-23 10:31:26'),
(22, NULL, NULL, '1594136476890Laminatesicon.jpg', NULL, NULL, NULL, 'No', NULL, '2021-11-23 10:33:21', NULL, '2021-11-23 10:33:21'),
(23, NULL, NULL, '1594136386089Laminatesicon (1).jpg', NULL, NULL, NULL, 'No', NULL, '2021-11-23 10:37:45', NULL, '2021-11-23 10:37:45'),
(24, NULL, NULL, '1594136291313Laminatesicon.jpg', NULL, NULL, NULL, 'No', NULL, '2021-11-23 10:43:04', NULL, '2021-11-23 10:43:04'),
(25, NULL, NULL, '1594136214302Laminatesicon.jpg', NULL, NULL, NULL, 'No', NULL, '2021-11-23 10:45:10', NULL, '2021-11-23 10:45:10'),
(26, NULL, NULL, '1594134957341Laminatesicon.jpg', NULL, NULL, NULL, 'No', NULL, '2021-11-23 10:47:24', NULL, '2021-11-23 10:47:24'),
(27, NULL, NULL, '1594134957341Laminatesicon.jpg', NULL, NULL, NULL, 'No', NULL, '2021-11-23 10:49:02', NULL, '2021-11-23 10:49:02'),
(28, NULL, NULL, '1594134957341Laminatesicon.jpg', NULL, NULL, NULL, 'No', NULL, '2021-11-23 10:53:16', NULL, '2021-11-23 10:53:16'),
(29, NULL, NULL, '1592400564952avron-12mm-club-plywood-500x500.jpg', NULL, NULL, NULL, 'No', NULL, '2021-11-23 10:58:11', NULL, '2021-11-23 10:58:11'),
(30, NULL, NULL, '1594134957341Laminatesicon.jpg', NULL, NULL, NULL, 'No', NULL, '2021-11-23 11:05:46', NULL, '2021-11-23 11:05:46'),
(31, NULL, NULL, '15924961478751592398666137prod_img1(1).jpg', NULL, NULL, NULL, 'No', NULL, '2021-11-23 11:09:49', NULL, '2021-11-23 11:09:49'),
(32, NULL, NULL, '1594134957341Laminatesicon.jpg', NULL, NULL, NULL, 'No', NULL, '2021-11-23 11:12:34', NULL, '2021-11-23 11:12:34'),
(33, NULL, NULL, '1592402489482block-board-500x500.jpg', NULL, NULL, NULL, 'No', NULL, '2021-11-24 03:44:02', NULL, '2021-11-24 03:44:02'),
(34, NULL, NULL, '1592400564952avron-12mm-club-plywood-500x500.jpg', NULL, NULL, NULL, 'No', NULL, '2021-11-24 03:46:23', NULL, '2021-11-24 03:46:23'),
(35, NULL, NULL, '15931525964217-x-4-15-green-mr-15mm-7-x-4-greenply-original-imafhca87cjagy9z.jpeg', NULL, NULL, NULL, 'No', NULL, '2021-11-24 03:50:18', NULL, '2021-11-24 03:50:18'),
(36, NULL, NULL, '15931525964217-x-4-15-green-mr-15mm-7-x-4-greenply-original-imafhca87cjagy9z.jpeg', NULL, NULL, NULL, 'No', NULL, '2021-11-24 03:52:02', NULL, '2021-11-24 03:52:02'),
(37, NULL, NULL, '15924670396961592398666138prod_img3.jpg', NULL, NULL, NULL, 'No', NULL, '2021-11-24 03:55:50', NULL, '2021-11-24 03:55:50'),
(38, NULL, NULL, '1592979690201waterproof-wooden-plywood-500x500.jpg', NULL, NULL, NULL, 'No', NULL, '2021-11-24 03:57:25', NULL, '2021-11-24 03:57:25'),
(39, NULL, NULL, '1592400707337plywood-board-500x500.jpg', NULL, NULL, NULL, 'No', NULL, '2021-11-24 04:03:21', NULL, '2021-11-24 04:03:21'),
(40, NULL, NULL, '1592400707337plywood-board-500x500.jpg', NULL, NULL, NULL, 'No', NULL, '2021-11-24 04:05:36', NULL, '2021-11-24 04:05:36'),
(41, NULL, NULL, '1592402380177avron-12mm-club-plywood-500x500.jpg', NULL, NULL, NULL, 'No', NULL, '2021-11-24 04:09:24', NULL, '2021-11-24 04:09:24'),
(42, NULL, NULL, '1592402404693block-board-500x500.jpg', NULL, NULL, NULL, 'No', NULL, '2021-11-24 04:11:44', NULL, '2021-11-24 04:11:44'),
(43, NULL, NULL, '1592400502900prodcut_banner.png', NULL, NULL, NULL, 'No', NULL, '2021-11-24 04:14:00', NULL, '2021-11-24 04:14:00'),
(44, NULL, NULL, '1592402489482block-board-500x500.jpg', NULL, NULL, NULL, 'No', NULL, '2021-11-26 10:22:28', NULL, '2021-11-26 10:22:28'),
(45, NULL, NULL, 'bcc.jpg', NULL, NULL, NULL, 'No', NULL, '2021-11-27 13:11:23', NULL, '2021-11-27 13:11:23'),
(66, NULL, NULL, '1640084188405.PNG', NULL, NULL, NULL, 'Yes', NULL, '2021-12-21 10:56:28', NULL, '2021-12-21 10:56:28'),
(67, NULL, NULL, '1640084188416.JPG', NULL, NULL, NULL, 'No', NULL, '2021-12-21 10:56:28', NULL, '2021-12-21 10:56:28'),
(68, NULL, NULL, '1640084188418.PNG', NULL, NULL, NULL, 'No', NULL, '2021-12-21 10:56:28', NULL, '2021-12-21 10:56:28'),
(69, NULL, NULL, '1640084188419.PNG', NULL, NULL, NULL, 'No', NULL, '2021-12-21 10:56:28', NULL, '2021-12-21 10:56:28'),
(70, NULL, NULL, 'Lemon_1589531972585.jpg', NULL, NULL, NULL, 'Yes', NULL, '2021-12-28 18:41:27', NULL, '2021-12-28 18:41:27'),
(71, NULL, NULL, '2l-sprite-cold.jpg', NULL, NULL, NULL, 'Yes', NULL, '2021-12-28 18:41:27', NULL, '2021-12-28 18:41:27'),
(72, NULL, NULL, 'GLUC0016_L_1587665252627.jpg', NULL, NULL, NULL, 'Yes', NULL, '2021-12-28 18:45:13', NULL, '2021-12-28 18:45:13'),
(73, NULL, NULL, 'Real-Fruit-Power-Mango-Juice.jpg', NULL, NULL, NULL, 'Yes', NULL, '2021-12-28 18:45:13', NULL, '2021-12-28 18:45:13'),
(74, NULL, NULL, 'Mango_1589532049842.jpg', NULL, NULL, NULL, 'Yes', NULL, '2021-12-28 18:47:40', NULL, '2021-12-28 18:47:40'),
(75, NULL, NULL, 'Orange_1589532121473.jpg', NULL, NULL, NULL, 'Yes', NULL, '2021-12-28 18:47:40', NULL, '2021-12-28 18:47:40'),
(76, NULL, NULL, 'Pineapple_1589532167826.jpg', NULL, NULL, NULL, 'Yes', NULL, '2021-12-28 18:51:28', NULL, '2021-12-28 18:51:28'),
(77, NULL, NULL, 'Orange_1590045160029.jpg', NULL, NULL, NULL, 'Yes', NULL, '2021-12-28 18:51:28', NULL, '2021-12-28 18:51:28'),
(78, NULL, NULL, 'Nescafe-classic.jpg', NULL, NULL, NULL, 'Yes', NULL, '2021-12-28 18:58:44', NULL, '2021-12-28 18:58:44'),
(79, NULL, NULL, 'Agni_1579970296121.jpg', NULL, NULL, NULL, 'Yes', NULL, '2021-12-28 19:03:39', NULL, '2021-12-28 19:03:39'),
(80, NULL, NULL, '1640773681697.PNG', NULL, NULL, NULL, 'Yes', NULL, '2021-12-29 10:28:01', NULL, '2021-12-29 10:28:01'),
(81, NULL, NULL, '1640773681698.JPG', NULL, NULL, NULL, 'No', NULL, '2021-12-29 10:28:01', NULL, '2021-12-29 10:28:01'),
(82, NULL, NULL, '1640773681699.PNG', NULL, NULL, NULL, 'No', NULL, '2021-12-29 10:28:01', NULL, '2021-12-29 10:28:01'),
(83, NULL, NULL, '1640773681699.PNG', NULL, NULL, NULL, 'No', NULL, '2021-12-29 10:28:01', NULL, '2021-12-29 10:28:01'),
(84, NULL, NULL, '1640773681700.PNG', NULL, NULL, NULL, 'No', NULL, '2021-12-29 10:28:01', NULL, '2021-12-29 10:28:01'),
(85, NULL, NULL, '1640773858429.PNG', NULL, NULL, NULL, 'Yes', NULL, '2021-12-29 10:30:58', NULL, '2021-12-29 10:30:58'),
(86, NULL, NULL, '1640773858431.PNG', NULL, NULL, NULL, 'No', NULL, '2021-12-29 10:30:58', NULL, '2021-12-29 10:30:58'),
(87, NULL, NULL, '1640773858431.JPG', NULL, NULL, NULL, 'No', NULL, '2021-12-29 10:30:58', NULL, '2021-12-29 10:30:58'),
(88, NULL, NULL, '1640773858432.PNG', NULL, NULL, NULL, 'No', NULL, '2021-12-29 10:30:58', NULL, '2021-12-29 10:30:58'),
(89, NULL, NULL, 'nascafi-2.jpg', NULL, NULL, NULL, 'No', NULL, '2022-01-02 19:01:10', NULL, '2022-01-02 19:01:10'),
(90, NULL, NULL, 'nascafi-1.jpg', NULL, NULL, NULL, 'No', NULL, '2022-01-02 19:01:10', NULL, '2022-01-02 19:01:10'),
(91, NULL, NULL, 'nascafi-3.jpg', NULL, NULL, NULL, 'No', NULL, '2022-01-02 19:05:09', NULL, '2022-01-02 19:05:09'),
(92, NULL, NULL, 'horlicks500gbottle_1602583321265.jpg', NULL, NULL, NULL, 'Yes', NULL, '2022-01-03 15:10:37', NULL, '2022-01-03 15:10:37'),
(93, NULL, NULL, 'complan_1602583357097.jpg', NULL, NULL, NULL, 'Yes', NULL, '2022-01-03 15:10:37', NULL, '2022-01-03 15:10:37'),
(94, NULL, NULL, 'Horlicks-Classic-Malt-Jar-Powde.jpg', NULL, NULL, NULL, 'Yes', NULL, '2022-01-03 15:10:37', NULL, '2022-01-03 15:10:37'),
(95, NULL, NULL, 'horlicks -classic-malt_500g-refill_1602583053292.jpg', NULL, NULL, NULL, 'Yes', NULL, '2022-01-03 15:10:37', NULL, '2022-01-03 15:10:37'),
(96, NULL, NULL, 'boost500g_1602583205007.jpg', NULL, NULL, NULL, 'Yes', NULL, '2022-01-03 15:10:37', NULL, '2022-01-03 15:10:37'),
(97, NULL, NULL, 'horlicks1kgrefill_1602583172523.jpg', NULL, NULL, NULL, 'Yes', NULL, '2022-01-03 15:10:37', NULL, '2022-01-03 15:10:37'),
(98, NULL, NULL, 'horlickslite450g_1602583115708.jpg', NULL, NULL, NULL, 'Yes', NULL, '2022-01-03 15:10:37', NULL, '2022-01-03 15:10:37'),
(99, NULL, NULL, 'Horlicks-Classic-Malt-Refill-Powder1kgpouch_1602583235490.jpg', NULL, NULL, NULL, 'Yes', NULL, '2022-01-03 15:10:37', NULL, '2022-01-03 15:10:37'),
(100, NULL, NULL, 'Sugar_1592998162437.jpg', NULL, NULL, NULL, 'Yes', NULL, '2022-01-04 18:20:41', NULL, '2022-01-04 18:20:41'),
(101, NULL, NULL, 'Salt_1590045813230.jpg', NULL, NULL, NULL, 'Yes', NULL, NULL, NULL, NULL),
(102, NULL, NULL, 'JK Poha_1579970761160.jpg', NULL, NULL, NULL, 'Yes', NULL, '2022-01-04 18:20:41', NULL, '2022-01-04 18:20:41'),
(103, NULL, NULL, 'Extra-long-rice_1640616195211.jpg', NULL, NULL, NULL, 'Yes', NULL, NULL, NULL, NULL),
(104, NULL, NULL, 'panch_1567431876741.jpg', NULL, NULL, NULL, 'Yes', NULL, '2022-01-04 18:20:41', NULL, '2022-01-04 18:20:41'),
(105, NULL, NULL, 'tej_1567432112353.jpg', NULL, NULL, NULL, 'Yes', NULL, NULL, NULL, NULL),
(106, NULL, NULL, 'poppy_1599452125132_1610244281956.png', NULL, NULL, NULL, 'Yes', NULL, '2022-01-04 18:20:41', NULL, '2022-01-04 18:20:41'),
(107, NULL, NULL, 'black-mustard-seeds-500x500_1565104321970.jpg', NULL, NULL, NULL, 'Yes', NULL, NULL, NULL, NULL),
(108, NULL, NULL, 'black-pepper_1592210125072.jpg', NULL, NULL, NULL, 'Yes', NULL, '2022-01-04 18:20:41', NULL, '2022-01-04 18:20:41'),
(109, NULL, NULL, 'Sunrise-Pure-Chaat-Masala_1590841298854.jpg', NULL, NULL, NULL, 'Yes', NULL, NULL, NULL, NULL),
(110, NULL, NULL, 'Chun_1624170948983.png', NULL, NULL, NULL, 'Yes', NULL, '2022-01-04 18:20:41', NULL, '2022-01-04 18:20:41'),
(111, NULL, NULL, 'rajma-dal-500x500_1593681436352.jpg', NULL, NULL, NULL, 'Yes', NULL, NULL, NULL, NULL),
(112, NULL, NULL, 'kacchi_1585570841872.jpg', NULL, NULL, NULL, 'Yes', NULL, '2022-01-04 18:20:41', NULL, '2022-01-04 18:20:41'),
(113, NULL, NULL, 'Saffola_1611329671062.jpg', NULL, NULL, NULL, 'Yes', NULL, NULL, NULL, NULL),
(114, NULL, NULL, 'maida_1588615264238.jpg', NULL, NULL, NULL, 'Yes', NULL, '2022-01-04 18:20:41', NULL, '2022-01-04 18:20:41'),
(115, NULL, NULL, 'corn-flour_1591599562250.jpg', NULL, NULL, NULL, 'Yes', NULL, NULL, NULL, NULL),
(116, NULL, NULL, 'onoin_1612149187059.jpeg', NULL, NULL, NULL, 'Yes', NULL, '2022-01-04 18:20:41', NULL, '2022-01-04 18:20:41'),
(117, NULL, NULL, 'potato_1620972728732.jpeg', NULL, NULL, NULL, 'Yes', NULL, NULL, NULL, NULL),
(118, NULL, NULL, 'Banana_1592045103829.jpg', NULL, NULL, NULL, 'Yes', NULL, '2022-01-04 18:20:41', NULL, '2022-01-04 18:20:41'),
(119, NULL, NULL, 'Apple_1592051969443.jpg', NULL, NULL, NULL, 'Yes', NULL, NULL, NULL, NULL),
(122, NULL, NULL, 'orange-malta-500x500_1592478489446.jpg', NULL, NULL, NULL, 'Yes', NULL, '2022-01-04 18:20:41', NULL, '2022-01-04 18:20:41'),
(123, NULL, NULL, 'Pomegranet_1592054557918.jpg', NULL, NULL, NULL, 'Yes', NULL, NULL, NULL, NULL),
(124, NULL, NULL, 'Palmolive-1595146403461.jpg', NULL, NULL, NULL, 'Yes', NULL, '2022-01-05 12:08:36', NULL, '2022-01-05 12:08:36'),
(125, NULL, NULL, 'Savlon-1599444649986.jpg', NULL, NULL, NULL, 'Yes', NULL, '2022-01-05 12:08:36', NULL, '2022-01-05 12:08:36'),
(126, NULL, NULL, 'knox-hand-sanitizer-110ml-1_1624171611319.png', NULL, NULL, NULL, 'Yes', NULL, '2022-01-05 12:08:36', NULL, '2022-01-05 12:08:36'),
(127, NULL, NULL, 'kere-tr_1602322742301_1604915732699.jpg', NULL, NULL, NULL, 'Yes', NULL, '2022-01-05 12:08:36', NULL, '2022-01-05 12:08:36'),
(128, NULL, NULL, '843163-01_1624172650753.jpg', NULL, NULL, NULL, 'Yes', NULL, '2022-01-05 12:08:36', NULL, '2022-01-05 12:08:36'),
(129, NULL, NULL, 'dettol_1588918614673.jpg', NULL, NULL, NULL, 'Yes', NULL, '2022-01-05 12:08:36', NULL, '2022-01-05 12:08:36'),
(130, NULL, NULL, 'colgate_pain-1586413585775.jpg', NULL, NULL, NULL, 'Yes', NULL, '2022-01-05 12:08:36', NULL, '2022-01-05 12:08:36'),
(131, NULL, NULL, 'savlon-antiseptic-liquid-0_1624263875738.jpg', NULL, NULL, NULL, 'Yes', NULL, '2022-01-05 12:08:36', NULL, '2022-01-05 12:08:36'),
(132, NULL, NULL, 'images_1587028508691.jpg', NULL, NULL, NULL, 'Yes', NULL, '2022-01-05 12:08:36', NULL, '2022-01-05 12:08:36'),
(133, NULL, NULL, 'IMG_20190806_232225_1565113995979.jpg', NULL, NULL, NULL, 'Yes', NULL, '2022-01-05 12:08:36', NULL, '2022-01-05 12:08:36'),
(134, NULL, NULL, 'Rani_1586270949688.jpg', NULL, NULL, NULL, 'Yes', NULL, '2022-01-05 12:08:36', NULL, '2022-01-05 12:08:36'),
(135, NULL, NULL, 'matchstick-boxes-500x500_1592292840521.jpg', NULL, NULL, NULL, 'Yes', NULL, '2022-01-05 12:08:36', NULL, '2022-01-05 12:08:36'),
(136, NULL, NULL, 'images2_1583058627649.jpg', NULL, NULL, NULL, 'Yes', NULL, '2022-01-05 12:08:36', NULL, '2022-01-05 12:08:36'),
(137, NULL, NULL, 'kissan.jpg', NULL, NULL, NULL, 'Yes', NULL, '2022-01-05 12:08:36', NULL, '2022-01-05 12:08:36'),
(138, NULL, NULL, 'Green_1591085525532.jpg', NULL, NULL, NULL, 'Yes', NULL, '2022-01-05 12:08:36', NULL, '2022-01-05 12:08:36'),
(139, NULL, NULL, 'MaggiSauce1KG_1586671289899.jpg', NULL, NULL, NULL, 'Yes', NULL, '2022-01-05 12:08:36', NULL, '2022-01-05 12:08:36'),
(140, NULL, NULL, 'MumsMixedPickle_1630644743886.png', NULL, NULL, NULL, 'Yes', NULL, '2022-01-05 12:08:36', NULL, '2022-01-05 12:08:36'),
(141, NULL, NULL, 'images_1565173196799.jpeg', NULL, NULL, NULL, 'Yes', NULL, '2022-01-05 12:08:36', NULL, '2022-01-05 12:08:36'),
(142, NULL, NULL, 'haldiram-aloo_1587188650826.jpg', NULL, NULL, NULL, 'Yes', NULL, '2022-01-05 12:08:36', NULL, '2022-01-05 12:08:36'),
(143, NULL, NULL, 'haldiram-bhujia_1565154652493.jpg', NULL, NULL, NULL, 'Yes', NULL, '2022-01-05 12:08:36', NULL, '2022-01-05 12:08:36'),
(144, NULL, NULL, 'Capture_1624169741961.jpg', NULL, NULL, NULL, 'Yes', NULL, '2022-01-05 12:08:36', NULL, '2022-01-05 12:08:36'),
(145, NULL, NULL, 'ThakurChanachurTakJhalMishti_1580045205672.jpg', NULL, NULL, NULL, 'Yes', NULL, '2022-01-05 12:08:36', NULL, '2022-01-05 12:08:36'),
(146, NULL, NULL, 'lay-s-_1640183317819.jpg', NULL, NULL, NULL, 'Yes', NULL, '2022-01-05 12:08:36', NULL, '2022-01-05 12:08:36'),
(147, NULL, NULL, 'tomato-tango_1640183925508.jpg', NULL, NULL, NULL, 'Yes', NULL, '2022-01-05 12:08:36', NULL, '2022-01-05 12:08:36'),
(148, NULL, NULL, 'p_1595141641326.jpg', NULL, NULL, NULL, 'Yes', NULL, '2022-01-05 12:08:36', NULL, '2022-01-05 12:08:36'),
(149, NULL, NULL, 'Sonpapdi-1_1592808209867.jpg', NULL, NULL, NULL, 'Yes', NULL, '2022-01-05 12:08:36', NULL, '2022-01-05 12:08:36'),
(150, NULL, NULL, 'eggs-in-carton-cabral-stock_1579834588954.jpg', NULL, NULL, NULL, 'Yes', NULL, '2022-01-05 12:08:36', NULL, '2022-01-05 12:08:36'),
(151, NULL, NULL, 'Chicken-curry-cut-large_1579770285478.jpg', NULL, NULL, NULL, 'Yes', NULL, '2022-01-05 12:08:36', NULL, '2022-01-05 12:08:36'),
(152, NULL, NULL, 'CHICKEN-MINCE_1579783190374.jpg', NULL, NULL, NULL, 'Yes', NULL, '2022-01-05 12:08:36', NULL, '2022-01-05 12:08:36'),
(153, NULL, NULL, 'chicken_1579774486272.jpg', NULL, NULL, NULL, 'Yes', NULL, '2022-01-05 12:08:36', NULL, '2022-01-05 12:08:36'),
(154, NULL, NULL, 'download_1588853855118.jpg', NULL, NULL, NULL, 'Yes', NULL, '2022-01-05 12:08:36', NULL, '2022-01-05 12:08:36'),
(155, NULL, NULL, 'kissanmixed.jpg', NULL, NULL, NULL, 'Yes', NULL, '2022-01-05 12:08:36', NULL, '2022-01-05 12:08:36'),
(156, NULL, NULL, 'maggi-noodles-1585828505429.jpg', NULL, NULL, NULL, 'Yes', NULL, '2022-01-05 12:08:36', NULL, '2022-01-05 12:08:36'),
(157, NULL, NULL, 'yippee.jpg', NULL, NULL, NULL, 'Yes', NULL, '2022-01-05 12:08:36', NULL, '2022-01-05 12:08:36'),
(158, NULL, NULL, 'Knorr-Cup-a-Soup_1580958182370.jpg', NULL, NULL, NULL, 'Yes', NULL, '2022-01-05 12:08:36', NULL, '2022-01-05 12:08:36'),
(159, NULL, NULL, 'Knorr_1588762930766.jpg', NULL, NULL, NULL, 'Yes', NULL, '2022-01-05 12:08:36', NULL, '2022-01-05 12:08:36'),
(160, NULL, NULL, 'chocos-box-kellogg_1590989261227.jpg', NULL, NULL, NULL, 'Yes', NULL, '2022-01-05 12:08:36', NULL, '2022-01-05 12:08:36'),
(161, NULL, NULL, 'kelloggs_1591358177875.jpg', NULL, NULL, NULL, 'Yes', NULL, '2022-01-05 12:08:36', NULL, '2022-01-05 12:08:36'),
(162, NULL, NULL, 'images_1567439907936.jpg', NULL, NULL, NULL, 'Yes', NULL, '2022-01-05 12:08:36', NULL, '2022-01-05 12:08:36'),
(163, NULL, NULL, 'Amul-Kool-Kesar-Flavoured-Milk_1590841987365.jpg', NULL, NULL, NULL, 'Yes', NULL, '2022-01-05 12:08:36', NULL, '2022-01-05 12:08:36'),
(164, NULL, NULL, 'vedshakti_1586010083211.jpg', NULL, NULL, NULL, 'Yes', NULL, '2022-01-05 12:08:36', NULL, '2022-01-05 12:08:36'),
(165, NULL, NULL, 'uykgjkg_1580955903742.jpg', NULL, NULL, NULL, 'Yes', NULL, '2022-01-05 12:08:36', NULL, '2022-01-05 12:08:36'),
(166, NULL, NULL, 'th_1588755094704.jpg', NULL, NULL, NULL, 'Yes', NULL, '2022-01-05 12:08:36', NULL, '2022-01-05 12:08:36'),
(167, NULL, NULL, 'Head-Shampoo_1580014580308.jpg', NULL, NULL, NULL, 'Yes', NULL, '2022-01-05 12:08:36', NULL, '2022-01-05 12:08:36'),
(168, NULL, NULL, 'Hair-Care_1588576890553.jpg', NULL, NULL, NULL, 'Yes', NULL, '2022-01-05 12:08:36', NULL, '2022-01-05 12:08:36'),
(169, NULL, NULL, 'Shampoo_1588761854640.jpg', NULL, NULL, NULL, 'Yes', NULL, '2022-01-05 12:08:36', NULL, '2022-01-05 12:08:36'),
(170, NULL, NULL, 'Dove-bar-soap_1580957158685.jpg', NULL, NULL, NULL, 'Yes', NULL, '2022-01-05 12:08:36', NULL, '2022-01-05 12:08:36'),
(171, NULL, NULL, 'Hexa_1624172460208.jpg', NULL, NULL, NULL, 'Yes', NULL, '2022-01-05 12:08:36', NULL, '2022-01-05 12:08:36'),
(172, NULL, NULL, 'mother-horlicks.jpg', NULL, NULL, NULL, 'Yes', NULL, '2022-01-05 12:08:36', NULL, '2022-01-05 12:08:36'),
(173, NULL, NULL, 'Whisper-XL_1580016019861.jpg', NULL, NULL, NULL, 'Yes', NULL, '2022-01-05 12:08:36', NULL, '2022-01-05 12:08:36'),
(176, NULL, NULL, 'Pampers-pants_1580015576940.jpg', NULL, NULL, NULL, 'Yes', NULL, '2022-01-05 12:08:36', NULL, '2022-01-05 12:08:36'),
(177, NULL, NULL, 'cerelac_1581256315487.jpg', NULL, NULL, NULL, 'Yes', NULL, '2022-01-05 12:08:36', NULL, '2022-01-05 12:08:36'),
(178, NULL, NULL, 'Gillette-Blade_1580014787273.jpg', NULL, NULL, NULL, 'Yes', NULL, '2022-01-05 12:08:36', NULL, '2022-01-05 12:08:36'),
(179, NULL, NULL, 'GilletteCartridge_1580015179876.jpg', NULL, NULL, NULL, 'Yes', NULL, '2022-01-05 12:08:36', NULL, '2022-01-05 12:08:36'),
(180, NULL, NULL, 'BJS-tTs4O_2_1588177601111.jpg', NULL, NULL, NULL, 'Yes', NULL, '2022-01-05 12:08:36', NULL, '2022-01-05 12:08:36'),
(181, NULL, NULL, 'vasline.jpg', NULL, NULL, NULL, 'Yes', NULL, '2022-01-05 12:08:36', NULL, '2022-01-05 12:08:36'),
(182, NULL, NULL, 'Set-wet_1588576618871.jpg', NULL, NULL, NULL, 'Yes', NULL, '2022-01-05 12:08:36', NULL, '2022-01-05 12:08:36'),
(183, NULL, NULL, '8904006302750__new.jpg', NULL, NULL, NULL, 'Yes', NULL, '2022-01-05 12:08:36', NULL, '2022-01-05 12:08:36'),
(184, NULL, NULL, 'everyday1.jpg', NULL, NULL, NULL, 'Yes', NULL, '2022-01-11 21:58:03', NULL, '2022-01-11 21:58:03'),
(185, NULL, NULL, 'amulya11.jpg', NULL, NULL, NULL, 'Yes', NULL, '2022-01-11 21:58:03', NULL, '2022-01-11 21:58:03'),
(186, NULL, NULL, 'amulspray-original.jpeg', NULL, NULL, NULL, 'Yes', NULL, '2022-01-11 21:58:03', NULL, '2022-01-11 21:58:03'),
(187, NULL, NULL, 'liftnonteabag.jpg', NULL, NULL, NULL, 'Yes', NULL, '2022-01-11 21:58:03', NULL, '2022-01-11 21:58:03'),
(188, NULL, NULL, '71tIH7vFICL_SL1500_.jpg', NULL, NULL, NULL, 'Yes', NULL, '2022-01-11 21:58:03', NULL, '2022-01-11 21:58:03'),
(189, NULL, NULL, 'tatateapremium.jpg', NULL, NULL, NULL, 'Yes', NULL, '2022-01-11 21:58:03', NULL, '2022-01-11 21:58:03'),
(190, NULL, NULL, 'tatateagold.jpg', NULL, NULL, NULL, 'Yes', NULL, '2022-01-11 21:58:03', NULL, '2022-01-11 21:58:03'),
(191, NULL, NULL, 'regularsugar.jpg', NULL, NULL, NULL, 'Yes', NULL, '2022-01-11 21:58:03', NULL, '2022-01-11 21:58:03'),
(192, NULL, NULL, 'tatasaltiodin.jpg', NULL, NULL, NULL, 'Yes', NULL, '2022-01-11 21:58:03', NULL, '2022-01-11 21:58:03'),
(193, NULL, NULL, 'katlaFish1258788.jpg', NULL, NULL, NULL, 'Yes', NULL, '2022-01-11 21:58:03', NULL, '2022-01-11 21:58:03'),
(194, NULL, NULL, 'prawnimages.jpg', NULL, NULL, NULL, 'Yes', NULL, '2022-01-11 21:58:03', NULL, '2022-01-11 21:58:03'),
(195, NULL, NULL, 'detergent-powder_1588065885319.jpg', NULL, NULL, NULL, 'Yes', NULL, '2022-01-11 21:58:03', NULL, '2022-01-11 21:58:03'),
(196, NULL, NULL, 'vim_1591340805309.jpg', NULL, NULL, NULL, 'Yes', NULL, '2022-01-11 21:58:03', NULL, '2022-01-11 21:58:03'),
(197, NULL, NULL, 'lizoldis.jpg', NULL, NULL, NULL, 'Yes', NULL, '2022-01-11 21:58:03', NULL, '2022-01-11 21:58:03'),
(198, NULL, NULL, 'images_1595144277987.jpg', NULL, NULL, NULL, 'Yes', NULL, '2022-01-11 21:58:03', NULL, '2022-01-11 21:58:03'),
(199, NULL, NULL, 'Dark-Fantasy-1591443338434.jpg', NULL, NULL, NULL, 'Yes', NULL, '2022-01-11 21:58:03', NULL, '2022-01-11 21:58:03'),
(200, NULL, NULL, 'pineapple_1592224758900.jpg', NULL, NULL, NULL, 'Yes', NULL, '2022-01-11 21:58:03', NULL, '2022-01-11 21:58:03'),
(201, NULL, NULL, 'kitkat.jpg', NULL, NULL, NULL, 'Yes', NULL, '2022-01-11 21:58:03', NULL, '2022-01-11 21:58:03'),
(202, NULL, NULL, 'christmascake.jpg', NULL, NULL, NULL, 'Yes', NULL, '2022-01-11 21:58:03', NULL, '2022-01-11 21:58:03'),
(203, NULL, NULL, 'californaalmond.jpg', NULL, NULL, NULL, 'Yes', NULL, '2022-01-11 21:58:03', NULL, '2022-01-11 21:58:03'),
(204, NULL, NULL, 'yellow-dry-dates-250x250_1592482935250.jpg', NULL, NULL, NULL, 'Yes', NULL, '2022-01-11 21:58:03', NULL, '2022-01-11 21:58:03'),
(205, NULL, NULL, 'images.jpg', NULL, NULL, NULL, 'Yes', NULL, '2022-01-11 21:58:03', NULL, '2022-01-11 21:58:03'),
(206, NULL, NULL, 'miniketRice.jpg', NULL, NULL, NULL, 'Yes', NULL, '2022-01-14 12:10:00', NULL, '2022-01-14 12:10:00'),
(207, NULL, NULL, 'banskhatiRice.jpg', NULL, NULL, NULL, 'Yes', NULL, '2022-01-14 12:10:00', NULL, '2022-01-14 12:10:00'),
(208, NULL, NULL, 'bisleri.jpg', NULL, NULL, NULL, 'Yes', NULL, '2022-01-14 12:10:00', NULL, '2022-01-14 12:10:00'),
(209, NULL, NULL, 'aquafina-packaged-drinking-water.jpg', NULL, NULL, NULL, 'Yes', NULL, '2022-01-14 12:10:00', NULL, '2022-01-14 12:10:00'),
(211, NULL, NULL, 'parkerPen.png', NULL, NULL, NULL, 'Yes', NULL, '2022-01-17 17:54:48', NULL, '2022-01-17 17:54:48'),
(212, NULL, NULL, 'celloPens.jpg', NULL, NULL, NULL, 'Yes', NULL, '2022-01-17 17:54:48', NULL, '2022-01-17 17:54:48'),
(213, 30, NULL, 'polycrol.jpg', NULL, NULL, NULL, 'Yes', NULL, '2022-01-18 18:56:06', NULL, '2022-01-18 18:56:06'),
(214, 30, NULL, 'daborAntacid.jpg', NULL, NULL, NULL, 'Yes', NULL, '2022-01-18 18:56:06', NULL, '2022-01-18 18:56:06'),
(215, 30, NULL, 'digene.jpg', NULL, NULL, NULL, 'Yes', NULL, '2022-01-18 18:56:06', NULL, '2022-01-18 18:56:06'),
(216, 30, NULL, 'gelusil.jpg', NULL, NULL, NULL, 'Yes', NULL, '2022-01-18 18:56:06', NULL, '2022-01-18 18:56:06'),
(217, 30, NULL, 'gelusilButtle.jpg', NULL, NULL, NULL, 'Yes', NULL, '2022-01-18 18:56:06', NULL, '2022-01-18 18:56:06'),
(218, 30, NULL, 'unienzyme.jpg', NULL, NULL, NULL, 'Yes', NULL, '2022-01-18 18:56:06', NULL, '2022-01-18 18:56:06'),
(219, 30, NULL, 'aristozyme.jpg', NULL, NULL, NULL, 'Yes', NULL, '2022-01-18 18:56:06', NULL, '2022-01-18 18:56:06'),
(220, NULL, NULL, '1642513912530.jpg', NULL, NULL, NULL, 'Yes', NULL, '2022-01-18 13:51:52', NULL, '2022-01-18 13:51:52'),
(221, NULL, NULL, '1642513912533.jpg', NULL, NULL, NULL, 'No', NULL, '2022-01-18 13:51:52', NULL, '2022-01-18 13:51:52'),
(222, 30, NULL, 'antiAllergicTablet.jpg', NULL, NULL, NULL, 'Yes', NULL, '2022-01-18 18:56:06', NULL, '2022-01-18 18:56:06'),
(223, 30, NULL, 'altrizM.jpg', NULL, NULL, NULL, 'Yes', NULL, '2022-01-18 18:56:06', NULL, '2022-01-18 18:56:06'),
(224, 30, NULL, 'lincomycin-caps.jpeg', NULL, NULL, NULL, 'Yes', NULL, '2022-01-20 14:18:02', NULL, '2022-01-20 14:18:02'),
(225, 30, NULL, 'antibiotics-beta-lactams.jpg', NULL, NULL, NULL, 'Yes', NULL, '2022-01-20 14:18:02', NULL, '2022-01-20 14:18:02'),
(226, 30, NULL, 'flavoxate-tablets.jpg', NULL, NULL, NULL, 'Yes', NULL, '2022-01-20 14:18:02', NULL, '2022-01-20 14:18:02'),
(227, 30, NULL, 'anticond1.jpg', NULL, NULL, NULL, 'Yes', NULL, '2022-01-20 14:18:02', NULL, '2022-01-20 14:18:02'),
(228, 30, NULL, 'calpol.jpg', NULL, NULL, NULL, 'Yes', NULL, '2022-01-20 14:18:02', NULL, '2022-01-20 14:18:02'),
(229, 30, NULL, 'dolo.jpg', NULL, NULL, NULL, 'Yes', NULL, '2022-01-20 14:18:02', NULL, '2022-01-20 14:18:02'),
(230, 30, NULL, 'tamiflu.jpg', NULL, NULL, NULL, 'Yes', NULL, '2022-01-20 14:18:02', NULL, '2022-01-20 14:18:02'),
(231, 30, NULL, 'antiviral-drugs.jpg', NULL, NULL, NULL, 'Yes', NULL, '2022-01-20 14:18:02', NULL, '2022-01-20 14:18:02'),
(232, 30, NULL, 'antiviral-drug-valcivir.jpeg', NULL, NULL, NULL, 'Yes', NULL, '2022-01-20 14:18:02', NULL, '2022-01-20 14:18:02'),
(233, 30, NULL, '1642747465848.jpg', NULL, NULL, NULL, 'Yes', NULL, '2022-01-21 06:44:25', NULL, '2022-01-21 06:44:25'),
(234, 30, NULL, 'diabetis1.jpg', NULL, NULL, NULL, 'Yes', NULL, '2022-01-21 16:28:51', NULL, '2022-01-21 16:28:51'),
(235, 30, NULL, 'pioglitazone.jpg', NULL, NULL, NULL, 'Yes', NULL, '2022-01-21 16:28:51', NULL, '2022-01-21 16:28:51'),
(236, 30, NULL, 'atorvastatin-calcium.jpg', NULL, NULL, NULL, 'Yes', NULL, '2022-01-21 16:28:51', NULL, '2022-01-21 16:28:51'),
(237, 30, NULL, 'trivedon-tablets.jpg', NULL, NULL, NULL, 'Yes', NULL, '2022-01-21 16:28:51', NULL, '2022-01-21 16:28:51'),
(238, 30, NULL, 'bestozyme.png', NULL, NULL, NULL, 'Yes', NULL, '2022-01-21 16:28:51', NULL, '2022-01-21 16:28:51'),
(239, 30, NULL, 'purazyme.jpg', NULL, NULL, NULL, 'Yes', NULL, '2022-01-21 16:28:51', NULL, '2022-01-21 16:28:51'),
(240, 30, NULL, 'vroace-p-tablets.jpg', NULL, NULL, NULL, 'Yes', NULL, '2022-01-21 16:28:51', NULL, '2022-01-21 16:28:51'),
(241, 30, NULL, 'softovac.jpg', NULL, NULL, NULL, 'Yes', NULL, '2022-01-21 16:28:51', NULL, '2022-01-21 16:28:51'),
(242, 30, NULL, 'Himalaya-Herbolax-Tablets.jpg', NULL, NULL, NULL, 'Yes', NULL, '2022-01-21 16:28:51', NULL, '2022-01-21 16:28:51'),
(243, 30, NULL, 'painfever110548787.jpg', NULL, NULL, NULL, 'Yes', NULL, '2022-01-21 16:28:51', NULL, '2022-01-21 16:28:51'),
(244, 30, NULL, 'citremPlus.jpg', NULL, NULL, NULL, 'Yes', NULL, '2022-01-21 16:28:51', NULL, '2022-01-21 16:28:51'),
(249, NULL, NULL, '1643121295696.jpg', NULL, NULL, NULL, 'Yes', NULL, '2022-01-25 14:34:55', NULL, '2022-01-25 14:34:55'),
(250, NULL, NULL, '1643122158651.jpg', NULL, NULL, NULL, 'Yes', NULL, '2022-01-25 14:49:18', NULL, '2022-01-25 14:49:18'),
(251, NULL, NULL, '1643367077865.png', NULL, NULL, NULL, 'Yes', NULL, '2022-01-28 10:51:17', NULL, '2022-01-28 10:51:17'),
(252, 30, NULL, '1645016740932.png', NULL, NULL, NULL, 'Yes', NULL, '2022-02-16 13:05:40', NULL, '2022-02-16 13:05:40'),
(253, NULL, NULL, '1645101889342.png', NULL, NULL, NULL, 'Yes', NULL, '2022-02-17 12:44:49', NULL, '2022-02-17 12:44:49'),
(254, NULL, NULL, '1645101889344.png', NULL, NULL, NULL, 'No', NULL, '2022-02-17 12:44:49', NULL, '2022-02-17 12:44:49'),
(257, NULL, NULL, '1645102195768.jpg', NULL, NULL, NULL, 'Yes', NULL, '2022-02-17 12:49:55', NULL, '2022-02-17 12:49:55'),
(258, NULL, NULL, '1645102195772.jpg', NULL, NULL, NULL, 'No', NULL, '2022-02-17 12:49:55', NULL, '2022-02-17 12:49:55'),
(259, NULL, NULL, '1645102837309.jpg', NULL, NULL, NULL, 'Yes', NULL, '2022-02-17 13:00:37', NULL, '2022-02-17 13:00:37'),
(260, NULL, NULL, '1645102837311.jpg', NULL, NULL, NULL, 'No', NULL, '2022-02-17 13:00:37', NULL, '2022-02-17 13:00:37'),
(261, NULL, NULL, '1645102951024.jpg', NULL, NULL, NULL, 'Yes', NULL, '2022-02-17 13:02:31', NULL, '2022-02-17 13:02:31'),
(262, NULL, NULL, '1645102951026.jpg', NULL, NULL, NULL, 'No', NULL, '2022-02-17 13:02:31', NULL, '2022-02-17 13:02:31'),
(263, NULL, NULL, '1645103058872.jpg', NULL, NULL, NULL, 'Yes', NULL, '2022-02-17 13:04:18', NULL, '2022-02-17 13:04:18'),
(264, NULL, NULL, '1645103058873.jpg', NULL, NULL, NULL, 'No', NULL, '2022-02-17 13:04:18', NULL, '2022-02-17 13:04:18'),
(265, NULL, NULL, '1645103353366.jpg', NULL, NULL, NULL, 'Yes', NULL, '2022-02-17 13:09:13', NULL, '2022-02-17 13:09:13'),
(266, NULL, NULL, '1645103353368.jpg', NULL, NULL, NULL, 'No', NULL, '2022-02-17 13:09:13', NULL, '2022-02-17 13:09:13'),
(267, NULL, NULL, '1645103687354.jpg', NULL, NULL, NULL, 'Yes', NULL, '2022-02-17 13:14:47', NULL, '2022-02-17 13:14:47'),
(268, NULL, NULL, '1645103687356.jpg', NULL, NULL, NULL, 'No', NULL, '2022-02-17 13:14:47', NULL, '2022-02-17 13:14:47'),
(269, NULL, NULL, '1645103834772.jpg', NULL, NULL, NULL, 'Yes', NULL, '2022-02-17 13:17:14', NULL, '2022-02-17 13:17:14'),
(270, NULL, NULL, '1645103834773.jpg', NULL, NULL, NULL, 'No', NULL, '2022-02-17 13:17:14', NULL, '2022-02-17 13:17:14'),
(271, NULL, NULL, '1645103984853.jpg', NULL, NULL, NULL, 'Yes', NULL, '2022-02-17 13:19:44', NULL, '2022-02-17 13:19:44'),
(272, NULL, NULL, '1645103984855.jpg', NULL, NULL, NULL, 'No', NULL, '2022-02-17 13:19:44', NULL, '2022-02-17 13:19:44'),
(273, NULL, NULL, '1645104480540.jpg', NULL, NULL, NULL, 'Yes', NULL, '2022-02-17 13:28:00', NULL, '2022-02-17 13:28:00'),
(274, NULL, NULL, '1645104480541.jpg', NULL, NULL, NULL, 'No', NULL, '2022-02-17 13:28:00', NULL, '2022-02-17 13:28:00'),
(275, NULL, NULL, '1645105424116.jpg', NULL, NULL, NULL, 'Yes', NULL, '2022-02-17 13:43:44', NULL, '2022-02-17 13:43:44'),
(276, NULL, NULL, '1645105424118.jpg', NULL, NULL, NULL, 'No', NULL, '2022-02-17 13:43:44', NULL, '2022-02-17 13:43:44'),
(277, NULL, NULL, '1645105533566.jpg', NULL, NULL, NULL, 'Yes', NULL, '2022-02-17 13:45:33', NULL, '2022-02-17 13:45:33'),
(278, NULL, NULL, '1645105533568.jpg', NULL, NULL, NULL, 'No', NULL, '2022-02-17 13:45:33', NULL, '2022-02-17 13:45:33'),
(279, NULL, NULL, '1645105793480.jpg', NULL, NULL, NULL, 'Yes', NULL, '2022-02-17 13:49:53', NULL, '2022-02-17 13:49:53'),
(280, NULL, NULL, '1645105793482.jpg', NULL, NULL, NULL, 'No', NULL, '2022-02-17 13:49:53', NULL, '2022-02-17 13:49:53'),
(281, NULL, NULL, '1645105985299.jpg', NULL, NULL, NULL, 'Yes', NULL, '2022-02-17 13:53:05', NULL, '2022-02-17 13:53:05'),
(282, NULL, NULL, '1645105985301.jpg', NULL, NULL, NULL, 'No', NULL, '2022-02-17 13:53:05', NULL, '2022-02-17 13:53:05'),
(283, NULL, NULL, '1645106242196.jpg', NULL, NULL, NULL, 'Yes', NULL, '2022-02-17 13:57:22', NULL, '2022-02-17 13:57:22'),
(284, NULL, NULL, '1645106242198.jpg', NULL, NULL, NULL, 'No', NULL, '2022-02-17 13:57:22', NULL, '2022-02-17 13:57:22'),
(285, NULL, NULL, '1645106361487.jpg', NULL, NULL, NULL, 'Yes', NULL, '2022-02-17 13:59:21', NULL, '2022-02-17 13:59:21'),
(286, NULL, NULL, '1645106361491.jpg', NULL, NULL, NULL, 'No', NULL, '2022-02-17 13:59:21', NULL, '2022-02-17 13:59:21'),
(287, NULL, NULL, '1645106476625.jpg', NULL, NULL, NULL, 'Yes', NULL, '2022-02-17 14:01:16', NULL, '2022-02-17 14:01:16'),
(288, NULL, NULL, '1645106476626.jpg', NULL, NULL, NULL, 'No', NULL, '2022-02-17 14:01:16', NULL, '2022-02-17 14:01:16'),
(289, NULL, NULL, '1645106598210.jpg', NULL, NULL, NULL, 'Yes', NULL, '2022-02-17 14:03:18', NULL, '2022-02-17 14:03:18'),
(290, NULL, NULL, '1645106598211.jpg', NULL, NULL, NULL, 'No', NULL, '2022-02-17 14:03:18', NULL, '2022-02-17 14:03:18'),
(291, NULL, NULL, '1645107271758.jpg', NULL, NULL, NULL, 'Yes', NULL, '2022-02-17 14:14:31', NULL, '2022-02-17 14:14:31'),
(292, NULL, NULL, '1645107271761.jpg', NULL, NULL, NULL, 'No', NULL, '2022-02-17 14:14:31', NULL, '2022-02-17 14:14:31'),
(293, NULL, NULL, '1645107383737.jpg', NULL, NULL, NULL, 'Yes', NULL, '2022-02-17 14:16:23', NULL, '2022-02-17 14:16:23'),
(294, NULL, NULL, '1645107383738.jpg', NULL, NULL, NULL, 'No', NULL, '2022-02-17 14:16:23', NULL, '2022-02-17 14:16:23'),
(295, NULL, NULL, '1645107481051.png', NULL, NULL, NULL, 'Yes', NULL, '2022-02-17 14:18:01', NULL, '2022-02-17 14:18:01'),
(296, NULL, NULL, '1645107481054.png', NULL, NULL, NULL, 'No', NULL, '2022-02-17 14:18:01', NULL, '2022-02-17 14:18:01'),
(297, NULL, NULL, '1645432071377.png', NULL, NULL, NULL, 'Yes', NULL, '2022-02-21 08:27:51', NULL, '2022-02-21 08:27:51'),
(298, NULL, NULL, '1645791565706.jpg', NULL, NULL, NULL, 'Yes', NULL, '2022-02-25 12:19:25', NULL, '2022-02-25 12:19:25'),
(299, NULL, NULL, '1645791565710.jpg', NULL, NULL, NULL, 'No', NULL, '2022-02-25 12:19:25', NULL, '2022-02-25 12:19:25'),
(300, NULL, NULL, '1645796390734.jpg', NULL, NULL, NULL, 'Yes', NULL, '2022-02-25 13:39:50', NULL, '2022-02-25 13:39:50'),
(301, NULL, NULL, '1645796390736.jpg', NULL, NULL, NULL, 'No', NULL, '2022-02-25 13:39:50', NULL, '2022-02-25 13:39:50'),
(302, NULL, NULL, '1645796765949.jpg', NULL, NULL, NULL, 'Yes', NULL, '2022-02-25 13:46:05', NULL, '2022-02-25 13:46:05'),
(303, NULL, NULL, '1645796765959.jpg', NULL, NULL, NULL, 'No', NULL, '2022-02-25 13:46:05', NULL, '2022-02-25 13:46:05'),
(304, NULL, NULL, '1645797290209.jpg', NULL, NULL, NULL, 'Yes', NULL, '2022-02-25 13:54:50', NULL, '2022-02-25 13:54:50'),
(305, NULL, NULL, '1645797290212.jpg', NULL, NULL, NULL, 'No', NULL, '2022-02-25 13:54:50', NULL, '2022-02-25 13:54:50'),
(306, NULL, NULL, '1646129811700.jpg', NULL, NULL, NULL, 'Yes', NULL, '2022-03-01 10:16:51', NULL, '2022-03-01 10:16:51'),
(307, NULL, NULL, '1646129811704.jpg', NULL, NULL, NULL, 'No', NULL, '2022-03-01 10:16:51', NULL, '2022-03-01 10:16:51'),
(308, NULL, NULL, '1646129811707.jpg', NULL, NULL, NULL, 'No', NULL, '2022-03-01 10:16:51', NULL, '2022-03-01 10:16:51'),
(309, NULL, NULL, '1646129811706.jpg', NULL, NULL, NULL, 'No', NULL, '2022-03-01 10:16:51', NULL, '2022-03-01 10:16:51'),
(310, NULL, NULL, '1646129944902.jpg', NULL, NULL, NULL, 'Yes', NULL, '2022-03-01 10:19:04', NULL, '2022-03-01 10:19:04'),
(311, NULL, NULL, '1646129944904.jpg', NULL, NULL, NULL, 'No', NULL, '2022-03-01 10:19:04', NULL, '2022-03-01 10:19:04'),
(312, NULL, NULL, '1646129944905.jpg', NULL, NULL, NULL, 'No', NULL, '2022-03-01 10:19:04', NULL, '2022-03-01 10:19:04'),
(313, NULL, NULL, '1646129944906.jpg', NULL, NULL, NULL, 'No', NULL, '2022-03-01 10:19:04', NULL, '2022-03-01 10:19:04'),
(314, NULL, NULL, '1646129944907.jpg', NULL, NULL, NULL, 'No', NULL, '2022-03-01 10:19:04', NULL, '2022-03-01 10:19:04'),
(315, NULL, NULL, '1646130014628.jpg', NULL, NULL, NULL, 'Yes', NULL, '2022-03-01 10:20:14', NULL, '2022-03-01 10:20:14'),
(316, NULL, NULL, '1646130014630.jpg', NULL, NULL, NULL, 'No', NULL, '2022-03-01 10:20:14', NULL, '2022-03-01 10:20:14'),
(317, NULL, NULL, '1646130014632.jpg', NULL, NULL, NULL, 'No', NULL, '2022-03-01 10:20:14', NULL, '2022-03-01 10:20:14'),
(318, NULL, NULL, '1646130014636.jpg', NULL, NULL, NULL, 'No', NULL, '2022-03-01 10:20:14', NULL, '2022-03-01 10:20:14'),
(319, NULL, NULL, '1646130014637.jpg', NULL, NULL, NULL, 'No', NULL, '2022-03-01 10:20:14', NULL, '2022-03-01 10:20:14'),
(320, NULL, NULL, '1646130118521.jpg', NULL, NULL, NULL, 'Yes', NULL, '2022-03-01 10:21:58', NULL, '2022-03-01 10:21:58'),
(321, NULL, NULL, '1646130118522.jpg', NULL, NULL, NULL, 'No', NULL, '2022-03-01 10:21:58', NULL, '2022-03-01 10:21:58'),
(322, NULL, NULL, '1646130118526.jpg', NULL, NULL, NULL, 'No', NULL, '2022-03-01 10:21:58', NULL, '2022-03-01 10:21:58'),
(323, NULL, NULL, '1646130118527.jpg', NULL, NULL, NULL, 'No', NULL, '2022-03-01 10:21:58', NULL, '2022-03-01 10:21:58'),
(324, NULL, NULL, '1646130118529.jpg', NULL, NULL, NULL, 'No', NULL, '2022-03-01 10:21:58', NULL, '2022-03-01 10:21:58'),
(325, NULL, NULL, '1646130239829.jpg', NULL, NULL, NULL, 'Yes', NULL, '2022-03-01 10:23:59', NULL, '2022-03-01 10:23:59'),
(326, NULL, NULL, '1646130239831.jpg', NULL, NULL, NULL, 'No', NULL, '2022-03-01 10:23:59', NULL, '2022-03-01 10:23:59'),
(327, NULL, NULL, '1646130239832.jpg', NULL, NULL, NULL, 'No', NULL, '2022-03-01 10:23:59', NULL, '2022-03-01 10:23:59'),
(328, NULL, NULL, '1646130239833.jpg', NULL, NULL, NULL, 'No', NULL, '2022-03-01 10:23:59', NULL, '2022-03-01 10:23:59'),
(329, NULL, NULL, '1646130239834.jpg', NULL, NULL, NULL, 'No', NULL, '2022-03-01 10:23:59', NULL, '2022-03-01 10:23:59'),
(330, NULL, NULL, '1646130314916.jpg', NULL, NULL, NULL, 'Yes', NULL, '2022-03-01 10:25:14', NULL, '2022-03-01 10:25:14'),
(331, NULL, NULL, '1646130314918.jpg', NULL, NULL, NULL, 'No', NULL, '2022-03-01 10:25:14', NULL, '2022-03-01 10:25:14'),
(332, NULL, NULL, '1646130314919.jpg', NULL, NULL, NULL, 'No', NULL, '2022-03-01 10:25:14', NULL, '2022-03-01 10:25:14'),
(333, NULL, NULL, '1646130314921.jpg', NULL, NULL, NULL, 'No', NULL, '2022-03-01 10:25:14', NULL, '2022-03-01 10:25:14'),
(334, NULL, NULL, '1646130314923.jpg', NULL, NULL, NULL, 'No', NULL, '2022-03-01 10:25:14', NULL, '2022-03-01 10:25:14'),
(335, NULL, NULL, '1646130747051.jpg', NULL, NULL, NULL, 'Yes', NULL, '2022-03-01 10:32:27', NULL, '2022-03-01 10:32:27'),
(336, NULL, NULL, '1646130747054.jpg', NULL, NULL, NULL, 'No', NULL, '2022-03-01 10:32:27', NULL, '2022-03-01 10:32:27'),
(337, NULL, NULL, '1646130747055.jpg', NULL, NULL, NULL, 'No', NULL, '2022-03-01 10:32:27', NULL, '2022-03-01 10:32:27'),
(338, NULL, NULL, '1646130747057.jpg', NULL, NULL, NULL, 'No', NULL, '2022-03-01 10:32:27', NULL, '2022-03-01 10:32:27'),
(339, NULL, NULL, '1646130747058.jpg', NULL, NULL, NULL, 'No', NULL, '2022-03-01 10:32:27', NULL, '2022-03-01 10:32:27'),
(340, NULL, NULL, '1646130827498.jpg', NULL, NULL, NULL, 'Yes', NULL, '2022-03-01 10:33:47', NULL, '2022-03-01 10:33:47'),
(341, NULL, NULL, '1646130827500.jpg', NULL, NULL, NULL, 'No', NULL, '2022-03-01 10:33:47', NULL, '2022-03-01 10:33:47'),
(342, NULL, NULL, '1646130827501.jpg', NULL, NULL, NULL, 'No', NULL, '2022-03-01 10:33:47', NULL, '2022-03-01 10:33:47'),
(343, NULL, NULL, '1646130827505.jpg', NULL, NULL, NULL, 'No', NULL, '2022-03-01 10:33:47', NULL, '2022-03-01 10:33:47'),
(344, NULL, NULL, '1646130827506.jpg', NULL, NULL, NULL, 'No', NULL, '2022-03-01 10:33:47', NULL, '2022-03-01 10:33:47'),
(345, NULL, NULL, '1646130908562.jpg', NULL, NULL, NULL, 'Yes', NULL, '2022-03-01 10:35:08', NULL, '2022-03-01 10:35:08'),
(346, NULL, NULL, '1646130908564.jpg', NULL, NULL, NULL, 'No', NULL, '2022-03-01 10:35:08', NULL, '2022-03-01 10:35:08'),
(347, NULL, NULL, '1646130908565.jpg', NULL, NULL, NULL, 'No', NULL, '2022-03-01 10:35:08', NULL, '2022-03-01 10:35:08'),
(348, NULL, NULL, '1646130908566.jpg', NULL, NULL, NULL, 'No', NULL, '2022-03-01 10:35:08', NULL, '2022-03-01 10:35:08'),
(349, NULL, NULL, '1646130908567.jpg', NULL, NULL, NULL, 'No', NULL, '2022-03-01 10:35:08', NULL, '2022-03-01 10:35:08'),
(350, NULL, NULL, '1646130980461.jpg', NULL, NULL, NULL, 'Yes', NULL, '2022-03-01 10:36:20', NULL, '2022-03-01 10:36:20'),
(351, NULL, NULL, '1646130980463.jpg', NULL, NULL, NULL, 'No', NULL, '2022-03-01 10:36:20', NULL, '2022-03-01 10:36:20'),
(352, NULL, NULL, '1646130980464.jpg', NULL, NULL, NULL, 'No', NULL, '2022-03-01 10:36:20', NULL, '2022-03-01 10:36:20'),
(353, NULL, NULL, '1646130980465.jpg', NULL, NULL, NULL, 'No', NULL, '2022-03-01 10:36:20', NULL, '2022-03-01 10:36:20'),
(354, NULL, NULL, '1646130980466.jpg', NULL, NULL, NULL, 'No', NULL, '2022-03-01 10:36:20', NULL, '2022-03-01 10:36:20'),
(355, NULL, NULL, '1646294147246.jpg', NULL, NULL, NULL, 'Yes', NULL, '2022-03-03 07:55:47', NULL, '2022-03-03 07:55:47'),
(356, NULL, NULL, '1646393158497.jpg', NULL, NULL, NULL, 'Yes', NULL, '2022-03-04 11:25:58', NULL, '2022-03-04 11:25:58'),
(357, NULL, NULL, '1646393158499.jpg', NULL, NULL, NULL, 'No', NULL, '2022-03-04 11:25:58', NULL, '2022-03-04 11:25:58'),
(358, NULL, NULL, '1646393158500.jpg', NULL, NULL, NULL, 'No', NULL, '2022-03-04 11:25:58', NULL, '2022-03-04 11:25:58'),
(359, NULL, NULL, '1646393158504.jpg', NULL, NULL, NULL, 'No', NULL, '2022-03-04 11:25:58', NULL, '2022-03-04 11:25:58'),
(360, NULL, NULL, '1646393158501.jpg', NULL, NULL, NULL, 'No', NULL, '2022-03-04 11:25:58', NULL, '2022-03-04 11:25:58'),
(361, NULL, NULL, '1646735160777.png', NULL, NULL, NULL, 'Yes', NULL, '2022-03-08 10:26:00', NULL, '2022-03-08 10:26:00'),
(362, NULL, NULL, '1646735438114.jpg', NULL, NULL, NULL, 'Yes', NULL, '2022-03-08 10:30:38', NULL, '2022-03-08 10:30:38'),
(363, NULL, NULL, '1646735910365.jpg', NULL, NULL, NULL, 'Yes', NULL, '2022-03-08 10:38:30', NULL, '2022-03-08 10:38:30'),
(364, NULL, NULL, '1646749391661.jpg', NULL, NULL, NULL, 'Yes', NULL, '2022-03-08 14:23:11', NULL, '2022-03-08 14:23:11'),
(365, NULL, NULL, '1646814252632.jpg', NULL, NULL, NULL, 'Yes', NULL, '2022-03-09 08:24:12', NULL, '2022-03-09 08:24:12'),
(366, NULL, NULL, '1646814252635.jpg', NULL, NULL, NULL, 'No', NULL, '2022-03-09 08:24:12', NULL, '2022-03-09 08:24:12'),
(367, NULL, NULL, '1646814252637.jpg', NULL, NULL, NULL, 'No', NULL, '2022-03-09 08:24:12', NULL, '2022-03-09 08:24:12'),
(368, NULL, NULL, '1646814252638.jpg', NULL, NULL, NULL, 'No', NULL, '2022-03-09 08:24:12', NULL, '2022-03-09 08:24:12'),
(369, NULL, NULL, '1646814252640.jpg', NULL, NULL, NULL, 'No', NULL, '2022-03-09 08:24:12', NULL, '2022-03-09 08:24:12'),
(370, NULL, NULL, '1646814887287.png', NULL, NULL, NULL, 'Yes', NULL, '2022-03-09 08:34:47', NULL, '2022-03-09 08:34:47'),
(371, NULL, NULL, '1646818889934.jpg', NULL, NULL, NULL, 'Yes', NULL, '2022-03-09 09:41:29', NULL, '2022-03-09 09:41:29'),
(372, NULL, NULL, '1646818889936.jpg', NULL, NULL, NULL, 'No', NULL, '2022-03-09 09:41:29', NULL, '2022-03-09 09:41:29'),
(373, NULL, NULL, '1646818889937.jpg', NULL, NULL, NULL, 'No', NULL, '2022-03-09 09:41:29', NULL, '2022-03-09 09:41:29'),
(374, NULL, NULL, '1646818889938.jpg', NULL, NULL, NULL, 'No', NULL, '2022-03-09 09:41:29', NULL, '2022-03-09 09:41:29'),
(375, NULL, NULL, '1646818889939.jpg', NULL, NULL, NULL, 'No', NULL, '2022-03-09 09:41:29', NULL, '2022-03-09 09:41:29'),
(376, NULL, NULL, '1646978828043.jpg', NULL, NULL, NULL, 'No', NULL, '2022-03-11 06:07:08', NULL, '2022-03-11 06:07:08'),
(378, NULL, NULL, '1646979041601.jpg', NULL, NULL, NULL, 'Yes', NULL, '2022-03-11 06:10:41', NULL, '2022-03-11 06:10:41'),
(379, NULL, NULL, '1646979041603.jpg', NULL, NULL, NULL, 'No', NULL, '2022-03-11 06:10:41', NULL, '2022-03-11 06:10:41'),
(380, NULL, NULL, '1646979041604.jpg', NULL, NULL, NULL, 'No', NULL, '2022-03-11 06:10:41', NULL, '2022-03-11 06:10:41'),
(381, NULL, NULL, '1646979041605.jpg', NULL, NULL, NULL, 'No', NULL, '2022-03-11 06:10:41', NULL, '2022-03-11 06:10:41'),
(382, NULL, NULL, '1646979692680.jpg', NULL, NULL, NULL, 'Yes', NULL, '2022-03-11 06:21:32', NULL, '2022-03-11 06:21:32'),
(383, NULL, NULL, '1646979692683.jpg', NULL, NULL, NULL, 'No', NULL, '2022-03-11 06:21:32', NULL, '2022-03-11 06:21:32'),
(384, NULL, NULL, '1646979692683.jpg', NULL, NULL, NULL, 'No', NULL, '2022-03-11 06:21:32', NULL, '2022-03-11 06:21:32'),
(385, NULL, NULL, '1646979692684.jpg', NULL, NULL, NULL, 'No', NULL, '2022-03-11 06:21:32', NULL, '2022-03-11 06:21:32'),
(386, NULL, NULL, '1646979692684.jpg', NULL, NULL, NULL, 'No', NULL, '2022-03-11 06:21:32', NULL, '2022-03-11 06:21:32'),
(387, NULL, NULL, '1646979990354.jpg', NULL, NULL, NULL, 'Yes', NULL, '2022-03-11 06:26:30', NULL, '2022-03-11 06:26:30'),
(388, NULL, NULL, '1646979990355.jpg', NULL, NULL, NULL, 'No', NULL, '2022-03-11 06:26:30', NULL, '2022-03-11 06:26:30'),
(389, NULL, NULL, '1646979990356.jpg', NULL, NULL, NULL, 'No', NULL, '2022-03-11 06:26:30', NULL, '2022-03-11 06:26:30'),
(390, NULL, NULL, '1646979990356.jpg', NULL, NULL, NULL, 'No', NULL, '2022-03-11 06:26:30', NULL, '2022-03-11 06:26:30'),
(391, NULL, NULL, '1646979990357.jpg', NULL, NULL, NULL, 'No', NULL, '2022-03-11 06:26:30', NULL, '2022-03-11 06:26:30'),
(392, NULL, NULL, '1646979990357.jpg', NULL, NULL, NULL, 'No', NULL, '2022-03-11 06:26:30', NULL, '2022-03-11 06:26:30'),
(393, NULL, NULL, '1646980559030.jpg', NULL, NULL, NULL, 'Yes', NULL, '2022-03-11 06:35:59', NULL, '2022-03-11 06:35:59'),
(394, NULL, NULL, '1646980559035.jpg', NULL, NULL, NULL, 'No', NULL, '2022-03-11 06:35:59', NULL, '2022-03-11 06:35:59'),
(395, NULL, NULL, '1646980559035.jpg', NULL, NULL, NULL, 'No', NULL, '2022-03-11 06:35:59', NULL, '2022-03-11 06:35:59'),
(396, NULL, NULL, '1646980559036.jpg', NULL, NULL, NULL, 'No', NULL, '2022-03-11 06:35:59', NULL, '2022-03-11 06:35:59'),
(397, NULL, NULL, '1646980559038.jpg', NULL, NULL, NULL, 'No', NULL, '2022-03-11 06:35:59', NULL, '2022-03-11 06:35:59'),
(398, NULL, NULL, '1646980559038.jpg', NULL, NULL, NULL, 'No', NULL, '2022-03-11 06:35:59', NULL, '2022-03-11 06:35:59'),
(399, NULL, NULL, '1646980953766.jpg', NULL, NULL, NULL, 'Yes', NULL, '2022-03-11 06:42:33', NULL, '2022-03-11 06:42:33'),
(400, NULL, NULL, '1646980953769.jpg', NULL, NULL, NULL, 'No', NULL, '2022-03-11 06:42:33', NULL, '2022-03-11 06:42:33'),
(401, NULL, NULL, '1646980953770.jpg', NULL, NULL, NULL, 'No', NULL, '2022-03-11 06:42:33', NULL, '2022-03-11 06:42:33'),
(402, NULL, NULL, '1646980953770.jpg', NULL, NULL, NULL, 'No', NULL, '2022-03-11 06:42:33', NULL, '2022-03-11 06:42:33'),
(403, NULL, NULL, '1646980953771.jpg', NULL, NULL, NULL, 'No', NULL, '2022-03-11 06:42:33', NULL, '2022-03-11 06:42:33'),
(404, NULL, NULL, '1646984047750.jpg', NULL, NULL, NULL, 'Yes', NULL, '2022-03-11 07:34:07', NULL, '2022-03-11 07:34:07'),
(405, NULL, NULL, '1646984047751.jpg', NULL, NULL, NULL, 'No', NULL, '2022-03-11 07:34:07', NULL, '2022-03-11 07:34:07'),
(406, NULL, NULL, '1646984047752.jpg', NULL, NULL, NULL, 'No', NULL, '2022-03-11 07:34:07', NULL, '2022-03-11 07:34:07'),
(407, NULL, NULL, '1646984047752.jpg', NULL, NULL, NULL, 'No', NULL, '2022-03-11 07:34:07', NULL, '2022-03-11 07:34:07'),
(408, NULL, NULL, '1646984047753.jpg', NULL, NULL, NULL, 'No', NULL, '2022-03-11 07:34:07', NULL, '2022-03-11 07:34:07'),
(409, NULL, NULL, '1646984047752.jpg', NULL, NULL, NULL, 'No', NULL, '2022-03-11 07:34:07', NULL, '2022-03-11 07:34:07'),
(410, NULL, NULL, '1646984047753.jpg', NULL, NULL, NULL, 'No', NULL, '2022-03-11 07:34:07', NULL, '2022-03-11 07:34:07'),
(411, NULL, NULL, '1646984047754.jpg', NULL, NULL, NULL, 'No', NULL, '2022-03-11 07:34:07', NULL, '2022-03-11 07:34:07'),
(412, NULL, NULL, '1646984320857.jpg', NULL, NULL, NULL, 'Yes', NULL, '2022-03-11 07:38:40', NULL, '2022-03-11 07:38:40'),
(413, NULL, NULL, '1646984320859.jpg', NULL, NULL, NULL, 'No', NULL, '2022-03-11 07:38:40', NULL, '2022-03-11 07:38:40'),
(414, NULL, NULL, '1646984320859.jpg', NULL, NULL, NULL, 'No', NULL, '2022-03-11 07:38:40', NULL, '2022-03-11 07:38:40'),
(415, NULL, NULL, '1646984320860.jpg', NULL, NULL, NULL, 'No', NULL, '2022-03-11 07:38:40', NULL, '2022-03-11 07:38:40'),
(416, NULL, NULL, '1646984320861.jpg', NULL, NULL, NULL, 'No', NULL, '2022-03-11 07:38:40', NULL, '2022-03-11 07:38:40'),
(417, NULL, NULL, '1646984320860.jpg', NULL, NULL, NULL, 'No', NULL, '2022-03-11 07:38:40', NULL, '2022-03-11 07:38:40'),
(418, NULL, NULL, '1646984544988.jpg', NULL, NULL, NULL, 'Yes', NULL, '2022-03-11 07:42:24', NULL, '2022-03-11 07:42:24'),
(419, NULL, NULL, '1646984544990.jpg', NULL, NULL, NULL, 'No', NULL, '2022-03-11 07:42:24', NULL, '2022-03-11 07:42:24'),
(420, NULL, NULL, '1646984544991.jpg', NULL, NULL, NULL, 'No', NULL, '2022-03-11 07:42:24', NULL, '2022-03-11 07:42:24'),
(421, NULL, NULL, '1646984544992.jpg', NULL, NULL, NULL, 'No', NULL, '2022-03-11 07:42:24', NULL, '2022-03-11 07:42:24'),
(422, NULL, NULL, '1646984544991.jpg', NULL, NULL, NULL, 'No', NULL, '2022-03-11 07:42:24', NULL, '2022-03-11 07:42:24'),
(423, NULL, NULL, '1646984979213.jpg', NULL, NULL, NULL, 'Yes', NULL, '2022-03-11 07:49:39', NULL, '2022-03-11 07:49:39'),
(424, NULL, NULL, '1646984979216.jpg', NULL, NULL, NULL, 'No', NULL, '2022-03-11 07:49:39', NULL, '2022-03-11 07:49:39'),
(425, NULL, NULL, '1646985160221.jpg', NULL, NULL, NULL, 'Yes', NULL, '2022-03-11 07:52:40', NULL, '2022-03-11 07:52:40'),
(426, NULL, NULL, '1646985160224.jpg', NULL, NULL, NULL, 'No', NULL, '2022-03-11 07:52:40', NULL, '2022-03-11 07:52:40'),
(427, NULL, NULL, '1646985160225.jpg', NULL, NULL, NULL, 'No', NULL, '2022-03-11 07:52:40', NULL, '2022-03-11 07:52:40'),
(428, NULL, NULL, '1646985160226.jpg', NULL, NULL, NULL, 'No', NULL, '2022-03-11 07:52:40', NULL, '2022-03-11 07:52:40'),
(429, NULL, NULL, '1646985160230.jpg', NULL, NULL, NULL, 'No', NULL, '2022-03-11 07:52:40', NULL, '2022-03-11 07:52:40'),
(430, NULL, NULL, '1646985364745.jpg', NULL, NULL, NULL, 'Yes', NULL, '2022-03-11 07:56:04', NULL, '2022-03-11 07:56:04'),
(431, NULL, NULL, '1646985364746.jpg', NULL, NULL, NULL, 'No', NULL, '2022-03-11 07:56:04', NULL, '2022-03-11 07:56:04'),
(432, NULL, NULL, '1646985364747.jpg', NULL, NULL, NULL, 'No', NULL, '2022-03-11 07:56:04', NULL, '2022-03-11 07:56:04');
INSERT INTO `productImages` (`id`, `storeId`, `productId`, `file`, `url`, `imageTitle`, `isVideo`, `isPrimary`, `createdBy`, `createdAt`, `updatedBy`, `updatedAt`) VALUES
(433, NULL, NULL, '1646985560182.jpg', NULL, NULL, NULL, 'No', NULL, '2022-03-11 07:59:20', NULL, '2022-03-11 07:59:20'),
(434, NULL, NULL, '1646985560181.jpg', NULL, NULL, NULL, 'Yes', NULL, '2022-03-11 07:59:20', NULL, '2022-03-11 07:59:20'),
(435, NULL, NULL, '1646985560183.jpg', NULL, NULL, NULL, 'No', NULL, '2022-03-11 07:59:20', NULL, '2022-03-11 07:59:20'),
(436, NULL, NULL, '1646985560184.jpg', NULL, NULL, NULL, 'No', NULL, '2022-03-11 07:59:20', NULL, '2022-03-11 07:59:20'),
(437, NULL, NULL, '1646985560184.jpg', NULL, NULL, NULL, 'No', NULL, '2022-03-11 07:59:20', NULL, '2022-03-11 07:59:20'),
(438, NULL, NULL, '1646986410541.jpg', NULL, NULL, NULL, 'Yes', NULL, '2022-03-11 08:13:30', NULL, '2022-03-11 08:13:30'),
(439, NULL, NULL, '1646986410544.jpg', NULL, NULL, NULL, 'No', NULL, '2022-03-11 08:13:30', NULL, '2022-03-11 08:13:30'),
(440, NULL, NULL, '1646986410546.jpg', NULL, NULL, NULL, 'No', NULL, '2022-03-11 08:13:30', NULL, '2022-03-11 08:13:30'),
(441, NULL, NULL, '1646986410545.jpg', NULL, NULL, NULL, 'No', NULL, '2022-03-11 08:13:30', NULL, '2022-03-11 08:13:30'),
(442, NULL, NULL, '1646986881956.jpg', NULL, NULL, NULL, 'Yes', NULL, '2022-03-11 08:21:21', NULL, '2022-03-11 08:21:21'),
(443, NULL, NULL, '1646986881958.jpg', NULL, NULL, NULL, 'No', NULL, '2022-03-11 08:21:21', NULL, '2022-03-11 08:21:21'),
(444, NULL, NULL, '1646986881959.jpg', NULL, NULL, NULL, 'No', NULL, '2022-03-11 08:21:21', NULL, '2022-03-11 08:21:21'),
(445, NULL, NULL, '1646986881959.jpg', NULL, NULL, NULL, 'No', NULL, '2022-03-11 08:21:21', NULL, '2022-03-11 08:21:21'),
(446, NULL, NULL, '1646986881960.jpg', NULL, NULL, NULL, 'No', NULL, '2022-03-11 08:21:21', NULL, '2022-03-11 08:21:21'),
(447, NULL, NULL, '1646986881960.jpg', NULL, NULL, NULL, 'No', NULL, '2022-03-11 08:21:21', NULL, '2022-03-11 08:21:21'),
(448, NULL, NULL, '1646987065927.jpg', NULL, NULL, NULL, 'Yes', NULL, '2022-03-11 08:24:25', NULL, '2022-03-11 08:24:25'),
(449, NULL, NULL, '1646987065928.jpg', NULL, NULL, NULL, 'No', NULL, '2022-03-11 08:24:25', NULL, '2022-03-11 08:24:25'),
(450, NULL, NULL, '1646987065929.jpg', NULL, NULL, NULL, 'No', NULL, '2022-03-11 08:24:25', NULL, '2022-03-11 08:24:25'),
(451, NULL, NULL, '1646987065929.jpg', NULL, NULL, NULL, 'No', NULL, '2022-03-11 08:24:25', NULL, '2022-03-11 08:24:25'),
(452, NULL, NULL, '1646987065930.jpg', NULL, NULL, NULL, 'No', NULL, '2022-03-11 08:24:25', NULL, '2022-03-11 08:24:25'),
(453, NULL, NULL, '1646987226439.jpg', NULL, NULL, NULL, 'Yes', NULL, '2022-03-11 08:27:06', NULL, '2022-03-11 08:27:06'),
(454, NULL, NULL, '1646987226442.jpg', NULL, NULL, NULL, 'No', NULL, '2022-03-11 08:27:06', NULL, '2022-03-11 08:27:06'),
(455, NULL, NULL, '1646987226443.jpg', NULL, NULL, NULL, 'No', NULL, '2022-03-11 08:27:06', NULL, '2022-03-11 08:27:06'),
(456, NULL, NULL, '1646989109585.jpg', NULL, NULL, NULL, 'Yes', NULL, '2022-03-11 08:58:29', NULL, '2022-03-11 08:58:29'),
(457, NULL, NULL, '1646989109587.jpg', NULL, NULL, NULL, 'No', NULL, '2022-03-11 08:58:29', NULL, '2022-03-11 08:58:29'),
(458, NULL, NULL, '1646989109587.jpg', NULL, NULL, NULL, 'No', NULL, '2022-03-11 08:58:29', NULL, '2022-03-11 08:58:29'),
(459, NULL, NULL, '1646989109588.jpg', NULL, NULL, NULL, 'No', NULL, '2022-03-11 08:58:29', NULL, '2022-03-11 08:58:29'),
(460, NULL, NULL, '1646989109589.jpg', NULL, NULL, NULL, 'No', NULL, '2022-03-11 08:58:29', NULL, '2022-03-11 08:58:29'),
(461, NULL, NULL, '1646989109589.jpg', NULL, NULL, NULL, 'No', NULL, '2022-03-11 08:58:29', NULL, '2022-03-11 08:58:29'),
(462, NULL, NULL, '1646989109589.jpg', NULL, NULL, NULL, 'No', NULL, '2022-03-11 08:58:29', NULL, '2022-03-11 08:58:29'),
(463, NULL, NULL, '1646999833445.jpg', NULL, NULL, NULL, 'Yes', NULL, '2022-03-11 11:57:13', NULL, '2022-03-11 11:57:13'),
(464, NULL, NULL, '1646999833447.jpg', NULL, NULL, NULL, 'No', NULL, '2022-03-11 11:57:13', NULL, '2022-03-11 11:57:13'),
(465, NULL, NULL, '1646999833448.jpg', NULL, NULL, NULL, 'No', NULL, '2022-03-11 11:57:13', NULL, '2022-03-11 11:57:13'),
(466, NULL, NULL, '1646999833449.jpg', NULL, NULL, NULL, 'No', NULL, '2022-03-11 11:57:13', NULL, '2022-03-11 11:57:13'),
(467, NULL, NULL, '1646999833449.jpg', NULL, NULL, NULL, 'No', NULL, '2022-03-11 11:57:13', NULL, '2022-03-11 11:57:13'),
(468, NULL, NULL, '1647000021087.jpg', NULL, NULL, NULL, 'Yes', NULL, '2022-03-11 12:00:21', NULL, '2022-03-11 12:00:21'),
(469, NULL, NULL, '1647000021089.jpg', NULL, NULL, NULL, 'No', NULL, '2022-03-11 12:00:21', NULL, '2022-03-11 12:00:21'),
(470, NULL, NULL, '1647000021090.jpg', NULL, NULL, NULL, 'No', NULL, '2022-03-11 12:00:21', NULL, '2022-03-11 12:00:21'),
(471, NULL, NULL, '1647000021091.jpg', NULL, NULL, NULL, 'No', NULL, '2022-03-11 12:00:21', NULL, '2022-03-11 12:00:21'),
(472, NULL, NULL, '1647000021092.jpg', NULL, NULL, NULL, 'No', NULL, '2022-03-11 12:00:21', NULL, '2022-03-11 12:00:21'),
(473, NULL, NULL, '1647000354083.jpg', NULL, NULL, NULL, 'Yes', NULL, '2022-03-11 12:05:54', NULL, '2022-03-11 12:05:54'),
(474, NULL, NULL, '1647000354085.jpg', NULL, NULL, NULL, 'No', NULL, '2022-03-11 12:05:54', NULL, '2022-03-11 12:05:54'),
(475, NULL, NULL, '1647000354086.jpg', NULL, NULL, NULL, 'No', NULL, '2022-03-11 12:05:54', NULL, '2022-03-11 12:05:54'),
(476, NULL, NULL, '1647000354086.jpg', NULL, NULL, NULL, 'No', NULL, '2022-03-11 12:05:54', NULL, '2022-03-11 12:05:54'),
(477, NULL, NULL, '1647000354087.jpg', NULL, NULL, NULL, 'No', NULL, '2022-03-11 12:05:54', NULL, '2022-03-11 12:05:54'),
(478, NULL, NULL, '1647000636999.jpg', NULL, NULL, NULL, 'Yes', NULL, '2022-03-11 12:10:37', NULL, '2022-03-11 12:10:37'),
(479, NULL, NULL, '1647000637000.jpg', NULL, NULL, NULL, 'No', NULL, '2022-03-11 12:10:37', NULL, '2022-03-11 12:10:37'),
(480, NULL, NULL, '1647000637001.jpg', NULL, NULL, NULL, 'No', NULL, '2022-03-11 12:10:37', NULL, '2022-03-11 12:10:37'),
(481, NULL, NULL, '1647000637001.jpg', NULL, NULL, NULL, 'No', NULL, '2022-03-11 12:10:37', NULL, '2022-03-11 12:10:37'),
(482, NULL, NULL, '1647000637002.jpg', NULL, NULL, NULL, 'No', NULL, '2022-03-11 12:10:37', NULL, '2022-03-11 12:10:37'),
(483, NULL, NULL, '1647000821946.jpg', NULL, NULL, NULL, 'Yes', NULL, '2022-03-11 12:13:41', NULL, '2022-03-11 12:13:41'),
(484, NULL, NULL, '1647000821947.jpg', NULL, NULL, NULL, 'No', NULL, '2022-03-11 12:13:41', NULL, '2022-03-11 12:13:41'),
(485, NULL, NULL, '1647000821947.jpg', NULL, NULL, NULL, 'No', NULL, '2022-03-11 12:13:41', NULL, '2022-03-11 12:13:41'),
(486, NULL, NULL, '1647000821948.jpg', NULL, NULL, NULL, 'No', NULL, '2022-03-11 12:13:41', NULL, '2022-03-11 12:13:41'),
(487, NULL, NULL, '1647000821948.jpg', NULL, NULL, NULL, 'No', NULL, '2022-03-11 12:13:41', NULL, '2022-03-11 12:13:41'),
(488, NULL, NULL, '1647001324623.jpg', NULL, NULL, NULL, 'Yes', NULL, '2022-03-11 12:22:04', NULL, '2022-03-11 12:22:04'),
(489, NULL, NULL, '1647001324625.jpg', NULL, NULL, NULL, 'No', NULL, '2022-03-11 12:22:04', NULL, '2022-03-11 12:22:04'),
(490, NULL, NULL, '1647001324627.jpg', NULL, NULL, NULL, 'No', NULL, '2022-03-11 12:22:04', NULL, '2022-03-11 12:22:04'),
(491, NULL, NULL, '1647001324627.jpg', NULL, NULL, NULL, 'No', NULL, '2022-03-11 12:22:04', NULL, '2022-03-11 12:22:04'),
(492, NULL, NULL, '1647001324626.jpg', NULL, NULL, NULL, 'No', NULL, '2022-03-11 12:22:04', NULL, '2022-03-11 12:22:04'),
(493, NULL, NULL, '1647001324628.jpg', NULL, NULL, NULL, 'No', NULL, '2022-03-11 12:22:04', NULL, '2022-03-11 12:22:04'),
(494, NULL, NULL, '1647001792804.jpg', NULL, NULL, NULL, 'Yes', NULL, '2022-03-11 12:29:52', NULL, '2022-03-11 12:29:52'),
(495, NULL, NULL, '1647001792805.jpg', NULL, NULL, NULL, 'No', NULL, '2022-03-11 12:29:52', NULL, '2022-03-11 12:29:52'),
(496, NULL, NULL, '1647001792806.jpg', NULL, NULL, NULL, 'No', NULL, '2022-03-11 12:29:52', NULL, '2022-03-11 12:29:52'),
(497, NULL, NULL, '1647001792806.jpg', NULL, NULL, NULL, 'No', NULL, '2022-03-11 12:29:52', NULL, '2022-03-11 12:29:52'),
(498, NULL, NULL, '1647001792807.jpg', NULL, NULL, NULL, 'No', NULL, '2022-03-11 12:29:52', NULL, '2022-03-11 12:29:52'),
(499, NULL, NULL, '1647001792807.jpg', NULL, NULL, NULL, 'No', NULL, '2022-03-11 12:29:52', NULL, '2022-03-11 12:29:52'),
(500, NULL, NULL, '1647001998701.jpg', NULL, NULL, NULL, 'Yes', NULL, '2022-03-11 12:33:18', NULL, '2022-03-11 12:33:18'),
(501, NULL, NULL, '1647001998703.jpg', NULL, NULL, NULL, 'No', NULL, '2022-03-11 12:33:18', NULL, '2022-03-11 12:33:18'),
(502, NULL, NULL, '1647001998703.jpg', NULL, NULL, NULL, 'No', NULL, '2022-03-11 12:33:18', NULL, '2022-03-11 12:33:18'),
(503, NULL, NULL, '1647001998704.jpg', NULL, NULL, NULL, 'No', NULL, '2022-03-11 12:33:18', NULL, '2022-03-11 12:33:18'),
(504, NULL, NULL, '1647001998705.jpg', NULL, NULL, NULL, 'No', NULL, '2022-03-11 12:33:18', NULL, '2022-03-11 12:33:18'),
(505, NULL, NULL, '1647001998707.jpg', NULL, NULL, NULL, 'No', NULL, '2022-03-11 12:33:18', NULL, '2022-03-11 12:33:18'),
(506, NULL, NULL, '1647002766843.jpg', NULL, NULL, NULL, 'Yes', NULL, '2022-03-11 12:46:06', NULL, '2022-03-11 12:46:06'),
(507, NULL, NULL, '1647002766844.jpg', NULL, NULL, NULL, 'No', NULL, '2022-03-11 12:46:06', NULL, '2022-03-11 12:46:06'),
(508, NULL, NULL, '1647002766845.jpg', NULL, NULL, NULL, 'No', NULL, '2022-03-11 12:46:06', NULL, '2022-03-11 12:46:06'),
(509, NULL, NULL, '1647002766846.jpg', NULL, NULL, NULL, 'No', NULL, '2022-03-11 12:46:06', NULL, '2022-03-11 12:46:06'),
(510, NULL, NULL, '1647002766846.jpg', NULL, NULL, NULL, 'No', NULL, '2022-03-11 12:46:06', NULL, '2022-03-11 12:46:06'),
(511, NULL, NULL, '1647002766846.jpg', NULL, NULL, NULL, 'No', NULL, '2022-03-11 12:46:06', NULL, '2022-03-11 12:46:06'),
(512, NULL, NULL, '1647002766847.jpg', NULL, NULL, NULL, 'No', NULL, '2022-03-11 12:46:06', NULL, '2022-03-11 12:46:06'),
(513, NULL, NULL, '1647262652984.jpg', NULL, NULL, NULL, 'Yes', NULL, '2022-03-14 12:57:32', NULL, '2022-03-14 12:57:32'),
(514, NULL, NULL, '1647262652985.jpg', NULL, NULL, NULL, 'No', NULL, '2022-03-14 12:57:32', NULL, '2022-03-14 12:57:32'),
(515, NULL, NULL, '1647262652986.jpg', NULL, NULL, NULL, 'No', NULL, '2022-03-14 12:57:32', NULL, '2022-03-14 12:57:32'),
(516, NULL, NULL, '1647262652987.jpg', NULL, NULL, NULL, 'No', NULL, '2022-03-14 12:57:32', NULL, '2022-03-14 12:57:32'),
(517, NULL, NULL, '1647262652987.jpg', NULL, NULL, NULL, 'No', NULL, '2022-03-14 12:57:32', NULL, '2022-03-14 12:57:32'),
(518, NULL, NULL, '1647262652988.jpg', NULL, NULL, NULL, 'No', NULL, '2022-03-14 12:57:32', NULL, '2022-03-14 12:57:32'),
(519, NULL, NULL, '1647262652989.jpg', NULL, NULL, NULL, 'No', NULL, '2022-03-14 12:57:32', NULL, '2022-03-14 12:57:32'),
(520, NULL, NULL, '1647263699550.jpg', NULL, NULL, NULL, 'Yes', NULL, '2022-03-14 13:14:59', NULL, '2022-03-14 13:14:59'),
(521, NULL, NULL, '1647263699551.jpg', NULL, NULL, NULL, 'No', NULL, '2022-03-14 13:14:59', NULL, '2022-03-14 13:14:59'),
(522, NULL, NULL, '1647263699552.jpg', NULL, NULL, NULL, 'No', NULL, '2022-03-14 13:14:59', NULL, '2022-03-14 13:14:59'),
(523, NULL, NULL, '1647263699552.jpg', NULL, NULL, NULL, 'No', NULL, '2022-03-14 13:14:59', NULL, '2022-03-14 13:14:59'),
(524, NULL, NULL, '1647263699553.jpg', NULL, NULL, NULL, 'No', NULL, '2022-03-14 13:14:59', NULL, '2022-03-14 13:14:59'),
(525, NULL, NULL, '1647263699554.jpg', NULL, NULL, NULL, 'No', NULL, '2022-03-14 13:14:59', NULL, '2022-03-14 13:14:59'),
(526, NULL, NULL, '1647264279839.jpg', NULL, NULL, NULL, 'Yes', NULL, '2022-03-14 13:24:39', NULL, '2022-03-14 13:24:39'),
(527, NULL, NULL, '1647264279842.jpg', NULL, NULL, NULL, 'No', NULL, '2022-03-14 13:24:39', NULL, '2022-03-14 13:24:39'),
(528, NULL, NULL, '1647264279843.jpg', NULL, NULL, NULL, 'No', NULL, '2022-03-14 13:24:39', NULL, '2022-03-14 13:24:39'),
(529, NULL, NULL, '1647264279844.jpg', NULL, NULL, NULL, 'No', NULL, '2022-03-14 13:24:39', NULL, '2022-03-14 13:24:39'),
(530, NULL, NULL, '1647264279844.jpg', NULL, NULL, NULL, 'No', NULL, '2022-03-14 13:24:39', NULL, '2022-03-14 13:24:39'),
(531, NULL, NULL, '1647264279845.jpg', NULL, NULL, NULL, 'No', NULL, '2022-03-14 13:24:39', NULL, '2022-03-14 13:24:39'),
(532, NULL, NULL, '1647264279846.jpg', NULL, NULL, NULL, 'No', NULL, '2022-03-14 13:24:39', NULL, '2022-03-14 13:24:39'),
(533, NULL, NULL, '1647264279846.jpg', NULL, NULL, NULL, 'No', NULL, '2022-03-14 13:24:39', NULL, '2022-03-14 13:24:39'),
(534, NULL, NULL, '1647264279847.jpg', NULL, NULL, NULL, 'No', NULL, '2022-03-14 13:24:39', NULL, '2022-03-14 13:24:39'),
(535, NULL, NULL, '1647264561507.jpg', NULL, NULL, NULL, 'Yes', NULL, '2022-03-14 13:29:21', NULL, '2022-03-14 13:29:21'),
(536, NULL, NULL, '1647264561511.jpg', NULL, NULL, NULL, 'No', NULL, '2022-03-14 13:29:21', NULL, '2022-03-14 13:29:21'),
(537, NULL, NULL, '1647264561512.jpg', NULL, NULL, NULL, 'No', NULL, '2022-03-14 13:29:21', NULL, '2022-03-14 13:29:21'),
(538, NULL, NULL, '1647264561515.jpg', NULL, NULL, NULL, 'No', NULL, '2022-03-14 13:29:21', NULL, '2022-03-14 13:29:21'),
(539, NULL, NULL, '1647264561517.jpg', NULL, NULL, NULL, 'No', NULL, '2022-03-14 13:29:21', NULL, '2022-03-14 13:29:21'),
(540, NULL, NULL, '1647264561519.jpg', NULL, NULL, NULL, 'No', NULL, '2022-03-14 13:29:21', NULL, '2022-03-14 13:29:21'),
(541, NULL, NULL, '1647264561520.jpg', NULL, NULL, NULL, 'No', NULL, '2022-03-14 13:29:21', NULL, '2022-03-14 13:29:21'),
(542, NULL, NULL, '1647264839510.jpg', NULL, NULL, NULL, 'Yes', NULL, '2022-03-14 13:33:59', NULL, '2022-03-14 13:33:59'),
(543, NULL, NULL, '1647264839512.jpg', NULL, NULL, NULL, 'No', NULL, '2022-03-14 13:33:59', NULL, '2022-03-14 13:33:59'),
(544, NULL, NULL, '1647264839513.jpg', NULL, NULL, NULL, 'No', NULL, '2022-03-14 13:33:59', NULL, '2022-03-14 13:33:59'),
(545, NULL, NULL, '1647264839514.jpg', NULL, NULL, NULL, 'No', NULL, '2022-03-14 13:33:59', NULL, '2022-03-14 13:33:59'),
(546, NULL, NULL, '1647264839515.jpg', NULL, NULL, NULL, 'No', NULL, '2022-03-14 13:33:59', NULL, '2022-03-14 13:33:59'),
(547, NULL, NULL, '1647264839516.jpg', NULL, NULL, NULL, 'No', NULL, '2022-03-14 13:33:59', NULL, '2022-03-14 13:33:59'),
(548, NULL, NULL, '1647524786206.jpg', NULL, NULL, NULL, 'Yes', NULL, '2022-03-17 13:46:26', NULL, '2022-03-17 13:46:26'),
(549, NULL, NULL, '1648222138376.jpg', NULL, NULL, NULL, 'Yes', NULL, '2022-03-25 15:28:58', NULL, '2022-03-25 15:28:58'),
(550, NULL, NULL, '1.png', NULL, NULL, NULL, 'No', NULL, '2022-06-22 15:07:31', NULL, '2022-06-22 15:07:31'),
(551, NULL, NULL, '2.png', NULL, NULL, NULL, 'No', NULL, '2022-06-22 15:12:55', NULL, '2022-06-22 15:12:55'),
(552, NULL, NULL, '3.jpg', NULL, NULL, NULL, 'No', NULL, '2022-06-22 15:13:45', NULL, '2022-06-22 15:13:45'),
(553, NULL, NULL, '1.png', NULL, NULL, NULL, 'No', NULL, '2022-06-22 15:16:58', NULL, '2022-06-22 15:16:58'),
(554, 30, NULL, '1.png', NULL, NULL, NULL, 'No', NULL, '2022-06-22 19:21:24', NULL, '2022-06-22 19:21:24'),
(555, 30, NULL, '3.jpg', NULL, NULL, NULL, 'No', NULL, '2022-06-22 19:23:51', NULL, '2022-06-22 19:23:51'),
(556, 30, NULL, '2.png', NULL, NULL, NULL, 'No', NULL, '2022-06-22 19:25:15', NULL, '2022-06-22 19:25:15'),
(557, 30, NULL, '4.png', NULL, NULL, NULL, 'No', NULL, '2022-06-22 19:29:50', NULL, '2022-06-22 19:29:50'),
(560, 30, NULL, 'STARDUST ESSENTIAL GIFT SET BOX.jpg', NULL, NULL, NULL, 'No', NULL, '2022-06-30 15:54:36', NULL, '2022-06-30 15:54:36'),
(561, 30, NULL, '3.jpg', NULL, NULL, NULL, 'No', NULL, '2022-07-03 21:02:39', NULL, '2022-07-03 21:02:39'),
(562, 30, NULL, 'STARDUST ESSENTIAL GIFT SET.jpg', NULL, NULL, NULL, 'No', NULL, '2022-07-04 10:46:57', NULL, '2022-07-04 10:46:57'),
(563, 30, NULL, '', NULL, NULL, NULL, 'No', NULL, '2022-07-04 10:47:49', NULL, '2022-07-04 10:47:49'),
(566, 30, NULL, 'EDP CHYPRE MOJO _ 45 - 100ml.jpg', NULL, NULL, NULL, 'No', NULL, '2022-07-04 10:53:53', NULL, '2022-07-04 10:53:53'),
(567, 30, NULL, 'BOX EDP CHYPRE MOJO _ 45 - 100ml with shadow.jpg', NULL, NULL, NULL, 'No', NULL, '2022-07-04 10:55:03', NULL, '2022-07-04 10:55:03'),
(568, 30, NULL, '', NULL, NULL, NULL, 'No', NULL, '2022-07-04 10:55:10', NULL, '2022-07-04 10:55:10'),
(724, 30, 1256, 'CODA.jpg', NULL, NULL, NULL, 'No', NULL, '2022-07-04 21:08:40', NULL, '2022-07-04 21:08:40'),
(725, 30, 1257, 'PLUSH-WHITE.jpg', NULL, NULL, NULL, 'No', NULL, '2022-07-04 21:10:18', NULL, '2022-07-04 21:10:18'),
(726, 30, 1258, 'STARDUST-WHITE.jpg', NULL, NULL, NULL, 'No', NULL, '2022-07-04 21:12:31', NULL, '2022-07-04 21:12:31'),
(831, 30, 1303, '75_1.jpg', NULL, NULL, NULL, 'No', NULL, '2022-07-21 18:04:58', NULL, '2022-07-21 18:04:58'),
(967, 30, 1217, 'HACIVAT 50 ML 1.1.jpg', NULL, NULL, NULL, 'No', NULL, '2022-07-26 11:09:38', NULL, '2022-07-26 11:09:38'),
(968, 30, 1217, 'HACIVAT 50 ML 1.2.jpg', NULL, NULL, NULL, 'No', NULL, '2022-07-26 11:09:38', NULL, '2022-07-26 11:09:38'),
(969, 30, 1217, 'HACIVAT 50 ML 1.3.jpg', NULL, NULL, NULL, 'No', NULL, '2022-07-26 11:09:38', NULL, '2022-07-26 11:09:38'),
(970, 30, 1218, 'HACIVAT 100 ML 1.1.jpg', NULL, NULL, NULL, 'No', NULL, '2022-07-26 11:42:22', NULL, '2022-07-26 11:42:22'),
(971, 30, 1218, 'HACIVAT 100 ML 1.2.jpg', NULL, NULL, NULL, 'No', NULL, '2022-07-26 11:42:22', NULL, '2022-07-26 11:42:22'),
(972, 30, 1218, 'HACIVAT 100 ML 1.3.jpg', NULL, NULL, NULL, 'No', NULL, '2022-07-26 11:42:22', NULL, '2022-07-26 11:42:22'),
(977, 30, 1306, 'HUNDRED SILENT WAYS 100 ML 1.1.jpg', NULL, NULL, NULL, 'No', NULL, '2022-07-26 12:24:39', NULL, '2022-07-26 12:24:39'),
(978, 30, 1306, 'HUNDRED SILENT WAYS 100 ML 1.2.jpg', NULL, NULL, NULL, 'No', NULL, '2022-07-26 12:24:39', NULL, '2022-07-26 12:24:39'),
(979, 30, 1306, 'HUNDRED SILENT WAYS 100 ML 1.3.jpg', NULL, NULL, NULL, 'No', NULL, '2022-07-26 12:24:39', NULL, '2022-07-26 12:24:39'),
(980, 30, 1223, 'MANA EDP 50 ML 1.1.jpg', NULL, NULL, NULL, 'No', NULL, '2022-07-26 12:56:53', NULL, '2022-07-26 12:56:53'),
(981, 30, 1223, 'MANA EDP 50 ML 1.2.jpg', NULL, NULL, NULL, 'No', NULL, '2022-07-26 12:56:53', NULL, '2022-07-26 12:56:53'),
(982, 30, 1226, 'SHEM EDP 50 ML 1.1.jpg', NULL, NULL, NULL, 'No', NULL, '2022-07-26 13:07:24', NULL, '2022-07-26 13:07:24'),
(983, 30, 1226, 'SHEM EDP 50 ML 1.2.jpg', NULL, NULL, NULL, 'No', NULL, '2022-07-26 13:07:24', NULL, '2022-07-26 13:07:24'),
(984, 30, 1224, 'NEFS EDP 50 ML 1.1.jpg', NULL, NULL, NULL, 'No', NULL, '2022-07-26 13:17:20', NULL, '2022-07-26 13:17:20'),
(985, 30, 1224, 'NEFS EDP 50 ML 1.2.jpg', NULL, NULL, NULL, 'No', NULL, '2022-07-26 13:17:20', NULL, '2022-07-26 13:17:20'),
(986, 30, 1219, 'HUNDRED SILENT WAYS 50 ML 1.1.jpg', NULL, NULL, NULL, 'No', NULL, '2022-07-26 13:43:59', NULL, '2022-07-26 13:43:59'),
(987, 30, 1219, 'HUNDRED SILENT WAYS 50 ML 1.2.jpg', NULL, NULL, NULL, 'No', NULL, '2022-07-26 13:43:59', NULL, '2022-07-26 13:43:59'),
(988, 30, 1219, 'HUNDRED SILENT WAYS 50 ML 1.3.jpg', NULL, NULL, NULL, 'No', NULL, '2022-07-26 13:43:59', NULL, '2022-07-26 13:43:59'),
(992, 30, 1214, 'FAN YOUR FLAMES EDP 50 ML 1.1.jpg', NULL, NULL, NULL, 'No', NULL, '2022-07-26 13:45:58', NULL, '2022-07-26 13:45:58'),
(993, 30, 1214, 'FAN YOUR FLAMES EDP 50 ML 1.2.jpg', NULL, NULL, NULL, 'No', NULL, '2022-07-26 13:45:58', NULL, '2022-07-26 13:45:58'),
(994, 30, 1214, 'FAN YOUR FLAMES EDP 50 ML 1.3.jpg', NULL, NULL, NULL, 'No', NULL, '2022-07-26 13:45:58', NULL, '2022-07-26 13:45:58'),
(995, 30, 1216, 'FAN YOUR FLAMES EDP 100 ML 1.1.jpg', NULL, NULL, NULL, 'No', NULL, '2022-07-26 13:52:56', NULL, '2022-07-26 13:52:56'),
(996, 30, 1216, 'FAN YOUR FLAMES EDP 100 ML 1.2.jpg', NULL, NULL, NULL, 'No', NULL, '2022-07-26 13:52:56', NULL, '2022-07-26 13:52:56'),
(997, 30, 1216, 'FAN YOUR FLAMES EDP 100 ML 1.3.jpg', NULL, NULL, NULL, 'No', NULL, '2022-07-26 13:52:56', NULL, '2022-07-26 13:52:56'),
(998, 30, 1227, 'SUEDE ET SAFRAN EDP 50 ML 1.1.jpg', NULL, NULL, NULL, 'No', NULL, '2022-07-26 14:17:34', NULL, '2022-07-26 14:17:34'),
(999, 30, 1227, 'SUEDE ET SAFRAN EDP 50 ML 1.2.jpg', NULL, NULL, NULL, 'No', NULL, '2022-07-26 14:17:34', NULL, '2022-07-26 14:17:34'),
(1000, 30, 1227, 'SUEDE ET SAFRAN EDP 50 ML 1.3.jpg', NULL, NULL, NULL, 'No', NULL, '2022-07-26 14:17:34', NULL, '2022-07-26 14:17:34'),
(1001, 30, 1208, 'ANI EDP 50 ML 1.1.jpg', NULL, NULL, NULL, 'No', NULL, '2022-07-26 14:31:34', NULL, '2022-07-26 14:31:34'),
(1002, 30, 1208, 'ANI EDP 50 ML 1.2.jpg', NULL, NULL, NULL, 'No', NULL, '2022-07-26 14:31:34', NULL, '2022-07-26 14:31:34'),
(1003, 30, 1208, 'ANI EDP 50 ML 1.3.jpg', NULL, NULL, NULL, 'No', NULL, '2022-07-26 14:31:34', NULL, '2022-07-26 14:31:34'),
(1004, 30, 1209, 'ANI EDP 100 ML 1.1.jpg', NULL, NULL, NULL, 'No', NULL, '2022-07-26 14:38:17', NULL, '2022-07-26 14:38:17'),
(1005, 30, 1209, 'ANI EDP 100 ML 1.2.jpg', NULL, NULL, NULL, 'No', NULL, '2022-07-26 14:38:17', NULL, '2022-07-26 14:38:17'),
(1006, 30, 1209, 'ANI EDP 100 ML 1.3.jpg', NULL, NULL, NULL, 'No', NULL, '2022-07-26 14:38:17', NULL, '2022-07-26 14:38:17'),
(1007, 30, 1233, 'ZENNE EDP 50 ML 1.1.jpg', NULL, NULL, NULL, 'No', NULL, '2022-07-26 16:04:46', NULL, '2022-07-26 16:04:46'),
(1008, 30, 1233, 'ZENNE EDP 50 ML 1.2.jpg', NULL, NULL, NULL, 'No', NULL, '2022-07-26 16:04:46', NULL, '2022-07-26 16:04:46'),
(1009, 30, 1233, 'ZENNE EDP 50 ML 1.3.jpg', NULL, NULL, NULL, 'No', NULL, '2022-07-26 16:04:46', NULL, '2022-07-26 16:04:46'),
(1010, 30, 1232, 'WULONG CHA EDP 100 ML 1.1.jpg', NULL, NULL, NULL, 'No', NULL, '2022-07-26 16:12:07', NULL, '2022-07-26 16:12:07'),
(1011, 30, 1232, 'WULONG CHA EDP 100 ML 1.2.jpg', NULL, NULL, NULL, 'No', NULL, '2022-07-26 16:12:07', NULL, '2022-07-26 16:12:07'),
(1012, 30, 1232, 'WULONG CHA EDP 100 ML 1.3.jpg', NULL, NULL, NULL, 'No', NULL, '2022-07-26 16:12:07', NULL, '2022-07-26 16:12:07'),
(1013, 30, 1231, 'WULONHG CHA EDP 50 ML 1.1.jpg', NULL, NULL, NULL, 'No', NULL, '2022-07-26 16:24:27', NULL, '2022-07-26 16:24:27'),
(1014, 30, 1231, 'WULONHG CHA EDP 50 ML 1.2.jpg', NULL, NULL, NULL, 'No', NULL, '2022-07-26 16:24:27', NULL, '2022-07-26 16:24:27'),
(1015, 30, 1231, 'WULONHG CHA EDP 50 ML 1.3.jpg', NULL, NULL, NULL, 'No', NULL, '2022-07-26 16:24:27', NULL, '2022-07-26 16:24:27'),
(1016, 30, 1230, 'VAIN & NAIVE EDP 50 ML 1.1.jpg', NULL, NULL, NULL, 'No', NULL, '2022-07-26 16:35:09', NULL, '2022-07-26 16:35:09'),
(1017, 30, 1230, 'VAIN & NAIVE EDP 50 ML 1.2.jpg', NULL, NULL, NULL, 'No', NULL, '2022-07-26 16:35:09', NULL, '2022-07-26 16:35:09'),
(1018, 30, 1230, 'VAIN & NAIVE EDP 50 ML 1.3.jpg', NULL, NULL, NULL, 'No', NULL, '2022-07-26 16:35:09', NULL, '2022-07-26 16:35:09'),
(1019, 30, 1229, 'TUBEROZA EDP 50 ML 1.1.jpg', NULL, NULL, NULL, 'No', NULL, '2022-07-26 16:46:08', NULL, '2022-07-26 16:46:08'),
(1020, 30, 1229, 'TUBEROZA EDP 50 ML 1.2.jpg', NULL, NULL, NULL, 'No', NULL, '2022-07-26 16:46:08', NULL, '2022-07-26 16:46:08'),
(1021, 30, 1229, 'TUBEROZA EDP 50 ML 1.3.jpg', NULL, NULL, NULL, 'No', NULL, '2022-07-26 16:46:08', NULL, '2022-07-26 16:46:08'),
(1022, 30, 1228, 'SULTAN VETIVER EDP 50 ML 1.1.jpg', NULL, NULL, NULL, 'No', NULL, '2022-07-26 16:47:08', NULL, '2022-07-26 16:47:08'),
(1023, 30, 1228, 'SULTAN VETIVER EDP 50 ML 1.2.jpg', NULL, NULL, NULL, 'No', NULL, '2022-07-26 16:47:08', NULL, '2022-07-26 16:47:08'),
(1024, 30, 1228, 'SULTAN VETIVER EDP 50 ML 1.3.jpg', NULL, NULL, NULL, 'No', NULL, '2022-07-26 16:47:08', NULL, '2022-07-26 16:47:08'),
(1025, 30, 1225, 'SAFRAN COLOGNISE EDP 100 ML 1.1.jpg', NULL, NULL, NULL, 'No', NULL, '2022-07-26 17:10:43', NULL, '2022-07-26 17:10:43'),
(1026, 30, 1225, 'SAFRAN COLOGNISE EDP 100 ML 1.2.jpg', NULL, NULL, NULL, 'No', NULL, '2022-07-26 17:10:43', NULL, '2022-07-26 17:10:43'),
(1027, 30, 1225, 'SAFRAN COLOGNISE EDP 100 ML 1.3.jpg', NULL, NULL, NULL, 'No', NULL, '2022-07-26 17:10:43', NULL, '2022-07-26 17:10:43'),
(1028, 30, 1222, 'NANSHE EDP 100 ML 1.1.jpg', NULL, NULL, NULL, 'No', NULL, '2022-07-26 17:25:04', NULL, '2022-07-26 17:25:04'),
(1029, 30, 1222, 'NANSHE EDP 100 ML 1.2.jpg', NULL, NULL, NULL, 'No', NULL, '2022-07-26 17:25:04', NULL, '2022-07-26 17:25:04'),
(1030, 30, 1222, 'NANSHE EDP 100 ML 1.3.jpg', NULL, NULL, NULL, 'No', NULL, '2022-07-26 17:25:04', NULL, '2022-07-26 17:25:04'),
(1031, 30, 1221, 'NANSHE EDP 50 ML 1.1.jpg', NULL, NULL, NULL, 'No', NULL, '2022-07-26 17:26:51', NULL, '2022-07-26 17:26:51'),
(1032, 30, 1221, 'NANSHE EDP 50 ML 1.2.jpg', NULL, NULL, NULL, 'No', NULL, '2022-07-26 17:26:51', NULL, '2022-07-26 17:26:51'),
(1033, 30, 1221, 'NANSHE EDP 50 ML 1.3.jpg', NULL, NULL, NULL, 'No', NULL, '2022-07-26 17:26:51', NULL, '2022-07-26 17:26:51'),
(1034, 30, 1220, 'KARAGOZ EDP 50 ML 1.1.jpg', NULL, NULL, NULL, 'No', NULL, '2022-07-26 17:36:57', NULL, '2022-07-26 17:36:57'),
(1035, 30, 1220, 'KARAGOZ EDP 50 ML 1.2.jpg', NULL, NULL, NULL, 'No', NULL, '2022-07-26 17:36:57', NULL, '2022-07-26 17:36:57'),
(1036, 30, 1220, 'KARAGOZ EDP 50 ML 1.3.jpg', NULL, NULL, NULL, 'No', NULL, '2022-07-26 17:36:57', NULL, '2022-07-26 17:36:57'),
(1037, 30, 1213, 'EGE EDP 100 ML 1.1.jpg', NULL, NULL, NULL, 'No', NULL, '2022-07-26 17:55:54', NULL, '2022-07-26 17:55:54'),
(1038, 30, 1213, 'EGE EDP 100 ML 1.2.jpg', NULL, NULL, NULL, 'No', NULL, '2022-07-26 17:55:54', NULL, '2022-07-26 17:55:54'),
(1039, 30, 1213, 'EGE EDP 100 ML 1.3.jpg', NULL, NULL, NULL, 'No', NULL, '2022-07-26 17:55:54', NULL, '2022-07-26 17:55:54'),
(1040, 30, 1212, 'EGE EDP 50 ML 1.1.jpg', NULL, NULL, NULL, 'No', NULL, '2022-07-26 17:56:57', NULL, '2022-07-26 17:56:57'),
(1041, 30, 1212, 'EGE EDP 50 ML 1.2.jpg', NULL, NULL, NULL, 'No', NULL, '2022-07-26 17:56:57', NULL, '2022-07-26 17:56:57'),
(1042, 30, 1212, 'EGE EDP 50 ML 1.3.jpg', NULL, NULL, NULL, 'No', NULL, '2022-07-26 17:56:57', NULL, '2022-07-26 17:56:57'),
(1043, 30, 1211, 'COLOGNISE EDP 100 ML 1.1..jpg', NULL, NULL, NULL, 'No', NULL, '2022-07-26 18:13:40', NULL, '2022-07-26 18:13:40'),
(1044, 30, 1211, 'COLOGNISE EDP 100 ML 1.2.jpg', NULL, NULL, NULL, 'No', NULL, '2022-07-26 18:13:40', NULL, '2022-07-26 18:13:40'),
(1045, 30, 1211, 'COLOGNISE EDP 100 ML 1.3.jpg', NULL, NULL, NULL, 'No', NULL, '2022-07-26 18:13:40', NULL, '2022-07-26 18:13:40'),
(1046, 30, 1210, 'B-612 EDP 50 ML 1.1.jpg', NULL, NULL, NULL, 'No', NULL, '2022-07-26 18:26:24', NULL, '2022-07-26 18:26:24'),
(1047, 30, 1210, 'B-612 EDP 50 ML 1.2.jpg', NULL, NULL, NULL, 'No', NULL, '2022-07-26 18:26:24', NULL, '2022-07-26 18:26:24'),
(1048, 30, 1210, 'B-612 EDP 50 ML 1.3.jpg', NULL, NULL, NULL, 'No', NULL, '2022-07-26 18:26:24', NULL, '2022-07-26 18:26:24'),
(1049, 30, 1207, 'AMBRA CALABRIA EDP 50 ML 1.1.jpg', NULL, NULL, NULL, 'No', NULL, '2022-07-26 18:27:13', NULL, '2022-07-26 18:27:13'),
(1050, 30, 1207, 'AMBRA CALABRIA EDP 50 ML 1.2.jpg', NULL, NULL, NULL, 'No', NULL, '2022-07-26 18:27:13', NULL, '2022-07-26 18:27:13'),
(1051, 30, 1207, 'AMBRA CALABRIA EDP 50 ML 1.3.jpg', NULL, NULL, NULL, 'No', NULL, '2022-07-26 18:27:13', NULL, '2022-07-26 18:27:13'),
(1052, 30, 1237, 'WULONG CHA HAIR PERFUME 50 ML.jpg', NULL, NULL, NULL, 'No', NULL, '2022-07-26 18:42:29', NULL, '2022-07-26 18:42:29'),
(1053, 30, 1236, 'TUBEROZA HAIR PERFUME 50 ML.jpg', NULL, NULL, NULL, 'No', NULL, '2022-07-26 18:42:54', NULL, '2022-07-26 18:42:54'),
(1054, 30, 1235, 'HUNDRED SILENT WAYS HAIR PERFUME 50 ML.jpg', NULL, NULL, NULL, 'No', NULL, '2022-07-26 18:43:41', NULL, '2022-07-26 18:43:41'),
(1055, 30, 1234, 'ANI HAIR PERFUME 50 ML.jpg', NULL, NULL, NULL, 'No', NULL, '2022-07-26 18:44:11', NULL, '2022-07-26 18:44:11'),
(1056, 30, 1238, 'ADMIRABILIS EDP 100 ML 1.1.jpg', NULL, NULL, NULL, 'No', NULL, '2022-07-27 10:54:10', NULL, '2022-07-27 10:54:10'),
(1057, 30, 1238, 'ADMIRABILIS EDP 100 ML 1.2.jpg', NULL, NULL, NULL, 'No', NULL, '2022-07-27 10:54:10', NULL, '2022-07-27 10:54:10'),
(1058, 30, 1238, 'ADMIRABILIS EDP 100 ML 1.3.jpg', NULL, NULL, NULL, 'No', NULL, '2022-07-27 10:54:10', NULL, '2022-07-27 10:54:10'),
(1059, 30, 1239, 'BOHARAS EDP 100 ML 1.1.jpg', NULL, NULL, NULL, 'No', NULL, '2022-07-27 11:56:24', NULL, '2022-07-27 11:56:24'),
(1060, 30, 1239, 'BOHARAS EDP 100 ML 1.2.jpg', NULL, NULL, NULL, 'No', NULL, '2022-07-27 11:56:24', NULL, '2022-07-27 11:56:24'),
(1061, 30, 1239, 'BOHARAS EDP 100 ML 1.3.jpg', NULL, NULL, NULL, 'No', NULL, '2022-07-27 11:56:24', NULL, '2022-07-27 11:56:24'),
(1062, 30, 1240, 'BOIS DE FEU EDP 100 ML 1.1.jpg', NULL, NULL, NULL, 'No', NULL, '2022-07-27 11:57:34', NULL, '2022-07-27 11:57:34'),
(1063, 30, 1240, 'BOIS DE FEU EDP 100 ML 1.2.jpg', NULL, NULL, NULL, 'No', NULL, '2022-07-27 11:57:34', NULL, '2022-07-27 11:57:34'),
(1064, 30, 1241, 'CASHMERE EDP 100 ML 1.1.jpg', NULL, NULL, NULL, 'No', NULL, '2022-07-27 11:58:41', NULL, '2022-07-27 11:58:41'),
(1065, 30, 1241, 'CASHMERE EDP 100 ML 1.2.jpg', NULL, NULL, NULL, 'No', NULL, '2022-07-27 11:58:41', NULL, '2022-07-27 11:58:41'),
(1066, 30, 1241, 'CASHMERE EDP 100 ML 1.3.jpg', NULL, NULL, NULL, 'No', NULL, '2022-07-27 11:58:41', NULL, '2022-07-27 11:58:41'),
(1067, 30, 1242, 'CUIR ETERNAL EDP 100 ML 1.1.jpg', NULL, NULL, NULL, 'No', NULL, '2022-07-27 12:01:14', NULL, '2022-07-27 12:01:14'),
(1068, 30, 1242, 'CUIR ETERNAL EDP 100 ML 1.2.jpg', NULL, NULL, NULL, 'No', NULL, '2022-07-27 12:01:14', NULL, '2022-07-27 12:01:14'),
(1069, 30, 1242, 'CUIR ETERNAL EDP 100 ML 1.3.jpg', NULL, NULL, NULL, 'No', NULL, '2022-07-27 12:01:14', NULL, '2022-07-27 12:01:14'),
(1070, 30, 1243, 'NOBLE EDP 100 ML 1.1.jpg', NULL, NULL, NULL, 'No', NULL, '2022-07-27 12:02:05', NULL, '2022-07-27 12:02:05'),
(1071, 30, 1243, 'NOBLE EDP 100 ML 1.2.jpg', NULL, NULL, NULL, 'No', NULL, '2022-07-27 12:02:05', NULL, '2022-07-27 12:02:05'),
(1072, 30, 1243, 'NOBLE EDP 100 ML 1.3.jpg', NULL, NULL, NULL, 'No', NULL, '2022-07-27 12:02:05', NULL, '2022-07-27 12:02:05'),
(1073, 30, 1244, 'REVE OTTOMAN EDP 100 ML 1.1.jpg', NULL, NULL, NULL, 'No', NULL, '2022-07-27 12:02:58', NULL, '2022-07-27 12:02:58'),
(1074, 30, 1244, 'REVE OTTOMAN EDP 100 ML 1.2.jpg', NULL, NULL, NULL, 'No', NULL, '2022-07-27 12:02:58', NULL, '2022-07-27 12:02:58'),
(1075, 30, 1244, 'REVE OTTOMAN EDP 100 ML 1.3.jpg', NULL, NULL, NULL, 'No', NULL, '2022-07-27 12:02:58', NULL, '2022-07-27 12:02:58'),
(1076, 30, 1245, 'SUEDE ELIXIR EDP 100 ML 1.1.jpg', NULL, NULL, NULL, 'No', NULL, '2022-07-27 12:03:57', NULL, '2022-07-27 12:03:57'),
(1077, 30, 1245, 'SUEDE ELIXIR EDP 100 ML 1.2.jpg', NULL, NULL, NULL, 'No', NULL, '2022-07-27 12:03:57', NULL, '2022-07-27 12:03:57'),
(1078, 30, 1246, 'SYMPHONIE EDP 100 ML 1.1.jpg', NULL, NULL, NULL, 'No', NULL, '2022-07-27 12:05:15', NULL, '2022-07-27 12:05:15'),
(1079, 30, 1246, 'SYMPHONIE EDP 100 ML 1.2.jpg', NULL, NULL, NULL, 'No', NULL, '2022-07-27 12:05:15', NULL, '2022-07-27 12:05:15'),
(1080, 30, 1259, 'NO.1 EDP 100 ML 1.1.jpg', NULL, NULL, NULL, 'No', NULL, '2022-07-27 13:50:10', NULL, '2022-07-27 13:50:10'),
(1081, 30, 1259, 'NO.1 EDP 100 ML 1.2.jpg', NULL, NULL, NULL, 'No', NULL, '2022-07-27 13:50:10', NULL, '2022-07-27 13:50:10'),
(1082, 30, 1259, 'Untitled-1.jpg', NULL, NULL, NULL, 'No', NULL, '2022-07-27 13:50:10', NULL, '2022-07-27 13:50:10'),
(1083, 30, 1260, 'NO.2 EDP 100 ML 1.1.jpg', NULL, NULL, NULL, 'No', NULL, '2022-07-27 13:52:54', NULL, '2022-07-27 13:52:54'),
(1084, 30, 1260, 'NO.2 EDP 100 ML 1.2.jpg', NULL, NULL, NULL, 'No', NULL, '2022-07-27 13:52:54', NULL, '2022-07-27 13:52:54'),
(1085, 30, 1260, 'Untitled-2.jpg', NULL, NULL, NULL, 'No', NULL, '2022-07-27 13:52:54', NULL, '2022-07-27 13:52:54'),
(1086, 30, 1261, 'NO.3 EDP 100 ML 1.1.jpg', NULL, NULL, NULL, 'No', NULL, '2022-07-27 13:53:55', NULL, '2022-07-27 13:53:55'),
(1087, 30, 1261, 'NO.3 EDP 100 ML 1.3.jpg', NULL, NULL, NULL, 'No', NULL, '2022-07-27 13:53:55', NULL, '2022-07-27 13:53:55'),
(1088, 30, 1261, 'Untitled-3.jpg', NULL, NULL, NULL, 'No', NULL, '2022-07-27 13:53:55', NULL, '2022-07-27 13:53:55'),
(1089, 30, 1261, '', NULL, NULL, NULL, 'No', NULL, '2022-07-27 13:54:18', NULL, '2022-07-27 13:54:18'),
(1090, 30, 1262, 'NO.4 EDP 100 ML 1.1.jpg', NULL, NULL, NULL, 'No', NULL, '2022-07-27 13:55:09', NULL, '2022-07-27 13:55:09'),
(1091, 30, 1262, 'NO.4 EDP 100 ML 1.2.jpg', NULL, NULL, NULL, 'No', NULL, '2022-07-27 13:55:09', NULL, '2022-07-27 13:55:09'),
(1092, 30, 1262, 'Untitled-4.jpg', NULL, NULL, NULL, 'No', NULL, '2022-07-27 13:55:09', NULL, '2022-07-27 13:55:09'),
(1093, 30, 1263, 'NO.5 EDP 100 ML 1.1.jpg', NULL, NULL, NULL, 'No', NULL, '2022-07-27 13:56:21', NULL, '2022-07-27 13:56:21'),
(1094, 30, 1263, 'NO.5 EDP 100 ML 1.2.jpg', NULL, NULL, NULL, 'No', NULL, '2022-07-27 13:56:21', NULL, '2022-07-27 13:56:21'),
(1095, 30, 1263, 'Untitled-5.jpg', NULL, NULL, NULL, 'No', NULL, '2022-07-27 13:56:21', NULL, '2022-07-27 13:56:21'),
(1096, 30, 1264, 'NO.6 EDP 100 ML 1.1.jpg', NULL, NULL, NULL, 'No', NULL, '2022-07-27 13:57:17', NULL, '2022-07-27 13:57:17'),
(1097, 30, 1264, 'NO.6 EDP 100 ML 1.2.jpg', NULL, NULL, NULL, 'No', NULL, '2022-07-27 13:57:17', NULL, '2022-07-27 13:57:17'),
(1098, 30, 1264, 'Untitled-6.jpg', NULL, NULL, NULL, 'No', NULL, '2022-07-27 13:57:17', NULL, '2022-07-27 13:57:17'),
(1099, 30, 1265, 'NO.7 EDP 100 ML 1.1.jpg', NULL, NULL, NULL, 'No', NULL, '2022-07-27 13:58:19', NULL, '2022-07-27 13:58:19'),
(1100, 30, 1265, 'NO.7 EDP 100 ML 1.2.jpg', NULL, NULL, NULL, 'No', NULL, '2022-07-27 13:58:19', NULL, '2022-07-27 13:58:19'),
(1101, 30, 1265, 'Untitled-7.jpg', NULL, NULL, NULL, 'No', NULL, '2022-07-27 13:58:19', NULL, '2022-07-27 13:58:19'),
(1102, 30, 1267, 'INCENSE WOOD EDP 100 ML 1.1.jpg', NULL, NULL, NULL, 'No', NULL, '2022-07-27 13:59:34', NULL, '2022-07-27 13:59:34'),
(1103, 30, 1267, 'INCENSE WOOD EDP 100 ML 1.2.jpg', NULL, NULL, NULL, 'No', NULL, '2022-07-27 13:59:34', NULL, '2022-07-27 13:59:34'),
(1104, 30, 1267, 'Untitled-9.jpg', NULL, NULL, NULL, 'No', NULL, '2022-07-27 13:59:34', NULL, '2022-07-27 13:59:34'),
(1105, 30, 1268, 'FRESH OUD EDP 100 ML 1.1.jpg', NULL, NULL, NULL, 'No', NULL, '2022-07-27 14:00:49', NULL, '2022-07-27 14:00:49'),
(1106, 30, 1268, 'FRESH OUD EDP 100 ML 1.2.jpg', NULL, NULL, NULL, 'No', NULL, '2022-07-27 14:00:49', NULL, '2022-07-27 14:00:49'),
(1107, 30, 1268, 'Untitled-8.jpg', NULL, NULL, NULL, 'No', NULL, '2022-07-27 14:00:49', NULL, '2022-07-27 14:00:49'),
(1108, 30, 1266, 'SWEET ROSE EDP 100 ML 1.1.jpg', NULL, NULL, NULL, 'No', NULL, '2022-07-27 14:19:52', NULL, '2022-07-27 14:19:52'),
(1109, 30, 1266, 'SWEET ROSE EDP 100 ML 1.2.jpg', NULL, NULL, NULL, 'No', NULL, '2022-07-27 14:19:52', NULL, '2022-07-27 14:19:52'),
(1110, 30, 1266, 'SWEET ROSE EDP 100 ML 1.3.jpg', NULL, NULL, NULL, 'No', NULL, '2022-07-27 14:19:52', NULL, '2022-07-27 14:19:52'),
(1138, 30, 1288, 'WOODY PERFECTO EDP 100 ML 1.1.jpg', NULL, NULL, NULL, 'No', NULL, '2022-07-27 17:33:41', NULL, '2022-07-27 17:33:41'),
(1139, 30, 1288, 'WOODY PERFECTO EDP 100 ML 1.2.jpg', NULL, NULL, NULL, 'No', NULL, '2022-07-27 17:33:41', NULL, '2022-07-27 17:33:41'),
(1140, 30, 1288, 'WOODY PERFECTO EDP 100 ML 1.3.jpg', NULL, NULL, NULL, 'No', NULL, '2022-07-27 17:33:41', NULL, '2022-07-27 17:33:41'),
(1141, 30, 1287, 'MILKY MUSK EDP 100 ML 1.1.jpg', NULL, NULL, NULL, 'No', NULL, '2022-07-27 17:34:42', NULL, '2022-07-27 17:34:42'),
(1142, 30, 1287, 'MILKY MUSK EDP 100 ML 1.2.jpg', NULL, NULL, NULL, 'No', NULL, '2022-07-27 17:34:42', NULL, '2022-07-27 17:34:42'),
(1143, 30, 1287, 'MILKY MUSK EDP 100 ML 1.3.jpg', NULL, NULL, NULL, 'No', NULL, '2022-07-27 17:34:42', NULL, '2022-07-27 17:34:42'),
(1144, 30, 1286, 'FLAVIA VANILLA EDP 100 ML 1.1.jpg', NULL, NULL, NULL, 'No', NULL, '2022-07-27 17:35:33', NULL, '2022-07-27 17:35:33'),
(1145, 30, 1286, 'FLAVIA VANILLA EDP 100 ML 1.2.jpg', NULL, NULL, NULL, 'No', NULL, '2022-07-27 17:35:33', NULL, '2022-07-27 17:35:33'),
(1146, 30, 1286, 'FLAVIA VANILLA EDP 100 ML 1.3.jpg', NULL, NULL, NULL, 'No', NULL, '2022-07-27 17:35:33', NULL, '2022-07-27 17:35:33'),
(1147, 30, 1285, 'CHYPRE MOJO EDP 100 ML 1.1.jpg', NULL, NULL, NULL, 'No', NULL, '2022-07-27 17:36:30', NULL, '2022-07-27 17:36:30'),
(1148, 30, 1285, 'CHYPRE MOJO EDP 100 ML 1.2.jpg', NULL, NULL, NULL, 'No', NULL, '2022-07-27 17:36:30', NULL, '2022-07-27 17:36:30'),
(1149, 30, 1285, 'CHYPRE MOJO EDP 100 ML 1.3.jpg', NULL, NULL, NULL, 'No', NULL, '2022-07-27 17:36:30', NULL, '2022-07-27 17:36:30'),
(1150, 30, 1282, 'VIVE LA MARIE.jpg', NULL, NULL, NULL, 'No', NULL, '2022-07-27 18:46:46', NULL, '2022-07-27 18:46:46'),
(1151, 30, 1280, 'ROSE NUE.jpg', NULL, NULL, NULL, 'No', NULL, '2022-07-27 18:47:37', NULL, '2022-07-27 18:47:37'),
(1152, 30, 1275, 'BALLERINA N°4.jpg', NULL, NULL, NULL, 'No', NULL, '2022-07-27 18:53:28', NULL, '2022-07-27 18:53:28'),
(1153, 30, 1273, 'BALLERINA N°3.jpg', NULL, NULL, NULL, 'No', NULL, '2022-07-27 18:54:03', NULL, '2022-07-27 18:54:03'),
(1154, 30, 1271, 'BALLERINA N°2.jpg', NULL, NULL, NULL, 'No', NULL, '2022-07-27 18:54:33', NULL, '2022-07-27 18:54:33'),
(1155, 30, 1269, 'BALLERINA N°1.jpg', NULL, NULL, NULL, 'No', NULL, '2022-07-27 18:55:04', NULL, '2022-07-27 18:55:04'),
(1156, 30, 1277, 'BALLERINA N°5 1.1.jpg', NULL, NULL, NULL, 'No', NULL, '2022-07-28 11:07:29', NULL, '2022-07-28 11:07:29'),
(1157, 30, 1277, 'BALLERINA N°5 1.2.jpg', NULL, NULL, NULL, 'No', NULL, '2022-07-28 11:07:29', NULL, '2022-07-28 11:07:29'),
(1158, 30, 1284, 'VIVE LA MARIE HAIR MIST.jpg', NULL, NULL, NULL, 'No', NULL, '2022-07-28 11:08:09', NULL, '2022-07-28 11:08:09'),
(1160, 30, 1279, 'POUDRE DE ROSE 1.1.jpg', NULL, NULL, NULL, 'No', NULL, '2022-07-28 11:21:29', NULL, '2022-07-28 11:21:29'),
(1161, 30, 1279, 'POUDRE DE ROSE 1.2.jpg', NULL, NULL, NULL, 'No', NULL, '2022-07-28 11:21:29', NULL, '2022-07-28 11:21:29'),
(1162, 30, 1283, 'VIVE LA MARIE EDP 100 ML 1.1.jpg', NULL, NULL, NULL, 'No', NULL, '2022-07-28 11:25:43', NULL, '2022-07-28 11:25:43'),
(1163, 30, 1283, 'VIVE LA MARIE EDP 100 ML 1.3.jpg', NULL, NULL, NULL, 'No', NULL, '2022-07-28 11:25:43', NULL, '2022-07-28 11:25:43'),
(1164, 30, 1281, 'LE FOR SNOB III.jpg', NULL, NULL, NULL, 'No', NULL, '2022-07-28 11:29:49', NULL, '2022-07-28 11:29:49'),
(1165, 30, 1278, 'LA ROSE DE ROSINE 1.1.jpg', NULL, NULL, NULL, 'No', NULL, '2022-07-28 11:32:36', NULL, '2022-07-28 11:32:36'),
(1166, 30, 1278, 'LA ROSE DE ROSINE 1.2.jpg', NULL, NULL, NULL, 'No', NULL, '2022-07-28 11:32:36', NULL, '2022-07-28 11:32:36'),
(1167, 30, 1276, 'BALLERINA N°4 EDP 100 ML.jpg', NULL, NULL, NULL, 'No', NULL, '2022-07-28 11:47:00', NULL, '2022-07-28 11:47:00'),
(1168, 30, 1274, 'BALLERINA N°3 EDP 100 ML.jpg', NULL, NULL, NULL, 'No', NULL, '2022-07-28 11:47:49', NULL, '2022-07-28 11:47:49'),
(1169, 30, 1272, 'BALLERINA N°2 EDP 100 ML.jpg', NULL, NULL, NULL, 'No', NULL, '2022-07-28 11:48:32', NULL, '2022-07-28 11:48:32'),
(1170, 30, 1270, 'BALLERINA N°1 EDP 100 ML.jpg', NULL, NULL, NULL, 'No', NULL, '2022-07-28 11:49:06', NULL, '2022-07-28 11:49:06'),
(1171, 30, 1294, 'TONKA SANDALWOOD EDP 50 ML 1.2.jpg', NULL, NULL, NULL, 'No', NULL, '2022-07-28 12:10:00', NULL, '2022-07-28 12:10:00'),
(1172, 30, 1294, 'TONKA SANDALWOOD EDP 50 ML 1.3.jpg', NULL, NULL, NULL, 'No', NULL, '2022-07-28 12:10:00', NULL, '2022-07-28 12:10:00'),
(1173, 30, 1293, 'TONKA OUD EDP 50 ML 1.2.jpg', NULL, NULL, NULL, 'No', NULL, '2022-07-28 12:10:38', NULL, '2022-07-28 12:10:38'),
(1174, 30, 1293, 'TONKA OUD EDP 50 ML 1.3.jpg', NULL, NULL, NULL, 'No', NULL, '2022-07-28 12:10:38', NULL, '2022-07-28 12:10:38'),
(1175, 30, 1292, 'ROSE VANILLA EDP 50 ML 1.2.jpg', NULL, NULL, NULL, 'No', NULL, '2022-07-28 12:11:12', NULL, '2022-07-28 12:11:12'),
(1176, 30, 1292, 'ROSE VANILLA EDP 50 ML 1.3.jpg', NULL, NULL, NULL, 'No', NULL, '2022-07-28 12:11:12', NULL, '2022-07-28 12:11:12'),
(1177, 30, 1291, 'OUD MUSK EDP 50 ML 1.2.jpg', NULL, NULL, NULL, 'No', NULL, '2022-07-28 12:11:49', NULL, '2022-07-28 12:11:49'),
(1178, 30, 1291, 'OUD MUSK EDP 50 ML 1.3.jpg', NULL, NULL, NULL, 'No', NULL, '2022-07-28 12:11:49', NULL, '2022-07-28 12:11:49'),
(1179, 30, 1290, 'IRIS PEONY EDP 50 ML 1.2.jpg', NULL, NULL, NULL, 'No', NULL, '2022-07-28 12:12:21', NULL, '2022-07-28 12:12:21'),
(1180, 30, 1290, 'IRIS PEONY EDP 50 ML 1.3.jpg', NULL, NULL, NULL, 'No', NULL, '2022-07-28 12:12:21', NULL, '2022-07-28 12:12:21'),
(1181, 30, 1289, 'AMBER WOOD EDP 50 ML 1.2.jpg', NULL, NULL, NULL, 'No', NULL, '2022-07-28 12:12:55', NULL, '2022-07-28 12:12:55'),
(1182, 30, 1289, 'AMBER WOOD EDP 50 ML 1.3.jpg', NULL, NULL, NULL, 'No', NULL, '2022-07-28 12:12:55', NULL, '2022-07-28 12:12:55'),
(1183, 30, 1297, '1. CODA with Box.jpg', NULL, NULL, NULL, 'No', NULL, '2022-08-11 11:25:50', NULL, '2022-08-11 11:25:50'),
(1184, 30, 1297, '2. CODA set.jpg', NULL, NULL, NULL, 'No', NULL, '2022-08-11 11:25:50', NULL, '2022-08-11 11:25:50'),
(1185, 30, 1297, '3. Gift set Box.jpg', NULL, NULL, NULL, 'No', NULL, '2022-08-11 11:25:50', NULL, '2022-08-11 11:25:50'),
(1186, 30, 1296, '1. Plush with box.jpg', NULL, NULL, NULL, 'No', NULL, '2022-08-11 11:26:53', NULL, '2022-08-11 11:26:53'),
(1187, 30, 1296, '2. Plush Set.jpg', NULL, NULL, NULL, 'No', NULL, '2022-08-11 11:26:53', NULL, '2022-08-11 11:26:53'),
(1188, 30, 1296, '3. Gift set Box.jpg', NULL, NULL, NULL, 'No', NULL, '2022-08-11 11:26:53', NULL, '2022-08-11 11:26:53'),
(1189, 30, 1255, 'VOODOO EDP 75 ML 1.1.1.jpg', NULL, NULL, NULL, 'No', NULL, '2022-08-22 12:01:02', NULL, '2022-08-22 12:01:02'),
(1190, 30, 1255, 'VOODOO EDP 75 ML 1.1.jpg', NULL, NULL, NULL, 'No', NULL, '2022-08-22 12:01:02', NULL, '2022-08-22 12:01:02'),
(1191, 30, 1255, 'VOODOO EDP 75 ML 1.2.jpg', NULL, NULL, NULL, 'No', NULL, '2022-08-22 12:01:02', NULL, '2022-08-22 12:01:02'),
(1192, 30, 1255, 'VOODOO EDP 75 ML 1.3.jpg', NULL, NULL, NULL, 'No', NULL, '2022-08-22 12:01:02', NULL, '2022-08-22 12:01:02'),
(1193, 30, 1254, 'STAR DUST EDP 75 ML 1.1.1.jpg', NULL, NULL, NULL, 'No', NULL, '2022-08-22 12:01:46', NULL, '2022-08-22 12:01:46'),
(1194, 30, 1254, 'STAR DUST EDP 75 ML 1.1.jpg', NULL, NULL, NULL, 'No', NULL, '2022-08-22 12:01:46', NULL, '2022-08-22 12:01:46'),
(1195, 30, 1254, 'STAR DUST EDP 75 ML 1.2.jpg', NULL, NULL, NULL, 'No', NULL, '2022-08-22 12:01:46', NULL, '2022-08-22 12:01:46'),
(1196, 30, 1254, 'STAR DUST EDP 75 ML 1.3.jpg', NULL, NULL, NULL, 'No', NULL, '2022-08-22 12:01:46', NULL, '2022-08-22 12:01:46'),
(1197, 30, 1253, 'SHAMAN EDP 75 ML 1.1.1.jpg', NULL, NULL, NULL, 'No', NULL, '2022-08-22 12:02:30', NULL, '2022-08-22 12:02:30'),
(1198, 30, 1253, 'SHAMAN EDP 75 ML 1.1.jpg', NULL, NULL, NULL, 'No', NULL, '2022-08-22 12:02:30', NULL, '2022-08-22 12:02:30'),
(1199, 30, 1253, 'SHAMAN EDP 75 ML 1.2.jpg', NULL, NULL, NULL, 'No', NULL, '2022-08-22 12:02:30', NULL, '2022-08-22 12:02:30'),
(1200, 30, 1253, 'SHAMAN EDP 75 ML 1.3.jpg', NULL, NULL, NULL, 'No', NULL, '2022-08-22 12:02:30', NULL, '2022-08-22 12:02:30'),
(1201, 30, 1252, 'PLUSH EDP 75 ML 1.1.1.jpg', NULL, NULL, NULL, 'No', NULL, '2022-08-22 12:03:10', NULL, '2022-08-22 12:03:10'),
(1202, 30, 1252, 'PLUSH EDP 75 ML 1.1.jpg', NULL, NULL, NULL, 'No', NULL, '2022-08-22 12:03:10', NULL, '2022-08-22 12:03:10'),
(1203, 30, 1252, 'PLUSH EDP 75 ML 1.2.jpg', NULL, NULL, NULL, 'No', NULL, '2022-08-22 12:03:10', NULL, '2022-08-22 12:03:10'),
(1204, 30, 1252, 'PLUSH EDP 75 ML 1.3.jpg', NULL, NULL, NULL, 'No', NULL, '2022-08-22 12:03:10', NULL, '2022-08-22 12:03:10'),
(1205, 30, 1251, 'OLD SCHOOL BENCH EDP 75 ML 1.1.1.jpg', NULL, NULL, NULL, 'No', NULL, '2022-08-22 12:03:48', NULL, '2022-08-22 12:03:48'),
(1206, 30, 1251, 'OLD SCHOOL BENCH EDP 75 ML 1.1.jpg', NULL, NULL, NULL, 'No', NULL, '2022-08-22 12:03:48', NULL, '2022-08-22 12:03:48'),
(1207, 30, 1251, 'OLD SCHOOL BENCH EDP 75 ML 1.2.jpg', NULL, NULL, NULL, 'No', NULL, '2022-08-22 12:03:48', NULL, '2022-08-22 12:03:48'),
(1208, 30, 1251, 'OLD SCHOOL BENCH EDP 75 ML 1.3.jpg', NULL, NULL, NULL, 'No', NULL, '2022-08-22 12:03:48', NULL, '2022-08-22 12:03:48'),
(1209, 30, 1250, 'MOON DUST EDP 75 ML 1.1.1.jpg', NULL, NULL, NULL, 'No', NULL, '2022-08-22 12:04:24', NULL, '2022-08-22 12:04:24'),
(1210, 30, 1250, 'MOON DUST EDP 75 ML 1.1.jpg', NULL, NULL, NULL, 'No', NULL, '2022-08-22 12:04:24', NULL, '2022-08-22 12:04:24'),
(1211, 30, 1250, 'MOON DUST EDP 75 ML 1.2.jpg', NULL, NULL, NULL, 'No', NULL, '2022-08-22 12:04:24', NULL, '2022-08-22 12:04:24'),
(1212, 30, 1250, 'MOON DUST EDP 75 ML 1.3.jpg', NULL, NULL, NULL, 'No', NULL, '2022-08-22 12:04:24', NULL, '2022-08-22 12:04:24'),
(1213, 30, 1249, 'DAHAB EDP 75 ML 1.1.1.jpg', NULL, NULL, NULL, 'No', NULL, '2022-08-22 12:05:12', NULL, '2022-08-22 12:05:12'),
(1214, 30, 1249, 'DAHAB EDP 75 ML 1.1.jpg', NULL, NULL, NULL, 'No', NULL, '2022-08-22 12:05:12', NULL, '2022-08-22 12:05:12'),
(1215, 30, 1249, 'DAHAB EDP 75 ML 1.2.jpg', NULL, NULL, NULL, 'No', NULL, '2022-08-22 12:05:12', NULL, '2022-08-22 12:05:12'),
(1216, 30, 1249, 'DAHAB EDP 75 ML 1.3.jpg', NULL, NULL, NULL, 'No', NULL, '2022-08-22 12:05:12', NULL, '2022-08-22 12:05:12'),
(1217, 30, 1248, 'CODA EDP 75 ML 1.1.1.jpg', NULL, NULL, NULL, 'No', NULL, '2022-08-22 12:05:50', NULL, '2022-08-22 12:05:50'),
(1218, 30, 1248, 'CODA EDP 75 ML 1.1.jpg', NULL, NULL, NULL, 'No', NULL, '2022-08-22 12:05:50', NULL, '2022-08-22 12:05:50'),
(1219, 30, 1248, 'CODA EDP 75 ML 1.2.jpg', NULL, NULL, NULL, 'No', NULL, '2022-08-22 12:05:50', NULL, '2022-08-22 12:05:50'),
(1220, 30, 1248, 'CODA EDP 75 ML 1.3.jpg', NULL, NULL, NULL, 'No', NULL, '2022-08-22 12:05:50', NULL, '2022-08-22 12:05:50'),
(1221, 30, 1247, 'BARREL EDP 75 ML 1.1.1.jpg', NULL, NULL, NULL, 'No', NULL, '2022-08-22 12:06:27', NULL, '2022-08-22 12:06:27'),
(1222, 30, 1247, 'BARREL EDP 75 ML 1.1.jpg', NULL, NULL, NULL, 'No', NULL, '2022-08-22 12:06:27', NULL, '2022-08-22 12:06:27'),
(1223, 30, 1247, 'BARREL EDP 75 ML 1.2.jpg', NULL, NULL, NULL, 'No', NULL, '2022-08-22 12:06:27', NULL, '2022-08-22 12:06:27'),
(1224, 30, 1247, 'BARREL EDP 75 ML 1.3.jpg', NULL, NULL, NULL, 'No', NULL, '2022-08-22 12:06:27', NULL, '2022-08-22 12:06:27'),
(1225, 30, 1307, 'CHARME EDP 100 ML 1.1.jpg', NULL, NULL, NULL, 'No', NULL, '2022-08-24 11:15:25', NULL, '2022-08-24 11:15:25'),
(1226, 30, 1307, 'CHARME EDP 100 ML 1.2.jpg', NULL, NULL, NULL, 'No', NULL, '2022-08-24 11:15:25', NULL, '2022-08-24 11:15:25'),
(1227, 30, 1307, 'CHARME EDP 100 ML 1.3.jpg', NULL, NULL, NULL, 'No', NULL, '2022-08-24 11:15:25', NULL, '2022-08-24 11:15:25'),
(1228, 30, 1308, 'OMELIE EDP 100 ML 1.1.jpg', NULL, NULL, NULL, 'No', NULL, '2022-08-24 11:30:14', NULL, '2022-08-24 11:30:14'),
(1229, 30, 1308, 'OMELIE EDP 100 ML 1.2.jpg', NULL, NULL, NULL, 'No', NULL, '2022-08-24 11:30:14', NULL, '2022-08-24 11:30:14'),
(1230, 30, 1308, 'OMELIE EDP 100 ML 1.3.jpg', NULL, NULL, NULL, 'No', NULL, '2022-08-24 11:30:14', NULL, '2022-08-24 11:30:14'),
(1231, 30, 1309, 'NISHANE ANI BODY OIL.jpg', NULL, NULL, NULL, 'No', NULL, '2022-08-24 11:35:20', NULL, '2022-08-24 11:35:20'),
(1232, 30, 1310, 'NISHANE HACIVAT BODY OIL.jpg', NULL, NULL, NULL, 'No', NULL, '2022-08-24 11:40:33', NULL, '2022-08-24 11:40:33'),
(1233, 30, 1311, 'NISHANE HUNDRED SILENT WAYS BODY OIL.jpg', NULL, NULL, NULL, 'No', NULL, '2022-08-24 11:42:30', NULL, '2022-08-24 11:42:30'),
(1234, 30, 1312, 'NISHANE TUBEROZA BODY OIL.jpg', NULL, NULL, NULL, 'No', NULL, '2022-08-24 11:44:03', NULL, '2022-08-24 11:44:03'),
(1235, 30, 1312, '', NULL, NULL, NULL, 'No', NULL, '2022-08-24 11:44:16', NULL, '2022-08-24 11:44:16'),
(1236, 30, 1313, 'NISHANE WULONG CHA BODY OIL.jpg', NULL, NULL, NULL, 'No', NULL, '2022-08-24 11:45:39', NULL, '2022-08-24 11:45:39'),
(1237, 30, 1314, 'LE FOR SNOB II 1.1.jpg', NULL, NULL, NULL, 'No', NULL, '2022-08-24 11:59:36', NULL, '2022-08-24 11:59:36'),
(1238, 30, 1314, 'LE FOR SNOB II 1.2.jpg', NULL, NULL, NULL, 'No', NULL, '2022-08-24 11:59:36', NULL, '2022-08-24 11:59:36');

-- --------------------------------------------------------

--
-- Table structure for table `products`
--

CREATE TABLE `products` (
  `id` int NOT NULL,
  `storeId` int DEFAULT NULL,
  `sku` varchar(64) CHARACTER SET utf8mb3 COLLATE utf8mb3_bin DEFAULT NULL,
  `title` varchar(255) CHARACTER SET utf8mb3 COLLATE utf8mb3_bin DEFAULT NULL,
  `slug` varchar(255) CHARACTER SET utf8mb3 COLLATE utf8mb3_bin DEFAULT NULL,
  `url` varchar(255) CHARACTER SET utf8mb3 COLLATE utf8mb3_bin DEFAULT NULL,
  `shortDescription` text CHARACTER SET utf8mb3 COLLATE utf8mb3_bin,
  `description` text CHARACTER SET utf8mb3 COLLATE utf8mb3_bin,
  `searchKeywords` text CHARACTER SET utf8mb3 COLLATE utf8mb3_bin,
  `topNotes` varchar(255) CHARACTER SET utf8mb3 COLLATE utf8mb3_bin DEFAULT NULL,
  `middleNotes` varchar(255) CHARACTER SET utf8mb3 COLLATE utf8mb3_bin DEFAULT NULL,
  `baseNotes` varchar(255) CHARACTER SET utf8mb3 COLLATE utf8mb3_bin DEFAULT NULL,
  `price` decimal(10,2) DEFAULT NULL,
  `specialPrice` decimal(10,2) DEFAULT NULL,
  `specialPriceFrom` date DEFAULT NULL,
  `specialPriceTo` date DEFAULT NULL,
  `bestSellers` enum('yes','no') CHARACTER SET utf8mb3 COLLATE utf8mb3_bin DEFAULT 'no',
  `newArrivals` enum('yes','no') CHARACTER SET utf8mb3 COLLATE utf8mb3_bin DEFAULT 'no',
  `spicey` enum('yes','no') CHARACTER SET utf8mb3 COLLATE utf8mb3_bin NOT NULL DEFAULT 'no',
  `taxClassId` int DEFAULT NULL,
  `weight` varchar(20) CHARACTER SET utf8mb3 COLLATE utf8mb3_bin DEFAULT NULL,
  `isConfigurable` int DEFAULT '0',
  `metaTitle` text CHARACTER SET utf8mb3 COLLATE utf8mb3_bin,
  `metaKey` text CHARACTER SET utf8mb3 COLLATE utf8mb3_bin,
  `metaDescription` text CHARACTER SET utf8mb3 COLLATE utf8mb3_bin,
  `metaImage` varchar(255) CHARACTER SET utf8mb3 COLLATE utf8mb3_bin DEFAULT NULL,
  `optionTitle` varchar(255) CHARACTER SET utf8mb3 COLLATE utf8mb3_bin DEFAULT NULL,
  `optionType` varchar(255) CHARACTER SET utf8mb3 COLLATE utf8mb3_bin DEFAULT NULL,
  `optionValue` varchar(255) CHARACTER SET utf8mb3 COLLATE utf8mb3_bin DEFAULT NULL,
  `color` varchar(255) CHARACTER SET utf8mb3 COLLATE utf8mb3_bin DEFAULT NULL,
  `size` varchar(255) CHARACTER SET utf8mb3 COLLATE utf8mb3_bin DEFAULT NULL,
  `brand` varchar(255) CHARACTER SET utf8mb3 COLLATE utf8mb3_bin DEFAULT NULL,
  `application` text CHARACTER SET utf8mb3 COLLATE utf8mb3_bin,
  `type` varchar(30) CHARACTER SET utf8mb3 COLLATE utf8mb3_bin DEFAULT NULL,
  `fromDate` date DEFAULT NULL,
  `fromTime` varchar(100) CHARACTER SET utf8mb3 COLLATE utf8mb3_bin DEFAULT NULL,
  `toDate` date DEFAULT NULL,
  `toTime` varchar(100) CHARACTER SET utf8mb3 COLLATE utf8mb3_bin DEFAULT NULL,
  `visibility` enum('Not Visible Individually','Catalog') CHARACTER SET utf8mb3 COLLATE utf8mb3_bin DEFAULT 'Catalog',
  `sequence` int DEFAULT NULL,
  `status` enum('active','inactive') CHARACTER SET utf8mb3 COLLATE utf8mb3_bin DEFAULT 'active',
  `inventory` enum('alwaysInStock','manageStock') CHARACTER SET utf8mb3 COLLATE utf8mb3_bin DEFAULT 'alwaysInStock',
  `attr1` varchar(100) CHARACTER SET utf8mb3 COLLATE utf8mb3_bin DEFAULT NULL,
  `attr2` varchar(100) CHARACTER SET utf8mb3 COLLATE utf8mb3_bin DEFAULT NULL,
  `attr3` varchar(100) CHARACTER SET utf8mb3 COLLATE utf8mb3_bin DEFAULT NULL,
  `attr4` varchar(100) CHARACTER SET utf8mb3 COLLATE utf8mb3_bin DEFAULT NULL,
  `attr5` varchar(100) CHARACTER SET utf8mb3 COLLATE utf8mb3_bin DEFAULT NULL,
  `attr6` varchar(100) CHARACTER SET utf8mb3 COLLATE utf8mb3_bin DEFAULT NULL,
  `attr7` varchar(100) CHARACTER SET utf8mb3 COLLATE utf8mb3_bin DEFAULT NULL,
  `attr8` varchar(100) CHARACTER SET utf8mb3 COLLATE utf8mb3_bin DEFAULT NULL,
  `attr9` varchar(100) CHARACTER SET utf8mb3 COLLATE utf8mb3_bin DEFAULT NULL,
  `attr10` varchar(100) CHARACTER SET utf8mb3 COLLATE utf8mb3_bin DEFAULT NULL,
  `ar_title` varchar(255) COLLATE utf8mb3_bin DEFAULT NULL,
  `ar_topNotes` varchar(255) COLLATE utf8mb3_bin DEFAULT NULL,
  `ar_middleNotes` varchar(255) COLLATE utf8mb3_bin DEFAULT NULL,
  `ar_baseNotes` varchar(255) COLLATE utf8mb3_bin DEFAULT NULL,
  `ar_shortDescription` text COLLATE utf8mb3_bin,
  `ar_description` text COLLATE utf8mb3_bin,
  `createdBy` varchar(100) CHARACTER SET utf8mb3 COLLATE utf8mb3_bin DEFAULT NULL,
  `createdAt` datetime DEFAULT NULL,
  `updatedBy` varchar(100) CHARACTER SET utf8mb3 COLLATE utf8mb3_bin DEFAULT NULL,
  `updatedAt` datetime DEFAULT NULL
) ENGINE=InnoDB DEFAULT CHARSET=utf8mb3 COLLATE=utf8mb3_bin COMMENT='Products Table';

--
-- Dumping data for table `products`
--

INSERT INTO `products` (`id`, `storeId`, `sku`, `title`, `slug`, `url`, `shortDescription`, `description`, `searchKeywords`, `topNotes`, `middleNotes`, `baseNotes`, `price`, `specialPrice`, `specialPriceFrom`, `specialPriceTo`, `bestSellers`, `newArrivals`, `spicey`, `taxClassId`, `weight`, `isConfigurable`, `metaTitle`, `metaKey`, `metaDescription`, `metaImage`, `optionTitle`, `optionType`, `optionValue`, `color`, `size`, `brand`, `application`, `type`, `fromDate`, `fromTime`, `toDate`, `toTime`, `visibility`, `sequence`, `status`, `inventory`, `attr1`, `attr2`, `attr3`, `attr4`, `attr5`, `attr6`, `attr7`, `attr8`, `attr9`, `attr10`, `ar_title`, `ar_topNotes`, `ar_middleNotes`, `ar_baseNotes`, `ar_shortDescription`, `ar_description`, `createdBy`, `createdAt`, `updatedBy`, `updatedAt`) VALUES
(678, NULL, 'COLG678', 'Colgate Swarna Vedshakti Toothpaste', 'colgate-swarna-vedshakti-678', NULL, NULL, NULL, NULL, NULL, NULL, NULL, '49.00', NULL, NULL, NULL, 'no', 'no', 'no', NULL, '100 gm', 660, NULL, NULL, NULL, NULL, NULL, NULL, NULL, NULL, NULL, NULL, NULL, 'Simple', NULL, NULL, NULL, NULL, 'Catalog', NULL, 'active', 'alwaysInStock', NULL, NULL, NULL, NULL, NULL, NULL, NULL, NULL, NULL, NULL, NULL, NULL, NULL, NULL, NULL, NULL, NULL, '2022-01-05 14:15:56', NULL, '2022-01-05 14:15:56'),
(679, NULL, 'COLG679', 'Colgate Swarna Vedshakti Toothpaste', 'colgate-swarna-vedshakti-679', NULL, NULL, NULL, NULL, NULL, NULL, NULL, '30.00', NULL, NULL, NULL, 'no', 'no', 'no', NULL, '50 gm', 660, NULL, NULL, NULL, NULL, NULL, NULL, NULL, NULL, NULL, NULL, NULL, 'Configurable', NULL, NULL, NULL, NULL, 'Catalog', NULL, 'active', 'alwaysInStock', NULL, NULL, NULL, NULL, NULL, NULL, NULL, NULL, NULL, NULL, NULL, NULL, NULL, NULL, NULL, NULL, NULL, '2022-01-05 14:15:56', NULL, '2022-01-05 14:15:56'),
(680, NULL, 'COLG680', 'Colgate Swarna Vedshakti Toothpaste', 'colgate-swarna-vedshakti-680', NULL, NULL, NULL, NULL, NULL, NULL, NULL, '20.00', NULL, NULL, NULL, 'no', 'no', 'no', NULL, '25 gm', 660, NULL, NULL, NULL, NULL, NULL, NULL, NULL, NULL, NULL, NULL, NULL, 'Configurable', NULL, NULL, NULL, NULL, 'Catalog', NULL, 'active', 'alwaysInStock', NULL, NULL, NULL, NULL, NULL, NULL, NULL, NULL, NULL, NULL, NULL, NULL, NULL, NULL, NULL, NULL, NULL, '2022-01-05 14:15:56', NULL, '2022-01-05 14:15:56'),
(845, NULL, 'COLG678', 'Colgate Swarna Vedshakti Toothpaste', 'colgate-swarna-vedshakti-678', NULL, NULL, NULL, NULL, NULL, NULL, NULL, '49.00', NULL, NULL, NULL, 'no', 'no', 'no', NULL, '100 gm', 660, NULL, NULL, NULL, NULL, NULL, NULL, NULL, NULL, NULL, NULL, NULL, 'Simple', NULL, NULL, NULL, NULL, 'Catalog', NULL, 'active', 'alwaysInStock', NULL, NULL, NULL, NULL, NULL, NULL, NULL, NULL, NULL, NULL, NULL, NULL, NULL, NULL, NULL, NULL, NULL, '2022-01-27 07:41:53', NULL, '2022-01-27 07:41:53'),
(846, NULL, 'COLG679', 'Colgate Swarna Vedshakti Toothpaste', 'colgate-swarna-vedshakti-679', NULL, NULL, NULL, NULL, NULL, NULL, NULL, '30.00', NULL, NULL, NULL, 'no', 'no', 'no', NULL, '50 gm', 660, NULL, NULL, NULL, NULL, NULL, NULL, NULL, NULL, NULL, NULL, NULL, 'Configurable', NULL, NULL, NULL, NULL, 'Catalog', NULL, 'active', 'alwaysInStock', NULL, NULL, NULL, NULL, NULL, NULL, NULL, NULL, NULL, NULL, NULL, NULL, NULL, NULL, NULL, NULL, NULL, '2022-01-27 07:41:53', NULL, '2022-01-27 07:41:53'),
(847, NULL, 'COLG680', 'Colgate Swarna Vedshakti Toothpaste', 'colgate-swarna-vedshakti-680', NULL, NULL, NULL, NULL, NULL, NULL, NULL, '20.00', NULL, NULL, NULL, 'no', 'no', 'no', NULL, '25 gm', 660, NULL, NULL, NULL, NULL, NULL, NULL, NULL, NULL, NULL, NULL, NULL, 'Configurable', NULL, NULL, NULL, NULL, 'Catalog', NULL, 'active', 'alwaysInStock', NULL, NULL, NULL, NULL, NULL, NULL, NULL, NULL, NULL, NULL, NULL, NULL, NULL, NULL, NULL, NULL, NULL, '2022-01-27 07:41:53', NULL, '2022-01-27 07:41:53'),
(1207, 30, 'EXT0002', 'AMBRA CALABRIA EDP 50 ML', 'ambra-calabria-edp-50-ml-25', NULL, 'This is an intriguing and inviting fragrance both for special occasions and daily usage.  A romantic mixture of bergamot and green notes along with sweet amber and vanilla.\r\n', 'Abra Cadabra! Get ready to witness the magical transition of an opening of a romantic mixture of Calabrian bergamot and green notes into sweet amber and vanilla… This unusually fresh, leafy-green amber fragrance is an intriguing and inviting one both for special occasions and daily usage.\r\n', NULL, 'Bergamot, Galbanum, Green Leaves', 'Jasmine, Coriander Seeds', 'Sweet Amber, Musk, Vanilla', '756.00', '0.00', NULL, NULL, 'no', 'no', 'no', NULL, NULL, 0, NULL, NULL, NULL, NULL, NULL, NULL, NULL, NULL, NULL, '6', NULL, 'Simple', NULL, NULL, NULL, NULL, 'Catalog', 220, 'active', 'alwaysInStock', NULL, NULL, NULL, NULL, NULL, NULL, NULL, NULL, NULL, NULL, NULL, NULL, NULL, NULL, NULL, NULL, NULL, '2022-07-04 14:37:37', NULL, '2022-07-22 11:33:05'),
(1208, 30, 'EXT0024', 'ANI EDP 50 ML', 'ani-edp-50-ml-14', NULL, 'A romantic and calm perfume created under the inspiration of a famous Anatolian folk song called “Sarı Gelin” (in Turkish) or “Sari Gyalin” in Armenian.\r\n', '\"Having been shown by perfume lovers as the best vanilla scent and becoming an iconic scent, highly celebrated ANI is a romantic and calm perfume created under the inspiration of a famous Anatolian folk song called “Sarı Gelin” (in Turkish) or “Sari Gyalin” in Armenian. The similarity of the name of the song in both languages suggests that both nations share a very similar culture as far as art, food or other aspects of life are concerned. ANI is the name of an ancient city that is now known as the Ani Ruins, which was included on UNESCO\'s World Heritage List.\r\n\r\nThe only boundary is in the imagination of the people. This perfume is dedicated to ruining any border between people and empowering the wearer to build his/her own empire even in a situation when all he/she is left with is nothing but ruins.\"\r\n', NULL, 'Bergamot, Green Notes, Blue Ginger, Pink Pepper', 'Blackcurrant, Turkish Rose, Cardamom', 'Patchouli, Cedarwood, Vanilla, Benzoin, Ambergris, Musk, Sandalwood', '888.00', '0.00', NULL, NULL, 'no', 'no', 'no', NULL, NULL, 0, NULL, NULL, NULL, NULL, NULL, NULL, NULL, NULL, NULL, '6', NULL, 'Simple', NULL, NULL, NULL, NULL, 'Catalog', 90, 'active', 'alwaysInStock', NULL, NULL, NULL, NULL, NULL, NULL, NULL, NULL, NULL, NULL, NULL, NULL, NULL, NULL, NULL, NULL, NULL, '2022-07-04 16:58:01', NULL, '2022-07-26 18:30:55'),
(1209, 30, 'EXT0025', 'ANI EDP 100 ML', 'ani-edp-100-ml-15', NULL, 'A romantic and calm perfume created under the inspiration of a famous Anatolian folk song called “Sarı Gelin” (in Turkish) or “Sari Gyalin” in Armenian.\r\n', '\"Having been shown by perfume lovers as the best vanilla scent and becoming an iconic scent, highly celebrated ANI is a romantic and calm perfume created under the inspiration of a famous Anatolian folk song called “Sarı Gelin” (in Turkish) or “Sari Gyalin” in Armenian. The similarity of the name of the song in both languages suggests that both nations share a very similar culture as far as art, food or other aspects of life are concerned. ANI is the name of an ancient city that is now known as the Ani Ruins, which was included on UNESCO\'s World Heritage List.\r\n\r\nThe only boundary is in the imagination of the people. This perfume is dedicated to ruining any border between people and empowering the wearer to build his/her own empire even in a situation when all he/she is left with is nothing but ruins.\"\r\n', NULL, 'Bergamot, Green Notes, Blue Ginger, Pink Pepper', 'Blackcurrant, Turkish Rose, Cardamom', 'Patchouli, Cedarwood, Vanilla, Benzoin, Ambergris, Musk, Sandalwood', '1318.00', '0.00', NULL, NULL, 'no', 'no', 'no', NULL, NULL, 0, NULL, NULL, NULL, NULL, NULL, NULL, NULL, NULL, NULL, '6', NULL, 'Simple', NULL, NULL, NULL, NULL, 'Catalog', 80, 'active', 'alwaysInStock', NULL, NULL, NULL, NULL, NULL, NULL, NULL, NULL, NULL, NULL, NULL, NULL, NULL, NULL, NULL, NULL, NULL, '2022-07-04 17:31:39', NULL, '2022-07-26 18:30:38'),
(1210, 30, 'EXT0022', 'B-612 EDP 50 ML', 'b-612-edp-50-ml-16', NULL, 'Nishane\'s B-612 fragrance invites all perfume lovers to regain their instinct to explore remembering their inner child.\r\n', 'The asteroid of the Little Prince approaches the world with its aromas to make the wearer of this perfume imaginative, open-minded, and aware of and sensitive to the mystery and beauty of the world with its alluring structure bringing back the forgotten traits from childhood. Enlightenment through exploration. NISHANE invites all perfume lovers to regain their instinct to explore remembering their inner child.\r\n', NULL, 'Lavender, Cypress, Geranium', 'Cashmeran, Sandalwood, Patchouli', 'Musk, Oakmoss, Tonka Bean', '888.00', '0.00', NULL, NULL, 'no', 'no', 'no', NULL, NULL, 0, NULL, NULL, NULL, NULL, NULL, NULL, NULL, NULL, NULL, '6', NULL, 'Simple', NULL, NULL, NULL, NULL, 'Catalog', 210, 'active', 'alwaysInStock', NULL, NULL, NULL, NULL, NULL, NULL, NULL, NULL, NULL, NULL, NULL, NULL, NULL, NULL, NULL, NULL, NULL, '2022-07-04 17:34:29', NULL, '2022-07-26 18:25:50'),
(1211, 30, 'EXC0001', 'COLOGNISE EDP 100 ML', 'colognise-edp-100-ml-21', NULL, 'COLOGNISÉ is a tribute to the Turkish tradition of offering lemon cologne in splash bottles to the guests.', '\"COLOGNISÉ is a tribute to the Turkish tradition of offering lemon cologne in splash bottles to the guests as an inherent way of showing hospitality. NISHANE, as a perfume house famous for its extraits, dreamt of modernizing this tradition with a new concept called “Extrait de Cologne” that has an essence concentration of 18 %.\r\n\r\nThe main challenge was to create a distinguished and long-lasting lemon-based fragrance to honor the traditional lemon cologne. To boost the allurement and the refreshing power of the perfume, the citrus notes were backed by strong musk and flowers. \"\r\n', NULL, 'Bergamot, Lemon, Greentea, Jasmine', 'Grapefruit, Lily of the Valley', 'Vetiver, Neroli, Musk', '615.00', '0.00', NULL, NULL, 'no', 'no', 'no', NULL, NULL, 0, NULL, NULL, NULL, NULL, NULL, NULL, NULL, NULL, NULL, '6', NULL, 'Simple', NULL, NULL, NULL, NULL, 'Catalog', 200, 'active', 'alwaysInStock', NULL, NULL, NULL, NULL, NULL, NULL, NULL, NULL, NULL, NULL, NULL, NULL, NULL, NULL, NULL, NULL, NULL, '2022-07-04 17:36:52', NULL, '2022-07-26 18:12:58'),
(1212, 30, 'EXT0041', 'EGE EDP 50 ML', 'ege-edp-50-ml-14', NULL, 'EGE / ΑΙΓΑΙΟ is a tribute to the Aegean Sea – an elongated embayment of the Mediterranean Sea. ', 'EGE / ΑΙΓΑΙΟ is a tribute to the Aegean Sea – an elongated embayment of the Mediterranean Sea located between the Greek and Anatolian peninsulas – that has been historically important, especially in regard to the civilization of Ancient Greece, who inhabited the area around the coast of the Aegean and the Aegean islands. The Aegean islands facilitated contact between the people of the area and between Europe and Asia.\r\n', NULL, 'Yuzu, violet leaves, anise', 'Basil, green cardamom, mint ', 'Olibanum, licorice', '888.00', '0.00', NULL, NULL, 'no', 'no', 'no', NULL, NULL, 0, NULL, NULL, NULL, NULL, NULL, NULL, NULL, NULL, NULL, '6', NULL, 'Simple', NULL, NULL, NULL, NULL, 'Catalog', 185, 'active', 'alwaysInStock', NULL, NULL, NULL, NULL, NULL, NULL, NULL, NULL, NULL, NULL, NULL, NULL, NULL, NULL, NULL, NULL, NULL, '2022-07-04 17:39:56', NULL, '2022-07-26 17:57:02'),
(1213, 30, 'EXT0040', 'EGE EDP 100 ML', 'ege-edp-100-ml-15', NULL, 'EGE / ΑΙΓΑΙΟ is a tribute to the Aegean Sea – an elongated embayment of the Mediterranean Sea. \r\n', 'EGE / ΑΙΓΑΙΟ is a tribute to the Aegean Sea – an elongated embayment of the Mediterranean Sea located between the Greek and Anatolian peninsulas – that has been historically important, especially in regard to the civilization of Ancient Greece, who inhabited the area around the coast of the Aegean and the Aegean islands. The Aegean islands facilitated contact between the people of the area and between Europe and Asia.\r\n', NULL, 'Yuzu, violet leaves, anise', 'Basil, green cardamom, mint ', 'Olibanum, licorice', '1318.00', '0.00', NULL, NULL, 'no', 'no', 'no', NULL, NULL, 0, NULL, NULL, NULL, NULL, NULL, NULL, NULL, NULL, NULL, '6', NULL, 'Simple', NULL, NULL, NULL, NULL, 'Catalog', 180, 'active', 'alwaysInStock', NULL, NULL, NULL, NULL, NULL, NULL, NULL, NULL, NULL, NULL, NULL, NULL, NULL, NULL, NULL, NULL, NULL, '2022-07-04 17:42:30', NULL, '2022-07-26 17:56:04'),
(1214, 30, 'EXT0017', 'FAN YOUR FLAMES EDP 50 ML', 'fan-your-flames-edp-50-ml-26', NULL, 'Depicts a lovely night out with the company of loved ones smoking shisha with coconut, enjoying the nice chat, anticipating better days to come! Enjoy the good moods to celebrate life!\r\n', '\"Depicts a lovely night out with the company of loved ones smoking shisha with coconut, enjoying the nice chat, anticipating better days to come! Enjoy the good moods to celebrate life!\r\n\r\n‘Set your life on fire and seek those who fan your flames’  ~Rumi\"\r\n', NULL, 'Coconut, Rum', 'Tobacco, Tonka', 'Oakmoss, Chinese Dedarwood', '861.00', '0.00', NULL, NULL, 'no', 'no', 'no', NULL, NULL, 0, NULL, NULL, NULL, NULL, NULL, NULL, NULL, NULL, NULL, '6', NULL, 'Simple', NULL, NULL, NULL, NULL, 'Catalog', 55, 'active', 'alwaysInStock', NULL, NULL, NULL, NULL, NULL, NULL, NULL, NULL, NULL, NULL, NULL, NULL, NULL, NULL, NULL, NULL, NULL, '2022-07-04 17:51:51', NULL, '2022-07-26 13:46:02'),
(1215, NULL, NULL, NULL, NULL, NULL, 'Depicts a lovely night out with the company of loved ones smoking shisha with coconut, enjoying the nice chat, anticipating better days to come! Enjoy the good moods to celebrate life!', '\"Depicts a lovely night out with the company of loved ones smoking shisha with coconut, enjoying the nice chat, anticipating better days to come! Enjoy the good moods to celebrate life!\r\n\r\n‘Set your life on fire and seek those who fan your flames’  ~Rumi\"\r\n', NULL, 'Coconut, Rum', 'Tobacco, Tonka', 'Oakmoss, Chinese Dedarwood', NULL, NULL, NULL, NULL, 'no', 'no', 'no', NULL, NULL, 0, NULL, NULL, NULL, NULL, NULL, NULL, NULL, NULL, NULL, NULL, NULL, NULL, NULL, NULL, NULL, NULL, 'Catalog', NULL, 'active', 'alwaysInStock', NULL, NULL, NULL, NULL, NULL, NULL, NULL, NULL, NULL, NULL, NULL, NULL, NULL, NULL, NULL, NULL, NULL, '2022-07-04 17:56:29', NULL, '2022-07-04 17:56:29'),
(1216, 30, 'EXT0039', 'FAN YOUR FLAMES EDP 100 ML', 'fan-your-flames-edp-100-ml-27', NULL, 'Depicts a lovely night out with the company of loved ones smoking shisha with coconut, enjoying the nice chat, anticipating better days to come! Enjoy the good moods to celebrate life!\r\n', '\"Depicts a lovely night out with the company of loved ones smoking shisha with coconut, enjoying the nice chat, anticipating better days to come! Enjoy the good moods to celebrate life!\r\n\r\n‘Set your life on fire and seek those who fan your flames’  ~Rumi\"\r\n', NULL, 'Coconut, Rum', 'Tobacco, Tonka', 'Oakmoss, Chinese Dedarwood', '1302.00', '0.00', NULL, NULL, 'no', 'no', 'no', NULL, NULL, 0, NULL, NULL, NULL, NULL, NULL, NULL, NULL, NULL, NULL, '6', NULL, 'Simple', NULL, NULL, NULL, NULL, 'Catalog', 50, 'active', 'alwaysInStock', NULL, NULL, NULL, NULL, NULL, NULL, NULL, NULL, NULL, NULL, NULL, NULL, NULL, NULL, NULL, NULL, NULL, '2022-07-04 17:57:55', NULL, '2022-07-26 13:52:59'),
(1217, 30, 'EXT0019', 'Hacivat EDP 50 ML', 'hacivat-edp-50-ml-18', NULL, 'Hacivat is a tribute to elegance, kindness, competence, and love of art. Inspired by the traditional shadow play character.\r\n', 'Hacivat is a tribute to elegance, kindness, competence, and love of art. Inspired by the traditional shadow play character, this Eau chypre will help you live in your best dreams through the everlasting sparkles of its joyful structure made of the stimulating notes of pineapple and bergamot backed with genuine woody notes. Enjoy being loved with this blissful scent that has become an iconic scent for many in such a short period of time!\r\n', NULL, 'Bergamot, Pineapple, Grapefruit', 'Jasmine, Patchouli, Cedarwood', 'Clearwood, Oakmoss, Dry Timberwood', '987.00', '0.00', NULL, NULL, 'no', 'no', 'no', NULL, NULL, 0, NULL, NULL, NULL, NULL, NULL, NULL, NULL, NULL, NULL, '6', NULL, 'Simple', NULL, NULL, NULL, NULL, 'Catalog', 15, 'active', 'alwaysInStock', NULL, NULL, NULL, NULL, NULL, NULL, NULL, NULL, NULL, NULL, NULL, NULL, NULL, NULL, NULL, NULL, NULL, '2022-07-04 18:00:01', NULL, '2022-07-28 11:55:35'),
(1218, 30, 'EXT0029', 'Hacivat EDP 100 ML', 'hacivat-edp-100-ml-19', NULL, 'Hacivat is a tribute to elegance, kindness, competence, and love of art. Inspired by the traditional shadow play character.\r\n', 'Hacivat is a tribute to elegance, kindness, competence, and love of art. Inspired by the traditional shadow play character, this Eau chypre will help you live in your best dreams through the everlasting sparkles of its joyful structure made of the stimulating notes of pineapple and bergamot backed with genuine woody notes. Enjoy being loved with this blissful scent that has become an iconic scent for many in such a short period of time!\r\n', NULL, 'Bergamot, Pineapple, Grapefruit', 'Jasmine, Patchouli, Cedarwood', 'Clearwood, Oakmoss, Dry Timberwood', '1375.00', '0.00', NULL, NULL, 'yes', 'yes', 'no', NULL, NULL, 0, NULL, NULL, NULL, NULL, NULL, NULL, NULL, NULL, NULL, '6', NULL, 'Simple', NULL, NULL, NULL, NULL, 'Catalog', 10, 'active', 'alwaysInStock', NULL, NULL, NULL, NULL, NULL, NULL, NULL, NULL, NULL, NULL, NULL, NULL, NULL, NULL, NULL, NULL, NULL, '2022-07-04 18:01:37', NULL, '2022-07-28 11:55:55'),
(1219, 30, 'EXT0018', 'Hundred Silent Ways EDP 50 ML', 'hundred-silent-ways-edp-50-ml-30', NULL, 'Hundred Silent Ways is a tribute to the most-liked perfumes in the history of perfumery with a modern interpretation and blend of pleasant notes.', '\"Hundred Silent Ways Was created as a tribute to the most-liked perfumes in the history of perfumery with a modern interpretation and blend of pleasant notes. With a drop, one would feel wearing the attractiveness of all beautiful souls ever lived on earth and silently share this with everyone he/she encounters. Get ready for the compliments.\r\n\r\n\'I closed my mouth and spoke to you in a hundred silent ways\' ~Rumi \"\r\n', NULL, 'Tuberose, Mandarin, Peach', 'White Jasmin, Gardenia, Orris', 'Vanilla, Sandalwood, Vetiver', '861.00', '0.00', NULL, NULL, 'yes', 'no', 'no', NULL, NULL, 0, NULL, NULL, NULL, NULL, NULL, NULL, NULL, NULL, NULL, '6', NULL, 'Simple', NULL, NULL, NULL, NULL, 'Catalog', 22, 'active', 'alwaysInStock', NULL, NULL, NULL, NULL, NULL, NULL, NULL, NULL, NULL, NULL, NULL, NULL, NULL, NULL, NULL, NULL, NULL, '2022-07-04 18:04:32', NULL, '2022-07-26 13:44:05'),
(1220, 30, 'EXT0021', 'Karagoz EDP 50 ML', 'karagoz-edp-50-ml-18', NULL, 'KARAGOZ is a tribute to playful treats of life, wittiness, straightforwardness, and sincerity.', 'KARAGOZ is a tribute to playful treats of life, wittiness, straightforwardness, and sincerity. Enjoy being noticed just like the famous shadow puppetry character “Karagöz”. The cheerful opening with the pineapple and the herbs is followed by the strong personality coming from the rich heart made of neroli, jasmine, and patchouli. Vetiver, agarwood, and amber were meant to be the final strokes of the brush to depict this playful character.\r\n', NULL, 'Pineapple, Black Grape, Bouquet Garni', 'Neroli, Jasmine, Patchouli', 'Base Vetiver, Agarwood, Amber', '987.00', '0.00', NULL, NULL, 'no', 'no', 'no', NULL, NULL, 0, NULL, NULL, NULL, NULL, NULL, NULL, NULL, NULL, NULL, '6', NULL, 'Simple', NULL, NULL, NULL, NULL, 'Catalog', 170, 'active', 'alwaysInStock', NULL, NULL, NULL, NULL, NULL, NULL, NULL, NULL, NULL, NULL, NULL, NULL, NULL, NULL, NULL, NULL, NULL, '2022-07-04 18:08:49', NULL, '2022-07-22 11:17:18'),
(1221, 30, 'EXT0043', 'Nanshe EDP 50 ML', 'nanshe-edp-50-ml-17', NULL, 'Nanshe is suggesting poetic emotions with earthy aromas that will mystically conceive the positiveness even in the darkest times.', '\"Nanshe is the name of a Sumerian goddess of fertility, water, and social justice, which was believed to be the patron of dreams and prophecy. She watched over orphans and widows, oversaw fairness, freshwater, birds and fish, fertility, and favored prophets, giving them the ability to interpret dreams accurately.\r\n\r\n​The main challenge was to create a scent that reflects the kind, compassionate, welcoming, and wise attributes of this divine figure. With Nanshe, NISHANE wishes for a world where the forgotten, the poor, the lonely, and the disenfranchised are looked after.\r\n\r\nSurrounded by a sublime accord of rose which had been widely reported to help fertility by many civilizations, Nanshe is suggesting poetic emotions with earthy aromas that will mystically conceive the positiveness even in the darkest times.\"\r\n', NULL, 'Bergamot, carrot seeds, cardamom, yuzu', 'Water fruits & flowers, rose absolute, jasmine sambac absolute, ylang-ylang', 'Orris, powdery notes, musk, patchouli, sandalwood', '888.00', '0.00', NULL, NULL, 'no', 'no', 'no', NULL, NULL, 0, NULL, NULL, NULL, NULL, NULL, NULL, NULL, NULL, NULL, '6', NULL, 'Simple', NULL, NULL, NULL, NULL, 'Catalog', 165, 'active', 'alwaysInStock', NULL, NULL, NULL, NULL, NULL, NULL, NULL, NULL, NULL, NULL, NULL, NULL, NULL, NULL, NULL, NULL, NULL, '2022-07-04 18:11:07', NULL, '2022-07-26 17:28:00'),
(1222, 30, 'EXT0042', 'Nanshe EDP 100 ML', 'nanshe-edp-100-ml-18', NULL, 'Nanshe is suggesting poetic emotions with earthy aromas that will mystically conceive the positiveness even in the darkest times.\r\n', '\"Nanshe is the name of a Sumerian goddess of fertility, water, and social justice, which was believed to be the patron of dreams and prophecy. She watched over orphans and widows, oversaw fairness, freshwater, birds and fish, fertility, and favored prophets, giving them the ability to interpret dreams accurately.\r\n\r\n​The main challenge was to create a scent that reflects the kind, compassionate, welcoming, and wise attributes of this divine figure. With Nanshe, NISHANE wishes for a world where the forgotten, the poor, the lonely, and the disenfranchised are looked after.\r\n\r\nSurrounded by a sublime accord of rose which had been widely reported to help fertility by many civilizations, Nanshe is suggesting poetic emotions with earthy aromas that will mystically conceive the positiveness even in the darkest times.\"\r\n', NULL, 'Bergamot, carrot seeds, cardamom, yuzu', 'Water fruits & flowers, rose absolute, jasmine sambac absolute, ylang-ylang', 'Orris, powdery notes, musk, patchouli, sandalwood', '1318.00', '0.00', NULL, NULL, 'no', 'no', 'no', NULL, NULL, 0, NULL, NULL, NULL, NULL, NULL, NULL, NULL, NULL, NULL, '6', NULL, 'Simple', NULL, NULL, NULL, NULL, 'Catalog', 160, 'active', 'alwaysInStock', NULL, NULL, NULL, NULL, NULL, NULL, NULL, NULL, NULL, NULL, NULL, NULL, NULL, NULL, NULL, NULL, NULL, '2022-07-04 18:13:18', NULL, '2022-07-26 17:25:14'),
(1223, 30, 'EXT0099', 'MANA EDP 50 ML', 'mana-edp-50-ml-15', NULL, 'With MANA, NISHANE is inviting everyone to find the meaning in life and the inner force that will help them create the life they choose, leave their own mark and unfold their own myth.\r\n', '\"With MANA, NISHANE is inviting everyone to find the meaning in life and the inner force that will help them create the life they choose, leave their own mark and unfold their own myth. MANA means meaning. Throughout modern history, one of the questions that humans have asked the most is “What is the meaning of life?\"\r\nWe are all hungry for meaning, for purpose, for the feeling that our life is worth more than the sum of its parts. Luckily, humans are resourceful – we have infinite ways of finding meaning, and infinite potential sources of meaning. We can find meaning in every scenario, every event, every occurrence, every context. We can find meaning in the sublime, in the absurd, in the dull and dreary, and in the perfectly wretched in life.\r\nWe intuitively know that we want meaning in our lives and that meaning helps us thrive.\"\r\n', NULL, 'saffron, ginger, black pepper, cardamom', 'oud, Turkish rose, castoreum, suede', 'cistus labdanum, patchouli, sandalwood, guaiac wood, moss, benzoin, olibanum, musk', '2205.00', '0.00', NULL, NULL, 'no', 'no', 'no', NULL, NULL, 0, NULL, NULL, NULL, NULL, NULL, NULL, NULL, NULL, NULL, '6', NULL, 'Simple', NULL, NULL, NULL, NULL, 'Catalog', 30, 'active', 'alwaysInStock', NULL, NULL, NULL, NULL, NULL, NULL, NULL, NULL, NULL, NULL, NULL, NULL, NULL, NULL, NULL, NULL, NULL, '2022-07-04 18:16:33', NULL, '2022-07-26 12:56:56'),
(1224, 30, 'EXT0026', 'NEFS EDP 50 ML', 'nefs-edp-50-ml-15', NULL, 'NEFS is a luxurious interpretation of oriental notes. A scent to revive the fantasies told by the stories of One Thousand and One Nights of the Orient.', 'NEFS is a luxurious interpretation of oriental notes. Like Istanbul itself, the masterful creations of Nishane straddle the line between Europe and Asia, synthesizing the palettes and traditions of both in the service of dynamic, modern perfumery. And so it\'s unsurprising that Nefs, conceptualized as the line\'s flagship oriental scent, strives for a new, modern oriental- an East-meets-West portrait of refined luxury to sway even those who dislike oriental fragrances. Like a breeze blowing from the east across the Bosphorus, Nefs is an exquisite oriental that bridges the gap between civilizations. A scent to revive the fantasies told by the stories of One Thousand and One Nights of the Orient.\r\n', NULL, 'Honey, Violet, Sage, Saffron, Fig', 'Rose, Osmanthus, Geranium, jasmine, nutmeg', 'Amber, Whiskey, Oud, Cinnamon, Cedarwood, Gurjum, Leather, Vanilla', '2205.00', '0.00', NULL, NULL, 'no', 'no', 'no', NULL, NULL, 0, NULL, NULL, NULL, NULL, NULL, NULL, NULL, NULL, NULL, '6', NULL, 'Simple', NULL, NULL, NULL, NULL, 'Catalog', 40, 'active', 'alwaysInStock', NULL, NULL, NULL, NULL, NULL, NULL, NULL, NULL, NULL, NULL, NULL, NULL, NULL, NULL, NULL, NULL, NULL, '2022-07-04 18:24:34', NULL, '2022-07-22 11:21:30'),
(1225, 30, 'EXC0002', 'Safran Colognise EDP 100 ML', 'safran-colognise-edp-100-ml-28', NULL, 'In 2018, NISHANE had launched COLOGNISÉ which is a tribute to the Turkish tradition of offering lemon cologne in splash bottles to the guests as an inherent way of showing hospitality.\r\n', 'After the global success of Colognisé, NISHANE has decided to extend the “Extrait de Cologne Collection” with new offerings that will still remind the original Colognisé but will have a different take on some accords for different tastes. The main note of saffron helps to add a mysterious and rich allure to the scent.\r\n', NULL, 'Cedrat, Passion Fruit, Pink Grapefruit', 'Saffron, Magnolia, Pink Pepper', 'Musk, Ambergris, Leather', '615.00', '0.00', NULL, NULL, 'no', 'no', 'no', NULL, NULL, 0, NULL, NULL, NULL, NULL, NULL, NULL, NULL, NULL, NULL, '6', NULL, 'Simple', NULL, NULL, NULL, NULL, 'Catalog', 150, 'active', 'alwaysInStock', NULL, NULL, NULL, NULL, NULL, NULL, NULL, NULL, NULL, NULL, NULL, NULL, NULL, NULL, NULL, NULL, NULL, '2022-07-04 18:27:46', NULL, '2022-07-26 17:11:42'),
(1226, 30, 'EXT0045', 'SHEM EDP 50ML', 'shem-edp-50ml-14', NULL, 'Shem means Candle. NISHANE is inviting everyone to enjoy shining his/her own light that will help them follow their own path with the enlightening scent of Shem.\r\n', '\"NISHANE is proud to launch the second reference of our “Prestige Collection” that started with NEFS in the year 2019. With the enlightening scent of Shem, NISHANE is inviting everyone to enjoy shining his/her own light that will help them follow their own path.\r\n\r\nShem means candle. A candle loses nothing by lighting another candle. Thousands of candles can be lighted from a single candle and the life of the candle will not be shortened. Happiness never decreases by being shared.\r\n\r\nAs we let our light shine, we unconsciously give other people permission to do the same. As we are liberated from our own fear, our presence actually liberates others.\r\n\r\n“Let light shine out of the darkness.”', NULL, 'Cardamom – Turkish Rose – Geranium', 'Osmanthus – Amber – Cypriol', 'Elemi – Vetiver – Leather', '2205.00', '0.00', NULL, NULL, 'no', 'no', 'no', NULL, NULL, 0, NULL, NULL, NULL, NULL, NULL, NULL, NULL, NULL, NULL, '6', NULL, 'Simple', NULL, NULL, NULL, NULL, 'Catalog', 33, 'active', 'alwaysInStock', NULL, NULL, NULL, NULL, NULL, NULL, NULL, NULL, NULL, NULL, NULL, NULL, NULL, NULL, NULL, NULL, NULL, '2022-07-04 18:29:53', NULL, '2022-07-26 13:09:15'),
(1227, 30, 'EXT0013', 'SUEDE ET SAFRAN EDP 50 ML', 'suede-et-safran-edp-50-ml-26', NULL, 'Gives the feeling of a tailored leather jacket spiced with saffron from Iran and ambrette seed from India. A chic and fascinating signature suite.', 'Gives the feeling of a tailored leather jacket spiced with saffron from Iran and ambrette seed from India. A chic and fascinating signature suite.\r\n', NULL, 'Ambrette Seed, Saffron', 'Suede, Ginger', 'Musk, Leather', '930.00', '0.00', NULL, NULL, 'no', 'no', 'no', NULL, NULL, 0, NULL, NULL, NULL, NULL, NULL, NULL, NULL, NULL, NULL, '6', NULL, 'Simple', NULL, NULL, NULL, NULL, 'Catalog', 70, 'active', 'alwaysInStock', NULL, NULL, NULL, NULL, NULL, NULL, NULL, NULL, NULL, NULL, NULL, NULL, NULL, NULL, NULL, NULL, NULL, '2022-07-04 18:32:18', NULL, '2022-07-26 18:30:06'),
(1228, 30, 'EXT0008', 'Sultan Vetiver EDP 50 ML', 'sultan-vetiver-edp-50-ml-25', NULL, 'Sultan Vetiver is the new rule-breaker in its genre. This is a heavenly perfume for vetiver lovers.', 'Opens on a neroli note intensified by Javanese, Haitian, and Bourbon vetiver at the same pot! As the sultans and the kings were the actual conquerors for ages, Sultan Vetiver is the new rule-breaker in its genre. This is a heavenly perfume for vetiver lovers.', NULL, 'Vetiver Java, Absinthe, Schinus Molle, Bergamot', 'Vetiver Bourbon, Vetiver Haiti, Neroli, Tonka', 'Amberwood, Leather, Vetiver Brazil', '756.00', '0.00', NULL, NULL, 'no', 'no', 'no', NULL, NULL, 0, NULL, NULL, NULL, NULL, NULL, NULL, NULL, NULL, NULL, '6', NULL, 'Simple', NULL, NULL, NULL, NULL, 'Catalog', 140, 'active', 'alwaysInStock', NULL, NULL, NULL, NULL, NULL, NULL, NULL, NULL, NULL, NULL, NULL, NULL, NULL, NULL, NULL, NULL, NULL, '2022-07-04 18:34:09', NULL, '2022-07-22 11:12:43'),
(1229, 30, 'EXT0009', 'Tuberoza EDP 50 ML', 'tuberoza-edp-50-ml-19', NULL, 'Tuberoza reveals mainly the captivating tuberose of Mexico which is accompanied by other floral notes like gardenia, marigold, and jasmine. A strong ambery base is a guarantee for the distinctiveness of the scent.\r\n', 'Tuberoza reveals mainly the captivating tuberose of Mexico which is accompanied by other floral notes like gardenia, marigold, and jasmine. A strong ambery base is a guarantee for the distinctiveness of the scent.\r\n', NULL, 'Ylang Ylang, Sweet Orange, Armoise, Orange Blossom', 'Tuberose, Gardenia, Jasmine, Marigold', 'Amberwood, Vetiver, Sandalwood, Musk', '861.00', '0.00', NULL, NULL, 'no', 'no', 'no', NULL, NULL, 0, NULL, NULL, NULL, NULL, NULL, NULL, NULL, NULL, NULL, '6', NULL, 'Simple', NULL, NULL, NULL, NULL, 'Catalog', 130, 'active', 'alwaysInStock', NULL, NULL, NULL, NULL, NULL, NULL, NULL, NULL, NULL, NULL, NULL, NULL, NULL, NULL, NULL, NULL, NULL, '2022-07-04 18:36:23', NULL, '2022-07-26 16:46:16'),
(1230, 30, 'EXT0023', 'Vain & Naïve EDP 50 ML', 'vain-&-naïve-edp-50-ml-23', NULL, 'Discover the enchanting smell of the flower that Little Prince is in love with, which is simultaneously vain and naïve.\r\n', 'Vain and Naive is a tribute to each “unique love” ever experienced on earth. It is the time you have wasted for your rose that makes your rose so important. Discover the enchanting smell of the flower that Little Prince is in love with, which is simultaneously vain and naïve. \"There might be millions of roses in the whole world, but you are my only one, unique rose.\"\r\n', NULL, 'Bergamot, Orange', 'Rose, Jasmin, Cedar, Plum, Raspberry', 'Sandalwood, Amber, Patchouli, Tonka Bean, Musk', '888.00', '0.00', NULL, NULL, 'no', 'no', 'no', NULL, NULL, 0, NULL, NULL, NULL, NULL, NULL, NULL, NULL, NULL, NULL, '6', NULL, 'Simple', NULL, NULL, NULL, NULL, 'Catalog', 120, 'active', 'alwaysInStock', NULL, NULL, NULL, NULL, NULL, NULL, NULL, NULL, NULL, NULL, NULL, NULL, NULL, NULL, NULL, NULL, NULL, '2022-07-04 18:38:40', NULL, '2022-07-26 16:35:13'),
(1231, 30, 'EXT0001', 'Wulong Cha EDP 50 ML', 'wulong-cha-edp-50-ml-21', NULL, 'WŪLÓNG CHÁ opens on citrus notes of bergamot, orange, and mandarin. While Mediterranean fig and musk provide a base for the fragrance, Chinese oolong tea mesmerizes in an evasive way.\r\n', 'WŪLÓNG CHÁ has one of the strongest fresh scents in the market, it opens on citrus notes of bergamot, orange, and mandarin that provide sparkling freshness. While Mediterranean fig and musk provide a base for the fragrance, oolong tea mesmerizes in an evasive way.\r\n', NULL, 'Bergamot, Orange, Litsea, Mandarin', 'Oolong Tea, Nutmeg', 'Musk, Fig', '756.00', '0.00', NULL, NULL, 'no', 'no', 'no', NULL, NULL, 0, NULL, NULL, NULL, NULL, NULL, NULL, NULL, NULL, NULL, '6', NULL, 'Simple', NULL, NULL, NULL, NULL, 'Catalog', 115, 'active', 'alwaysInStock', NULL, NULL, NULL, NULL, NULL, NULL, NULL, NULL, NULL, NULL, NULL, NULL, NULL, NULL, NULL, NULL, NULL, '2022-07-04 18:41:27', NULL, '2022-07-22 11:01:41'),
(1232, 30, 'EXT0098', 'Wulong Cha EDP 100 ML', 'wulong-cha-edp-100-ml-22', NULL, 'WŪLÓNG CHÁ opens on citrus notes of bergamot, orange, and mandarin. While Mediterranean fig and musk provide a base for the fragrance, Chinese oolong tea mesmerizes in an evasive way.', 'WŪLÓNG CHÁ has one of the strongest fresh scents in the market, it opens on citrus notes of bergamot, orange, and mandarin that provide sparkling freshness. While Mediterranean fig and musk provide a base for the fragrance, oolong tea mesmerizes in an evasive way.', NULL, 'Bergamot, Orange, Litsea, Mandarin', 'Oolong Tea, Nutmeg', 'Musk, Fig', '1203.00', '0.00', NULL, NULL, 'no', 'no', 'no', NULL, NULL, 0, NULL, NULL, NULL, NULL, NULL, NULL, NULL, NULL, NULL, '6', NULL, 'Simple', NULL, NULL, NULL, NULL, 'Catalog', 110, 'active', 'alwaysInStock', NULL, NULL, NULL, NULL, NULL, NULL, NULL, NULL, NULL, NULL, NULL, NULL, NULL, NULL, NULL, NULL, NULL, '2022-07-04 18:44:29', NULL, '2022-07-26 18:29:34'),
(1233, 30, 'EXT0020', 'Zenne EDP 50 ML', 'zenne-edp-50-ml-16', NULL, 'Inspired by the female character in traditional shadow puppetry, ZENNE is a tribute to beauty, energy, self-confidence, and flirtation.', 'ZENNE is a tribute to beauty, energy, self-confidence, and flirtation. Inspired by the female character in the traditional shadow puppetry, Zenne will teleport you to the enigmas of the paradise gardens full of joy and romance with a deliberate mix of fruity and floral accords along with vanilla, ambergris, and musk at the base.\r\n', NULL, 'Grapefruit, Blackcurrant, Rhubarb', 'Turkish rose, Gardenia, Sandalwood', 'Vanilla, Ambergris, Musk', '987.00', '0.00', NULL, NULL, 'no', 'no', 'no', NULL, NULL, 0, NULL, NULL, NULL, NULL, NULL, NULL, NULL, NULL, NULL, '6', NULL, 'Simple', NULL, NULL, NULL, NULL, 'Catalog', 100, 'active', 'alwaysInStock', NULL, NULL, NULL, NULL, NULL, NULL, NULL, NULL, NULL, NULL, NULL, NULL, NULL, NULL, NULL, NULL, NULL, '2022-07-04 18:46:24', NULL, '2022-07-26 16:04:50'),
(1234, 30, 'HP004', 'ANI Hair Perfume 50 ML', 'ani-hair-perfume-50-ml-23', NULL, 'NISHANE Hair Perfumes give your hair an unprecedented scent together with unprecedented care.\r\n', 'With NISHANE Hair Perfumes, your hair will have an unprecedented scent together with unprecedented care. With their unique formula that combines panthenol and silk extract, NISHANE Hair Perfumes will moisturize your hair while adding shine and softness to it. They will also help condition your hair, giving it supremely healthy and voluminous locks.\r\n', NULL, '', '', '', '325.00', '0.00', NULL, NULL, 'no', 'no', 'no', NULL, NULL, 0, NULL, NULL, NULL, NULL, NULL, NULL, NULL, NULL, NULL, '6', NULL, 'Simple', NULL, NULL, NULL, NULL, 'Catalog', 240, 'active', 'alwaysInStock', NULL, NULL, NULL, NULL, NULL, NULL, NULL, NULL, NULL, NULL, NULL, NULL, NULL, NULL, NULL, NULL, NULL, '2022-07-04 18:54:11', NULL, '2022-07-22 16:06:22'),
(1235, 30, 'HP003', 'Hundred Silent ways Hair Perfume 50 ML', 'hundred-silent-ways-hair-perfume-50-ml-39', NULL, 'NISHANE Hair Perfumes give your hair an unprecedented scent together with unprecedented care.', 'With NISHANE Hair Perfumes, your hair will have an unprecedented scent together with unprecedented care. With their unique formula that combines panthenol and silk extract, NISHANE Hair Perfumes will moisturize your hair while adding shine and softness to it. They will also help condition your hair, giving it supremely healthy and voluminous locks.\r\n', NULL, '', '', '', '302.00', '0.00', NULL, NULL, 'no', 'no', 'no', NULL, NULL, 0, NULL, NULL, NULL, NULL, NULL, NULL, NULL, NULL, NULL, '6', NULL, 'Simple', NULL, NULL, NULL, NULL, 'Catalog', 230, 'active', 'alwaysInStock', NULL, NULL, NULL, NULL, NULL, NULL, NULL, NULL, NULL, NULL, NULL, NULL, NULL, NULL, NULL, NULL, NULL, '2022-07-04 19:01:50', NULL, '2022-07-22 16:06:07'),
(1236, 30, 'HP002', 'Tuberoza Hair Perfume 50 ML', 'tuberoza-hair-perfume-50-ml-28', NULL, 'NISHANE Hair Perfumes give your hair an unprecedented scent together with unprecedented care.\r\n', 'With NISHANE Hair Perfumes, your hair will have an unprecedented scent together with unprecedented care. With their unique formula that combines panthenol and silk extract, NISHANE Hair Perfumes will moisturize your hair while adding shine and softness to it. They will also help condition your hair, giving it supremely healthy and voluminous locks.\r\n', NULL, '', '', '', '302.00', '0.00', NULL, NULL, 'no', 'no', 'no', NULL, NULL, 0, NULL, NULL, NULL, NULL, NULL, NULL, NULL, NULL, NULL, '6', NULL, 'Simple', NULL, NULL, NULL, NULL, 'Catalog', 250, 'active', 'alwaysInStock', NULL, NULL, NULL, NULL, NULL, NULL, NULL, NULL, NULL, NULL, NULL, NULL, NULL, NULL, NULL, NULL, NULL, '2022-07-04 19:04:09', NULL, '2022-07-22 16:05:51'),
(1237, 30, 'HP001', 'Wulong Cha Hair Perfume 50 ML', 'wulong-cha-hair-perfume-50-ml-30', NULL, 'NISHANE Hair Perfumes give your hair an unprecedented scent together with unprecedented care.\r\n', 'With NISHANE Hair Perfumes, your hair will have an unprecedented scent together with unprecedented care. With their unique formula that combines panthenol and silk extract, NISHANE Hair Perfumes will moisturize your hair while adding shine and softness to it. They will also help condition your hair, giving it supremely healthy and voluminous locks.\r\n', NULL, '', '', '', '279.00', '0.00', NULL, NULL, 'no', 'no', 'no', NULL, NULL, 0, NULL, NULL, NULL, NULL, NULL, NULL, NULL, NULL, NULL, '6', NULL, 'Simple', NULL, NULL, NULL, NULL, 'Catalog', 260, 'active', 'alwaysInStock', NULL, NULL, NULL, NULL, NULL, NULL, NULL, NULL, NULL, NULL, NULL, NULL, NULL, NULL, NULL, NULL, NULL, '2022-07-04 19:05:52', NULL, '2022-07-26 18:31:55'),
(1238, 30, 'COLADM100', 'ADMIRABILIS EDP 100 ML', 'admirabilis-edp-100-ml-23', NULL, 'Admirabilis, a mysterious and addictive breath.', '\"An emotion of serenity and beauty emerges from the Abbey of Fontfroide\'s outstanding place, both amazing and mysterious. This Cistercian abbey invites us on a journey back in time, along its walls and stone vaults In this place full of character resonates this sacred perfume composed of balms and hot resins.\r\n\r\nAdmirabilis, a mysterious and addictive breath.\"', NULL, 'Mandarin Orange, Bergamot, Elemi, Violet Leaf and Lemon', 'Cedar, Cloves and Cypriol Oil ', 'Musk, Patchouli, Amber, Incense, Myrrh, Labdanum', '657.00', '0.00', NULL, NULL, 'no', 'no', 'no', NULL, NULL, 0, NULL, NULL, NULL, NULL, NULL, NULL, NULL, NULL, NULL, '7', NULL, 'Simple', NULL, NULL, NULL, NULL, 'Catalog', 40, 'active', 'alwaysInStock', NULL, NULL, NULL, NULL, NULL, NULL, NULL, NULL, NULL, NULL, NULL, NULL, NULL, NULL, NULL, NULL, NULL, '2022-07-04 19:23:05', NULL, '2022-07-27 10:53:19'),
(1239, 30, 'BOH100', 'BÔHARAS EDP 100 ML', 'bôharas-edp-100-ml-19', NULL, 'BôHaras, a duel of character between man and animal.\r\n', '\"The wind of sand comes knocking on the wooden door of the Selman stud farm. The singular and majestic body of the Arabian Thoroughbreds responds to a fragrance of character with the burning scent of leather, wood, and amber. Nestled in the heart of the most beautiful stable of the Kingdom of Morocco, BôHaras is inspired by this majestic place full of elegance. \r\n\r\nBôHaras, a duel of character between man and animal.\"\r\n', NULL, 'Cardamom', 'Leather', 'Amber', '657.00', '0.00', NULL, NULL, 'yes', 'no', 'no', NULL, NULL, 0, NULL, NULL, NULL, NULL, NULL, NULL, NULL, NULL, NULL, '7', NULL, 'Simple', NULL, NULL, NULL, NULL, 'Catalog', 10, 'active', 'alwaysInStock', NULL, NULL, NULL, NULL, NULL, NULL, NULL, NULL, NULL, NULL, NULL, NULL, NULL, NULL, NULL, NULL, NULL, '2022-07-04 19:35:22', NULL, '2022-07-27 11:56:35'),
(1240, 30, 'LM14', 'BOIS DE FEU EDP 100 ML', 'bois-de-feu-edp-100-ml-23', NULL, 'Lying by the fireside, at the pace of the wood cracklings.\r\n', '\"At the end of a dark passage, a hotel is made from bricks with some walls painted in black. Behind the door, the atmosphere seems mysterious. The room is lit up by a crackling open fire spreading a sweet smell of wood. The antique furniture’s shadows are dancing on the walls. Bois de Feu is a fragrance that gives the wood a majestic and comforting aroma.\r\n\r\nLying by the fireside, at the pace of the wood cracklings.\"\r\n', NULL, 'Olibanum', 'Ginger', 'Papyrus', '657.00', '0.00', NULL, NULL, 'no', 'no', 'no', NULL, NULL, 0, NULL, NULL, NULL, NULL, NULL, NULL, NULL, NULL, NULL, '7', NULL, 'Simple', NULL, NULL, NULL, NULL, 'Catalog', 60, 'active', 'alwaysInStock', NULL, NULL, NULL, NULL, NULL, NULL, NULL, NULL, NULL, NULL, NULL, NULL, NULL, NULL, NULL, NULL, NULL, '2022-07-04 19:37:11', NULL, '2022-07-27 11:57:43'),
(1241, 30, 'COLCASH100', 'CASHMERE EDP 100 ML', 'cashmere-edp-100-ml-20', NULL, 'Cashmere, the soul of a place between leather and velvet.\r\n', '\"When world-renowned interior designer Jacques Garcia renovated the Champ de Bataille castle, the result was dazzling. The property came back to life with an atmosphere, a decor sticking to its values. So, on a cold winter day, near a stone fireplace, a sweat treat spontaneously took place in the former stables. Wrapped in a pashmina, between leather and corduroy, Cashmere was born.\r\n\r\nCashmere, the soul of a place between leather and velvet.\"\r\n', NULL, 'Bergamot', 'Amber', 'Guaiac wood', '657.00', '0.00', NULL, NULL, 'no', 'no', 'no', NULL, NULL, 0, NULL, NULL, NULL, NULL, NULL, NULL, NULL, NULL, NULL, '7', NULL, 'Simple', NULL, NULL, NULL, NULL, 'Catalog', 50, 'active', 'alwaysInStock', NULL, NULL, NULL, NULL, NULL, NULL, NULL, NULL, NULL, NULL, NULL, NULL, NULL, NULL, NULL, NULL, NULL, '2022-07-04 19:40:04', NULL, '2022-07-27 11:58:51'),
(1242, 30, 'LM11', 'CUIR ETERNEL EDP 100 ML', 'cuir-eternel-edp-100-ml-24', NULL, 'Cuir Éternel, an escape at the heart of an ancient market, full of spicy scents.\r\n', '\"Walk around the most ancient souk in Cairo, La Victorieuse. Under the vaulted arcades, traders and curious people hurry up to find Oriental treasures, marveled by these endless arrows. Inspired by the frenzy of the place, Cuir Éternel invites to an olfactory travel full of colors.\r\n\r\n Cuir Éternel, an escape at the heart of an ancient market, full of spicy scents.\"\r\n', NULL, 'Violet Leaves', 'Leather', 'Cedar', '657.00', '0.00', NULL, NULL, 'no', 'no', 'no', NULL, NULL, 0, NULL, NULL, NULL, NULL, NULL, NULL, NULL, NULL, NULL, '7', NULL, 'Simple', NULL, NULL, NULL, NULL, 'Catalog', 90, 'active', 'alwaysInStock', NULL, NULL, NULL, NULL, NULL, NULL, NULL, NULL, NULL, NULL, NULL, NULL, NULL, NULL, NULL, NULL, NULL, '2022-07-04 19:42:28', NULL, '2022-07-27 12:01:18'),
(1243, 30, 'COLNOB100', 'NOBLE EDP 100 ML', 'noble-edp-100-ml-17', NULL, 'Noble, the spirit of a place where everything is refined.', '\"Strolling throughout the private apartments and reception halls of this Aix en Provence private mansion leads to finding the aristocratic spirit of the XVIIth century. Noble pays a tribute to this place’s nobility with a fresh and sober fragrance.\r\n\r\nNoble, the spirit of a place where everything is refined.\"\r\n', NULL, 'Mandarin', 'Cardamom', 'Musk', '472.00', '0.00', NULL, NULL, 'no', 'no', 'no', NULL, NULL, 0, NULL, NULL, NULL, NULL, NULL, NULL, NULL, NULL, NULL, '7', NULL, 'Simple', NULL, NULL, NULL, NULL, 'Catalog', 80, 'active', 'alwaysInStock', NULL, NULL, NULL, NULL, NULL, NULL, NULL, NULL, NULL, NULL, NULL, NULL, NULL, NULL, NULL, NULL, NULL, '2022-07-04 19:44:20', NULL, '2022-07-27 12:02:08'),
(1244, 30, 'REV100', 'RÊVE OTTOMAN EDP 100 ML', 'rêve-ottoman-edp-100-ml-24', NULL, '\"Rêve Ottoman is sensual and addictive, exhaling its sovereign aroma of Amber, Arabian Rose, and Saffron.\r\n\r\nRêve Ottoman, unexpected meeting with the mystery of the East.\"', '\"We begin to imagine Sultan Abdulmecid wandering in his Dolmabahçe Palace on the banks of the Bosphorus. A palace with a thousand treasures where hidden corridors, stolen stairs, and secret fountains are the witnesses of the Orient’s intrigues. From this dream comes the spellbinding note of the Orient. Rêve Ottoman is sensual and addictive, exhaling its sovereign aroma of Amber, Arabian Rose, and Saffron.\r\n\r\nRêve Ottoman, unexpected meeting with the mystery of the East.\"\r\n', NULL, 'Saffron', 'Rose ', 'Sandalwood', '657.00', '0.00', NULL, NULL, 'no', 'no', 'no', NULL, NULL, 0, NULL, NULL, NULL, NULL, NULL, NULL, NULL, NULL, NULL, '7', NULL, 'Simple', NULL, NULL, NULL, NULL, 'Catalog', 70, 'active', 'alwaysInStock', NULL, NULL, NULL, NULL, NULL, NULL, NULL, NULL, NULL, NULL, NULL, NULL, NULL, NULL, NULL, NULL, NULL, '2022-07-04 19:51:17', NULL, '2022-07-27 12:03:08'),
(1245, 30, 'LM13', 'SUEDE ELIXIR EDP 100 ML', 'suede-elixir-edp-100-ml-24', NULL, 'Contemplation of this spiritual place marbled with gold reflecting the glow and warmth of the sun.', '\"Build within a spiritual site stands the most majestic temple: The Golden Temple. Surrounded by a sacred lake, a magnificent marble bridge is a unique access to the shrine, like an enchanted passage filled with leathery aroma. The contemplation of this edifice covered with fine gold reflects the warmness of the sun and the sparkle of the shining temple. Suède Elixir is an ode to a warm memory within its walls, brushing the delicate water around.\r\n\r\nContemplation of this spiritual place marbled with gold reflecting the glow and warmth of the sun.\"\r\n', NULL, 'Cinnamon bark', 'Ciste', 'Leather', '657.00', '0.00', NULL, NULL, 'yes', 'no', 'no', NULL, NULL, 0, NULL, NULL, NULL, NULL, NULL, NULL, NULL, NULL, NULL, '7', NULL, 'Simple', NULL, NULL, NULL, NULL, 'Catalog', 20, 'active', 'alwaysInStock', NULL, NULL, NULL, NULL, NULL, NULL, NULL, NULL, NULL, NULL, NULL, NULL, NULL, NULL, NULL, NULL, NULL, '2022-07-04 19:54:56', NULL, '2022-07-27 12:04:02'),
(1246, 30, 'LM12', 'SYMPHONIE EDP 100 ML', 'symphonie-edp-100-ml-21', NULL, 'Symphonie, immersion in the intimate atmosphere of the Royal Opera House where singers and dancers become one.', '\"The lights turned off, the curtain goes up and the first notes are ringing out. To the architectural majesty of the Muscat opera respond the orchestra melody and its tenors’ lyricism. From this harmony arises Symphonie, a sensual and intense fragrance. With its woody notes and incense, the audience escapes from time.\r\nSymphonie, immersion in the intimate atmosphere of the Royal Opera House where singers and dancers become one.\"\r\n', NULL, 'Incense', 'Cardamom', 'White Amber', '657.00', '0.00', NULL, NULL, 'no', 'no', 'no', NULL, NULL, 0, NULL, NULL, NULL, NULL, NULL, NULL, NULL, NULL, NULL, '7', NULL, 'Simple', NULL, NULL, NULL, NULL, 'Catalog', 30, 'active', 'alwaysInStock', NULL, NULL, NULL, NULL, NULL, NULL, NULL, NULL, NULL, NULL, NULL, NULL, NULL, NULL, NULL, NULL, NULL, '2022-07-04 19:56:43', NULL, '2022-07-27 12:05:20'),
(1247, 30, 'MIEDP75BA', 'BARREL EDP 75 ML', 'barrel-edp-75-ml-17', NULL, '\"Barrel Extrait de Parfum honors the vessel that infuses the exquisite aroma through its nurturing embrace.\r\n\r\nA slight floral opening gives way to bold & beautiful notes. Peaty, smoky, smooth & earthy, the scent of the selfless vessel, incubating the finest spirits throughout the years.\"\r\n', '\"A slight floral opening gives way to bold & beautiful notes. \r\n\r\nPeaty, smoky, smooth & earthy, the scent of the selfless vessel, incubating the finest spirits throughout the years.\r\n\r\nWithout a properly cured, aged barrel there would be no rare whiskey, impressive bourbon, or outstanding cognac. Here, we have honored the vessel that infuses the exquisite aroma through its nurturing embrace. The infusion of this tangible object to the spirit of a perfume culminates in both surrender and seduction.\"\r\n', NULL, 'Absinthe, Coriander & Pink Peppercorn', 'Rum, Myrrh & Orange Blossom', 'Oak Barrel, Leather, Vanilla, Patchouli & Vetyver', '1199.00', '0.00', NULL, NULL, 'no', 'no', 'no', NULL, NULL, 0, NULL, NULL, NULL, NULL, NULL, NULL, NULL, NULL, NULL, '8', NULL, 'Simple', NULL, NULL, NULL, NULL, 'Catalog', 90, 'active', 'alwaysInStock', NULL, NULL, NULL, NULL, NULL, NULL, NULL, NULL, NULL, NULL, NULL, NULL, NULL, NULL, NULL, NULL, NULL, '2022-07-04 20:30:07', NULL, '2022-08-22 12:06:31');
INSERT INTO `products` (`id`, `storeId`, `sku`, `title`, `slug`, `url`, `shortDescription`, `description`, `searchKeywords`, `topNotes`, `middleNotes`, `baseNotes`, `price`, `specialPrice`, `specialPriceFrom`, `specialPriceTo`, `bestSellers`, `newArrivals`, `spicey`, `taxClassId`, `weight`, `isConfigurable`, `metaTitle`, `metaKey`, `metaDescription`, `metaImage`, `optionTitle`, `optionType`, `optionValue`, `color`, `size`, `brand`, `application`, `type`, `fromDate`, `fromTime`, `toDate`, `toTime`, `visibility`, `sequence`, `status`, `inventory`, `attr1`, `attr2`, `attr3`, `attr4`, `attr5`, `attr6`, `attr7`, `attr8`, `attr9`, `attr10`, `ar_title`, `ar_topNotes`, `ar_middleNotes`, `ar_baseNotes`, `ar_shortDescription`, `ar_description`, `createdBy`, `createdAt`, `updatedBy`, `updatedAt`) VALUES
(1248, 30, 'MIEDP75CO', 'CODA EDP 75 ML', 'coda-edp-75-ml-15', NULL, 'A luminous aldehydic opening contrasts a sensual & smoldering heart. Luscious plums, flowers & woods meet sumptuous leather & musk. CODA leaves you satisfied with a sense of balance. Rock star chic.', '\"A luminous aldehydic opening contrasts a sensual & smoldering heart. Luscious plums, flowers & woods meet sumptuous leather & musk. CODA leaves you satisfied with a sense of balance. Rock star chic.\r\n\r\nRegardless of the tune of your personal chemistry, this scent is a true soundtrack of attraction. Cooling and warming the wearer’s skin at the same time, Coda is rock star chic, provocative and refined with a bit of edge.\"', NULL, 'Cypress, Eucalyptus & Mint', 'Ceylon, Cinnamon Bar Oil, Nutmeg & Cedarwood', 'Amberwood, Ciste Absolute & Patchouli', '1199.00', '0.00', NULL, NULL, 'yes', 'no', 'no', NULL, NULL, 0, NULL, NULL, NULL, NULL, NULL, NULL, NULL, NULL, NULL, '8', NULL, 'Simple', NULL, NULL, NULL, NULL, 'Catalog', 20, 'active', 'alwaysInStock', NULL, NULL, NULL, NULL, NULL, NULL, NULL, NULL, NULL, NULL, NULL, NULL, NULL, NULL, NULL, NULL, NULL, '2022-07-04 20:35:37', NULL, '2022-08-22 12:05:54'),
(1249, 30, 'MIEDP75DA', 'DAHAB EDP 75 ML', 'dahab-edp-75-ml-16', NULL, '\"DAHAB means “time goes”, it’s where the desert meets the sea & stars. Oud burns in the distance mingle with the warm spicy air.\"', '\"DAHAB means \"\"time goes\"\", it\'s where the desert meets the sea & Stars.\r\n\r\nOud burns in the distance, mingling with the warm spicy air.\r\n\r\nFounder Chad Murawczyk developed this scent as an homage to his time spent in Dahab, the demilitarized zone between Egypt and Israel, on the coast of the Red Sea. Little known to most, it is a scuba destination in its own desert oasis. While Chad is an avid diver as well, inspiration for the scent was nearly all drawn from the Night; sleeping on rooftops nearby. It was designed by the warm, fragrant desert breeze, carried from the sea and down the ancient Silk Road.\"\r\n', NULL, 'Galbanum, Cinnamon, Saffron, Lime & Nutmeg', 'Frankincense, Benzoin, Cypress & Geranium', 'Cedarwood, Musk, Amber & Oud (Agarwood)', '1199.00', '0.00', NULL, NULL, 'no', 'no', 'no', NULL, NULL, 0, NULL, NULL, NULL, NULL, NULL, NULL, NULL, NULL, NULL, '8', NULL, 'Simple', NULL, NULL, NULL, NULL, 'Catalog', 80, 'active', 'alwaysInStock', NULL, NULL, NULL, NULL, NULL, NULL, NULL, NULL, NULL, NULL, NULL, NULL, NULL, NULL, NULL, NULL, NULL, '2022-07-04 20:38:11', NULL, '2022-08-22 12:05:16'),
(1250, 30, 'MIEDP75MD', 'MOON DUST EDP 75 ML', 'moon-dust-edp-75-ml-20', NULL, '\"It is said that the moon smells of gunpowder after a desert rain.\r\n\r\nMysterious. Futuristic. Poetic.\"\r\n', '\"It is said that the moon smells of gunpowder after a desert rain.\r\n\r\nMysterious. Futuristic. Poetic.\r\n\r\nIn the archives of NASA, a beautiful description of the moon by an astronaut stands out among the rest. Omnipresent dust, burnt gunpowder, rain—all were used to create the otherworldly scent brief of the final chapter of volume 1. An instant global bestseller, it is a scent that both culminates and epitomizes the wanderlust and fearlessness of the human spirit.\"\r\n', NULL, 'Coriander, Mineral Accord & Carrot Seed', 'Flint, Ozone & Tobacco ', 'Benzoin, Earth & Black Musk', '1199.00', '0.00', NULL, NULL, 'no', 'no', 'no', NULL, NULL, 0, NULL, NULL, NULL, NULL, NULL, NULL, NULL, NULL, NULL, '8', NULL, 'Simple', NULL, NULL, NULL, NULL, 'Catalog', 70, 'active', 'alwaysInStock', NULL, NULL, NULL, NULL, NULL, NULL, NULL, NULL, NULL, NULL, NULL, NULL, NULL, NULL, NULL, NULL, NULL, '2022-07-04 20:40:00', NULL, '2022-08-22 12:04:27'),
(1251, 30, 'MIEDP75OSB', 'OLD SCHOOL BENCH EDP 75 ML', 'old-school-bench-edp-75-ml-27', NULL, 'A noir memory of the classroom back in the day. This scent is an ode to days of relentless creation and total devotion, pencil sharpenings, and charcoal.\r\n', '\"A noir memory of the classroom back in the day.\r\n\r\nPencil Shavings, charcoal on paper, blackboards and vintage desks.\r\n\r\nThis scent is an ode to days of relentless creation and total devotion, pencil sharpenings, and charcoal. The pursuit to communicate what is held deep within each gifted artist breaks through on the canvas and journeys into scent.\"', NULL, 'Lemon, Bergamot & Angelica Root', 'Geranium, Rum, Cocoa & Wood Wax', 'Cedarwood, Vanilla, Patchouli & Vetyver', '1199.00', '0.00', NULL, NULL, 'no', 'no', 'no', NULL, NULL, 0, NULL, NULL, NULL, NULL, NULL, NULL, NULL, NULL, NULL, '8', NULL, 'Simple', NULL, NULL, NULL, NULL, 'Catalog', 60, 'inactive', 'alwaysInStock', NULL, NULL, NULL, NULL, NULL, NULL, NULL, NULL, NULL, NULL, NULL, NULL, NULL, NULL, NULL, NULL, NULL, '2022-07-04 20:41:42', NULL, '2022-08-09 13:31:16'),
(1252, 30, 'MIEDP75PL', 'PLUSH EDP 75 ML', 'plush-edp-75-ml-16', NULL, 'Plush is a quality we appreciate in all things we like to touch- and especially true when thinking of cashmere, velvet, and silk. Vanilla, jasmine & orange blossom are carefully blended into a bouquet of luxurious musks & finished with a dose of ambergris.', '\"Vanilla, jasmine & orange blossom are carefully blended into a bouquet of luxurious musks & finished with a dose of ambergris.\r\n\r\nMetallic facets of galbanum magnify this dynamic & textured perfume.\r\n\r\nPlush is a quality we appreciate in all things we like to touch- and especially true when thinking of cashmere, velvet, and silk. This fragrance, inspired purely by items pleasurable to the touch, is the only one in the range to contain the certain sweetness found only in almond extract. Addictive, flirtatious beyond imagination and globally acknowledged as seductive beyond belief, Plush has become one of the absolute bestsellers out of all three Volumes.\"\r\n', NULL, 'Almond, Galbanum & Clove Bud', 'Jasmine, Iris & Orange Blossom ', 'Vanilla Bean, Ambergris & Musk', '1199.00', '0.00', NULL, NULL, 'yes', 'no', 'no', NULL, NULL, 0, NULL, NULL, NULL, NULL, NULL, NULL, NULL, NULL, NULL, '8', NULL, 'Simple', NULL, NULL, NULL, NULL, 'Catalog', 10, 'active', 'alwaysInStock', NULL, NULL, NULL, NULL, NULL, NULL, NULL, NULL, NULL, NULL, NULL, NULL, NULL, NULL, NULL, NULL, NULL, '2022-07-04 20:43:24', NULL, '2022-08-22 12:03:15'),
(1253, 30, 'MIEDP75SH', 'SHAMAN EDP 75 ML', 'shaman-edp-75-ml-17', NULL, 'Transforming a spiritual journey into an olfactive experience resulted in one of the most emblematic scent stories. Dedicated to the Magical, mystical time travelers. Guardians of sacred spirits.', '\"Magical, mystical time travelers.Guardians of sacred spirits.\r\n\r\nOtherworldly, this love potion is sensual & Infinite.\r\n\r\n\r\nProfoundly impressed by the depth of their spirituality which transcends both time and space, founder chad Murawczyk dedicated a fragrance to these rare elusive individuals, for they exist in more than one dimension at the same time. Transforming a spiritual journey into an olfactive experience resulted in one of the most emblematic scent stories within Volume 1.\"\r\n', NULL, 'Violet Leaf, Mandarin & Cardamom', 'Frankincense, Cistus-labdanum, Nutmeg & Rose Absolute', 'Ambergris, Patchouli, Styrax & Honey', '1199.00', '0.00', NULL, NULL, 'no', 'no', 'no', NULL, NULL, 0, NULL, NULL, NULL, NULL, NULL, NULL, NULL, NULL, NULL, '8', NULL, 'Simple', NULL, NULL, NULL, NULL, 'Catalog', 50, 'active', 'alwaysInStock', NULL, NULL, NULL, NULL, NULL, NULL, NULL, NULL, NULL, NULL, NULL, NULL, NULL, NULL, NULL, NULL, NULL, '2022-07-04 20:45:00', NULL, '2022-08-22 12:02:34'),
(1254, 30, 'MIEDP75SD', 'STARDUST EDP 75 ML', 'stardust-edp-75-ml-19', NULL, '\"Stardust is the tangible representation of both the power and passion possessed in each of us.\r\nThis scent is blended with ingredients to evoke the powerful draw and allure brought about by the materials that create us and to serve as a reminder of the delicate power within ourselves.\"\r\n', '\"Every atom of our being originated from an exploding star.\r\n\r\nAs finite souls in an infinite universe, we are beautifully formed cosmic material shaped by the culmination of our actions.\r\n\r\nStardust is the tangible representation of both the power and passion possessed in each of us.\r\n\r\nNot much is understood about the cosmic realm, yet humans have always been magnetically drawn to it for its vast, infinite, and mysteriously spiritual space. This scent is blended with ingredients to evoke the powerful draw and allure brought about by the materials that create us and to serve as a reminder of the delicate power within ourselves.\"\r\n', NULL, 'Violet, Carnation & Aldehydes', 'Egyptian Jasmine, Turkish Rose & Tunisian Orange Flower', 'Musk, Tonka Bean & Oak Moss', '1199.00', '0.00', NULL, NULL, 'no', 'no', 'no', NULL, NULL, 0, NULL, NULL, NULL, NULL, NULL, NULL, NULL, NULL, NULL, '8', NULL, 'Simple', NULL, NULL, NULL, NULL, 'Catalog', 40, 'active', 'alwaysInStock', NULL, NULL, NULL, NULL, NULL, NULL, NULL, NULL, NULL, NULL, NULL, NULL, NULL, NULL, NULL, NULL, NULL, '2022-07-04 20:54:42', NULL, '2022-08-22 12:01:55'),
(1255, 30, 'MIEDP75VD', 'VOODOO EDP 75 ML', 'voodoo-edp-75-ml-17', NULL, 'This convergence of body & soul ignites a fire of mysterious & inexplicable attraction. A potent infusion of depth & intensity built around notes traditionally found in Bukhoor (oud, sandalwood, rose, patchouli) catalyzes the unification of energy, spirit & mortality.', '\"There exists a distinct amount of time before moments convert to memories.\r\n\r\nThis convergence of body and soul ignites a fire of mysterious and inexplicable attraction.\r\n\r\nFounder Chad Murawczyk created the scent brief to honor the depth, intensity, and purity of a treasured relationship he shares. Sensuality, magnetic personality, and intensely pure moments are built around notes traditionally found in Bakhoor (oud, sandalwood, rose, patchouli). The burning of Bakhoor is believed to purify energy, strengthen the spirit, and allow for souls to converge and ignite.\"\r\n', NULL, 'Cardamom, Galbanum, Lime, Pink Pepper', 'Geranium, Olibanum, Turkish Rose', 'Patchouli, Leather, Sandalwood, Oud', '1199.00', '0.00', NULL, NULL, 'no', 'no', 'no', NULL, NULL, 0, NULL, NULL, NULL, NULL, NULL, NULL, NULL, NULL, NULL, '8', NULL, 'Simple', NULL, NULL, NULL, NULL, 'Catalog', 30, 'active', 'alwaysInStock', NULL, NULL, NULL, NULL, NULL, NULL, NULL, NULL, NULL, NULL, NULL, NULL, NULL, NULL, NULL, NULL, NULL, '2022-07-04 20:58:39', NULL, '2022-07-22 16:02:46'),
(1256, 30, 'MICHEVCO ', 'CODA HAIR PERFUME 75 ML', 'coda-hair-perfume-75-ml-24', NULL, '\"DESIGNED TO BE LONG-LASTING AND PROVIDE FULL HAIR COVERAGE WITHOUT DRYING OR DAMAGING HAIR.\r\n\r\nScent your hair with the most indulgent Scent Stories format; spray onto a brush or directly onto hair for full coverage.\r\n\r\nHAIR PERFUME blended with CODA.\"', '\"DESIGNED TO BE LONG-LASTING AND PROVIDE FULL HAIR COVERAGE WITHOUT DRYING OR DAMAGING HAIR.\r\n\r\nScent your hair with the most indulgent Scent Stories format; spray onto a brush or directly onto hair for full coverage.\r\n\r\nHAIR PERFUME blended with CODA.\"\r\n', NULL, '', '', '', '242.00', '0.00', NULL, NULL, 'no', 'no', 'no', NULL, NULL, 0, NULL, NULL, NULL, NULL, NULL, NULL, NULL, NULL, NULL, '8', NULL, 'Simple', NULL, NULL, NULL, NULL, 'Catalog', 130, 'active', 'alwaysInStock', NULL, NULL, NULL, NULL, NULL, NULL, NULL, NULL, NULL, NULL, NULL, NULL, NULL, NULL, NULL, NULL, NULL, '2022-07-04 21:08:12', NULL, '2022-07-22 16:02:30'),
(1257, 30, 'MICHEVPL ', 'PLUSH HAIR PERFUME 75 ML', 'plush-hair-perfume-75-ml-25', NULL, '\"DESIGNED TO BE LONG-LASTING AND PROVIDE FULL HAIR COVERAGE WITHOUT DRYING OR DAMAGING HAIR.\r\n\r\nScent your hair with the most indulgent Scent Stories format; spray onto a brush or directly onto hair for full coverage.\r\n\r\nHAIR PERFUME blended with PLUSH.\"', '\"DESIGNED TO BE LONG-LASTING AND PROVIDE FULL HAIR COVERAGE WITHOUT DRYING OR DAMAGING HAIR.\r\n\r\nScent your hair with the most indulgent Scent Stories format; spray onto a brush or directly onto hair for full coverage.\r\n\r\nHAIR PERFUME blended with PLUSH.\"', NULL, '', '', '', '242.00', '0.00', NULL, NULL, 'no', 'no', 'no', NULL, NULL, 0, NULL, NULL, NULL, NULL, NULL, NULL, NULL, NULL, NULL, '8', NULL, 'Simple', NULL, NULL, NULL, NULL, 'Catalog', 120, 'active', 'alwaysInStock', NULL, NULL, NULL, NULL, NULL, NULL, NULL, NULL, NULL, NULL, NULL, NULL, NULL, NULL, NULL, NULL, NULL, '2022-07-04 21:10:00', NULL, '2022-07-22 16:02:16'),
(1258, 30, 'MICHEVSD ', 'STARDUST HAIR PERFUME 75 ML', 'stardust-hair-perfume-75-ml-28', NULL, '\"DESIGNED TO BE LONG-LASTING AND PROVIDE FULL HAIR COVERAGE WITHOUT DRYING OR DAMAGING HAIR.\r\n\r\nScent your hair with the most indulgent Scent Stories format; spray onto a brush or directly onto hair for full coverage.\r\n\r\nHAIR PERFUME blended with STARDUST.\"', '\"DESIGNED TO BE LONG-LASTING AND PROVIDE FULL HAIR COVERAGE WITHOUT DRYING OR DAMAGING HAIR.\r\n\r\nScent your hair with the most indulgent Scent Stories format; spray onto a brush or directly onto hair for full coverage.\r\n\r\nHAIR PERFUME blended with STARDUST.\"\r\n', NULL, '', '', '', '242.00', '0.00', NULL, NULL, 'no', 'no', 'no', NULL, NULL, 0, NULL, NULL, NULL, NULL, NULL, NULL, NULL, NULL, NULL, '8', NULL, 'Simple', NULL, NULL, NULL, NULL, 'Catalog', 140, 'active', 'alwaysInStock', NULL, NULL, NULL, NULL, NULL, NULL, NULL, NULL, NULL, NULL, NULL, NULL, NULL, NULL, NULL, NULL, NULL, '2022-07-04 21:12:18', NULL, '2022-07-22 16:01:41'),
(1259, 30, 'RM001', 'No.1 EDP 100 ML', 'no.1-edp-100-ml-16', NULL, 'Inspired by the Mediterranean, the freshness of the sea, and the scents of spring, Rosendo Mateu N°1 is an aromatic fragrance with green notes typical of Mediterranean countries\r\n', 'Rosendo Mateu N°1 reminiscent of spring, with a strong presence of Mediterranean freshness; the characteristic scent of the coast of Spain, Italy or Greece. Its unique combination gives this unisex fragrance a distinct fresh and strong presence on the skin that will surprise fans of subtle scents.\r\n', NULL, 'Calabrian bergamot, Lime, Green Mandarin, Sage, Lavender, Rosemary and Thyme', 'Tea Leaf, Bitter Orange Blossom, Neroli, Green Pepper, Jasmine, Lily-of-the-Valley and Cardamom', 'White Musk, iris and Sandalwood', '888.00', '0.00', NULL, NULL, 'no', 'no', 'no', NULL, NULL, 0, NULL, NULL, NULL, NULL, NULL, NULL, NULL, NULL, NULL, '9', NULL, 'Simple', NULL, NULL, NULL, NULL, 'Catalog', 30, 'active', 'alwaysInStock', NULL, NULL, NULL, NULL, NULL, NULL, NULL, NULL, NULL, NULL, NULL, NULL, NULL, NULL, NULL, NULL, NULL, '2022-07-05 10:46:22', NULL, '2022-07-27 13:49:25'),
(1260, 30, 'RM002', 'No.2 EDP 100 ML', 'no.2-edp-100-ml-16', NULL, 'Rosendo Mateu N° 2 is an elegant, exotic and sensual fragrance. starts with a base of patchouli and sandalwood, later combining them with rose and geranium, finishing up with the floral accord.', '\"Rosendo Mateu N°2 is a high-quality and luxury suede leather, combined with sandalwood and patchouli.\r\n\r\nThe fragrances open with soft and light citric green notes of Calabrian bergamot and lemon. The middle note is a combination of fresh rose, geranium leaves, and floral accord.\r\n\r\nThis combination is fixed on the skin with white musk and vanilla.\"\r\n', NULL, 'Calabrian bergamot and Lemon', 'Flowers, Geranium and Rose', 'Suede, Sandalwood and Patchouli', '888.00', '0.00', NULL, NULL, 'no', 'no', 'no', NULL, NULL, 0, NULL, NULL, NULL, NULL, NULL, NULL, NULL, NULL, NULL, '9', NULL, 'Simple', NULL, NULL, NULL, NULL, 'Catalog', 40, 'active', 'alwaysInStock', NULL, NULL, NULL, NULL, NULL, NULL, NULL, NULL, NULL, NULL, NULL, NULL, NULL, NULL, NULL, NULL, NULL, '2022-07-05 10:50:20', NULL, '2022-07-27 13:52:33'),
(1261, 30, 'RM003', 'No.3 edp 100 ml', 'no.3-edp-100-ml-16', NULL, 'Rosendo Mateu N° 3 is a noble and elegant scent worked with natural Iris for its strong element of sophistication and value.\r\n', '\"Rosendo Mateu N° 3 is an Italian Iris fragrance, with its top note of fresh citrus from Calabrian bergamot and neroli essential oil from Tunisia, is a noble and elegant scent worked with natural Iris for its strong element of sophistication and value.\r\n\r\nSandalwood, vetiver, and the lingering tasty aspect of amber cashmere with tonka beans and vanilla give that touch of elegance and sensuality that will seduce the most demanding public. \"\r\n', NULL, 'Tunisian Neroli and Sicilian Bergamot', 'Iris, Jasmine and Damask Rose', 'White Musk, Vetiver, Sandalwood, Vanilla, Cashmere Wood, Tonka Bean and Amber', '888.00', '0.00', NULL, NULL, 'no', 'no', 'no', NULL, NULL, 0, NULL, NULL, NULL, NULL, NULL, NULL, NULL, NULL, NULL, '9', NULL, 'Simple', NULL, NULL, NULL, NULL, 'Catalog', 90, 'active', 'alwaysInStock', NULL, NULL, NULL, NULL, NULL, NULL, NULL, NULL, NULL, NULL, NULL, NULL, NULL, NULL, NULL, NULL, NULL, '2022-07-05 10:51:50', NULL, '2022-07-27 13:53:18'),
(1262, 30, 'RM004', 'No.4 EDP 100 ml', 'no.4-edp-100-ml-16', NULL, 'Rosendo Mateu N°4 is a luxuriant and sensual perfume. The intense scent of this oriental fragrance is inspired by Oud, with notes such as nutmeg, nuts, saffron, cinnamon, and hints of wood, sandalwood, and guaiac.\r\n', '\"Rosendo Mateu N°4 is a sensual, powerful perfume, with a scent that is unmistakably inspired by Oud.\r\n\r\nOud fantasy combination of nutmeg, nuts, saffron, cinnamon, and hints of wood, sandalwood, and guaiac.\r\n\r\nThe eastern intensity is provided by labdanum, benzoin, and vanilla with amber notes.\"\r\n', NULL, 'Orange Blossom and Calabrian bergamot', 'Saffron, Nutmeg, Cinnamon, Jasmine and iris', 'Agarwood (Oud), Vanilla, Guaiac Wood, Vetiver, Labdanum, Tonka Bean, Benzoin, Sandalwood, Patchouli and Musk', '888.00', '0.00', NULL, NULL, 'no', 'no', 'no', NULL, NULL, 0, NULL, NULL, NULL, NULL, NULL, NULL, NULL, NULL, NULL, '9', NULL, 'Simple', NULL, NULL, NULL, NULL, 'Catalog', 50, 'active', 'alwaysInStock', NULL, NULL, NULL, NULL, NULL, NULL, NULL, NULL, NULL, NULL, NULL, NULL, NULL, NULL, NULL, NULL, NULL, '2022-07-05 10:53:46', NULL, '2022-07-27 13:55:22'),
(1263, 30, 'RM005', 'No.5 edp 100 ml', 'no.5-edp-100-ml-16', NULL, 'Forget about the simple mundane perfumes and take a trip with Rosendo Mateu N°5. This exotic oriental fragrance will take you to a higher level of fulfilment.\r\n', '\"Rosendo Mateu N°5 is an exotic and different flower that does not exist in nature, like a dream in a fragrance.\r\n\r\nExotic floral oriental fragrance, spicy, carnation, and lily of the valley flower combination.\r\n\r\nBase notes are vanilla, sensual amber musk, with a fresh oriental style.\"\r\n', NULL, 'Exotic floral notes and Spices', 'Carnation and Lily-of-the-Valley', 'Amber, Vanilla and Musk', '888.00', '0.00', NULL, NULL, 'yes', 'no', 'no', NULL, NULL, 0, NULL, NULL, NULL, NULL, NULL, NULL, NULL, NULL, NULL, '9', NULL, 'Simple', NULL, NULL, NULL, NULL, 'Catalog', 10, 'active', 'alwaysInStock', NULL, NULL, NULL, NULL, NULL, NULL, NULL, NULL, NULL, NULL, NULL, NULL, NULL, NULL, NULL, NULL, NULL, '2022-07-05 10:56:04', NULL, '2022-07-27 13:56:26'),
(1264, 30, 'RM006', 'No.6 EDP 100 ml', 'no.6-edp-100-ml-16', NULL, 'Rosendo Mateu N°6 is a combination that will surprise the most exquisite noses. All the notes are fixed on the skin with White Musc of the best quality.', '\"Sandalwood nobility from India is the main note of this floral, sweet, and soft fragrance.\r\n\r\nOpens with the delicateness and freshness of the Sambac Jasmin flower and Amber and Vanilla notes bring persistence and sensuality to the skin. A combination that will surprise the most exquisite noses.\r\n\r\nAll the notes are fixed to the skin with white Musk of the best quality.\"\r\n', NULL, 'Exotic Fruits, Jasmine Sambac, Floral Notes, Coconut and Green Accord', 'Sandalwood and Spicy Notes', 'White Musk, Vanilla and Amber', '888.00', '0.00', NULL, NULL, 'no', 'no', 'no', NULL, NULL, 0, NULL, NULL, NULL, NULL, NULL, NULL, NULL, NULL, NULL, '9', NULL, 'Simple', NULL, NULL, NULL, NULL, 'Catalog', 60, 'active', 'alwaysInStock', NULL, NULL, NULL, NULL, NULL, NULL, NULL, NULL, NULL, NULL, NULL, NULL, NULL, NULL, NULL, NULL, NULL, '2022-07-05 10:58:03', NULL, '2022-07-27 13:57:25'),
(1265, 30, 'RM007', 'No.7 edp 100 ml', 'no.7-edp-100-ml-16', NULL, 'The delicate top note of rose petals blends quickly with the heart of this alluring perfume. The main hero of the fragrance - patchouli from Indonesia, it is distilled for long hours to achieve the excellent quality of the raw materials. Floral jasmine notes take centre stage, followed by high-quality oud, vanilla, and benzoin in the background\r\n', 'Rosendo Mateu 7 has a very delicate floral top note of rose petals that blend quickly with the middle notes of the fragrance. The protagonist of this creation is the patchouli extracted in the fields of Indonesia, where its leaves are left to dry and later irrigated with water to ferment and distil for long hours in iron stills. The patchouli that we use in our fragrance is obtained by a molecular distillation process where we can achieve the highest possible quality of this raw material. The middle notes are made up of spicy and floral notes such as jasmine that takes on great prominence with animal touches. The background elements are a blend of high-quality Laos and Thai ouds with vanilla absolute from Madagascar and Benjui from Siam. Rosendo Mateu and his son Joan, have worked for more than two years in this creation that we hope will please our friends and loyal customers. It is a very addictive, original and unique project.\r\n', NULL, 'Rose petals, fresh flowers', 'Jasmine, spices, patchouli, Gourmand', 'Laos Oud, Thai Oud, Vanilla, Siam Benzoin', '888.00', '0.00', NULL, NULL, 'yes', 'no', 'no', NULL, NULL, 0, NULL, NULL, NULL, NULL, NULL, NULL, NULL, NULL, NULL, '9', NULL, 'Simple', NULL, NULL, NULL, NULL, 'Catalog', 20, 'active', 'alwaysInStock', NULL, NULL, NULL, NULL, NULL, NULL, NULL, NULL, NULL, NULL, NULL, NULL, NULL, NULL, NULL, NULL, NULL, '2022-07-05 10:59:29', NULL, '2022-07-27 13:57:46'),
(1266, 30, 'RMBCSR', 'Sweet Rose EDP 100 ml', 'sweet-rose-edp-100-ml-22', NULL, 'Rose is the most interpreted flower in perfumery for many applications. This composition tries to develop the opulent note of Arabic rose, with Bulgarian rose, dry Turkish rose petals, and geranium\r\n', '\"Rose is the most interpreted flower in perfumery for many applications. \r\n\r\nThis composition tries to develop the opulent note of Arabic rose, with Bulgarian rose, dry Turkish rose petals, and geranium.\r\n\r\nThe top notes introduces natural bergamot from Calabria in Italy and Citric accords.\r\n\r\nMiddle notes are woody notes, Indian sandalwood, patchouli, and vetiver. The sweet notes are fruity as strawberries, berries, and passion fruit, which gives sensuality and a touch of freshness to the perfume. \r\n\r\nThe base notes are a blending of white sensual musk and vanilla which gives persistence to the composition.\"\r\n', NULL, 'Passionfruit, Strawberry, Red Berries, Raspberry, Green Leaves and, Calabrian bergamot', 'Rose, Bulgarian Rose, Turkish Rose, and Geranium', 'White Musk, Musk, Vanilla, Cedar, Sandalwood, and Vetiver', '1103.00', '0.00', NULL, NULL, 'no', 'no', 'no', NULL, NULL, 0, NULL, NULL, NULL, NULL, NULL, NULL, NULL, NULL, NULL, '9', NULL, 'Simple', NULL, NULL, NULL, NULL, 'Catalog', 100, 'inactive', 'alwaysInStock', NULL, NULL, NULL, NULL, NULL, NULL, NULL, NULL, NULL, NULL, NULL, NULL, NULL, NULL, NULL, NULL, NULL, '2022-07-05 11:02:49', NULL, '2022-08-23 16:22:23'),
(1267, 30, 'RMBCIW', 'Incense Wood edp 100 ml', 'incense-wood-edp-100-ml-24', NULL, 'Incense Wood is a sensual fragrance with very sophisticated incense and spicy and oriental notes. This composition remains on the skin attractive, sensual, and with a lot of character.', '\"A sensual fragrance with a very sophisticated incense, and spicy and oriental notes. The top notes perfectly combine spicy and fresh incense notes, with a molecularly distilled incense heart, natural bergamot from Italy, cardamom, Madagascar cloves, and Ceylan cinnamon.\r\n\r\nThe middle notes of this fragrance continue with album sandalwood, patchouli leaves, and rosewood from Brasil.\r\n\r\nThe base notes are a blending of incense resins and tonka beans, with amber, labdanum notes, oriental vanilla absolute from Madagascar, and white musk. This composition remains on the skin attractive, sensual, and with a lot of character.\"\r\n', NULL, 'Ceylon Cinnamon, Cardamom, Madagascar Cloves, Bergamot and Citruses', 'Incense, Sandalwood, Palisander Rosewood and Patchouli Leaf', 'Vanilla, Tonka Bean, Amber, Labdanum, Musk and White Musk', '1103.00', '0.00', NULL, NULL, 'no', 'no', 'no', NULL, NULL, 0, NULL, NULL, NULL, NULL, NULL, NULL, NULL, NULL, NULL, '9', NULL, 'Simple', NULL, NULL, NULL, NULL, 'Catalog', 110, 'inactive', 'alwaysInStock', NULL, NULL, NULL, NULL, NULL, NULL, NULL, NULL, NULL, NULL, NULL, NULL, NULL, NULL, NULL, NULL, NULL, '2022-07-05 11:05:13', NULL, '2022-08-23 16:22:16'),
(1268, 30, 'RMBCFO', 'Fresh Oud edp 100 ml', 'fresh-oud-edp-100-ml-21', NULL, 'Rosendo Mateu Fresh Oud is a very qualitative fragrance inspired and created to surprise all oud lovers', '\"Rosendo Mateu Fresh Oud includes a fresh, sensual, powerful, and attractive note of oud oil. Stands out as the original smell of qualitative natural oud with some fresh and floral aspects that adapts perfectly to the skin.\r\n\r\nThe top notes of the fragrance are natural bergamot (from Calabria in Italy with bitter grapefruit) spicy notes like cardamom, saffron, and cinnamon bark. Continues with floral middle notes with white Jasmine, natural Bulgarian rose and powdery and creamy notes, and natural Iris. Oud notes accord with sandalwood, cedarwood, patchouli leaves, amber, leather, cashmere, vanilla, and white musk.\r\n\r\nA very qualitative fragrance inspired and created to surprise all oud lovers.\"\r\n', NULL, 'Grapefruit, Bergamot, Cardamom, Saffron and Ceylon Cinnamon', 'Agarwood (Oud), iris, Jasmine and Bulgarian Rose', 'Leather, Sandalwood, Cashmere Wood, Vanilla, Cedar, White Musk, Amber and Patchouli', '1103.00', '0.00', NULL, NULL, 'no', 'no', 'no', NULL, NULL, 0, NULL, NULL, NULL, NULL, NULL, NULL, NULL, NULL, NULL, '9', NULL, 'Simple', NULL, NULL, NULL, NULL, 'Catalog', 120, 'inactive', 'alwaysInStock', NULL, NULL, NULL, NULL, NULL, NULL, NULL, NULL, NULL, NULL, NULL, NULL, NULL, NULL, NULL, NULL, NULL, '2022-07-05 11:06:53', NULL, '2022-08-23 16:22:20'),
(1269, 30, 'LPDRBAL1', 'BALLERINA N°1 edp 50 ml', 'ballerina-n°1-edp-50-ml-24', NULL, 'She is a youthful woman, full of zest and spontaneity.', 'She is a youthful woman, full of zest and spontaneity.\r\n', NULL, 'Pear, Peach, Freesia', 'Rose, Peony, Violet, Raspberry', 'Milk, Vanilla, Musk', '483.00', '0.00', NULL, NULL, 'no', 'no', 'no', NULL, NULL, 0, NULL, NULL, NULL, NULL, NULL, NULL, NULL, NULL, NULL, '10', NULL, 'Simple', NULL, NULL, NULL, NULL, 'Catalog', 85, 'active', 'alwaysInStock', NULL, NULL, NULL, NULL, NULL, NULL, NULL, NULL, NULL, NULL, NULL, NULL, NULL, NULL, NULL, NULL, NULL, '2022-07-05 11:28:15', NULL, '2022-07-22 12:27:55'),
(1270, 30, 'LDPRBAL1.2', 'BALLERINA N°1 edp 100 ml', 'ballerina-n°1-edp-100-ml-25', NULL, 'She is a youthful woman, full of zest and spontaneity.\r\n', 'She is a youthful woman, full of zest and spontaneity.\r\n', NULL, 'Pear, Peach, Freesia', 'Rose, Peony, Violet, Raspberry', 'Milk, Vanilla, Musk', '683.00', '0.00', NULL, NULL, 'no', 'no', 'no', NULL, NULL, 0, NULL, NULL, NULL, NULL, NULL, NULL, NULL, NULL, NULL, '10', NULL, 'Simple', NULL, NULL, NULL, NULL, 'Catalog', 80, 'active', 'alwaysInStock', NULL, NULL, NULL, NULL, NULL, NULL, NULL, NULL, NULL, NULL, NULL, NULL, NULL, NULL, NULL, NULL, NULL, '2022-07-05 11:30:35', NULL, '2022-07-22 16:00:32'),
(1271, 30, 'LDPRBAL2.50', 'BALLERINA N°2 edp 50 ml', 'ballerina-n°2-edp-50-ml-24', NULL, 'She is an asserted woman… to the top of her art.\r\n', 'She is an asserted woman… to the top of her art.\r\n', NULL, 'Bergamot, Raspberry', 'Rose, Magnolia, Violet, Eglantine, Iris', 'Sandalwood, Patchouli, Vanilla', '483.00', '0.00', NULL, NULL, 'no', 'no', 'no', NULL, NULL, 0, NULL, NULL, NULL, NULL, NULL, NULL, NULL, NULL, NULL, '10', NULL, 'Simple', NULL, NULL, NULL, NULL, 'Catalog', 75, 'active', 'alwaysInStock', NULL, NULL, NULL, NULL, NULL, NULL, NULL, NULL, NULL, NULL, NULL, NULL, NULL, NULL, NULL, NULL, NULL, '2022-07-05 11:32:26', NULL, '2022-07-22 12:27:28'),
(1272, 30, 'LDPRBAL2.100', 'BALLERINA N°2 edp 100 ml', 'ballerina-n°2-edp-100-ml-25', NULL, 'She is an asserted woman… to the top of her art.\r\n', 'She is an asserted woman… to the top of her art.\r\n', NULL, 'Bergamot, Raspberry', 'Rose, Magnolia, Violet, Eglantine, Iris', 'Sandalwood, Patchouli, Vanilla', '683.00', '0.00', NULL, NULL, 'no', 'no', 'no', NULL, NULL, 0, NULL, NULL, NULL, NULL, NULL, NULL, NULL, NULL, NULL, '10', NULL, 'Simple', NULL, NULL, NULL, NULL, 'Catalog', 70, 'active', 'alwaysInStock', NULL, NULL, NULL, NULL, NULL, NULL, NULL, NULL, NULL, NULL, NULL, NULL, NULL, NULL, NULL, NULL, NULL, '2022-07-05 11:34:15', NULL, '2022-07-22 16:00:17'),
(1273, 30, 'LDPRBAL3.50', 'BALLERINA N°3 edp 50 ml', 'ballerina-n°3-edp-50-ml-24', NULL, 'She is an enigmatic woman… playing her dual personality.\r\n', 'She is an enigmatic woman… playing her dual personality.\r\n', NULL, 'Rose Buds, Black Pepper, Pink Pepper', 'Black rose, Violet leaves', 'Sandalwood, Oud, Caramelized vanilla, Ambe', '483.00', '0.00', NULL, NULL, 'no', 'no', 'no', NULL, NULL, 0, NULL, NULL, NULL, NULL, NULL, NULL, NULL, NULL, NULL, '10', NULL, 'Simple', NULL, NULL, NULL, NULL, 'Catalog', 25, 'active', 'alwaysInStock', NULL, NULL, NULL, NULL, NULL, NULL, NULL, NULL, NULL, NULL, NULL, NULL, NULL, NULL, NULL, NULL, NULL, '2022-07-05 11:36:01', NULL, '2022-07-22 12:21:09'),
(1274, 30, 'LDPRBAL3.100', 'BALLERINA N°3 edp 100 ml', 'ballerina-n°3-edp-100-ml-25', NULL, 'She is an enigmatic woman… playing her dual personality.\r\n', 'She is an enigmatic woman… playing her dual personality.\r\n', NULL, 'Rose Buds, Black Pepper, Pink Pepper', 'Black rose, Violet leaves', 'Sandalwood, Oud, Caramelized vanilla, Ambe', '683.00', '0.00', NULL, NULL, 'yes', 'no', 'no', NULL, NULL, 0, NULL, NULL, NULL, NULL, NULL, NULL, NULL, NULL, NULL, '10', NULL, 'Simple', NULL, NULL, NULL, NULL, 'Catalog', 20, 'active', 'alwaysInStock', NULL, NULL, NULL, NULL, NULL, NULL, NULL, NULL, NULL, NULL, NULL, NULL, NULL, NULL, NULL, NULL, NULL, '2022-07-05 11:37:39', NULL, '2022-07-22 16:00:00'),
(1275, 30, 'LDPRBAL4.50', 'BALLERINA N°4 edp 50 ml', 'ballerina-n°4-edp-50-ml-24', NULL, 'She is a desirable woman… both pure and innocent.\r\n', 'She is a desirable woman… both pure and innocent.\r\n', NULL, 'Bergamot, Pink Pepper, Cardamom', 'Rosa Alba Absolute, Jasmin Absolute, Tuberose, Peach, Incense', 'Sandalwood, Tolu Balsam, Moss, Ambroxan', '483.00', '0.00', NULL, NULL, 'no', 'no', 'no', NULL, NULL, 0, NULL, NULL, NULL, NULL, NULL, NULL, NULL, NULL, NULL, '10', NULL, 'Simple', NULL, NULL, NULL, NULL, 'Catalog', 85, 'active', 'alwaysInStock', NULL, NULL, NULL, NULL, NULL, NULL, NULL, NULL, NULL, NULL, NULL, NULL, NULL, NULL, NULL, NULL, NULL, '2022-07-05 11:41:26', NULL, '2022-07-22 12:26:46'),
(1276, 30, 'LDPRBAL4.100', 'BALLERINA N°4 edp 100 ml', 'ballerina-n°4-edp-100-ml-25', NULL, 'She is a desirable woman… both pure and innocent.\r\n', 'She is a desirable woman… both pure and innocent.\r\n', NULL, 'Bergamot, Pink Pepper, Cardamom', 'Rosa Alba Absolute, Jasmin Absolute, Tuberose, Peach, Incense', 'Sandalwood, Tolu Balsam, Moss, Ambroxan', '683.00', '0.00', NULL, NULL, 'no', 'no', 'no', NULL, NULL, 0, NULL, NULL, NULL, NULL, NULL, NULL, NULL, NULL, NULL, '10', NULL, 'Simple', NULL, NULL, NULL, NULL, 'Catalog', 80, 'active', 'alwaysInStock', NULL, NULL, NULL, NULL, NULL, NULL, NULL, NULL, NULL, NULL, NULL, NULL, NULL, NULL, NULL, NULL, NULL, '2022-07-05 11:43:29', NULL, '2022-07-22 15:59:43'),
(1277, 30, 'LDPRBAL5.100', 'BALLERINA N°5 edp 100 ml', 'ballerina-n°5-edp-100-ml-25', NULL, 'She is a desirable woman… both pure and innocent.\r\n', 'She is a desirable woman… both pure and innocent.\r\n', NULL, 'Tangerine, Fig, Orange Blossom, Rose', 'Litchi, Rose, Violet, Almond Blossom, Heliotrope', 'Rose, Cedar Wood, Guiac Wood, Patchouli, Tonka Bean, Benzoin', '683.00', '0.00', NULL, NULL, 'no', 'no', 'no', NULL, NULL, 0, NULL, NULL, NULL, NULL, NULL, NULL, NULL, NULL, NULL, '10', NULL, 'Simple', NULL, NULL, NULL, NULL, 'Catalog', 70, 'active', 'alwaysInStock', NULL, NULL, NULL, NULL, NULL, NULL, NULL, NULL, NULL, NULL, NULL, NULL, NULL, NULL, NULL, NULL, NULL, '2022-07-05 11:45:49', NULL, '2022-07-22 15:59:26'),
(1278, 30, 'LDPRLRDR100', 'LA ROSE DE ROSINE edp 100 ml', 'la-rose-de-rosine-edp-100-ml-29', NULL, 'Ultra feminine and a kind of diva. She is sensual, noble, beautiful and so refined. Her world is the boudoir and opera front seat.\r\n', 'Ultra feminine and a kind of diva. She is sensual, noble, beautiful and so refined. Her world is the boudoir and opera front seat.\r\n', NULL, ' Violet, Ylang Ylang, tagete', 'Rose Attars from Turkey, Bulgaria and Grasse, Jasmine, Iris', 'Tonka bean, Benzoin, Peru  Balsam', '578.00', '0.00', NULL, NULL, 'no', 'no', 'no', NULL, NULL, 0, NULL, NULL, NULL, NULL, NULL, NULL, NULL, NULL, NULL, '10', NULL, 'Simple', NULL, NULL, NULL, NULL, 'Catalog', 60, 'active', 'alwaysInStock', NULL, NULL, NULL, NULL, NULL, NULL, NULL, NULL, NULL, NULL, NULL, NULL, NULL, NULL, NULL, NULL, NULL, '2022-07-05 11:48:43', NULL, '2022-07-22 15:59:08'),
(1279, 30, 'LDPRPDRL100', 'POUDRE DE ROSE - L\'ODORE edp 100 ml', 'poudre-de-rose---l\'odore-edp-100-ml-36', NULL, 'Poudre de Rose is a collaboration between L’Odore and Les Parfums de Rosine with notes of rose essence and aldehyds at the top of the perfume mixed with fragrant jasmine and rose absolute at the heart with a base of vanilla, musk and amber\r\n', 'Poudre de Rose is a collaboration between L’Odore and Les Parfums de Rosine with notes of rose essence and aldehyds at the top of the perfume mixed with fragrant jasmine and rose absolute at the heart with a base of vanilla, musk and amber\r\n', NULL, 'Rose essence, Aldehyds, Peach', 'Rose absolute, Jasmine absolute, Heliotrop, Ylang Ylang', 'Benzoin, Vanilla, Sandalwood, Tonka bean, Musk, Amber', '734.00', '0.00', NULL, NULL, 'no', 'no', 'no', NULL, NULL, 0, NULL, NULL, NULL, NULL, NULL, NULL, NULL, NULL, NULL, '10', NULL, 'Simple', NULL, NULL, NULL, NULL, 'Catalog', 30, 'active', 'alwaysInStock', NULL, NULL, NULL, NULL, NULL, NULL, NULL, NULL, NULL, NULL, NULL, NULL, NULL, NULL, NULL, NULL, NULL, '2022-07-05 11:50:55', NULL, '2022-07-28 11:58:24'),
(1280, 30, 'LDPRRN100', 'ROSE NUE edp 100 ml', 'rose-nue-edp-100-ml-20', NULL, 'The Perfume was created in 2017 by Delphine Lebeau, on a Marie-Hélène Rogeon idea. A « skin perfume » where rose is sublimated by a green and powdery accord.\r\n', 'The Perfume was created in 2017 by Delphine Lebeau, on a Marie-Hélène Rogeon idea. A « skin perfume » where rose is sublimated by a green and powdery accord.\r\n', NULL, 'Bergamot, Neroli, Lychee', 'Sambac Jasmine, Orange Blossom, Rose Absolute, Magnolia, Almond', 'Musk, Sandalwood, Praline', '683.00', '0.00', NULL, NULL, 'no', 'no', 'no', NULL, NULL, 0, NULL, NULL, NULL, NULL, NULL, NULL, NULL, NULL, NULL, '10', NULL, 'Simple', NULL, NULL, NULL, NULL, 'Catalog', 40, 'active', 'alwaysInStock', NULL, NULL, NULL, NULL, NULL, NULL, NULL, NULL, NULL, NULL, NULL, NULL, NULL, NULL, NULL, NULL, NULL, '2022-07-05 11:53:17', NULL, '2022-07-27 18:47:43'),
(1281, 30, 'LDPRRFLSIII100', 'ROSINE FOR LE SNOB III edp 100 ml', 'rosine-for-le-snob-iii-edp-100-ml-34', NULL, 'A palace with a thousand treasures where hidden corridors, stolen stairs, secret fountains are the witnesses of the Orient’s intrigues.\r\n', 'A palace with a thousand treasures where hidden corridors, stolen stairs, secret fountains are the witnesses of the Orient’s intrigues.\r\n', NULL, 'Raspberry,  Green Mandarin and Beetroot', 'Rose,  Iris Flower and Ambrette (Musk Mallow)', 'Ambroxan, Musk, Java Vetiver Oil', '839.00', '0.00', NULL, NULL, 'no', 'no', 'no', NULL, NULL, 0, NULL, NULL, NULL, NULL, NULL, NULL, NULL, NULL, NULL, '10', NULL, 'Simple', NULL, NULL, NULL, NULL, 'Catalog', 50, 'active', 'alwaysInStock', NULL, NULL, NULL, NULL, NULL, NULL, NULL, NULL, NULL, NULL, NULL, NULL, NULL, NULL, NULL, NULL, NULL, '2022-07-05 11:55:44', NULL, '2022-07-28 11:12:11'),
(1282, 30, 'LDPRVLM50', 'VIVE LA MARIÉE edp 50 ml', 'vive-la-mariée-edp-50-ml-25', NULL, 'She walks on a small cloud, twirling lightly, smiling and distributing kisses. All eyes are on her. Her white dress, her long silk veil, and her delicate fragrance endow her with magic powers.\r\n', 'She walks on a small cloud, twirling lightly, smiling and distributing kisses. All eyes are on her. Her white dress, her long silk veil, and her delicate fragrance endow her with magic powers.\r\n', NULL, 'Bergamot, Neroli, Lychee', 'Sambac Jasmine, Orange Blossom, Rose Absolute, Magnolia, Almond', 'Musk, Sandalwood, Praline', '483.00', '0.00', NULL, NULL, 'no', 'no', 'no', NULL, NULL, 0, NULL, NULL, NULL, NULL, NULL, NULL, NULL, NULL, NULL, '10', NULL, 'Simple', NULL, NULL, NULL, NULL, 'Catalog', 15, 'active', 'alwaysInStock', NULL, NULL, NULL, NULL, NULL, NULL, NULL, NULL, NULL, NULL, NULL, NULL, NULL, NULL, NULL, NULL, NULL, '2022-07-05 11:57:28', NULL, '2022-07-22 12:20:11'),
(1283, 30, 'LDPRVLM100', 'VIVE LA MARIÉE edp 100 ml', 'vive-la-mariée-edp-100-ml-26', NULL, 'She walks on a small cloud, twirling lightly, smiling and distributing kisses. All eyes are on her. Her white dress, her long silk veil, and her delicate fragrance endow her with magic powers.\r\n', 'She walks on a small cloud, twirling lightly, smiling and distributing kisses. All eyes are on her. Her white dress, her long silk veil, and her delicate fragrance endow her with magic powers.\r\n', NULL, 'Bergamot, Neroli, Lychee', 'Sambac Jasmine, Orange Blossom, Rose Absolute, Magnolia, Almond', 'Musk, Sandalwood, Praline', '683.00', '0.00', NULL, NULL, 'yes', 'no', 'no', NULL, NULL, 0, NULL, NULL, NULL, NULL, NULL, NULL, NULL, NULL, NULL, '10', NULL, 'Simple', NULL, NULL, NULL, NULL, 'Catalog', 10, 'active', 'alwaysInStock', NULL, NULL, NULL, NULL, NULL, NULL, NULL, NULL, NULL, NULL, NULL, NULL, NULL, NULL, NULL, NULL, NULL, '2022-07-05 12:00:00', NULL, '2022-07-22 15:58:26'),
(1284, 30, 'LDPRVLMHM50', 'VIVE LA MARIÉE HAIR MIST 50 ml', 'vive-la-mariée-hair-mist-50-ml-31', NULL, 'Vive La Mariee Hair Mist 50ml\r\n', 'She walks on a small cloud, twirling lightly, smiling and distributing kisses. All eyes are on her. Her white dress, her long silk veil, and her delicate fragrance endow her with magic powers.\r\n\r\n', NULL, '', '', '', '279.00', '0.00', NULL, NULL, 'no', 'no', 'no', NULL, NULL, 0, NULL, NULL, NULL, NULL, NULL, NULL, NULL, NULL, NULL, '10', NULL, 'Simple', NULL, NULL, NULL, NULL, 'Catalog', 100, 'active', 'alwaysInStock', NULL, NULL, NULL, NULL, NULL, NULL, NULL, NULL, NULL, NULL, NULL, NULL, NULL, NULL, NULL, NULL, NULL, '2022-07-05 12:01:37', NULL, '2022-07-27 19:12:36'),
(1285, 30, 'CM100', 'Chypre Mojo 45 edp 100 ml', 'chypre-mojo-45-edp-100-ml-26', NULL, 'Chypre Mojo is the embodiment of sex appeal, triggering an instant addiction to its bergamot, carnation, mango and patchouli accord.\r\n', '\"Chypre Mojo / 45: Chypre refers to a kind of perfumes, a sharp contrast between different olfactory families like flowers, citrus, fruits, and woods mainly based on Patchouli and Moss.\r\nFirst created by François Coty in 1917, it’s a century after that we decided to launch our vision of the Chypre. Chypre Mojo is a blend of Bergamot from Italy, Mango, Carnations, and Patchouli (from the Philippines or Indonesia). It results from the idea to create a fruity and generous, addictive, and long-lasting scent, that could be worn both by women and men and results from the current global trend of fruity scents.\r\nThe scent evolves very slightly and the freshness remains almost the same for a couple of hours. Mojo refers to the luck, the luck you may have at work, in your relationships, etc. It’s the scent for great occasions.\"\r\n', NULL, '', '', '', '741.00', '0.00', NULL, NULL, 'no', 'no', 'no', NULL, NULL, 0, NULL, NULL, NULL, NULL, NULL, NULL, NULL, NULL, NULL, '11', NULL, 'Simple', NULL, NULL, NULL, NULL, 'Catalog', 10, 'active', 'alwaysInStock', NULL, NULL, NULL, NULL, NULL, NULL, NULL, NULL, NULL, NULL, NULL, NULL, NULL, NULL, NULL, NULL, NULL, '2022-07-05 12:05:44', NULL, '2022-07-27 17:38:27'),
(1286, 30, 'FV100', 'Flavia Vanilla 82 edp 100 ml', 'flavia-vanilla-82-edp-100-ml-29', NULL, 'Flavia is a dark and sugary vanilla. Sweet, fascinating and totally seductive.\r\n', '\"Flavia Vanilla / 82: a fresh-fruity-flowery creation around Ylang-Ylang Absolute from NocibeIsland (called LysYlangbecause when you make a solvent extraction of Ylang, there is a side of Lily scent inside), Michelia(Magnolia Family), Peach (from a synthetic ingredient called « AldéhydeC14 ») that brings a fresh side and Vanilla (Vanillin).\r\nPeople love it because it’s vanilla that doesn’t smell the classic vanilla.\r\nFlavia is an Italian girl that Michel used to know when he was young before meeting his wife, and she was smelling this dark and sugary vanilla he tried to re-create almost 40 years after. Maybe the most feminine perfume of the collection.\r\nShould be tried on the skin, where it develops all its power and freshness.\"\r\n', NULL, '', '', '', '741.00', '0.00', NULL, NULL, 'no', 'no', 'no', NULL, NULL, 0, NULL, NULL, NULL, NULL, NULL, NULL, NULL, NULL, NULL, '11', NULL, 'Simple', NULL, NULL, NULL, NULL, 'Catalog', 40, 'active', 'alwaysInStock', NULL, NULL, NULL, NULL, NULL, NULL, NULL, NULL, NULL, NULL, NULL, NULL, NULL, NULL, NULL, NULL, NULL, '2022-07-05 12:09:06', NULL, '2022-07-27 17:35:02'),
(1287, 30, 'MM100', 'Milky Musk 39 edp 100 ml', 'milky-musk-39-edp-100-ml-25', NULL, 'Rare wood in a pool of musk. Supple and unctuous, musk and sandalwood hug the skin, becoming one with it. Milky Musk becomes your olfactory shadow, flowing and elusive, evolving throughout the day.\r\n', '\"Milky Musk / 39 : one of the two pure-unisex perfumes of the collection, constructed\r\naround a special Sandalwood (top-secret origin), a Musk called Ambrettolide(the muskypartof Ambrette, a plant from South-America) and the milk of the Fig (synthetic).\r\nIt’s a confortableand smooth mix that needs a couple of minutes to develop itself and reveal its identity. If the two first ingredients are amongst the most-expensive ones in the industry, the milk of the Fig is the innovation because it marks the change with older fig perfumes created around another ingredient called Stemonewhich has a strong green fig –fig leaves aspect.\r\nCertainly one of the best-sellers of the collection, don’t hesitate to propose it to all,\r\nincluding people who wants to smell strong woody/oud perfumes, they will be satisfied with this deep smooth woody and less animalistic mix.\"\r\n', NULL, '', '', '', '741.00', '0.00', NULL, NULL, 'yes', 'no', 'no', NULL, NULL, 0, NULL, NULL, NULL, NULL, NULL, NULL, NULL, NULL, NULL, '11', NULL, 'Simple', NULL, NULL, NULL, NULL, 'Catalog', 20, 'active', 'alwaysInStock', NULL, NULL, NULL, NULL, NULL, NULL, NULL, NULL, NULL, NULL, NULL, NULL, NULL, NULL, NULL, NULL, NULL, '2022-07-05 12:11:18', NULL, '2022-07-27 17:37:02'),
(1288, 30, 'WP100', 'Woody Perfecto 107 edp 100 ml', 'woody-perfecto-107-edp-100-ml-30', NULL, 'Woody Perfecto symbolizes freedom. It is the fragrant key to a horizon that knows no limits.\r\n', '\"Woody Perfecto / 107: Vetiver (roots of a small bush/grass from Haïti), Elemi (a gum from the Philippines, imagine a mix between Lemon, Pink Peppercorn, and Incense and you’ll smell the Elemi scent), and Homofuronol(a synthetic ingredient that smells like MokaCoffee, alcoholic drinks like Irish Coffee, Baileys, etc.).\r\nA modern tobacco-leathery mix built from the idea of popularizing again the Vetiver. It’s fresh and spicy on the top note, warm, woody, and incense in the middle and base note. Can also be worn both by women and men.\"\r\n', NULL, '', '', '', '741.00', '0.00', NULL, NULL, 'no', 'no', 'no', NULL, NULL, 0, NULL, NULL, NULL, NULL, NULL, NULL, NULL, NULL, NULL, '11', NULL, 'Simple', NULL, NULL, NULL, NULL, 'Catalog', 30, 'active', 'alwaysInStock', NULL, NULL, NULL, NULL, NULL, NULL, NULL, NULL, NULL, NULL, NULL, NULL, NULL, NULL, NULL, NULL, NULL, '2022-07-05 12:14:20', NULL, '2022-07-27 17:32:54'),
(1289, 30, 'WAW100', 'Amber Wood edp 50 ml', 'amber-wood-edp-50-ml-21', NULL, 'Amber Wood Perfume from Walaa Perfumes House, reflects the modernity and renewal of the spirit of the Arab woman. To reflect the strength of a woman at the same time and a woody and attractive base of sandalwood with amber and tonka beans.\r\n', 'Amber Wood Perfume from Walaa Perfumes House, reflects the modernity and renewal of the spirit of the Arab woman. To reflect the strength of a woman at the same time and a woody and attractive base of sandalwood with amber and tonka beans.\r\n', NULL, 'Lemon, Coriander, Peony', 'Rose, Patchouli, Jasmine', 'Amber, Sandalwood, Tonka Bean, Vanilla', '504.00', '0.00', NULL, NULL, 'no', 'no', 'no', NULL, NULL, 0, NULL, NULL, NULL, NULL, NULL, NULL, NULL, NULL, NULL, '12', NULL, 'Simple', NULL, NULL, NULL, NULL, 'Catalog', 50, 'active', 'alwaysInStock', NULL, NULL, NULL, NULL, NULL, NULL, NULL, NULL, NULL, NULL, NULL, NULL, NULL, NULL, NULL, NULL, NULL, '2022-07-05 12:27:04', NULL, '2022-07-22 15:55:02'),
(1290, 30, 'WIP50', 'Iris Peony edp 50 ml', 'iris-peony-edp-50-ml-21', NULL, 'Iris Peony perfume from Walaa Perfumes brings you refreshing aromatic notes of litchi with attractive lotus and a luxurious aromatic base of iris with leather and praline chocolate.\r\n', 'Iris Peony perfume from Walaa Perfumes brings you refreshing aromatic notes of litchi with attractive lotus and a luxurious aromatic base of iris with leather and praline chocolate.\r\n', NULL, 'Lotus, Blackcurrant, Litchee', 'Peony, Oriental Rose, Fig, Cedarwood', 'Iris, Leather, Opoponax, Sandalwood, Praline Accords', '515.00', '0.00', NULL, NULL, 'no', 'no', 'no', NULL, NULL, 0, NULL, NULL, NULL, NULL, NULL, NULL, NULL, NULL, NULL, '12', NULL, 'Simple', NULL, NULL, NULL, NULL, 'Catalog', 40, 'active', 'alwaysInStock', NULL, NULL, NULL, NULL, NULL, NULL, NULL, NULL, NULL, NULL, NULL, NULL, NULL, NULL, NULL, NULL, NULL, '2022-07-05 12:29:11', NULL, '2022-07-22 15:57:04'),
(1291, 30, 'WOM50', 'Oud Musk edp 50 ml', 'oud-musk-edp-50-ml-19', NULL, 'Oud Musk perfume from Walaa Perfumes brings you luxurious and bold oriental aromatic notes of agarwood surrounded by the aroma of soft rose, sexy white musk and a base of sandalwood.\r\n', 'Oud Musk perfume from Walaa Perfumes brings you luxurious and bold oriental aromatic notes of agarwood surrounded by the aroma of soft rose, sexy white musk and a base of sandalwood.\r\n', NULL, 'Rose, Saffron', 'Oud Rose, Geranium', 'Oud Rose, White Musk, Sandalwood, Amber', '567.00', '0.00', NULL, NULL, 'no', 'no', 'no', NULL, NULL, 0, NULL, NULL, NULL, NULL, NULL, NULL, NULL, NULL, NULL, '12', NULL, 'Simple', NULL, NULL, NULL, NULL, 'Catalog', 30, 'active', 'alwaysInStock', NULL, NULL, NULL, NULL, NULL, NULL, NULL, NULL, NULL, NULL, NULL, NULL, NULL, NULL, NULL, NULL, NULL, '2022-07-05 12:31:16', NULL, '2022-07-22 15:54:37'),
(1292, 30, 'WRV50', 'Rose Vanilla edp 50 ml', 'rose-vanilla-edp-50-ml-23', NULL, 'Rose Vanilla Perfume from Walaa Perfumes House, it was designed to be part of a group of perfume lovers of soft and refreshing scents with aromatic notes that radiate with rose and powdery violet flower mixed with warm and sweet aromatic notes of attractive vanilla and a base of sandalwood and white musk, designed and manufactured perfumes Loyalty House in the French city of Grasse with traditional French industrial craftsmanship\r\n', 'Rose Vanilla Perfume from Walaa Perfumes House, it was designed to be part of a group of perfume lovers of soft and refreshing scents with aromatic notes that radiate with rose and powdery violet flower mixed with warm and sweet aromatic notes of attractive vanilla and a base of sandalwood and white musk, designed and manufactured perfumes Loyalty House in the French city of Grasse with traditional French industrial craftsmanship\r\n', NULL, 'Orange, Lily of the Valley, Lemon', 'Rose, Vanilla, Powdery Violet, Jasmine', 'Amber, Sandalwood, Precious White Musk', '452.00', '0.00', NULL, NULL, 'no', 'no', 'no', NULL, NULL, 0, NULL, NULL, NULL, NULL, NULL, NULL, NULL, NULL, NULL, '12', NULL, 'Simple', NULL, NULL, NULL, NULL, 'Catalog', 60, 'active', 'alwaysInStock', NULL, NULL, NULL, NULL, NULL, NULL, NULL, NULL, NULL, NULL, NULL, NULL, NULL, NULL, NULL, NULL, NULL, '2022-07-05 12:32:38', NULL, '2022-07-22 15:58:02');
INSERT INTO `products` (`id`, `storeId`, `sku`, `title`, `slug`, `url`, `shortDescription`, `description`, `searchKeywords`, `topNotes`, `middleNotes`, `baseNotes`, `price`, `specialPrice`, `specialPriceFrom`, `specialPriceTo`, `bestSellers`, `newArrivals`, `spicey`, `taxClassId`, `weight`, `isConfigurable`, `metaTitle`, `metaKey`, `metaDescription`, `metaImage`, `optionTitle`, `optionType`, `optionValue`, `color`, `size`, `brand`, `application`, `type`, `fromDate`, `fromTime`, `toDate`, `toTime`, `visibility`, `sequence`, `status`, `inventory`, `attr1`, `attr2`, `attr3`, `attr4`, `attr5`, `attr6`, `attr7`, `attr8`, `attr9`, `attr10`, `ar_title`, `ar_topNotes`, `ar_middleNotes`, `ar_baseNotes`, `ar_shortDescription`, `ar_description`, `createdBy`, `createdAt`, `updatedBy`, `updatedAt`) VALUES
(1293, 30, 'WTO50', 'Tonka Oud edp 50 ml', 'tonka-oud-edp-50-ml-20', NULL, 'Tonka Oud from Walaa Perfumes carries soft aromatic notes that open with the aroma of neroli and pomegranate, followed by a sweet aroma of agarwood and exciting jasmine with tobacco and patchouli\r\n', 'Tonka Oud from Walaa Perfumes carries soft aromatic notes that open with the aroma of neroli and pomegranate, followed by a sweet aroma of agarwood and exciting jasmine with tobacco and patchouli\r\n', NULL, 'Lychee, Raspberry', 'Pomegranate Blossom, Neroli', 'Oud Jasmine, Tonka Bean, Patchouli, Praline Accords', '578.00', '0.00', NULL, NULL, 'no', 'no', 'no', NULL, NULL, 0, NULL, NULL, NULL, NULL, NULL, NULL, NULL, NULL, NULL, '12', NULL, 'Simple', NULL, NULL, NULL, NULL, 'Catalog', 20, 'active', 'alwaysInStock', NULL, NULL, NULL, NULL, NULL, NULL, NULL, NULL, NULL, NULL, NULL, NULL, NULL, NULL, NULL, NULL, NULL, '2022-07-05 12:34:39', NULL, '2022-07-22 15:57:49'),
(1294, 30, 'WTS50', 'Tonka Sandalwood edp 50 ml', 'tonka-sandalwood-edp-50-ml-27', NULL, 'Tonka Sandalwood Perfume from Walaa Perfumes carries an oriental aromatic fragrance of cardamom in the opening followed by puffs of distinctive tobacco and ginger with an aromatic base of amber, sandalwood, and tonka beans\r\n', 'Tonka Sandalwood Perfume from Walaa Perfumes carries an oriental aromatic fragrance of cardamom in the opening followed by puffs of distinctive tobacco and ginger with an aromatic base of amber, sandalwood, and tonka beans\r\n\r\n\r\nعطر الشعر كودا من دار عطور مين نيويورك عطر دافئ و مثير جذاب و مميز كما هو الحال دائماً في عطور مين نيويورك قاعدة عطرية يمكن تمييزها عن بعد من الباتشولي يختلط بنفحات القرفة و النعناع و خشب الأرز', NULL, 'Cardamom, Orange Blossom', 'Ginger, Carnation, Grey Tobacco, Bamboo', 'Tonka Bean, Sandalwood, Tuberose, Oriental Amber', '515.00', '0.00', NULL, NULL, 'no', 'no', 'no', NULL, NULL, 0, NULL, NULL, NULL, NULL, NULL, NULL, NULL, NULL, NULL, '12', NULL, 'Simple', NULL, NULL, NULL, NULL, 'Catalog', 21, 'active', 'alwaysInStock', NULL, NULL, NULL, NULL, NULL, NULL, NULL, NULL, NULL, NULL, NULL, NULL, NULL, NULL, NULL, NULL, NULL, '2022-07-05 12:36:25', NULL, '2022-08-09 18:53:01'),
(1296, 30, 'MICOFF0405', 'PLUSH EDP + PLUSH HAIR PERFUME GIFT SET', 'plush-edp-+-plush-hair-perfume-gift-set-40', NULL, 'Plush extrait de parfum 75ml with Plush hair perfume 75ml with a beautiful EID MUBARAK Sleeves is a perfect gift for your loved ones.', 'Plush is a quality we appreciate in all things we like to touch- and especially true when thinking of cashmere, velvet, and silk. Vanilla, jasmine & orange blossom are carefully blended into a bouquet of luxurious musks & finished with a dose of ambergris.\r\n\r\n', NULL, '', '', '', '1199.00', '0.00', NULL, NULL, 'no', 'no', 'no', NULL, NULL, 0, NULL, NULL, NULL, NULL, NULL, NULL, NULL, NULL, NULL, '8', NULL, 'Simple', NULL, NULL, NULL, NULL, 'Catalog', 110, 'active', 'alwaysInStock', NULL, NULL, NULL, NULL, NULL, NULL, NULL, NULL, NULL, NULL, NULL, NULL, NULL, NULL, NULL, NULL, NULL, '2022-07-05 14:03:59', NULL, '2022-08-11 11:26:57'),
(1297, 30, 'MICOFF0406', 'CODA EDP + CODA HAIR PERFUME GIFT SET', 'coda-edp-+-coda-hair-perfume-gift-set-38', NULL, 'CODA extrait de parfum 75ml with CODA hair perfume 75ml with a beautiful EID MUBARAK Sleeves is a perfect gift for your loved ones.\r\n', '\"A luminous aldehydic opening contrasts a sensual & smoldering heart. Luscious plums, flowers & woods meet sumptuous leather & musk. CODA leaves you satisfied with a sense of balance. Rock star chic.\r\n\r\nRegardless of the tune of your personal chemistry, this scent is a true soundtrack of attraction. Cooling and warming the wearer’s skin at the same time, Coda is rock star chic, provocative and refined with a bit of edge.\"\r\n', NULL, '', '', '', '1199.00', '0.00', NULL, NULL, 'no', 'no', 'no', NULL, NULL, 0, NULL, NULL, NULL, NULL, NULL, NULL, NULL, NULL, NULL, '8', NULL, 'Simple', NULL, NULL, NULL, NULL, 'Catalog', 100, 'active', 'alwaysInStock', NULL, NULL, NULL, NULL, NULL, NULL, NULL, NULL, NULL, NULL, NULL, NULL, NULL, NULL, NULL, NULL, NULL, '2022-07-05 14:24:19', NULL, '2022-08-11 11:25:54'),
(1299, 30, 'WTS50', 'Tonka Sandalwood edp 50 ml', NULL, NULL, NULL, 'Tonka Sandalwood Perfume from Walaa Perfumes carries an oriental aromatic fragrance of cardamom in the opening followed by puffs of distinctive tobacco and ginger with an aromatic base of amber, sandalwood, and tonka beans\r\n', NULL, NULL, NULL, NULL, '400.00', '400.00', NULL, NULL, 'no', 'no', 'no', NULL, NULL, 1294, NULL, NULL, NULL, NULL, NULL, NULL, NULL, NULL, '100', NULL, NULL, NULL, NULL, NULL, NULL, NULL, 'Catalog', NULL, 'active', 'alwaysInStock', NULL, NULL, NULL, NULL, NULL, NULL, NULL, NULL, NULL, NULL, NULL, NULL, NULL, NULL, NULL, NULL, NULL, '2022-07-19 14:12:15', NULL, '2022-07-19 14:12:15'),
(1300, 30, 'WTS50', 'Tonka Sandalwood edp 50 ml', NULL, NULL, NULL, 'Tonka Sandalwood Perfume from Walaa Perfumes carries an oriental aromatic fragrance of cardamom in the opening followed by puffs of distinctive tobacco and ginger with an aromatic base of amber, sandalwood, and tonka beans\r\n', NULL, NULL, NULL, NULL, '500.00', '500.00', NULL, NULL, 'no', 'no', 'no', NULL, NULL, 1294, NULL, NULL, NULL, NULL, NULL, NULL, NULL, NULL, '200', NULL, NULL, NULL, NULL, NULL, NULL, NULL, 'Catalog', NULL, 'active', 'alwaysInStock', NULL, NULL, NULL, NULL, NULL, NULL, NULL, NULL, NULL, NULL, NULL, NULL, NULL, NULL, NULL, NULL, NULL, '2022-07-19 14:12:15', NULL, '2022-07-19 14:12:15'),
(1301, 30, 'EXT0039', 'FAN YOUR FLAMES EDP 100 ML', NULL, NULL, NULL, '\"Depicts a lovely night out with the company of loved ones smoking shisha with coconut, enjoying the nice chat, anticipating better days to come! Enjoy the good moods to celebrate life!\r\n\r\n‘Set your life on fire and seek those who fan your flames’  ~Rumi\"\r\n', NULL, NULL, NULL, NULL, '1302.00', NULL, NULL, NULL, 'no', 'no', 'no', NULL, NULL, 1216, NULL, NULL, NULL, NULL, NULL, NULL, NULL, NULL, '100 ml', NULL, NULL, NULL, NULL, NULL, NULL, NULL, 'Catalog', NULL, 'active', 'alwaysInStock', NULL, NULL, NULL, NULL, NULL, NULL, NULL, NULL, NULL, NULL, NULL, NULL, NULL, NULL, NULL, NULL, NULL, '2022-07-20 22:32:23', NULL, '2022-08-29 11:19:53'),
(1302, 30, 'EXT0039', 'FAN YOUR FLAMES EDP 100 ML', NULL, NULL, NULL, '\"Depicts a lovely night out with the company of loved ones smoking shisha with coconut, enjoying the nice chat, anticipating better days to come! Enjoy the good moods to celebrate life!\r\n\r\n‘Set your life on fire and seek those who fan your flames’  ~Rumi\"\r\n', NULL, NULL, NULL, NULL, '861.00', NULL, NULL, NULL, 'no', 'no', 'no', NULL, NULL, 1216, NULL, NULL, NULL, NULL, NULL, NULL, NULL, NULL, '50 ML', NULL, NULL, NULL, NULL, NULL, NULL, NULL, 'Catalog', NULL, 'active', 'alwaysInStock', NULL, NULL, NULL, NULL, NULL, NULL, NULL, NULL, NULL, NULL, NULL, NULL, NULL, NULL, NULL, NULL, NULL, '2022-07-20 22:32:49', NULL, '2022-08-29 11:19:53'),
(1303, 30, 'TEST2107', 'Test', 'test-5', NULL, 'test', 'test', NULL, 'test', 'test', 'test', '1.00', '10.00', '2022-07-28', '2022-07-29', 'no', 'no', 'no', NULL, NULL, 0, NULL, NULL, NULL, NULL, NULL, NULL, NULL, NULL, NULL, '12', NULL, 'Simple', NULL, NULL, NULL, NULL, 'Catalog', 1, 'inactive', 'alwaysInStock', NULL, NULL, NULL, NULL, NULL, NULL, NULL, NULL, NULL, NULL, ' اول موقع يسمح', ' كتابة مفهومة من قبل', ' كتابة مفهومة من قبل', ' كتابة مفهومة من قبل', ' كتابة مفهومة من قبل كتابة مفهومة من قبل كتابة مفهومة من قبل', ' كتابة مفهومة من قبل كتابة مفهومة من قبل', NULL, '2022-07-21 18:03:28', NULL, '2022-09-11 23:09:46'),
(1305, 30, 'EXT0042', 'Nanshe EDP 100 ML', NULL, NULL, NULL, '\"Nanshe is the name of a Sumerian goddess of fertility, water, and social justice, which was believed to be the patron of dreams and prophecy. She watched over orphans and widows, oversaw fairness, freshwater, birds and fish, fertility, and favored prophets, giving them the ability to interpret dreams accurately.\r\n\r\n​The main challenge was to create a scent that reflects the kind, compassionate, welcoming, and wise attributes of this divine figure. With Nanshe, NISHANE wishes for a world where the forgotten, the poor, the lonely, and the disenfranchised are looked after.\r\n\r\nSurrounded by a sublime accord of rose which had been widely reported to help fertility by many civilizations, Nanshe is suggesting poetic emotions with earthy aromas that will mystically conceive the positiveness even in the darkest times.\"\r\n', NULL, NULL, NULL, NULL, '888.00', NULL, NULL, NULL, 'no', 'no', 'no', NULL, NULL, 1222, NULL, NULL, NULL, NULL, NULL, NULL, NULL, NULL, '50 ML', NULL, NULL, NULL, NULL, NULL, NULL, NULL, 'Catalog', NULL, 'active', 'alwaysInStock', NULL, NULL, NULL, NULL, NULL, NULL, NULL, NULL, NULL, NULL, NULL, NULL, NULL, NULL, NULL, NULL, NULL, '2022-07-22 19:29:52', NULL, '2022-08-29 11:10:34'),
(1306, 30, 'EXT0028', 'HUNDRED SILENT WAYS EDP 100 ML', 'hundred-silent-ways-edp-100-ml-31', NULL, 'Hundred Silent Ways is a tribute to the most-liked perfumes in the history of perfumery with a modern interpretation and blend of pleasant notes.', '\"Hundred Silent Ways Was created as a tribute to the most-liked perfumes in the history of perfumery with a modern interpretation and blend of pleasant notes. With a drop, one would feel wearing the attractiveness of all beautiful souls ever lived on earth and silently share this with everyone he/she encounters. Get ready for the compliments. \'I closed my mouth and spoke to you in a hundred silent ways\' ~Rumi \"', NULL, 'Tuberose, Mandarin, Peach', 'White Jasmin, Gardenia, Orris', 'Vanilla, Sandalwood, Vetiver', '1302.00', '0.00', NULL, NULL, 'yes', 'no', 'no', NULL, NULL, 0, NULL, NULL, NULL, NULL, NULL, NULL, NULL, NULL, NULL, '6', NULL, 'Simple', NULL, NULL, NULL, NULL, 'Catalog', 20, 'active', 'alwaysInStock', NULL, NULL, NULL, NULL, NULL, NULL, NULL, NULL, NULL, NULL, NULL, NULL, NULL, NULL, NULL, NULL, NULL, '2022-07-26 12:24:18', NULL, '2022-07-28 11:54:34'),
(1307, 30, 'LM16', 'CHARME EDP 100 ML', 'charme-edp-100-ml-18', NULL, 'A poetic walk out of sight, where elegance and refinement are essential.', 'Along the peaceful Lake Como, a flourishing nature intrigues. Hidden behind, the Villa Balbiano is revealed.\r\nArriving from the pontoon, elegant floral notes follow visitors to the private garden, to the rhythm of the water. Guests get lost between ancient statues and beautifully trimmed hedges. A few steps away, the palazzo has remained intact, a witness to Italian history.\r\n\r\nA poetic walk out of sight, where elegance and refinement are essential.', NULL, 'Bergamot Italy, Grapefruit, Blackcurrant', 'Red Rose, Peony, Nutmeg, Incense', 'Blackberry, Pear, White Cedar, Patchouly Indonesia, White amber, Vanilla', '699.00', '0.00', NULL, NULL, 'no', 'no', 'no', NULL, NULL, 0, NULL, NULL, NULL, NULL, NULL, NULL, NULL, NULL, NULL, '7', NULL, 'Simple', NULL, NULL, NULL, NULL, 'Catalog', 500, 'active', 'alwaysInStock', NULL, NULL, NULL, NULL, NULL, NULL, NULL, NULL, NULL, NULL, NULL, NULL, NULL, NULL, NULL, NULL, NULL, '2022-08-24 11:14:34', NULL, '2022-08-24 11:20:27'),
(1308, 30, 'LM15', 'OMELIE EDP 100 ML', 'omelie-edp-100-ml-18', NULL, 'An odyssey between Heaven and Earth, the Pearl of the Nile is gradually revealed.', 'A summer solstice. The sun rises atop the Temple of Isis, marking a magical moment. The Bird Goddess, Isis gives the “breath of life” in the wind by flapping her wings, bringing the scent of Elemi and Geranium.\r\nShe spreads all her love, a sensual and feminine scent of rose invades the Temple, like a rebirth of the soul. Suddenly, the sun sets, letting the incense take on all its power and open up the fascinating world of dreams.\r\n\r\nAn odyssey between Heaven and Earth, the Pearl of the Nile is gradually revealed.', NULL, 'Freesia, Pink Berries, Elemi', 'Rose essence of Bulgaria, Geranium, Incense', 'Gaiac wood, Papyrus, Santal wood, Oud, Amber, Praline', '699.00', '0.00', NULL, NULL, 'no', 'no', 'no', NULL, NULL, 0, NULL, NULL, NULL, NULL, NULL, NULL, NULL, NULL, NULL, '7', NULL, 'Simple', NULL, NULL, NULL, NULL, 'Catalog', 510, 'active', 'alwaysInStock', NULL, NULL, NULL, NULL, NULL, NULL, NULL, NULL, NULL, NULL, NULL, NULL, NULL, NULL, NULL, NULL, NULL, '2022-08-24 11:29:58', NULL, '2022-08-24 11:30:59'),
(1309, 30, 'AO-001', 'ANI Body Oil 100ml', 'ani-body-oil-100ml-19', NULL, 'NISHANE Hair and Body Oils will help you have a radiant and healthy hair and skin.', '​\r\nWith their hydrating, nutrient and protective rich oil blend, NISHANE Hair and Body Oils will help you have a radiant and healthy hair and skin. With their fast-absorbing, antioxidant and lightweight formula that combines sweet almond, jojoba, sunflower seed and vitamin E oils, they will help hydrate your hair and your skin, retain its moisture, keep your hair and skin healthy by protecting them against sun damage, pollution, repairing damaged cells and reducing the signs of aging. NISHANE Hair & Body Oils are 73% natural.', NULL, '', '', '', '384.00', '0.00', NULL, NULL, 'no', 'no', 'no', NULL, NULL, 0, NULL, NULL, NULL, NULL, NULL, NULL, NULL, NULL, NULL, '6', NULL, 'Simple', NULL, NULL, NULL, NULL, 'Catalog', 270, 'active', 'alwaysInStock', NULL, NULL, NULL, NULL, NULL, NULL, NULL, NULL, NULL, NULL, 'زيت الجسم العاني 100 مل', NULL, NULL, NULL, 'سوف تساعدك زيوت NISHANE للشعر والجسم في الحصول على شعر وبشرة متألقة وصحية.', 'مع مزيج الزيوت الغنية بالترطيب والمغذيات والوقائية ، ستساعدك زيوت NISHANE للشعر والجسم على الحصول على شعر وبشرة متألقة وصحية. بفضل تركيبتها سريعة الامتصاص ومضادات الأكسدة وخفيفة الوزن التي تجمع بين اللوز الحلو والجوجوبا وبذور عباد الشمس وزيوت فيتامين E ، فإنها تساعد على ترطيب شعرك وبشرتك ، والاحتفاظ برطوبتها ، والحفاظ على شعرك وبشرتك بصحة جيدة من خلال حمايتها من أضرار أشعة الشمس. والتلوث وإصلاح الخلايا التالفة وتقليل علامات الشيخوخة. زيوت NISHANE للشعر والجسم طبيعية بنسبة 73٪.', NULL, '2022-08-24 11:35:02', NULL, '2022-10-31 14:57:06'),
(1310, 30, 'HO-001', 'Hacivat Body Oil 100ml', 'hacivat-body-oil-100ml-23', NULL, 'NISHANE Hair and Body Oils will help you have a radiant and healthy hair and skin.', 'With their hydrating, nutrient and protective rich oil blend, NISHANE Hair and Body Oils will help you have a radiant and healthy hair and skin. With their fast-absorbing, antioxidant and lightweight formula that combines sweet almond, jojoba, sunflower seed and vitamin E oils, they will help hydrate your hair and your skin, retain its moisture, keep your hair and skin healthy by protecting them against sun damage, pollution, repairing damaged cells and reducing the signs of aging. NISHANE Hair & Body Oils are 73% natural.', NULL, '', '', '', '405.00', '0.00', NULL, NULL, 'no', 'no', 'no', NULL, NULL, 0, NULL, NULL, NULL, NULL, NULL, NULL, NULL, NULL, NULL, '6', NULL, 'Simple', NULL, NULL, NULL, NULL, 'Catalog', 280, 'active', 'alwaysInStock', NULL, NULL, NULL, NULL, NULL, NULL, NULL, NULL, NULL, NULL, 'زيت الجسم هاسيفات 100 مل', NULL, NULL, NULL, 'سوف تساعدك زيوت NISHANE للشعر والجسم في الحصول على شعر وبشرة متألقة وصحية.', 'مع مزيج الزيوت الغنية بالترطيب والمغذيات والوقائية ، ستساعدك زيوت NISHANE للشعر والجسم على الحصول على شعر وبشرة متألقة وصحية. بفضل تركيبتها سريعة الامتصاص ومضادات الأكسدة وخفيفة الوزن التي تجمع بين اللوز الحلو والجوجوبا وبذور عباد الشمس وزيوت فيتامين E ، فإنها تساعد على ترطيب شعرك وبشرتك ، والاحتفاظ برطوبتها ، والحفاظ على شعرك وبشرتك بصحة جيدة من خلال حمايتها من أضرار أشعة الشمس. والتلوث وإصلاح الخلايا التالفة وتقليل علامات الشيخوخة. زيوت NISHANE للشعر والجسم طبيعية بنسبة 73٪.', NULL, '2022-08-24 11:40:21', NULL, '2022-10-31 14:58:30'),
(1311, 30, 'HSWO-001', 'Hundred Silent Ways Body Oil 100ml', 'hundred-silent-ways-body-oil-100ml-35', NULL, 'NISHANE Hair and Body Oils will help you have a radiant and healthy hair and skin.', '​With their hydrating, nutrient and protective rich oil blend, NISHANE Hair and Body Oils will help you have a radiant and healthy hair and skin. With their fast-absorbing, antioxidant and lightweight formula that combines sweet almond, jojoba, sunflower seed and vitamin E oils, they will help hydrate your hair and your skin, retain its moisture, keep your hair and skin healthy by protecting them against sun damage, pollution, repairing damaged cells and reducing the signs of aging. NISHANE Hair & Body Oils are 73% natural.', NULL, '', '', '', '368.00', '0.00', NULL, NULL, 'no', 'no', 'no', NULL, NULL, 0, NULL, NULL, NULL, NULL, NULL, NULL, NULL, NULL, NULL, '6', NULL, 'Simple', NULL, NULL, NULL, NULL, 'Catalog', 290, 'active', 'alwaysInStock', NULL, NULL, NULL, NULL, NULL, NULL, NULL, NULL, NULL, NULL, 'زيت الجسم هاندرد سايلنت وايز 100 مل', NULL, NULL, NULL, 'سوف تساعدك زيوت NISHANE للشعر والجسم في الحصول على شعر وبشرة متألقة وصحية.', 'مع مزيج الزيوت الغنية بالترطيب والمغذيات والوقائية ، ستساعدك زيوت NISHANE للشعر والجسم على الحصول على شعر وبشرة متألقة وصحية. بفضل تركيبتها سريعة الامتصاص ومضادات الأكسدة وخفيفة الوزن التي تجمع بين اللوز الحلو والجوجوبا وبذور عباد الشمس وزيوت فيتامين E ، فإنها تساعد على ترطيب شعرك وبشرتك ، والاحتفاظ برطوبتها ، والحفاظ على شعرك وبشرتك بصحة جيدة من خلال حمايتها من أضرار أشعة الشمس. والتلوث وإصلاح الخلايا التالفة وتقليل علامات الشيخوخة. زيوت NISHANE للشعر والجسم طبيعية بنسبة 73٪.', NULL, '2022-08-24 11:42:20', NULL, '2022-10-31 14:59:39'),
(1312, 30, 'TO-001', 'Tuberoza Body Oil 100ml', 'tuberoza-body-oil-100ml-24', NULL, 'NISHANE Hair and Body Oils will help you have a radiant and healthy hair and skin.', '​With their hydrating, nutrient and protective rich oil blend, NISHANE Hair and Body Oils will help you have a radiant and healthy hair and skin. With their fast-absorbing, antioxidant and lightweight formula that combines sweet almond, jojoba, sunflower seed and vitamin E oils, they will help hydrate your hair and your skin, retain its moisture, keep your hair and skin healthy by protecting them against sun damage, pollution, repairing damaged cells and reducing the signs of aging. NISHANE Hair & Body Oils are 73% natural.', NULL, '', '', '', '368.00', '0.00', NULL, NULL, 'no', 'no', 'no', NULL, NULL, 0, NULL, NULL, NULL, NULL, NULL, NULL, NULL, NULL, NULL, '6', NULL, 'Simple', NULL, NULL, NULL, NULL, 'Catalog', 300, 'active', 'alwaysInStock', NULL, NULL, NULL, NULL, NULL, NULL, NULL, NULL, NULL, NULL, 'زيت الجسم توبيروزا 100 مل', NULL, NULL, NULL, 'سوف تساعدك زيوت NISHANE للشعر والجسم في الحصول على شعر وبشرة متألقة وصحية.', 'مع مزيج الزيوت الغنية بالترطيب والمغذيات والوقائية ، ستساعدك زيوت NISHANE للشعر والجسم على الحصول على شعر وبشرة متألقة وصحية. بفضل تركيبتها سريعة الامتصاص ومضادات الأكسدة وخفيفة الوزن التي تجمع بين اللوز الحلو والجوجوبا وبذور عباد الشمس وزيوت فيتامين E ، فإنها تساعد على ترطيب شعرك وبشرتك ، والاحتفاظ برطوبتها ، والحفاظ على شعرك وبشرتك بصحة جيدة من خلال حمايتها من أضرار أشعة الشمس. والتلوث وإصلاح الخلايا التالفة وتقليل علامات الشيخوخة. زيوت NISHANE للشعر والجسم طبيعية بنسبة 73٪.', NULL, '2022-08-24 11:43:52', NULL, '2022-10-31 15:01:01'),
(1313, 30, 'WCO-001', 'Wulong Cha Body Oil 100ml', 'wulong-cha-body-oil-100ml-26', NULL, 'NISHANE Hair and Body Oils will help you have a radiant and healthy hair and skin.', 'With their hydrating, nutrient and protective rich oil blend, NISHANE Hair and Body Oils will help you have a radiant and healthy hair and skin. With their fast-absorbing, antioxidant and lightweight formula that combines sweet almond, jojoba, sunflower seed and vitamin E oils, they will help hydrate your hair and your skin, retain its moisture, keep your hair and skin healthy by protecting them against sun damage, pollution, repairing damaged cells and reducing the signs of aging. NISHANE Hair & Body Oils are 73% natural.', NULL, '', '', '', '342.00', '0.00', NULL, NULL, 'no', 'no', 'no', NULL, NULL, 0, NULL, NULL, NULL, NULL, NULL, NULL, NULL, NULL, NULL, '6', NULL, 'Simple', NULL, NULL, NULL, NULL, 'Catalog', 310, 'active', 'alwaysInStock', NULL, NULL, NULL, NULL, NULL, NULL, NULL, NULL, NULL, NULL, 'زيت الجسم وولونج تشا 100 مل', NULL, NULL, NULL, 'سوف تساعدك زيوت NISHANE للشعر والجسم في الحصول على شعر وبشرة متألقة وصحية.', 'مع مزيج الزيوت الغنية بالترطيب والمغذيات والوقائية ، ستساعدك زيوت الشعر والجسم من NISHANE على الحصول على شعر وبشرة متألقة وصحية. بفضل تركيبتها سريعة الامتصاص ومضادات الأكسدة وخفيفة الوزن التي تجمع بين اللوز الحلو والجوجوبا وبذور عباد الشمس وزيوت فيتامين E ، فإنها تساعد على ترطيب شعرك وبشرتك والحفاظ على رطوبتها والحفاظ على صحة شعرك وبشرتك من خلال حمايتها من أضرار أشعة الشمس. والتلوث وإصلاح الخلايا التالفة وتقليل علامات الشيخوخة. زيوت نيشان للشعر والجسم طبيعية بنسبة 73٪.', NULL, '2022-08-24 11:45:27', NULL, '2022-10-31 14:54:43'),
(1314, 30, '37425', 'ROSINE FOR LE SNOB II EDP 100ml', 'rosine-for-le-snob-ii-edp-100ml-32', NULL, 'A chypre rose, enhanced with green notes.', 'A chypre rose, enhanced with green notes.\r\n', NULL, 'Violet Leaves, Rhubarb, Bergamot', 'Jasmine, Rose and Iris', 'Vetiver, Moss, Clearwood', '856.00', '0.00', NULL, NULL, 'no', 'no', 'no', NULL, NULL, 0, NULL, NULL, NULL, NULL, NULL, NULL, NULL, NULL, NULL, '10', NULL, 'Simple', NULL, NULL, NULL, NULL, 'Catalog', 45, 'active', 'alwaysInStock', NULL, NULL, NULL, NULL, NULL, NULL, NULL, NULL, NULL, NULL, 'روزين فور لي سنوب II ماء عطر 100 مل', NULL, NULL, NULL, NULL, NULL, NULL, '2022-08-24 11:59:17', NULL, '2022-10-10 18:45:46');

-- --------------------------------------------------------

--
-- Table structure for table `questionaire`
--

CREATE TABLE `questionaire` (
  `id` int NOT NULL,
  `storeId` int DEFAULT NULL,
  `sequence` int DEFAULT NULL,
  `title` varchar(255) DEFAULT NULL,
  `description` text,
  `mediaUrl` varchar(255) DEFAULT NULL,
  `slug` varchar(255) DEFAULT NULL,
  `timeInMinute` int DEFAULT NULL,
  `totalQuestion` int DEFAULT NULL,
  `status` enum('Active','Inactive') DEFAULT 'Active',
  `createdBy` varchar(100) DEFAULT NULL,
  `updatedBy` varchar(100) DEFAULT NULL,
  `createdAt` datetime NOT NULL,
  `updatedAt` datetime NOT NULL
) ENGINE=InnoDB DEFAULT CHARSET=utf8mb4 COLLATE=utf8mb4_0900_ai_ci COMMENT='Questionaire Table';

-- --------------------------------------------------------

--
-- Table structure for table `questionaire_bkp_06`
--

CREATE TABLE `questionaire_bkp_06` (
  `id` int NOT NULL,
  `cId` int DEFAULT NULL,
  `sequence` int DEFAULT NULL,
  `title` varchar(255) DEFAULT NULL,
  `description` text,
  `mediaUrl` varchar(255) DEFAULT NULL,
  `slug` varchar(255) DEFAULT NULL,
  `timeInMinute` int DEFAULT NULL,
  `totalQuestion` int DEFAULT NULL,
  `status` enum('Active','Inactive') DEFAULT 'Active',
  `createdBy` varchar(100) DEFAULT NULL,
  `updatedBy` varchar(100) DEFAULT NULL,
  `createdAt` datetime NOT NULL,
  `updatedAt` datetime NOT NULL
) ENGINE=InnoDB DEFAULT CHARSET=utf8mb4 COLLATE=utf8mb4_0900_ai_ci COMMENT='Questionaire Table';

--
-- Dumping data for table `questionaire_bkp_06`
--

INSERT INTO `questionaire_bkp_06` (`id`, `cId`, `sequence`, `title`, `description`, `mediaUrl`, `slug`, `timeInMinute`, `totalQuestion`, `status`, `createdBy`, `updatedBy`, `createdAt`, `updatedAt`) VALUES
(1, 1, NULL, 'Grammer Test', 'This course has been specially design to test your English Grammer Knowledge.', '', 'grammer-test-1', 12, 12, 'Active', NULL, NULL, '2021-12-28 10:21:55', '2022-01-04 07:22:15'),
(2, 1, NULL, 'Reading Test', 'This course has been specially design to test your English Reading skills.', '', 'reading-test-1', 30, 12, 'Active', NULL, NULL, '2021-12-28 10:21:55', '2022-01-04 07:22:15'),
(3, 1, NULL, 'GK Test', 'This course has been specially design to test your General Knowledge.', '', 'gk-test-1', 20, 12, 'Active', NULL, NULL, '2021-12-28 10:21:55', '2022-01-04 07:22:15');

-- --------------------------------------------------------

--
-- Table structure for table `questionoptions`
--

CREATE TABLE `questionoptions` (
  `id` int NOT NULL,
  `storeId` int DEFAULT NULL,
  `questionaireId` int DEFAULT NULL,
  `questionId` int DEFAULT NULL,
  `options` varchar(255) DEFAULT NULL,
  `isCorrectAnswer` enum('Yes','No') DEFAULT 'No',
  `createdBy` varchar(100) DEFAULT NULL,
  `updatedBy` varchar(100) DEFAULT NULL,
  `createdAt` datetime NOT NULL,
  `updatedAt` datetime NOT NULL
) ENGINE=InnoDB DEFAULT CHARSET=utf8mb4 COLLATE=utf8mb4_0900_ai_ci COMMENT='Question Option Table';

-- --------------------------------------------------------

--
-- Table structure for table `questionoptions_bkp_06`
--

CREATE TABLE `questionoptions_bkp_06` (
  `id` int NOT NULL,
  `cId` int DEFAULT NULL,
  `questionaireId` int DEFAULT NULL,
  `questionId` int DEFAULT NULL,
  `options` varchar(255) DEFAULT NULL,
  `isCorrectAnswer` enum('Yes','No') DEFAULT 'No',
  `createdBy` varchar(100) DEFAULT NULL,
  `updatedBy` varchar(100) DEFAULT NULL,
  `createdAt` datetime NOT NULL,
  `updatedAt` datetime NOT NULL
) ENGINE=InnoDB DEFAULT CHARSET=utf8mb4 COLLATE=utf8mb4_0900_ai_ci COMMENT='Question Option Table';

--
-- Dumping data for table `questionoptions_bkp_06`
--

INSERT INTO `questionoptions_bkp_06` (`id`, `cId`, `questionaireId`, `questionId`, `options`, `isCorrectAnswer`, `createdBy`, `updatedBy`, `createdAt`, `updatedAt`) VALUES
(1, 1, 1, 1, 'am hitting', 'No', NULL, NULL, '2021-12-28 10:27:19', '2021-12-28 10:27:19'),
(2, 1, 1, 1, 'will be hitting', 'No', NULL, NULL, '2021-12-28 10:28:11', '2021-12-28 10:28:11'),
(3, 1, 1, 1, 'will hit', 'Yes', NULL, NULL, '2021-12-28 10:28:19', '2021-12-28 10:28:19'),
(4, 1, 1, 2, 'will win', 'Yes', NULL, NULL, '2021-12-28 10:28:27', '2021-12-28 10:28:27'),
(5, 1, 1, 2, 'would win', 'No', NULL, NULL, '2021-12-28 10:38:42', '2021-12-28 10:38:42'),
(6, 1, 1, 2, 'will be winning', 'No', NULL, NULL, '2021-12-28 10:38:53', '2021-12-28 10:38:53'),
(7, 1, 1, 3, 'Will', 'No', NULL, NULL, '2021-12-28 10:39:02', '2021-12-28 10:39:02'),
(8, 1, 1, 3, 'Would', 'No', NULL, NULL, '2021-12-28 10:39:14', '2021-12-28 10:39:14'),
(9, 1, 1, 3, 'Shall', 'Yes', NULL, NULL, '2022-01-04 07:24:10', '2022-01-04 07:24:10'),
(10, 1, 1, 4, 'will have', 'No', NULL, NULL, '2022-01-04 07:24:24', '2022-01-04 07:24:24'),
(11, 1, 1, 4, 'will be having', 'Yes', NULL, NULL, '2022-01-04 07:24:37', '2022-01-04 07:24:37'),
(12, 1, 1, 4, 'am having', 'No', NULL, NULL, '2022-01-04 07:24:37', '2022-01-04 07:24:37'),
(13, 1, 1, 5, 'have lived', 'No', NULL, NULL, '2022-01-04 07:24:37', '2022-01-04 07:24:37'),
(14, 1, 1, 5, 'will have lived', 'Yes', NULL, NULL, '2022-01-04 07:24:37', '2022-01-04 07:24:37'),
(15, 1, 1, 5, 'will be living', 'No', NULL, NULL, '2022-01-04 07:24:37', '2022-01-04 07:24:37'),
(16, 1, 1, 6, 'am', 'No', NULL, NULL, '2022-01-04 07:24:37', '2022-01-04 07:24:37'),
(17, 1, 1, 6, 'will be', 'Yes', NULL, NULL, '2022-01-04 07:24:37', '2022-01-04 07:24:37'),
(18, 1, 1, 6, 'would be', 'No', NULL, NULL, '2022-01-04 07:24:37', '2022-01-04 07:24:37'),
(19, 1, 1, 7, 'will arrive', 'Yes', NULL, NULL, '2022-01-04 07:24:37', '2022-01-04 07:24:37'),
(20, 1, 1, 7, 'is arriving', 'No', NULL, NULL, '2022-01-04 07:24:37', '2022-01-04 07:24:37'),
(21, 1, 1, 7, 'would arrive', 'No', NULL, NULL, '2022-01-04 07:24:37', '2022-01-04 07:24:37'),
(22, 1, 1, 7, 'would be arriving', 'No', NULL, NULL, '2022-01-04 07:24:37', '2022-01-04 07:24:37'),
(23, 1, 1, 8, 'will have', 'No', NULL, NULL, '2022-01-04 07:24:37', '2022-01-04 07:24:37'),
(24, 1, 1, 8, 'would have', 'No', NULL, NULL, '2022-01-04 07:24:37', '2022-01-04 07:24:37'),
(25, 1, 1, 8, 'will be having', 'No', NULL, NULL, '2022-01-04 07:24:37', '2022-01-04 07:24:37'),
(26, 1, 1, 8, 'have', 'Yes', NULL, NULL, '2022-01-04 07:24:37', '2022-01-04 07:24:37'),
(27, 1, 1, 9, 'meet', 'Yes', NULL, NULL, '2022-01-04 07:24:37', '2022-01-04 07:24:37'),
(28, 1, 1, 9, 'will meet', 'No', NULL, NULL, '2022-01-04 07:24:37', '2022-01-04 07:24:37'),
(29, 1, 1, 9, 'would meet', 'No', NULL, NULL, '2022-01-04 07:24:37', '2022-01-04 07:24:37'),
(30, 1, 1, 10, 'are going', 'No', NULL, NULL, '2022-01-04 07:24:37', '2022-01-04 07:24:37'),
(31, 1, 1, 10, 'will go', 'No', NULL, NULL, '2022-01-04 07:24:37', '2022-01-04 07:24:37'),
(32, 1, 1, 10, 'go', 'Yes', NULL, NULL, '2022-01-04 07:24:37', '2022-01-04 07:24:37'),
(33, 1, 1, 11, 'will find', 'No', NULL, NULL, '2022-01-04 07:24:37', '2022-01-04 07:24:37'),
(34, 1, 1, 11, 'am finding', 'No', NULL, NULL, '2022-01-04 07:24:37', '2022-01-04 07:24:37'),
(35, 1, 1, 11, 'find', 'Yes', NULL, NULL, '2022-01-04 07:24:37', '2022-01-04 07:24:37'),
(36, 1, 1, 12, 'is upset', 'No', NULL, NULL, '2022-01-04 07:24:37', '2022-01-04 07:24:37'),
(37, 1, 1, 12, 'would be', 'No', NULL, NULL, '2022-01-04 07:24:37', '2022-01-04 07:24:37'),
(38, 1, 1, 12, 'will be', 'Yes', NULL, NULL, '2022-01-04 07:24:37', '2022-01-04 07:24:37');

-- --------------------------------------------------------

--
-- Table structure for table `questions`
--

CREATE TABLE `questions` (
  `id` int NOT NULL,
  `storeId` int DEFAULT NULL,
  `questionaireId` int DEFAULT NULL,
  `sequence` int DEFAULT NULL,
  `marks` varchar(255) DEFAULT NULL,
  `questionTitle` varchar(255) DEFAULT NULL,
  `audio` varchar(255) DEFAULT NULL,
  `description` text,
  `questionType` enum('shorttext','number','email','longtext','datetime','multiplechioce','select','audio') DEFAULT 'shorttext',
  `createdBy` varchar(100) DEFAULT NULL,
  `updatedBy` varchar(100) DEFAULT NULL,
  `createdAt` datetime NOT NULL,
  `updatedAt` datetime NOT NULL
) ENGINE=InnoDB DEFAULT CHARSET=utf8mb4 COLLATE=utf8mb4_0900_ai_ci COMMENT='Questions Table';

-- --------------------------------------------------------

--
-- Table structure for table `questions_bkp_06`
--

CREATE TABLE `questions_bkp_06` (
  `id` int NOT NULL,
  `cId` int DEFAULT NULL,
  `questionaireId` int DEFAULT NULL,
  `sequence` int DEFAULT NULL,
  `marks` varchar(255) DEFAULT NULL,
  `questionTitle` varchar(255) DEFAULT NULL,
  `description` text,
  `questionType` enum('shorttext','number','email','longtext','datetime','multiplechioce','select') DEFAULT 'shorttext',
  `createdBy` varchar(100) DEFAULT NULL,
  `updatedBy` varchar(100) DEFAULT NULL,
  `createdAt` datetime NOT NULL,
  `updatedAt` datetime NOT NULL
) ENGINE=InnoDB DEFAULT CHARSET=utf8mb4 COLLATE=utf8mb4_0900_ai_ci COMMENT='Questions Table';

--
-- Dumping data for table `questions_bkp_06`
--

INSERT INTO `questions_bkp_06` (`id`, `cId`, `questionaireId`, `sequence`, `marks`, `questionTitle`, `description`, `questionType`, `createdBy`, `updatedBy`, `createdAt`, `updatedAt`) VALUES
(1, 1, 1, NULL, '1', 'I …………… you if you say that word again.', 'I …………… you if you say that word again.', 'select', NULL, NULL, '2021-12-28 10:25:59', '2021-12-28 10:25:59'),
(2, 1, 1, NULL, '1', 'I think our team …………', 'I think our team …………', 'select', NULL, NULL, '2021-12-28 10:30:21', '2021-12-28 10:30:21'),
(3, 1, 1, NULL, '1', '…………….. I help you with the housework?', '…………….. I help you with the housework?', 'select', NULL, NULL, '2021-12-28 10:34:14', '2021-12-28 10:34:14'),
(4, 1, 1, NULL, '1', 'This time tomorrow I ……………. a discussion with my boss.', 'This time tomorrow I ……………. a discussion with my boss.', 'select', NULL, NULL, '2021-12-28 10:36:34', '2021-12-28 10:36:34'),
(5, 1, 1, NULL, '1', 'By next Christmas we ……………….. in this city for twenty-five years.', 'By next Christmas we ……………….. in this city for twenty-five years.', 'select', NULL, NULL, '2021-12-28 10:37:10', '2021-12-28 10:37:10'),
(6, 1, 1, NULL, '1', 'I ………………….. home late tonight.', 'I ………………….. home late tonight.', 'select', NULL, NULL, '2021-12-28 10:37:45', '2021-12-28 10:37:45'),
(7, 1, 1, NULL, '1', 'She …………….. before too long.', 'She …………….. before too long.', 'select', NULL, NULL, '2021-12-28 10:38:23', '2021-12-28 10:38:23'),
(8, 1, 1, NULL, '1', 'I will phone you when I …………… time.', 'I will phone you when I …………… time.', 'select', NULL, NULL, '2022-01-04 07:23:40', '2022-01-04 07:23:40'),
(9, 1, 1, NULL, '1', 'I will discuss your situation with my boss when I …………. him tomorrow.', 'I will discuss your situation with my boss when I …………. him tomorrow.', 'select', NULL, NULL, '2021-12-28 10:25:59', '2021-12-28 10:25:59'),
(10, 1, 1, NULL, '1', 'I will follow you wherever you ………….', 'I will follow you wherever you ………….', 'select', NULL, NULL, '2021-12-28 10:25:59', '2021-12-28 10:25:59'),
(11, 1, 1, NULL, '1', 'You can take anything I ……………', 'You can take anything I ……………', 'select', NULL, NULL, '2021-12-28 10:25:59', '2021-12-28 10:25:59'),
(12, 1, 1, NULL, '1', 'She ……………. upset when she finds out what you have done.', 'She ……………. upset when she finds out what you have done.', 'select', NULL, NULL, '2021-12-28 10:25:59', '2021-12-28 10:25:59'),
(13, 1, 2, NULL, '1', 'Andy is tired because he (work) …………… all day.', 'Andy is tired because he (work) …………… all day.', 'shorttext', NULL, NULL, '2021-12-28 10:25:59', '2021-12-28 10:25:59'),
(14, 1, 2, NULL, '1', 'By 1960 most of Britain’s old colonies (become) …………… independent.', 'By 1960 most of Britain’s old colonies (become) …………… independent.', 'shorttext', NULL, NULL, '2021-12-28 10:25:59', '2021-12-28 10:25:59'),
(15, 1, 2, NULL, '1', 'David broke his leg when he (ski) .......... last week.', 'David broke his leg when he (ski) .......... last week.', 'shorttext', NULL, NULL, '2021-12-28 10:25:59', '2021-12-28 10:25:59'),
(16, 1, 2, NULL, '1', '(you/have) .......... a nice time in Rome?', '(you/have) .......... a nice time in Rome?', 'shorttext', NULL, NULL, '2021-12-28 10:25:59', '2021-12-28 10:25:59'),
(17, 1, 2, NULL, '1', '(you/finish) .......... your homework yet?', '(you/finish) .......... your homework yet?', 'shorttext', NULL, NULL, '2021-12-28 10:25:59', '2021-12-28 10:25:59'),
(18, 1, 2, NULL, '1', 'He (be) .......... at his computer for six hours.', 'He (be) .......... at his computer for six hours.', 'shorttext', NULL, NULL, '2021-12-28 10:25:59', '2021-12-28 10:25:59'),
(19, 1, 2, NULL, '1', 'How long (she/have)  .......... that car?', 'How long (she/have)  .......... that car?', 'shorttext', NULL, NULL, '2021-12-28 10:25:59', '2021-12-28 10:25:59'),
(20, 1, 2, NULL, '1', 'How many people (die) .......... in the fire yesterday?', 'How many people (die) .......... in the fire yesterday?', 'shorttext', NULL, NULL, '2021-12-28 10:25:59', '2021-12-28 10:25:59'),
(21, 1, 2, NULL, '1', 'I (not/know) .......... much about art, but I like some artists.', 'I (not/know) .......... much about art, but I like some artists.', 'shorttext', NULL, NULL, '2021-12-28 10:25:59', '2021-12-28 10:25:59'),
(22, 1, 2, NULL, '1', 'I (wait) .......... for ages when finally the bus arrived.', 'I (wait) .......... for ages when finally the bus arrived.', 'shorttext', NULL, NULL, '2021-12-28 10:25:59', '2021-12-28 10:25:59'),
(23, 1, 2, NULL, '1', 'I (receive) .......... a postcard from Jane yesterday.', 'I (receive) .......... a postcard from Jane yesterday.', 'shorttext', NULL, NULL, '2021-12-28 10:25:59', '2021-12-28 10:25:59'),
(24, 1, 2, NULL, '1', 'I (correct) .......... all morning, I’m exhausted.', 'I (correct) .......... all morning, I’m exhausted.', 'shorttext', NULL, NULL, '2021-12-28 10:25:59', '2021-12-28 10:25:59'),
(25, 1, 3, NULL, '1', 'I (never/be) .......... sailing, what’s it like?', 'I (never/be) .......... sailing, what’s it like?', 'shorttext', NULL, NULL, '2021-12-28 10:25:59', '2021-12-28 10:25:59'),
(26, 1, 3, NULL, '1', 'It was late. Most of the shops (close) ..........', 'It was late. Most of the shops (close) ..........', 'shorttext', NULL, NULL, '2021-12-28 10:25:59', '2021-12-28 10:25:59'),
(27, 1, 3, NULL, '1', 'It (rain) .......... when I got up this morning.', 'It (rain) .......... when I got up this morning.', 'shorttext', NULL, NULL, '2021-12-28 10:25:59', '2021-12-28 10:25:59'),
(28, 1, 3, NULL, '1', 'Janet (start) .......... a new job in September.', 'Janet (start) .......... a new job in September.', 'shorttext', NULL, NULL, '2021-12-28 10:25:59', '2021-12-28 10:25:59'),
(29, 1, 3, NULL, '1', 'Nelly (have .......... a great time in New York at the moment.', 'Nelly (have .......... a great time in New York at the moment.', 'shorttext', NULL, NULL, '2021-12-28 10:25:59', '2021-12-28 10:25:59'),
(30, 1, 3, NULL, '1', 'She was cooking dinner when we (arrive ...........', 'She was cooking dinner when we (arrive ...........', 'shorttext', NULL, NULL, '2021-12-28 10:25:59', '2021-12-28 10:25:59'),
(31, 1, 3, NULL, '1', 'She (just/come) .......... back from a Mediterranean cruise.', 'She (just/come) .......... back from a Mediterranean cruise.', 'shorttext', NULL, NULL, '2021-12-28 10:25:59', '2021-12-28 10:25:59'),
(32, 1, 3, NULL, '1', 'My husband (be) .......... free for most of the afternoon.', 'My husband (be) .......... free for most of the afternoon.', 'shorttext', NULL, NULL, '2021-12-28 10:25:59', '2021-12-28 10:25:59'),
(33, 1, 3, NULL, '1', 'The children were tired because they (swim) .......... in the pool all afternoon.', 'The children were tired because they (swim) .......... in the pool all afternoon.', 'shorttext', NULL, NULL, '2021-12-28 10:25:59', '2021-12-28 10:25:59'),
(34, 1, 3, NULL, '1', 'They (go) .......... to spend six weeks in the USA.', 'They (go) .......... to spend six weeks in the USA.', 'shorttext', NULL, NULL, '2021-12-28 10:25:59', '2021-12-28 10:25:59'),
(35, 1, 3, NULL, '1', 'We can use the car, I (repair) .......... it.', 'We can use the car, I (repair) .......... it.', 'shorttext', NULL, NULL, '2021-12-28 10:25:59', '2021-12-28 10:25:59'),
(36, 1, 3, NULL, '1', 'We were tired because we (be) .......... to a party the night before.', 'We were tired because we (be) .......... to a party the night before.', 'shorttext', NULL, NULL, '2021-12-28 10:25:59', '2021-12-28 10:25:59');

-- --------------------------------------------------------

--
-- Table structure for table `razorpay`
--

CREATE TABLE `razorpay` (
  `id` int NOT NULL,
  `storeId` int DEFAULT NULL,
  `courseId` int DEFAULT NULL,
  `userId` int DEFAULT NULL,
  `courseName` varchar(255) DEFAULT NULL,
  `amount` varchar(100) DEFAULT NULL,
  `mobile` varchar(100) DEFAULT NULL,
  `email` varchar(255) DEFAULT NULL,
  `name` varchar(255) DEFAULT NULL,
  `duration` varchar(100) DEFAULT NULL,
  `class` varchar(100) DEFAULT NULL,
  `fees` varchar(100) DEFAULT NULL,
  `installment` varchar(100) DEFAULT NULL,
  `address` varchar(100) DEFAULT NULL,
  `payment` varchar(100) DEFAULT NULL,
  `razorpay_payment_id` varchar(255) DEFAULT NULL,
  `paymentId` varchar(255) DEFAULT NULL,
  `cardId` varchar(255) DEFAULT NULL,
  `method` varchar(100) DEFAULT NULL,
  `razorpay` text,
  `createdBy` varchar(100) DEFAULT NULL,
  `updatedBy` varchar(100) DEFAULT NULL,
  `createdAt` datetime NOT NULL,
  `updatedAt` datetime NOT NULL
) ENGINE=InnoDB DEFAULT CHARSET=utf8mb4 COLLATE=utf8mb4_0900_ai_ci COMMENT='Razorpay Table';

-- --------------------------------------------------------

--
-- Table structure for table `relatedProduct`
--

CREATE TABLE `relatedProduct` (
  `id` int NOT NULL,
  `storeId` int DEFAULT NULL,
  `productId` int DEFAULT NULL,
  `selectedProductId` int DEFAULT NULL,
  `type` varchar(128) CHARACTER SET utf8mb3 COLLATE utf8mb3_bin DEFAULT NULL,
  `createdAt` datetime DEFAULT NULL,
  `updatedAt` datetime DEFAULT NULL
) ENGINE=InnoDB DEFAULT CHARSET=utf8mb3 COLLATE=utf8mb3_bin COMMENT='Related Products Table';

--
-- Dumping data for table `relatedProduct`
--

INSERT INTO `relatedProduct` (`id`, `storeId`, `productId`, `selectedProductId`, `type`, `createdAt`, `updatedAt`) VALUES
(9, 30, 1216, 1297, 'Related', '2022-07-20 22:30:54', '2022-07-20 22:30:54'),
(10, 30, 1294, 1297, 'Related', '2022-07-20 23:11:22', '2022-07-20 23:11:22'),
(11, 30, 1294, 1296, 'Related', '2022-07-20 23:11:22', '2022-07-20 23:11:22'),
(12, 30, 1294, 1294, 'Related', '2022-07-20 23:11:22', '2022-07-20 23:11:22'),
(13, 30, 1294, 1293, 'Related', '2022-07-20 23:11:22', '2022-07-20 23:11:22'),
(14, 30, 1294, 1292, 'Related', '2022-07-20 23:11:22', '2022-07-20 23:11:22'),
(15, 30, 1248, 1297, 'Related', '2022-07-22 17:56:52', '2022-07-22 17:56:52'),
(16, 30, 1248, 1256, 'Related', '2022-07-22 17:56:52', '2022-07-22 17:56:52'),
(17, 30, 1248, 1247, 'Related', '2022-07-22 17:56:52', '2022-07-22 17:56:52'),
(18, 30, 1306, 1235, 'Related', '2022-07-26 12:26:42', '2022-07-26 12:26:42'),
(19, 30, 1306, 1219, 'Related', '2022-07-26 12:26:42', '2022-07-26 12:26:42'),
(21, 30, 1219, 1235, 'Related', '2022-07-26 18:48:21', '2022-07-26 18:48:21'),
(22, 30, 1219, 1217, 'Related', '2022-07-26 18:48:21', '2022-07-26 18:48:21'),
(23, 30, 1219, 1214, 'Related', '2022-07-26 18:48:21', '2022-07-26 18:48:21');

-- --------------------------------------------------------

--
-- Table structure for table `reservation17`
--

CREATE TABLE `reservation17` (
  `id` int NOT NULL,
  `date` varchar(255) DEFAULT NULL,
  `people` varchar(255) DEFAULT NULL,
  `purpose` varchar(255) DEFAULT NULL,
  `name` varchar(255) DEFAULT NULL,
  `mobile` varchar(255) DEFAULT NULL,
  `message` varchar(255) DEFAULT NULL,
  `time` varchar(255) DEFAULT NULL
) ENGINE=InnoDB DEFAULT CHARSET=utf8mb4 COLLATE=utf8mb4_0900_ai_ci;

--
-- Dumping data for table `reservation17`
--

INSERT INTO `reservation17` (`id`, `date`, `people`, `purpose`, `name`, `mobile`, `message`, `time`) VALUES
(1, '2021-11-01T13:04:31.777+05:30', '5', 'ffffff', 'dddddd', '790854274', 'fffff', '11:00 AM - 11:59 AM'),
(2, '2021-11-01T13:07:06.910+05:30', '7', 'cccc', 'ggggg', '9733904033', 'lllllll', '02:00 PM - 02:59 PM'),
(3, '2021-11-01T16:23:41.117+05:30', '2', 'bfgfgfg', 'mannaranajit34@gmail.com', '9733904044', 'zxzzxzx', '04:00 PM - 04:59 PM'),
(4, '2021-11-02T19:36:28.617+05:30', '32423', 'asdasd', 'asifur.rahaman@bluehorse.in', '9477078705', 'SDsad', '03:00 PM - 03:59 PM'),
(5, '2021-11-02T19:36:28.617+05:30', '32423', 'asdasd', 'asifur.rahaman@bluehorse.in', '9477078705', 'SDsad', '03:00 PM - 03:59 PM'),
(6, '2021-11-02T19:36:28.617+05:30', '32423', 'asdasd', 'asifur.rahaman@bluehorse.in', '9477078705', 'SDsad', '03:00 PM - 03:59 PM'),
(7, '2021-11-05T17:08:03.147+05:30', '4', 'xdfdfd', 'dfgdg', '7908542740', 'fdsfs', '02:00 PM - 02:59 PM'),
(8, '2021-11-05T17:12:10.517+05:30', '5', 'cxcxcx', 'zxzxzxzx', '1234567890', 'zxzxzxz', '01:00 PM - 01:59 PM'),
(9, '2021-11-05T17:13:17.857+05:30', '6', 'xcxcxc', 'xcxcxcxc', '9077554433', 'xcxcxcxc', '12:00 PM - 12:59 PM'),
(10, '2021-11-09T10:37:50.908+05:30', '5', 'vdfdfdf', 'dfdfdf', '7908542740', 'dfdfdfd', '11:00 AM - 11:59 AM'),
(11, '2021-11-09T17:48:55.206+05:30', '8', 'fdfdfd', 'ddddd', '1234567890', 'fggfgfgf', '11:00 AM - 11:59 AM'),
(12, '2021-11-09T17:52:38.002+05:30', '5', 'ccvcvc', 'cvcvcccc', '9077554433', 'cxxcxc', '02:00 PM - 02:59 PM'),
(13, '2021-11-09T19:21:34.106+05:30', '34', 'sdfsdf', 'asifur.rahaman@bluehorse.in', '9477078705', 'nc', '02:00 PM - 02:59 PM'),
(14, '2021-11-11T11:37:14.750+05:30', '5', 'ffcfdfdf', 'gfcfgdgdf', '7908542740', 'fgdgfdfg', '11:00 AM - 11:59 AM'),
(15, '2021-11-11T13:24:49.449+05:30', '6', 'xxxcccxxc', 'zxzxzzxzxz', '9733904033', 'zxzxzxzx', '11:00 AM - 11:59 AM'),
(16, '2021-11-15T12:39:19.616+05:30', '22', '1st', 'ad', '98765432', 'asdasd', '01:00 PM - 01:59 PM'),
(17, '2021-11-16T13:02:47.485+05:30', '111', 'adasd', 'a', '22', 'aasd', '12:00 PM - 12:59 PM'),
(18, '2021-11-29T12:34:10.125+05:30', '5534534534', 'erter', 'dsfs', '4353453453', 'dsfsd', '11:00 AM - 11:59 AM'),
(19, '2021-11-29T12:59:18.881+05:30', '5', 'rret', 'ret', '9999999999', 'dsfdsf', '11:00 AM - 11:59 AM'),
(20, '2021-11-29T16:35:26.629+05:30', '55', 'test', 'samrat', '7547905968', 'wdcdwc', '12:00 PM - 12:59 PM'),
(21, '2021-11-30T15:31:41.634+05:30', '4', 'Vvv', 'Vvv', '9669889986', 'Bbb', '03:00 PM - 03:59 PM'),
(22, '2021-01-29T16:08:12.834+05:30', '10', 'Birthday', 'Sanjay Nandy', '9681580218', 'Need the Banquet ', '03:00 PM - 03:59 PM'),
(23, '2022-01-06T14:43:14.695+05:30', '1', 'Test', 'Test', '9002273866', 'Test', '02:00 PM - 02:59 PM'),
(24, '2022-01-01T14:49:13.946+05:30', '6', 'Test', 'Test', '9002273866', 'Test', '02:00 PM - 02:59 PM'),
(25, '2022-02-07T12:06:45.947+05:30', '22', 'testing', 'asifur rahaman', '9477078705', 'test', '11:00 AM - 11:59 AM'),
(26, '2022-03-11T12:53:38.109+05:30', '44', '55', 'gfgfdgfdgf', '9544678765', 'ghfffh', '01:00 PM - 01:59 PM'),
(27, '2022-04-15T12:49:38.397+05:30', '5', 'Birthday party ', 'Washim', '9614271996', 'Gdgdddvtdsdjuufxnb', '02:00 PM - 02:59 PM'),
(28, '2022-04-17T12:09:29.449+05:30', '4', 'office', 'subhasis das', '6294945568', 'need a table', '11:00 AM - 11:59 AM');

-- --------------------------------------------------------

--
-- Table structure for table `reservations`
--

CREATE TABLE `reservations` (
  `id` int UNSIGNED NOT NULL,
  `userId` int DEFAULT NULL,
  `storeId` int DEFAULT NULL,
  `date` varchar(20) DEFAULT NULL,
  `timeId` int DEFAULT NULL,
  `name` varchar(100) DEFAULT NULL,
  `noPeople` int DEFAULT NULL,
  `mobile` varchar(50) DEFAULT NULL,
  `massage` text,
  `purpose` text,
  `status` varchar(20) DEFAULT NULL,
  `createdBy` varchar(128) DEFAULT NULL,
  `updatedBy` varchar(128) DEFAULT NULL,
  `createdAt` datetime NOT NULL,
  `updatedAt` datetime NOT NULL
) ENGINE=InnoDB DEFAULT CHARSET=latin1;

--
-- Dumping data for table `reservations`
--

INSERT INTO `reservations` (`id`, `userId`, `storeId`, `date`, `timeId`, `name`, `noPeople`, `mobile`, `massage`, `purpose`, `status`, `createdBy`, `updatedBy`, `createdAt`, `updatedAt`) VALUES
(2, NULL, 17, '2021-11-23', 2, 'Surajit Gouri', 11, '7878984562', 'Daru piyenge', 'Daru party', 'Yes', '1', NULL, '2021-11-23 13:16:37', '2021-11-23 13:16:37');

-- --------------------------------------------------------

--
-- Table structure for table `reservations_bkp`
--

CREATE TABLE `reservations_bkp` (
  `id` int UNSIGNED NOT NULL,
  `userId` int DEFAULT NULL,
  `storeId` int DEFAULT NULL,
  `date` varchar(20) DEFAULT NULL,
  `timeId` int DEFAULT NULL,
  `name` varchar(100) DEFAULT NULL,
  `noPeople` int DEFAULT NULL,
  `mobile` varchar(50) DEFAULT NULL,
  `massage` text,
  `purpose` text,
  `status` varchar(20) DEFAULT NULL,
  `createdBy` varchar(128) DEFAULT NULL,
  `updatedBy` varchar(128) DEFAULT NULL,
  `createdAt` datetime NOT NULL,
  `updatedAt` datetime NOT NULL
) ENGINE=InnoDB DEFAULT CHARSET=latin1;

-- --------------------------------------------------------

--
-- Table structure for table `reservationTimeSlot`
--

CREATE TABLE `reservationTimeSlot` (
  `id` int NOT NULL,
  `storeId` int DEFAULT NULL,
  `fromTime` time DEFAULT NULL,
  `toTime` time DEFAULT NULL,
  `sequence` int DEFAULT NULL,
  `status` enum('Yes','No') DEFAULT NULL,
  `createdBy` varchar(100) DEFAULT NULL,
  `createdAt` datetime DEFAULT NULL,
  `updatedBy` varchar(100) DEFAULT NULL,
  `updatedAt` datetime DEFAULT NULL
) ENGINE=InnoDB DEFAULT CHARSET=latin1 COMMENT='Reservation Time Slot Table';

-- --------------------------------------------------------

--
-- Table structure for table `reservationtimeslot_bkp`
--

CREATE TABLE `reservationtimeslot_bkp` (
  `id` int NOT NULL,
  `storeId` int DEFAULT NULL,
  `fromTime` time DEFAULT NULL,
  `toTime` time DEFAULT NULL,
  `sequence` int DEFAULT NULL,
  `status` enum('Yes','No') DEFAULT NULL,
  `createdBy` varchar(100) DEFAULT NULL,
  `createdAt` datetime DEFAULT NULL,
  `updatedBy` varchar(100) DEFAULT NULL,
  `updatedAt` datetime DEFAULT NULL
) ENGINE=InnoDB DEFAULT CHARSET=latin1 COMMENT='Reservation Time Slot Table';

-- --------------------------------------------------------

--
-- Table structure for table `roleHasPermissions`
--

CREATE TABLE `roleHasPermissions` (
  `id` int NOT NULL,
  `storeId` int DEFAULT NULL,
  `permissionId` int DEFAULT NULL,
  `roleId` int DEFAULT NULL,
  `createdBy` varchar(100) CHARACTER SET utf8mb3 COLLATE utf8mb3_bin DEFAULT NULL,
  `createdAt` datetime DEFAULT NULL,
  `updatedBy` varchar(100) CHARACTER SET utf8mb3 COLLATE utf8mb3_bin DEFAULT NULL,
  `updatedAt` datetime DEFAULT NULL
) ENGINE=InnoDB DEFAULT CHARSET=utf8mb3 COLLATE=utf8mb3_bin COMMENT='Role Has Permissions Table';

--
-- Dumping data for table `roleHasPermissions`
--

INSERT INTO `roleHasPermissions` (`id`, `storeId`, `permissionId`, `roleId`, `createdBy`, `createdAt`, `updatedBy`, `updatedAt`) VALUES
(233, NULL, 1, NULL, '15', '2021-08-26 10:23:03', NULL, '2021-08-26 10:23:03'),
(234, NULL, 2, NULL, '15', '2021-08-26 10:23:03', NULL, '2021-08-26 10:23:03'),
(235, NULL, 3, NULL, '15', '2021-08-26 10:23:03', NULL, '2021-08-26 10:23:03'),
(236, NULL, 4, NULL, '15', '2021-08-26 10:23:03', NULL, '2021-08-26 10:23:03'),
(237, NULL, 5, NULL, '15', '2021-08-26 10:23:03', NULL, '2021-08-26 10:23:03'),
(238, NULL, 7, NULL, '15', '2021-08-26 10:23:03', NULL, '2021-08-26 10:23:03'),
(239, NULL, 9, NULL, '15', '2021-08-26 10:23:03', NULL, '2021-08-26 10:23:03'),
(240, NULL, 11, NULL, '15', '2021-08-26 10:23:03', NULL, '2021-08-26 10:23:03'),
(241, NULL, 12, NULL, '15', '2021-08-26 10:23:03', NULL, '2021-08-26 10:23:03'),
(242, NULL, 13, NULL, '15', '2021-08-26 10:23:03', NULL, '2021-08-26 10:23:03'),
(243, NULL, 14, NULL, '15', '2021-08-26 10:23:03', NULL, '2021-08-26 10:23:03'),
(244, NULL, 10, NULL, '15', '2021-08-26 10:23:03', NULL, '2021-08-26 10:23:03'),
(245, NULL, 15, NULL, '15', '2021-08-26 10:23:03', NULL, '2021-08-26 10:23:03'),
(246, NULL, 16, NULL, '15', '2021-08-26 10:23:03', NULL, '2021-08-26 10:23:03'),
(247, NULL, 17, NULL, '15', '2021-08-26 10:23:03', NULL, '2021-08-26 10:23:03'),
(248, NULL, 18, NULL, '15', '2021-08-26 10:23:03', NULL, '2021-08-26 10:23:03'),
(249, NULL, 65, NULL, '15', '2021-08-26 10:23:03', NULL, '2021-08-26 10:23:03'),
(250, NULL, 66, NULL, '15', '2021-08-26 10:23:03', NULL, '2021-08-26 10:23:03'),
(251, NULL, 67, NULL, '15', '2021-08-26 10:23:03', NULL, '2021-08-26 10:23:03'),
(252, NULL, 68, NULL, '15', '2021-08-26 10:23:03', NULL, '2021-08-26 10:23:03'),
(1151, NULL, 1, NULL, '1', '2021-10-26 11:01:19', NULL, '2021-10-26 11:01:19'),
(1152, NULL, 3, NULL, '1', '2021-10-26 11:01:19', NULL, '2021-10-26 11:01:19'),
(1153, NULL, 2, NULL, '1', '2021-10-26 11:01:19', NULL, '2021-10-26 11:01:19'),
(1154, NULL, 4, NULL, '1', '2021-10-26 11:01:19', NULL, '2021-10-26 11:01:19'),
(1155, NULL, 7, NULL, '1', '2021-10-26 11:01:19', NULL, '2021-10-26 11:01:19'),
(1156, NULL, 5, NULL, '1', '2021-10-26 11:01:19', NULL, '2021-10-26 11:01:19'),
(1157, NULL, 9, NULL, '1', '2021-10-26 11:01:19', NULL, '2021-10-26 11:01:19'),
(1158, NULL, 10, NULL, '1', '2021-10-26 11:01:19', NULL, '2021-10-26 11:01:19'),
(1159, NULL, 11, NULL, '1', '2021-10-26 11:01:19', NULL, '2021-10-26 11:01:19'),
(1160, NULL, 12, NULL, '1', '2021-10-26 11:01:19', NULL, '2021-10-26 11:01:19'),
(1161, NULL, 14, NULL, '1', '2021-10-26 11:01:19', NULL, '2021-10-26 11:01:19'),
(1162, NULL, 13, NULL, '1', '2021-10-26 11:01:19', NULL, '2021-10-26 11:01:19'),
(1163, NULL, 15, NULL, '1', '2021-10-26 11:01:19', NULL, '2021-10-26 11:01:19'),
(1164, NULL, 16, NULL, '1', '2021-10-26 11:01:19', NULL, '2021-10-26 11:01:19'),
(1165, NULL, 17, NULL, '1', '2021-10-26 11:01:19', NULL, '2021-10-26 11:01:19'),
(1166, NULL, 18, NULL, '1', '2021-10-26 11:01:19', NULL, '2021-10-26 11:01:19'),
(1167, NULL, 20, NULL, '1', '2021-10-26 11:01:19', NULL, '2021-10-26 11:01:19'),
(1168, NULL, 19, NULL, '1', '2021-10-26 11:01:19', NULL, '2021-10-26 11:01:19'),
(1169, NULL, 21, NULL, '1', '2021-10-26 11:01:19', NULL, '2021-10-26 11:01:19'),
(1170, NULL, 22, NULL, '1', '2021-10-26 11:01:19', NULL, '2021-10-26 11:01:19'),
(1171, NULL, 23, NULL, '1', '2021-10-26 11:01:19', NULL, '2021-10-26 11:01:19'),
(1172, NULL, 24, NULL, '1', '2021-10-26 11:01:19', NULL, '2021-10-26 11:01:19'),
(1173, NULL, 25, NULL, '1', '2021-10-26 11:01:19', NULL, '2021-10-26 11:01:19'),
(1174, NULL, 26, NULL, '1', '2021-10-26 11:01:19', NULL, '2021-10-26 11:01:19'),
(1175, NULL, 27, NULL, '1', '2021-10-26 11:01:19', NULL, '2021-10-26 11:01:19'),
(1176, NULL, 28, NULL, '1', '2021-10-26 11:01:19', NULL, '2021-10-26 11:01:19'),
(1177, NULL, 29, NULL, '1', '2021-10-26 11:01:19', NULL, '2021-10-26 11:01:19'),
(1178, NULL, 30, NULL, '1', '2021-10-26 11:01:19', NULL, '2021-10-26 11:01:19'),
(1179, NULL, 31, NULL, '1', '2021-10-26 11:01:19', NULL, '2021-10-26 11:01:19'),
(1180, NULL, 32, NULL, '1', '2021-10-26 11:01:19', NULL, '2021-10-26 11:01:19'),
(1181, NULL, 33, NULL, '1', '2021-10-26 11:01:19', NULL, '2021-10-26 11:01:19'),
(1182, NULL, 34, NULL, '1', '2021-10-26 11:01:19', NULL, '2021-10-26 11:01:19'),
(1183, NULL, 35, NULL, '1', '2021-10-26 11:01:19', NULL, '2021-10-26 11:01:19'),
(1184, NULL, 36, NULL, '1', '2021-10-26 11:01:19', NULL, '2021-10-26 11:01:19'),
(1185, NULL, 37, NULL, '1', '2021-10-26 11:01:19', NULL, '2021-10-26 11:01:19'),
(1186, NULL, 38, NULL, '1', '2021-10-26 11:01:19', NULL, '2021-10-26 11:01:19'),
(1187, NULL, 39, NULL, '1', '2021-10-26 11:01:19', NULL, '2021-10-26 11:01:19'),
(1188, NULL, 40, NULL, '1', '2021-10-26 11:01:19', NULL, '2021-10-26 11:01:19'),
(1189, NULL, 41, NULL, '1', '2021-10-26 11:01:19', NULL, '2021-10-26 11:01:19'),
(1190, NULL, 42, NULL, '1', '2021-10-26 11:01:19', NULL, '2021-10-26 11:01:19'),
(1191, NULL, 43, NULL, '1', '2021-10-26 11:01:19', NULL, '2021-10-26 11:01:19'),
(1192, NULL, 44, NULL, '1', '2021-10-26 11:01:19', NULL, '2021-10-26 11:01:19'),
(1193, NULL, 45, NULL, '1', '2021-10-26 11:01:19', NULL, '2021-10-26 11:01:19'),
(1194, NULL, 46, NULL, '1', '2021-10-26 11:01:19', NULL, '2021-10-26 11:01:19'),
(1195, NULL, 47, NULL, '1', '2021-10-26 11:01:19', NULL, '2021-10-26 11:01:19'),
(1196, NULL, 48, NULL, '1', '2021-10-26 11:01:19', NULL, '2021-10-26 11:01:19'),
(1197, NULL, 49, NULL, '1', '2021-10-26 11:01:19', NULL, '2021-10-26 11:01:19'),
(1198, NULL, 50, NULL, '1', '2021-10-26 11:01:19', NULL, '2021-10-26 11:01:19'),
(1199, NULL, 51, NULL, '1', '2021-10-26 11:01:19', NULL, '2021-10-26 11:01:19'),
(1200, NULL, 52, NULL, '1', '2021-10-26 11:01:19', NULL, '2021-10-26 11:01:19'),
(1201, NULL, 53, NULL, '1', '2021-10-26 11:01:19', NULL, '2021-10-26 11:01:19'),
(1202, NULL, 54, NULL, '1', '2021-10-26 11:01:19', NULL, '2021-10-26 11:01:19'),
(1203, NULL, 55, NULL, '1', '2021-10-26 11:01:19', NULL, '2021-10-26 11:01:19'),
(1204, NULL, 56, NULL, '1', '2021-10-26 11:01:19', NULL, '2021-10-26 11:01:19'),
(1205, NULL, 57, NULL, '1', '2021-10-26 11:01:19', NULL, '2021-10-26 11:01:19'),
(1206, NULL, 58, NULL, '1', '2021-10-26 11:01:19', NULL, '2021-10-26 11:01:19'),
(1207, NULL, 59, NULL, '1', '2021-10-26 11:01:19', NULL, '2021-10-26 11:01:19'),
(1208, NULL, 60, NULL, '1', '2021-10-26 11:01:19', NULL, '2021-10-26 11:01:19'),
(1209, NULL, 61, NULL, '1', '2021-10-26 11:01:19', NULL, '2021-10-26 11:01:19'),
(1210, NULL, 62, NULL, '1', '2021-10-26 11:01:19', NULL, '2021-10-26 11:01:19'),
(1211, NULL, 63, NULL, '1', '2021-10-26 11:01:19', NULL, '2021-10-26 11:01:19'),
(1212, NULL, 64, NULL, '1', '2021-10-26 11:01:19', NULL, '2021-10-26 11:01:19'),
(1213, NULL, 65, NULL, '1', '2021-10-26 11:01:19', NULL, '2021-10-26 11:01:19'),
(1214, NULL, 66, NULL, '1', '2021-10-26 11:01:19', NULL, '2021-10-26 11:01:19'),
(1215, NULL, 67, NULL, '1', '2021-10-26 11:01:19', NULL, '2021-10-26 11:01:19'),
(1216, NULL, 68, NULL, '1', '2021-10-26 11:01:19', NULL, '2021-10-26 11:01:19'),
(1217, NULL, 69, NULL, '1', '2021-10-26 11:01:19', NULL, '2021-10-26 11:01:19'),
(1218, NULL, 70, NULL, '1', '2021-10-26 11:01:19', NULL, '2021-10-26 11:01:19'),
(1219, NULL, 71, NULL, '1', '2021-10-26 11:01:19', NULL, '2021-10-26 11:01:19'),
(1220, NULL, 72, NULL, '1', '2021-10-26 11:01:19', NULL, '2021-10-26 11:01:19'),
(1221, NULL, 73, NULL, '1', '2021-10-26 11:01:19', NULL, '2021-10-26 11:01:19'),
(1222, NULL, 74, NULL, '1', '2021-10-26 11:01:19', NULL, '2021-10-26 11:01:19'),
(1223, NULL, 75, NULL, '1', '2021-10-26 11:01:19', NULL, '2021-10-26 11:01:19'),
(1224, NULL, 76, NULL, '1', '2021-10-26 11:01:19', NULL, '2021-10-26 11:01:19'),
(1225, NULL, 77, NULL, '1', '2021-10-26 11:01:19', NULL, '2021-10-26 11:01:19'),
(1226, NULL, 78, NULL, '1', '2021-10-26 11:01:19', NULL, '2021-10-26 11:01:19'),
(1227, NULL, 79, NULL, '1', '2021-10-26 11:01:19', NULL, '2021-10-26 11:01:19'),
(1228, NULL, 80, NULL, '1', '2021-10-26 11:01:19', NULL, '2021-10-26 11:01:19'),
(1229, NULL, 81, NULL, '1', '2021-10-26 11:01:19', NULL, '2021-10-26 11:01:19'),
(1230, NULL, 82, NULL, '1', '2021-10-26 11:01:19', NULL, '2021-10-26 11:01:19'),
(1231, NULL, 83, NULL, '1', '2021-10-26 11:01:19', NULL, '2021-10-26 11:01:19'),
(1232, NULL, 84, NULL, '1', '2021-10-26 11:01:19', NULL, '2021-10-26 11:01:19'),
(1233, NULL, 85, NULL, '1', '2021-10-26 11:01:19', NULL, '2021-10-26 11:01:19'),
(1234, NULL, 86, NULL, '1', '2021-10-26 11:01:19', NULL, '2021-10-26 11:01:19'),
(1235, NULL, 87, NULL, '1', '2021-10-26 11:01:19', NULL, '2021-10-26 11:01:19'),
(1236, NULL, 88, NULL, '1', '2021-10-26 11:01:19', NULL, '2021-10-26 11:01:19'),
(1237, NULL, 89, NULL, '1', '2021-10-26 11:01:19', NULL, '2021-10-26 11:01:19'),
(1238, NULL, 90, NULL, '1', '2021-10-26 11:01:19', NULL, '2021-10-26 11:01:19'),
(1239, NULL, 91, NULL, '1', '2021-10-26 11:01:19', NULL, '2021-10-26 11:01:19'),
(1240, NULL, 92, NULL, '1', '2021-10-26 11:01:19', NULL, '2021-10-26 11:01:19'),
(1241, NULL, 93, NULL, '1', '2021-10-26 11:01:19', NULL, '2021-10-26 11:01:19'),
(1242, NULL, 94, NULL, '1', '2021-10-26 11:01:19', NULL, '2021-10-26 11:01:19'),
(1243, NULL, 95, NULL, '1', '2021-10-26 11:01:19', NULL, '2021-10-26 11:01:19'),
(1244, NULL, 96, NULL, '1', '2021-10-26 11:01:19', NULL, '2021-10-26 11:01:19'),
(1245, NULL, 97, NULL, '1', '2021-10-26 11:01:19', NULL, '2021-10-26 11:01:19'),
(1246, NULL, 98, NULL, '1', '2021-10-26 11:01:19', NULL, '2021-10-26 11:01:19'),
(1247, NULL, 99, NULL, '1', '2021-10-26 11:01:19', NULL, '2021-10-26 11:01:19'),
(1248, NULL, 100, NULL, '1', '2021-10-26 11:01:19', NULL, '2021-10-26 11:01:19'),
(1249, NULL, 101, NULL, '1', '2021-10-26 11:01:19', NULL, '2021-10-26 11:01:19'),
(1250, NULL, 102, NULL, '1', '2021-10-26 11:01:19', NULL, '2021-10-26 11:01:19'),
(1251, NULL, 103, NULL, '1', '2021-10-26 11:01:19', NULL, '2021-10-26 11:01:19'),
(1252, NULL, 104, NULL, '1', '2021-10-26 11:01:19', NULL, '2021-10-26 11:01:19'),
(1253, NULL, 105, NULL, '1', '2021-10-26 11:01:19', NULL, '2021-10-26 11:01:19'),
(1254, NULL, 106, NULL, '1', '2021-10-26 11:01:19', NULL, '2021-10-26 11:01:19'),
(1255, NULL, 107, NULL, '1', '2021-10-26 11:01:19', NULL, '2021-10-26 11:01:19'),
(1256, NULL, 108, NULL, '1', '2021-10-26 11:01:19', NULL, '2021-10-26 11:01:19'),
(1257, NULL, 109, NULL, '1', '2021-10-26 11:01:19', NULL, '2021-10-26 11:01:19'),
(1258, NULL, 110, NULL, '1', '2021-10-26 11:01:19', NULL, '2021-10-26 11:01:19'),
(1259, NULL, 111, NULL, '1', '2021-10-26 11:01:19', NULL, '2021-10-26 11:01:19'),
(1260, NULL, 112, NULL, '1', '2021-10-26 11:01:19', NULL, '2021-10-26 11:01:19'),
(1261, NULL, 113, NULL, '1', '2021-10-26 11:01:19', NULL, '2021-10-26 11:01:19'),
(1262, NULL, 114, NULL, '1', '2021-10-26 11:01:19', NULL, '2021-10-26 11:01:19'),
(1263, NULL, 115, NULL, '1', '2021-10-26 11:01:19', NULL, '2021-10-26 11:01:19'),
(1264, NULL, 116, NULL, '1', '2021-10-26 11:01:19', NULL, '2021-10-26 11:01:19'),
(1265, NULL, 119, NULL, '1', '2021-10-26 11:01:19', NULL, '2021-10-26 11:01:19'),
(1266, NULL, 120, NULL, '1', '2021-10-26 11:01:19', NULL, '2021-10-26 11:01:19'),
(1267, NULL, 121, NULL, '1', '2021-10-26 11:01:19', NULL, '2021-10-26 11:01:19'),
(1268, NULL, 122, NULL, '1', '2021-10-26 11:01:19', NULL, '2021-10-26 11:01:19'),
(1269, NULL, 2, 15, '1', '2021-10-26 11:38:39', NULL, '2021-10-26 11:38:39'),
(1270, NULL, 1, 15, '1', '2021-10-26 11:38:39', NULL, '2021-10-26 11:38:39'),
(1271, NULL, 4, 15, '1', '2021-10-26 11:38:39', NULL, '2021-10-26 11:38:39'),
(1272, NULL, 3, 15, '1', '2021-10-26 11:38:39', NULL, '2021-10-26 11:38:39'),
(1273, NULL, 5, 15, '1', '2021-10-26 11:38:39', NULL, '2021-10-26 11:38:39'),
(1274, NULL, 7, 15, '1', '2021-10-26 11:38:39', NULL, '2021-10-26 11:38:39'),
(1275, NULL, 9, 15, '1', '2021-10-26 11:38:39', NULL, '2021-10-26 11:38:39'),
(1276, NULL, 10, 15, '1', '2021-10-26 11:38:39', NULL, '2021-10-26 11:38:39'),
(1277, NULL, 11, 15, '1', '2021-10-26 11:38:39', NULL, '2021-10-26 11:38:39'),
(1278, NULL, 12, 15, '1', '2021-10-26 11:38:39', NULL, '2021-10-26 11:38:39'),
(1279, NULL, 13, 15, '1', '2021-10-26 11:38:39', NULL, '2021-10-26 11:38:39'),
(1280, NULL, 14, 15, '1', '2021-10-26 11:38:39', NULL, '2021-10-26 11:38:39'),
(1281, NULL, 15, 15, '1', '2021-10-26 11:38:39', NULL, '2021-10-26 11:38:39'),
(1282, NULL, 16, 15, '1', '2021-10-26 11:38:39', NULL, '2021-10-26 11:38:39'),
(1283, NULL, 17, 15, '1', '2021-10-26 11:38:39', NULL, '2021-10-26 11:38:39'),
(1284, NULL, 18, 15, '1', '2021-10-26 11:38:39', NULL, '2021-10-26 11:38:39'),
(1285, NULL, 19, 15, '1', '2021-10-26 11:38:39', NULL, '2021-10-26 11:38:39'),
(1286, NULL, 21, 15, '1', '2021-10-26 11:38:39', NULL, '2021-10-26 11:38:39'),
(1287, NULL, 20, 15, '1', '2021-10-26 11:38:39', NULL, '2021-10-26 11:38:39'),
(1288, NULL, 22, 15, '1', '2021-10-26 11:38:39', NULL, '2021-10-26 11:38:39'),
(1289, NULL, 23, 15, '1', '2021-10-26 11:38:39', NULL, '2021-10-26 11:38:39'),
(1290, NULL, 24, 15, '1', '2021-10-26 11:38:39', NULL, '2021-10-26 11:38:39'),
(1291, NULL, 25, 15, '1', '2021-10-26 11:38:39', NULL, '2021-10-26 11:38:39'),
(1292, NULL, 26, 15, '1', '2021-10-26 11:38:39', NULL, '2021-10-26 11:38:39'),
(1293, NULL, 27, 15, '1', '2021-10-26 11:38:39', NULL, '2021-10-26 11:38:39'),
(1294, NULL, 28, 15, '1', '2021-10-26 11:38:39', NULL, '2021-10-26 11:38:39'),
(1295, NULL, 29, 15, '1', '2021-10-26 11:38:39', NULL, '2021-10-26 11:38:39'),
(1296, NULL, 30, 15, '1', '2021-10-26 11:38:39', NULL, '2021-10-26 11:38:39'),
(1297, NULL, 31, 15, '1', '2021-10-26 11:38:39', NULL, '2021-10-26 11:38:39'),
(1298, NULL, 32, 15, '1', '2021-10-26 11:38:39', NULL, '2021-10-26 11:38:39'),
(1299, NULL, 33, 15, '1', '2021-10-26 11:38:39', NULL, '2021-10-26 11:38:39'),
(1300, NULL, 34, 15, '1', '2021-10-26 11:38:39', NULL, '2021-10-26 11:38:39'),
(1301, NULL, 35, 15, '1', '2021-10-26 11:38:39', NULL, '2021-10-26 11:38:39'),
(1302, NULL, 36, 15, '1', '2021-10-26 11:38:39', NULL, '2021-10-26 11:38:39'),
(1303, NULL, 37, 15, '1', '2021-10-26 11:38:39', NULL, '2021-10-26 11:38:39'),
(1304, NULL, 38, 15, '1', '2021-10-26 11:38:39', NULL, '2021-10-26 11:38:39'),
(1305, NULL, 39, 15, '1', '2021-10-26 11:38:39', NULL, '2021-10-26 11:38:39'),
(1306, NULL, 40, 15, '1', '2021-10-26 11:38:39', NULL, '2021-10-26 11:38:39'),
(1307, NULL, 41, 15, '1', '2021-10-26 11:38:39', NULL, '2021-10-26 11:38:39'),
(1308, NULL, 42, 15, '1', '2021-10-26 11:38:39', NULL, '2021-10-26 11:38:39'),
(1309, NULL, 43, 15, '1', '2021-10-26 11:38:39', NULL, '2021-10-26 11:38:39'),
(1310, NULL, 44, 15, '1', '2021-10-26 11:38:39', NULL, '2021-10-26 11:38:39'),
(1311, NULL, 45, 15, '1', '2021-10-26 11:38:39', NULL, '2021-10-26 11:38:39'),
(1312, NULL, 46, 15, '1', '2021-10-26 11:38:39', NULL, '2021-10-26 11:38:39'),
(1313, NULL, 47, 15, '1', '2021-10-26 11:38:39', NULL, '2021-10-26 11:38:39'),
(1314, NULL, 48, 15, '1', '2021-10-26 11:38:39', NULL, '2021-10-26 11:38:39'),
(1315, NULL, 49, 15, '1', '2021-10-26 11:38:39', NULL, '2021-10-26 11:38:39'),
(1316, NULL, 50, 15, '1', '2021-10-26 11:38:39', NULL, '2021-10-26 11:38:39'),
(1317, NULL, 51, 15, '1', '2021-10-26 11:38:39', NULL, '2021-10-26 11:38:39'),
(1318, NULL, 52, 15, '1', '2021-10-26 11:38:39', NULL, '2021-10-26 11:38:39'),
(1319, NULL, 53, 15, '1', '2021-10-26 11:38:39', NULL, '2021-10-26 11:38:39'),
(1320, NULL, 54, 15, '1', '2021-10-26 11:38:39', NULL, '2021-10-26 11:38:39'),
(1321, NULL, 55, 15, '1', '2021-10-26 11:38:39', NULL, '2021-10-26 11:38:39'),
(1322, NULL, 56, 15, '1', '2021-10-26 11:38:39', NULL, '2021-10-26 11:38:39'),
(1323, NULL, 57, 15, '1', '2021-10-26 11:38:39', NULL, '2021-10-26 11:38:39'),
(1324, NULL, 58, 15, '1', '2021-10-26 11:38:39', NULL, '2021-10-26 11:38:39'),
(1325, NULL, 59, 15, '1', '2021-10-26 11:38:39', NULL, '2021-10-26 11:38:39'),
(1326, NULL, 60, 15, '1', '2021-10-26 11:38:39', NULL, '2021-10-26 11:38:39'),
(1327, NULL, 61, 15, '1', '2021-10-26 11:38:39', NULL, '2021-10-26 11:38:39'),
(1328, NULL, 62, 15, '1', '2021-10-26 11:38:39', NULL, '2021-10-26 11:38:39'),
(1329, NULL, 63, 15, '1', '2021-10-26 11:38:39', NULL, '2021-10-26 11:38:39'),
(1330, NULL, 64, 15, '1', '2021-10-26 11:38:39', NULL, '2021-10-26 11:38:39'),
(1331, NULL, 65, 15, '1', '2021-10-26 11:38:39', NULL, '2021-10-26 11:38:39'),
(1332, NULL, 66, 15, '1', '2021-10-26 11:38:39', NULL, '2021-10-26 11:38:39'),
(1333, NULL, 67, 15, '1', '2021-10-26 11:38:39', NULL, '2021-10-26 11:38:39'),
(1334, NULL, 68, 15, '1', '2021-10-26 11:38:39', NULL, '2021-10-26 11:38:39'),
(1335, NULL, 69, 15, '1', '2021-10-26 11:38:39', NULL, '2021-10-26 11:38:39'),
(1336, NULL, 71, 15, '1', '2021-10-26 11:38:39', NULL, '2021-10-26 11:38:39'),
(1337, NULL, 73, 15, '1', '2021-10-26 11:38:39', NULL, '2021-10-26 11:38:39'),
(1338, NULL, 72, 15, '1', '2021-10-26 11:38:39', NULL, '2021-10-26 11:38:39'),
(1339, NULL, 70, 15, '1', '2021-10-26 11:38:39', NULL, '2021-10-26 11:38:39'),
(1340, NULL, 74, 15, '1', '2021-10-26 11:38:39', NULL, '2021-10-26 11:38:39'),
(1341, NULL, 75, 15, '1', '2021-10-26 11:38:39', NULL, '2021-10-26 11:38:39'),
(1342, NULL, 76, 15, '1', '2021-10-26 11:38:39', NULL, '2021-10-26 11:38:39'),
(1343, NULL, 77, 15, '1', '2021-10-26 11:38:39', NULL, '2021-10-26 11:38:39'),
(1344, NULL, 78, 15, '1', '2021-10-26 11:38:39', NULL, '2021-10-26 11:38:39'),
(1345, NULL, 79, 15, '1', '2021-10-26 11:38:39', NULL, '2021-10-26 11:38:39'),
(1346, NULL, 80, 15, '1', '2021-10-26 11:38:39', NULL, '2021-10-26 11:38:39'),
(1347, NULL, 81, 15, '1', '2021-10-26 11:38:39', NULL, '2021-10-26 11:38:39'),
(1348, NULL, 82, 15, '1', '2021-10-26 11:38:39', NULL, '2021-10-26 11:38:39'),
(1349, NULL, 83, 15, '1', '2021-10-26 11:38:39', NULL, '2021-10-26 11:38:39'),
(1350, NULL, 84, 15, '1', '2021-10-26 11:38:39', NULL, '2021-10-26 11:38:39'),
(1351, NULL, 85, 15, '1', '2021-10-26 11:38:39', NULL, '2021-10-26 11:38:39'),
(1352, NULL, 86, 15, '1', '2021-10-26 11:38:39', NULL, '2021-10-26 11:38:39'),
(1353, NULL, 87, 15, '1', '2021-10-26 11:38:39', NULL, '2021-10-26 11:38:39'),
(1354, NULL, 88, 15, '1', '2021-10-26 11:38:39', NULL, '2021-10-26 11:38:39'),
(1355, NULL, 89, 15, '1', '2021-10-26 11:38:39', NULL, '2021-10-26 11:38:39'),
(1356, NULL, 90, 15, '1', '2021-10-26 11:38:39', NULL, '2021-10-26 11:38:39'),
(1357, NULL, 91, 15, '1', '2021-10-26 11:38:39', NULL, '2021-10-26 11:38:39'),
(1358, NULL, 92, 15, '1', '2021-10-26 11:38:39', NULL, '2021-10-26 11:38:39'),
(1359, NULL, 93, 15, '1', '2021-10-26 11:38:39', NULL, '2021-10-26 11:38:39'),
(1360, NULL, 94, 15, '1', '2021-10-26 11:38:39', NULL, '2021-10-26 11:38:39'),
(1361, NULL, 95, 15, '1', '2021-10-26 11:38:39', NULL, '2021-10-26 11:38:39'),
(1362, NULL, 96, 15, '1', '2021-10-26 11:38:39', NULL, '2021-10-26 11:38:39'),
(1363, NULL, 97, 15, '1', '2021-10-26 11:38:39', NULL, '2021-10-26 11:38:39'),
(1364, NULL, 98, 15, '1', '2021-10-26 11:38:39', NULL, '2021-10-26 11:38:39'),
(1365, NULL, 99, 15, '1', '2021-10-26 11:38:39', NULL, '2021-10-26 11:38:39'),
(1366, NULL, 100, 15, '1', '2021-10-26 11:38:39', NULL, '2021-10-26 11:38:39'),
(1367, NULL, 101, 15, '1', '2021-10-26 11:38:39', NULL, '2021-10-26 11:38:39'),
(1368, NULL, 102, 15, '1', '2021-10-26 11:38:39', NULL, '2021-10-26 11:38:39'),
(1369, NULL, 103, 15, '1', '2021-10-26 11:38:39', NULL, '2021-10-26 11:38:39'),
(1370, NULL, 105, 15, '1', '2021-10-26 11:38:39', NULL, '2021-10-26 11:38:39'),
(1371, NULL, 106, 15, '1', '2021-10-26 11:38:39', NULL, '2021-10-26 11:38:39'),
(1372, NULL, 107, 15, '1', '2021-10-26 11:38:39', NULL, '2021-10-26 11:38:39'),
(1373, NULL, 104, 15, '1', '2021-10-26 11:38:39', NULL, '2021-10-26 11:38:39'),
(1374, NULL, 108, 15, '1', '2021-10-26 11:38:39', NULL, '2021-10-26 11:38:39'),
(1375, NULL, 109, 15, '1', '2021-10-26 11:38:39', NULL, '2021-10-26 11:38:39'),
(1376, NULL, 110, 15, '1', '2021-10-26 11:38:39', NULL, '2021-10-26 11:38:39'),
(1377, NULL, 115, 15, '1', '2021-10-26 11:38:39', NULL, '2021-10-26 11:38:39'),
(1378, NULL, 116, 15, '1', '2021-10-26 11:38:39', NULL, '2021-10-26 11:38:39'),
(1379, NULL, 117, 15, '1', '2021-10-26 11:38:39', NULL, '2021-10-26 11:38:39'),
(1380, NULL, 119, 15, '1', '2021-10-26 11:38:39', NULL, '2021-10-26 11:38:39'),
(1381, NULL, 120, 15, '1', '2021-10-26 11:38:39', NULL, '2021-10-26 11:38:39'),
(1382, NULL, 121, 15, '1', '2021-10-26 11:38:39', NULL, '2021-10-26 11:38:39'),
(1383, NULL, 122, 15, '1', '2021-10-26 11:38:39', NULL, '2021-10-26 11:38:39'),
(3123, NULL, 1, 17, '1', '2021-12-01 10:41:22', NULL, '2021-12-01 10:41:22'),
(3124, NULL, 2, 17, '1', '2021-12-01 10:41:22', NULL, '2021-12-01 10:41:22'),
(3125, NULL, 3, 17, '1', '2021-12-01 10:41:22', NULL, '2021-12-01 10:41:22'),
(3126, NULL, 5, 17, '1', '2021-12-01 10:41:22', NULL, '2021-12-01 10:41:22'),
(3127, NULL, 4, 17, '1', '2021-12-01 10:41:22', NULL, '2021-12-01 10:41:22'),
(3128, NULL, 7, 17, '1', '2021-12-01 10:41:22', NULL, '2021-12-01 10:41:22'),
(3129, NULL, 9, 17, '1', '2021-12-01 10:41:22', NULL, '2021-12-01 10:41:22'),
(3130, NULL, 10, 17, '1', '2021-12-01 10:41:22', NULL, '2021-12-01 10:41:22'),
(3131, NULL, 11, 17, '1', '2021-12-01 10:41:22', NULL, '2021-12-01 10:41:22'),
(3132, NULL, 12, 17, '1', '2021-12-01 10:41:22', NULL, '2021-12-01 10:41:22'),
(3133, NULL, 13, 17, '1', '2021-12-01 10:41:22', NULL, '2021-12-01 10:41:22'),
(3134, NULL, 14, 17, '1', '2021-12-01 10:41:22', NULL, '2021-12-01 10:41:22'),
(3135, NULL, 15, 17, '1', '2021-12-01 10:41:22', NULL, '2021-12-01 10:41:22'),
(3136, NULL, 16, 17, '1', '2021-12-01 10:41:22', NULL, '2021-12-01 10:41:22'),
(3137, NULL, 17, 17, '1', '2021-12-01 10:41:22', NULL, '2021-12-01 10:41:22'),
(3138, NULL, 18, 17, '1', '2021-12-01 10:41:22', NULL, '2021-12-01 10:41:22'),
(3139, NULL, 19, 17, '1', '2021-12-01 10:41:22', NULL, '2021-12-01 10:41:22'),
(3140, NULL, 20, 17, '1', '2021-12-01 10:41:22', NULL, '2021-12-01 10:41:22'),
(3141, NULL, 21, 17, '1', '2021-12-01 10:41:22', NULL, '2021-12-01 10:41:22'),
(3142, NULL, 22, 17, '1', '2021-12-01 10:41:22', NULL, '2021-12-01 10:41:22'),
(3143, NULL, 23, 17, '1', '2021-12-01 10:41:22', NULL, '2021-12-01 10:41:22'),
(3144, NULL, 24, 17, '1', '2021-12-01 10:41:22', NULL, '2021-12-01 10:41:22'),
(3145, NULL, 25, 17, '1', '2021-12-01 10:41:22', NULL, '2021-12-01 10:41:22'),
(3146, NULL, 26, 17, '1', '2021-12-01 10:41:22', NULL, '2021-12-01 10:41:22'),
(3147, NULL, 27, 17, '1', '2021-12-01 10:41:22', NULL, '2021-12-01 10:41:22'),
(3148, NULL, 28, 17, '1', '2021-12-01 10:41:22', NULL, '2021-12-01 10:41:22'),
(3149, NULL, 29, 17, '1', '2021-12-01 10:41:22', NULL, '2021-12-01 10:41:22'),
(3150, NULL, 30, 17, '1', '2021-12-01 10:41:22', NULL, '2021-12-01 10:41:22'),
(3151, NULL, 31, 17, '1', '2021-12-01 10:41:22', NULL, '2021-12-01 10:41:22'),
(3152, NULL, 32, 17, '1', '2021-12-01 10:41:22', NULL, '2021-12-01 10:41:22'),
(3153, NULL, 33, 17, '1', '2021-12-01 10:41:22', NULL, '2021-12-01 10:41:22'),
(3154, NULL, 34, 17, '1', '2021-12-01 10:41:22', NULL, '2021-12-01 10:41:22'),
(3155, NULL, 35, 17, '1', '2021-12-01 10:41:22', NULL, '2021-12-01 10:41:22'),
(3156, NULL, 36, 17, '1', '2021-12-01 10:41:22', NULL, '2021-12-01 10:41:22'),
(3157, NULL, 37, 17, '1', '2021-12-01 10:41:22', NULL, '2021-12-01 10:41:22'),
(3158, NULL, 38, 17, '1', '2021-12-01 10:41:22', NULL, '2021-12-01 10:41:22'),
(3159, NULL, 39, 17, '1', '2021-12-01 10:41:22', NULL, '2021-12-01 10:41:22'),
(3160, NULL, 40, 17, '1', '2021-12-01 10:41:22', NULL, '2021-12-01 10:41:22'),
(3161, NULL, 41, 17, '1', '2021-12-01 10:41:22', NULL, '2021-12-01 10:41:22'),
(3162, NULL, 42, 17, '1', '2021-12-01 10:41:22', NULL, '2021-12-01 10:41:22'),
(3163, NULL, 43, 17, '1', '2021-12-01 10:41:22', NULL, '2021-12-01 10:41:22'),
(3164, NULL, 44, 17, '1', '2021-12-01 10:41:22', NULL, '2021-12-01 10:41:22'),
(3165, NULL, 45, 17, '1', '2021-12-01 10:41:22', NULL, '2021-12-01 10:41:22'),
(3166, NULL, 46, 17, '1', '2021-12-01 10:41:22', NULL, '2021-12-01 10:41:22'),
(3167, NULL, 47, 17, '1', '2021-12-01 10:41:22', NULL, '2021-12-01 10:41:22'),
(3168, NULL, 48, 17, '1', '2021-12-01 10:41:22', NULL, '2021-12-01 10:41:22'),
(3169, NULL, 49, 17, '1', '2021-12-01 10:41:22', NULL, '2021-12-01 10:41:22'),
(3170, NULL, 50, 17, '1', '2021-12-01 10:41:22', NULL, '2021-12-01 10:41:22'),
(3171, NULL, 52, 17, '1', '2021-12-01 10:41:22', NULL, '2021-12-01 10:41:22'),
(3172, NULL, 53, 17, '1', '2021-12-01 10:41:22', NULL, '2021-12-01 10:41:22'),
(3173, NULL, 51, 17, '1', '2021-12-01 10:41:22', NULL, '2021-12-01 10:41:22'),
(3174, NULL, 54, 17, '1', '2021-12-01 10:41:22', NULL, '2021-12-01 10:41:22'),
(3175, NULL, 55, 17, '1', '2021-12-01 10:41:22', NULL, '2021-12-01 10:41:22'),
(3176, NULL, 56, 17, '1', '2021-12-01 10:41:22', NULL, '2021-12-01 10:41:22'),
(3177, NULL, 57, 17, '1', '2021-12-01 10:41:22', NULL, '2021-12-01 10:41:22'),
(3178, NULL, 58, 17, '1', '2021-12-01 10:41:22', NULL, '2021-12-01 10:41:22'),
(3179, NULL, 59, 17, '1', '2021-12-01 10:41:22', NULL, '2021-12-01 10:41:22'),
(3180, NULL, 60, 17, '1', '2021-12-01 10:41:22', NULL, '2021-12-01 10:41:22'),
(3181, NULL, 61, 17, '1', '2021-12-01 10:41:22', NULL, '2021-12-01 10:41:22'),
(3182, NULL, 62, 17, '1', '2021-12-01 10:41:22', NULL, '2021-12-01 10:41:22'),
(3183, NULL, 63, 17, '1', '2021-12-01 10:41:22', NULL, '2021-12-01 10:41:22'),
(3184, NULL, 64, 17, '1', '2021-12-01 10:41:22', NULL, '2021-12-01 10:41:22'),
(3185, NULL, 65, 17, '1', '2021-12-01 10:41:22', NULL, '2021-12-01 10:41:22'),
(3186, NULL, 66, 17, '1', '2021-12-01 10:41:22', NULL, '2021-12-01 10:41:22'),
(3187, NULL, 67, 17, '1', '2021-12-01 10:41:22', NULL, '2021-12-01 10:41:22'),
(3188, NULL, 68, 17, '1', '2021-12-01 10:41:22', NULL, '2021-12-01 10:41:22'),
(3189, NULL, 69, 17, '1', '2021-12-01 10:41:22', NULL, '2021-12-01 10:41:22'),
(3190, NULL, 70, 17, '1', '2021-12-01 10:41:22', NULL, '2021-12-01 10:41:22'),
(3191, NULL, 71, 17, '1', '2021-12-01 10:41:22', NULL, '2021-12-01 10:41:22'),
(3192, NULL, 72, 17, '1', '2021-12-01 10:41:22', NULL, '2021-12-01 10:41:22'),
(3193, NULL, 73, 17, '1', '2021-12-01 10:41:22', NULL, '2021-12-01 10:41:22'),
(3194, NULL, 74, 17, '1', '2021-12-01 10:41:22', NULL, '2021-12-01 10:41:22'),
(3195, NULL, 75, 17, '1', '2021-12-01 10:41:22', NULL, '2021-12-01 10:41:22'),
(3196, NULL, 76, 17, '1', '2021-12-01 10:41:22', NULL, '2021-12-01 10:41:22'),
(3197, NULL, 77, 17, '1', '2021-12-01 10:41:22', NULL, '2021-12-01 10:41:22'),
(3198, NULL, 78, 17, '1', '2021-12-01 10:41:22', NULL, '2021-12-01 10:41:22'),
(3199, NULL, 79, 17, '1', '2021-12-01 10:41:22', NULL, '2021-12-01 10:41:22'),
(3200, NULL, 80, 17, '1', '2021-12-01 10:41:22', NULL, '2021-12-01 10:41:22'),
(3201, NULL, 81, 17, '1', '2021-12-01 10:41:22', NULL, '2021-12-01 10:41:22'),
(3202, NULL, 82, 17, '1', '2021-12-01 10:41:22', NULL, '2021-12-01 10:41:22'),
(3203, NULL, 83, 17, '1', '2021-12-01 10:41:22', NULL, '2021-12-01 10:41:22'),
(3204, NULL, 84, 17, '1', '2021-12-01 10:41:22', NULL, '2021-12-01 10:41:22'),
(3205, NULL, 85, 17, '1', '2021-12-01 10:41:22', NULL, '2021-12-01 10:41:22'),
(3206, NULL, 86, 17, '1', '2021-12-01 10:41:22', NULL, '2021-12-01 10:41:22'),
(3207, NULL, 87, 17, '1', '2021-12-01 10:41:22', NULL, '2021-12-01 10:41:22'),
(3208, NULL, 88, 17, '1', '2021-12-01 10:41:22', NULL, '2021-12-01 10:41:22'),
(3209, NULL, 89, 17, '1', '2021-12-01 10:41:22', NULL, '2021-12-01 10:41:22'),
(3210, NULL, 90, 17, '1', '2021-12-01 10:41:22', NULL, '2021-12-01 10:41:22'),
(3211, NULL, 91, 17, '1', '2021-12-01 10:41:22', NULL, '2021-12-01 10:41:22'),
(3212, NULL, 92, 17, '1', '2021-12-01 10:41:22', NULL, '2021-12-01 10:41:22'),
(3213, NULL, 93, 17, '1', '2021-12-01 10:41:22', NULL, '2021-12-01 10:41:22'),
(3214, NULL, 94, 17, '1', '2021-12-01 10:41:22', NULL, '2021-12-01 10:41:22'),
(3215, NULL, 95, 17, '1', '2021-12-01 10:41:22', NULL, '2021-12-01 10:41:22'),
(3216, NULL, 96, 17, '1', '2021-12-01 10:41:22', NULL, '2021-12-01 10:41:22'),
(3217, NULL, 97, 17, '1', '2021-12-01 10:41:22', NULL, '2021-12-01 10:41:22'),
(3218, NULL, 98, 17, '1', '2021-12-01 10:41:22', NULL, '2021-12-01 10:41:22'),
(3219, NULL, 99, 17, '1', '2021-12-01 10:41:22', NULL, '2021-12-01 10:41:22'),
(3220, NULL, 100, 17, '1', '2021-12-01 10:41:22', NULL, '2021-12-01 10:41:22'),
(3221, NULL, 101, 17, '1', '2021-12-01 10:41:22', NULL, '2021-12-01 10:41:22'),
(3222, NULL, 102, 17, '1', '2021-12-01 10:41:22', NULL, '2021-12-01 10:41:22'),
(3223, NULL, 103, 17, '1', '2021-12-01 10:41:22', NULL, '2021-12-01 10:41:22'),
(3224, NULL, 104, 17, '1', '2021-12-01 10:41:22', NULL, '2021-12-01 10:41:22'),
(3225, NULL, 105, 17, '1', '2021-12-01 10:41:22', NULL, '2021-12-01 10:41:22'),
(3226, NULL, 106, 17, '1', '2021-12-01 10:41:22', NULL, '2021-12-01 10:41:22'),
(3227, NULL, 107, 17, '1', '2021-12-01 10:41:22', NULL, '2021-12-01 10:41:22'),
(3228, NULL, 108, 17, '1', '2021-12-01 10:41:22', NULL, '2021-12-01 10:41:22'),
(3229, NULL, 109, 17, '1', '2021-12-01 10:41:22', NULL, '2021-12-01 10:41:22'),
(3230, NULL, 110, 17, '1', '2021-12-01 10:41:22', NULL, '2021-12-01 10:41:22'),
(3231, NULL, 111, 17, '1', '2021-12-01 10:41:22', NULL, '2021-12-01 10:41:22'),
(3232, NULL, 112, 17, '1', '2021-12-01 10:41:22', NULL, '2021-12-01 10:41:22'),
(3233, NULL, 113, 17, '1', '2021-12-01 10:41:22', NULL, '2021-12-01 10:41:22'),
(3234, NULL, 114, 17, '1', '2021-12-01 10:41:22', NULL, '2021-12-01 10:41:22'),
(3235, NULL, 115, 17, '1', '2021-12-01 10:41:22', NULL, '2021-12-01 10:41:22'),
(3236, NULL, 117, 17, '1', '2021-12-01 10:41:22', NULL, '2021-12-01 10:41:22'),
(3237, NULL, 116, 17, '1', '2021-12-01 10:41:22', NULL, '2021-12-01 10:41:22'),
(3238, NULL, 118, 17, '1', '2021-12-01 10:41:22', NULL, '2021-12-01 10:41:22'),
(3239, NULL, 119, 17, '1', '2021-12-01 10:41:22', NULL, '2021-12-01 10:41:22'),
(3240, NULL, 120, 17, '1', '2021-12-01 10:41:22', NULL, '2021-12-01 10:41:22'),
(3241, NULL, 121, 17, '1', '2021-12-01 10:41:22', NULL, '2021-12-01 10:41:22'),
(3242, NULL, 122, 17, '1', '2021-12-01 10:41:22', NULL, '2021-12-01 10:41:22'),
(3243, NULL, 123, 17, '1', '2021-12-01 10:41:22', NULL, '2021-12-01 10:41:22'),
(3244, NULL, 124, 17, '1', '2021-12-01 10:41:22', NULL, '2021-12-01 10:41:22'),
(3245, NULL, 125, 17, '1', '2021-12-01 10:41:22', NULL, '2021-12-01 10:41:22'),
(3246, NULL, 126, 17, '1', '2021-12-01 10:41:22', NULL, '2021-12-01 10:41:22'),
(3247, NULL, 127, 17, '1', '2021-12-01 10:41:22', NULL, '2021-12-01 10:41:22'),
(3248, NULL, 128, 17, '1', '2021-12-01 10:41:22', NULL, '2021-12-01 10:41:22'),
(3249, NULL, 129, 17, '1', '2021-12-01 10:41:22', NULL, '2021-12-01 10:41:22'),
(3250, NULL, 130, 17, '1', '2021-12-01 10:41:22', NULL, '2021-12-01 10:41:22'),
(3251, NULL, 131, 17, '1', '2021-12-01 10:41:22', NULL, '2021-12-01 10:41:22'),
(3252, NULL, 132, 17, '1', '2021-12-01 10:41:22', NULL, '2021-12-01 10:41:22'),
(3253, NULL, 133, 17, '1', '2021-12-01 10:41:22', NULL, '2021-12-01 10:41:22'),
(3254, NULL, 134, 17, '1', '2021-12-01 10:41:22', NULL, '2021-12-01 10:41:22'),
(3255, NULL, 135, 17, '1', '2021-12-01 10:41:22', NULL, '2021-12-01 10:41:22'),
(3256, NULL, 136, 17, '1', '2021-12-01 10:41:22', NULL, '2021-12-01 10:41:22'),
(3257, NULL, 137, 17, '1', '2021-12-01 10:41:22', NULL, '2021-12-01 10:41:22'),
(3258, NULL, 138, 17, '1', '2021-12-01 10:41:22', NULL, '2021-12-01 10:41:22'),
(3259, NULL, 139, 17, '1', '2021-12-01 10:41:22', NULL, '2021-12-01 10:41:22'),
(3260, NULL, 140, 17, '1', '2021-12-01 10:41:22', NULL, '2021-12-01 10:41:22'),
(3261, NULL, 141, 17, '1', '2021-12-01 10:41:22', NULL, '2021-12-01 10:41:22'),
(3262, NULL, 142, 17, '1', '2021-12-01 10:41:22', NULL, '2021-12-01 10:41:22'),
(3263, NULL, 143, 17, '1', '2021-12-01 10:41:22', NULL, '2021-12-01 10:41:22'),
(3264, NULL, 144, 17, '1', '2021-12-01 10:41:22', NULL, '2021-12-01 10:41:22'),
(3265, NULL, 145, 17, '1', '2021-12-01 10:41:22', NULL, '2021-12-01 10:41:22'),
(3266, NULL, 146, 17, '1', '2021-12-01 10:41:22', NULL, '2021-12-01 10:41:22'),
(3267, NULL, 147, 17, '1', '2021-12-01 10:41:22', NULL, '2021-12-01 10:41:22'),
(3268, NULL, 148, 17, '1', '2021-12-01 10:41:22', NULL, '2021-12-01 10:41:22'),
(3269, NULL, 149, 17, '1', '2021-12-01 10:41:22', NULL, '2021-12-01 10:41:22'),
(3270, NULL, 150, 17, '1', '2021-12-01 10:41:22', NULL, '2021-12-01 10:41:22'),
(3271, NULL, 151, 17, '1', '2021-12-01 10:41:22', NULL, '2021-12-01 10:41:22'),
(3272, NULL, 152, 17, '1', '2021-12-01 10:41:22', NULL, '2021-12-01 10:41:22'),
(3273, NULL, 153, 17, '1', '2021-12-01 10:41:22', NULL, '2021-12-01 10:41:22'),
(3274, NULL, 154, 17, '1', '2021-12-01 10:41:22', NULL, '2021-12-01 10:41:22'),
(3275, NULL, 155, 17, '1', '2021-12-01 10:41:22', NULL, '2021-12-01 10:41:22'),
(3276, NULL, 156, 17, '1', '2021-12-01 10:41:22', NULL, '2021-12-01 10:41:22'),
(3277, NULL, 157, 17, '1', '2021-12-01 10:41:22', NULL, '2021-12-01 10:41:22'),
(3278, NULL, 158, 17, '1', '2021-12-01 10:41:22', NULL, '2021-12-01 10:41:22'),
(3279, NULL, 159, 17, '1', '2021-12-01 10:41:22', NULL, '2021-12-01 10:41:22'),
(3280, NULL, 160, 17, '1', '2021-12-01 10:41:22', NULL, '2021-12-01 10:41:22'),
(3281, NULL, 161, 17, '1', '2021-12-01 10:41:22', NULL, '2021-12-01 10:41:22'),
(3282, NULL, 162, 17, '1', '2021-12-01 10:41:22', NULL, '2021-12-01 10:41:22'),
(3283, NULL, 163, 17, '1', '2021-12-01 10:41:22', NULL, '2021-12-01 10:41:22'),
(3284, NULL, 164, 17, '1', '2021-12-01 10:41:22', NULL, '2021-12-01 10:41:22'),
(3285, NULL, 165, 17, '1', '2021-12-01 10:41:22', NULL, '2021-12-01 10:41:22'),
(3286, NULL, 166, 17, '1', '2021-12-01 10:41:22', NULL, '2021-12-01 10:41:22'),
(3287, NULL, 167, 17, '1', '2021-12-01 10:41:22', NULL, '2021-12-01 10:41:22'),
(3288, NULL, 168, 17, '1', '2021-12-01 10:41:22', NULL, '2021-12-01 10:41:22'),
(3289, NULL, 169, 17, '1', '2021-12-01 10:41:22', NULL, '2021-12-01 10:41:22'),
(3290, NULL, 170, 17, '1', '2021-12-01 10:41:22', NULL, '2021-12-01 10:41:22'),
(3291, NULL, 171, 17, '1', '2021-12-01 10:41:22', NULL, '2021-12-01 10:41:22'),
(3292, NULL, 172, 17, '1', '2021-12-01 10:41:22', NULL, '2021-12-01 10:41:22'),
(3293, NULL, 173, 17, '1', '2021-12-01 10:41:22', NULL, '2021-12-01 10:41:22'),
(3294, NULL, 174, 17, '1', '2021-12-01 10:41:22', NULL, '2021-12-01 10:41:22'),
(3295, NULL, 175, 17, '1', '2021-12-01 10:41:22', NULL, '2021-12-01 10:41:22'),
(3296, NULL, 176, 17, '1', '2021-12-01 10:41:22', NULL, '2021-12-01 10:41:22'),
(3297, NULL, 177, 17, '1', '2021-12-01 10:41:22', NULL, '2021-12-01 10:41:22'),
(3298, NULL, 178, 17, '1', '2021-12-01 10:41:22', NULL, '2021-12-01 10:41:22'),
(3299, NULL, 179, 17, '1', '2021-12-01 10:41:22', NULL, '2021-12-01 10:41:22'),
(3300, NULL, 180, 17, '1', '2021-12-01 10:41:22', NULL, '2021-12-01 10:41:22'),
(3301, NULL, 181, 17, '1', '2021-12-01 10:41:22', NULL, '2021-12-01 10:41:22'),
(3302, NULL, 182, 17, '1', '2021-12-01 10:41:22', NULL, '2021-12-01 10:41:22'),
(3303, NULL, 183, 17, '1', '2021-12-01 10:41:22', NULL, '2021-12-01 10:41:22'),
(3304, NULL, 185, 17, '1', '2021-12-01 10:41:22', NULL, '2021-12-01 10:41:22'),
(3305, NULL, 184, 17, '1', '2021-12-01 10:41:22', NULL, '2021-12-01 10:41:22'),
(3306, NULL, 186, 17, '1', '2021-12-01 10:41:22', NULL, '2021-12-01 10:41:22'),
(3677, NULL, 1, 19, '1', '2022-01-05 11:28:09', NULL, '2022-01-05 11:28:09'),
(3678, NULL, 2, 19, '1', '2022-01-05 11:28:09', NULL, '2022-01-05 11:28:09'),
(3679, NULL, 3, 19, '1', '2022-01-05 11:28:09', NULL, '2022-01-05 11:28:09'),
(3680, NULL, 4, 19, '1', '2022-01-05 11:28:09', NULL, '2022-01-05 11:28:09'),
(3681, NULL, 5, 19, '1', '2022-01-05 11:28:09', NULL, '2022-01-05 11:28:09'),
(3682, NULL, 7, 19, '1', '2022-01-05 11:28:09', NULL, '2022-01-05 11:28:09'),
(3683, NULL, 9, 19, '1', '2022-01-05 11:28:09', NULL, '2022-01-05 11:28:09'),
(3684, NULL, 10, 19, '1', '2022-01-05 11:28:09', NULL, '2022-01-05 11:28:09'),
(3685, NULL, 11, 19, '1', '2022-01-05 11:28:09', NULL, '2022-01-05 11:28:09'),
(3686, NULL, 12, 19, '1', '2022-01-05 11:28:09', NULL, '2022-01-05 11:28:09'),
(3687, NULL, 13, 19, '1', '2022-01-05 11:28:09', NULL, '2022-01-05 11:28:09'),
(3688, NULL, 14, 19, '1', '2022-01-05 11:28:09', NULL, '2022-01-05 11:28:09'),
(3689, NULL, 15, 19, '1', '2022-01-05 11:28:09', NULL, '2022-01-05 11:28:09'),
(3690, NULL, 16, 19, '1', '2022-01-05 11:28:09', NULL, '2022-01-05 11:28:09'),
(3691, NULL, 17, 19, '1', '2022-01-05 11:28:09', NULL, '2022-01-05 11:28:09'),
(3692, NULL, 18, 19, '1', '2022-01-05 11:28:09', NULL, '2022-01-05 11:28:09'),
(3693, NULL, 19, 19, '1', '2022-01-05 11:28:09', NULL, '2022-01-05 11:28:09'),
(3694, NULL, 20, 19, '1', '2022-01-05 11:28:09', NULL, '2022-01-05 11:28:09'),
(3695, NULL, 21, 19, '1', '2022-01-05 11:28:09', NULL, '2022-01-05 11:28:09'),
(3696, NULL, 22, 19, '1', '2022-01-05 11:28:09', NULL, '2022-01-05 11:28:09'),
(3697, NULL, 23, 19, '1', '2022-01-05 11:28:09', NULL, '2022-01-05 11:28:09'),
(3698, NULL, 24, 19, '1', '2022-01-05 11:28:09', NULL, '2022-01-05 11:28:09'),
(3699, NULL, 25, 19, '1', '2022-01-05 11:28:09', NULL, '2022-01-05 11:28:09'),
(3700, NULL, 26, 19, '1', '2022-01-05 11:28:09', NULL, '2022-01-05 11:28:09'),
(3701, NULL, 27, 19, '1', '2022-01-05 11:28:09', NULL, '2022-01-05 11:28:09'),
(3702, NULL, 28, 19, '1', '2022-01-05 11:28:09', NULL, '2022-01-05 11:28:09'),
(3703, NULL, 29, 19, '1', '2022-01-05 11:28:09', NULL, '2022-01-05 11:28:09'),
(3704, NULL, 30, 19, '1', '2022-01-05 11:28:09', NULL, '2022-01-05 11:28:09'),
(3705, NULL, 31, 19, '1', '2022-01-05 11:28:09', NULL, '2022-01-05 11:28:09'),
(3706, NULL, 32, 19, '1', '2022-01-05 11:28:09', NULL, '2022-01-05 11:28:09'),
(3707, NULL, 33, 19, '1', '2022-01-05 11:28:09', NULL, '2022-01-05 11:28:09'),
(3708, NULL, 34, 19, '1', '2022-01-05 11:28:09', NULL, '2022-01-05 11:28:09'),
(3709, NULL, 35, 19, '1', '2022-01-05 11:28:09', NULL, '2022-01-05 11:28:09'),
(3710, NULL, 36, 19, '1', '2022-01-05 11:28:09', NULL, '2022-01-05 11:28:09'),
(3711, NULL, 37, 19, '1', '2022-01-05 11:28:09', NULL, '2022-01-05 11:28:09'),
(3712, NULL, 38, 19, '1', '2022-01-05 11:28:09', NULL, '2022-01-05 11:28:09'),
(3713, NULL, 39, 19, '1', '2022-01-05 11:28:09', NULL, '2022-01-05 11:28:09'),
(3714, NULL, 40, 19, '1', '2022-01-05 11:28:09', NULL, '2022-01-05 11:28:09'),
(3715, NULL, 41, 19, '1', '2022-01-05 11:28:09', NULL, '2022-01-05 11:28:09'),
(3716, NULL, 42, 19, '1', '2022-01-05 11:28:09', NULL, '2022-01-05 11:28:09'),
(3717, NULL, 43, 19, '1', '2022-01-05 11:28:09', NULL, '2022-01-05 11:28:09'),
(3718, NULL, 44, 19, '1', '2022-01-05 11:28:09', NULL, '2022-01-05 11:28:09'),
(3719, NULL, 45, 19, '1', '2022-01-05 11:28:09', NULL, '2022-01-05 11:28:09'),
(3720, NULL, 46, 19, '1', '2022-01-05 11:28:09', NULL, '2022-01-05 11:28:09'),
(3721, NULL, 47, 19, '1', '2022-01-05 11:28:09', NULL, '2022-01-05 11:28:09'),
(3722, NULL, 48, 19, '1', '2022-01-05 11:28:09', NULL, '2022-01-05 11:28:09'),
(3723, NULL, 49, 19, '1', '2022-01-05 11:28:09', NULL, '2022-01-05 11:28:09'),
(3724, NULL, 50, 19, '1', '2022-01-05 11:28:09', NULL, '2022-01-05 11:28:09'),
(3725, NULL, 51, 19, '1', '2022-01-05 11:28:09', NULL, '2022-01-05 11:28:09'),
(3726, NULL, 52, 19, '1', '2022-01-05 11:28:09', NULL, '2022-01-05 11:28:09'),
(3727, NULL, 53, 19, '1', '2022-01-05 11:28:09', NULL, '2022-01-05 11:28:09'),
(3728, NULL, 54, 19, '1', '2022-01-05 11:28:09', NULL, '2022-01-05 11:28:09'),
(3729, NULL, 55, 19, '1', '2022-01-05 11:28:09', NULL, '2022-01-05 11:28:09'),
(3730, NULL, 56, 19, '1', '2022-01-05 11:28:09', NULL, '2022-01-05 11:28:09'),
(3731, NULL, 57, 19, '1', '2022-01-05 11:28:09', NULL, '2022-01-05 11:28:09'),
(3732, NULL, 58, 19, '1', '2022-01-05 11:28:09', NULL, '2022-01-05 11:28:09'),
(3733, NULL, 59, 19, '1', '2022-01-05 11:28:09', NULL, '2022-01-05 11:28:09'),
(3734, NULL, 60, 19, '1', '2022-01-05 11:28:09', NULL, '2022-01-05 11:28:09'),
(3735, NULL, 61, 19, '1', '2022-01-05 11:28:09', NULL, '2022-01-05 11:28:09'),
(3736, NULL, 62, 19, '1', '2022-01-05 11:28:09', NULL, '2022-01-05 11:28:09'),
(3737, NULL, 63, 19, '1', '2022-01-05 11:28:09', NULL, '2022-01-05 11:28:09'),
(3738, NULL, 64, 19, '1', '2022-01-05 11:28:09', NULL, '2022-01-05 11:28:09'),
(3739, NULL, 65, 19, '1', '2022-01-05 11:28:09', NULL, '2022-01-05 11:28:09'),
(3740, NULL, 66, 19, '1', '2022-01-05 11:28:09', NULL, '2022-01-05 11:28:09'),
(3741, NULL, 67, 19, '1', '2022-01-05 11:28:09', NULL, '2022-01-05 11:28:09'),
(3742, NULL, 68, 19, '1', '2022-01-05 11:28:09', NULL, '2022-01-05 11:28:09'),
(3743, NULL, 69, 19, '1', '2022-01-05 11:28:09', NULL, '2022-01-05 11:28:09'),
(3744, NULL, 70, 19, '1', '2022-01-05 11:28:09', NULL, '2022-01-05 11:28:09'),
(3745, NULL, 71, 19, '1', '2022-01-05 11:28:09', NULL, '2022-01-05 11:28:09'),
(3746, NULL, 72, 19, '1', '2022-01-05 11:28:09', NULL, '2022-01-05 11:28:09'),
(3747, NULL, 73, 19, '1', '2022-01-05 11:28:09', NULL, '2022-01-05 11:28:09'),
(3748, NULL, 74, 19, '1', '2022-01-05 11:28:09', NULL, '2022-01-05 11:28:09'),
(3749, NULL, 75, 19, '1', '2022-01-05 11:28:09', NULL, '2022-01-05 11:28:09'),
(3750, NULL, 76, 19, '1', '2022-01-05 11:28:09', NULL, '2022-01-05 11:28:09'),
(3751, NULL, 77, 19, '1', '2022-01-05 11:28:09', NULL, '2022-01-05 11:28:09'),
(3752, NULL, 78, 19, '1', '2022-01-05 11:28:09', NULL, '2022-01-05 11:28:09'),
(3753, NULL, 79, 19, '1', '2022-01-05 11:28:09', NULL, '2022-01-05 11:28:09'),
(3754, NULL, 80, 19, '1', '2022-01-05 11:28:09', NULL, '2022-01-05 11:28:09'),
(3755, NULL, 81, 19, '1', '2022-01-05 11:28:09', NULL, '2022-01-05 11:28:09'),
(3756, NULL, 82, 19, '1', '2022-01-05 11:28:09', NULL, '2022-01-05 11:28:09'),
(3757, NULL, 83, 19, '1', '2022-01-05 11:28:09', NULL, '2022-01-05 11:28:09'),
(3758, NULL, 84, 19, '1', '2022-01-05 11:28:09', NULL, '2022-01-05 11:28:09'),
(3759, NULL, 85, 19, '1', '2022-01-05 11:28:09', NULL, '2022-01-05 11:28:09'),
(3760, NULL, 86, 19, '1', '2022-01-05 11:28:09', NULL, '2022-01-05 11:28:09'),
(3761, NULL, 87, 19, '1', '2022-01-05 11:28:09', NULL, '2022-01-05 11:28:09'),
(3762, NULL, 88, 19, '1', '2022-01-05 11:28:09', NULL, '2022-01-05 11:28:09'),
(3763, NULL, 89, 19, '1', '2022-01-05 11:28:09', NULL, '2022-01-05 11:28:09'),
(3764, NULL, 90, 19, '1', '2022-01-05 11:28:09', NULL, '2022-01-05 11:28:09'),
(3765, NULL, 91, 19, '1', '2022-01-05 11:28:09', NULL, '2022-01-05 11:28:09'),
(3766, NULL, 92, 19, '1', '2022-01-05 11:28:09', NULL, '2022-01-05 11:28:09'),
(3767, NULL, 93, 19, '1', '2022-01-05 11:28:09', NULL, '2022-01-05 11:28:09'),
(3768, NULL, 94, 19, '1', '2022-01-05 11:28:09', NULL, '2022-01-05 11:28:09'),
(3769, NULL, 95, 19, '1', '2022-01-05 11:28:09', NULL, '2022-01-05 11:28:09'),
(3770, NULL, 96, 19, '1', '2022-01-05 11:28:09', NULL, '2022-01-05 11:28:09'),
(3771, NULL, 97, 19, '1', '2022-01-05 11:28:09', NULL, '2022-01-05 11:28:09'),
(3772, NULL, 98, 19, '1', '2022-01-05 11:28:09', NULL, '2022-01-05 11:28:09'),
(3773, NULL, 99, 19, '1', '2022-01-05 11:28:09', NULL, '2022-01-05 11:28:09'),
(3774, NULL, 100, 19, '1', '2022-01-05 11:28:09', NULL, '2022-01-05 11:28:09'),
(3775, NULL, 101, 19, '1', '2022-01-05 11:28:09', NULL, '2022-01-05 11:28:09'),
(3776, NULL, 102, 19, '1', '2022-01-05 11:28:09', NULL, '2022-01-05 11:28:09'),
(3777, NULL, 103, 19, '1', '2022-01-05 11:28:09', NULL, '2022-01-05 11:28:09'),
(3778, NULL, 104, 19, '1', '2022-01-05 11:28:09', NULL, '2022-01-05 11:28:09'),
(3779, NULL, 105, 19, '1', '2022-01-05 11:28:09', NULL, '2022-01-05 11:28:09'),
(3780, NULL, 106, 19, '1', '2022-01-05 11:28:09', NULL, '2022-01-05 11:28:09'),
(3781, NULL, 107, 19, '1', '2022-01-05 11:28:09', NULL, '2022-01-05 11:28:09'),
(3782, NULL, 108, 19, '1', '2022-01-05 11:28:09', NULL, '2022-01-05 11:28:09'),
(3783, NULL, 109, 19, '1', '2022-01-05 11:28:09', NULL, '2022-01-05 11:28:09'),
(3784, NULL, 110, 19, '1', '2022-01-05 11:28:09', NULL, '2022-01-05 11:28:09'),
(3785, NULL, 111, 19, '1', '2022-01-05 11:28:09', NULL, '2022-01-05 11:28:09'),
(3786, NULL, 112, 19, '1', '2022-01-05 11:28:09', NULL, '2022-01-05 11:28:09'),
(3787, NULL, 113, 19, '1', '2022-01-05 11:28:09', NULL, '2022-01-05 11:28:09'),
(3788, NULL, 114, 19, '1', '2022-01-05 11:28:09', NULL, '2022-01-05 11:28:09'),
(3789, NULL, 115, 19, '1', '2022-01-05 11:28:09', NULL, '2022-01-05 11:28:09'),
(3790, NULL, 116, 19, '1', '2022-01-05 11:28:09', NULL, '2022-01-05 11:28:09'),
(3791, NULL, 117, 19, '1', '2022-01-05 11:28:09', NULL, '2022-01-05 11:28:09'),
(3792, NULL, 120, 19, '1', '2022-01-05 11:28:09', NULL, '2022-01-05 11:28:09'),
(3793, NULL, 118, 19, '1', '2022-01-05 11:28:09', NULL, '2022-01-05 11:28:09'),
(3794, NULL, 121, 19, '1', '2022-01-05 11:28:09', NULL, '2022-01-05 11:28:09'),
(3795, NULL, 119, 19, '1', '2022-01-05 11:28:09', NULL, '2022-01-05 11:28:09'),
(3796, NULL, 122, 19, '1', '2022-01-05 11:28:09', NULL, '2022-01-05 11:28:09'),
(3797, NULL, 123, 19, '1', '2022-01-05 11:28:09', NULL, '2022-01-05 11:28:09'),
(3798, NULL, 124, 19, '1', '2022-01-05 11:28:09', NULL, '2022-01-05 11:28:09'),
(3799, NULL, 125, 19, '1', '2022-01-05 11:28:09', NULL, '2022-01-05 11:28:09'),
(3800, NULL, 126, 19, '1', '2022-01-05 11:28:09', NULL, '2022-01-05 11:28:09'),
(3801, NULL, 127, 19, '1', '2022-01-05 11:28:09', NULL, '2022-01-05 11:28:09'),
(3802, NULL, 128, 19, '1', '2022-01-05 11:28:09', NULL, '2022-01-05 11:28:09'),
(3803, NULL, 129, 19, '1', '2022-01-05 11:28:09', NULL, '2022-01-05 11:28:09'),
(3804, NULL, 130, 19, '1', '2022-01-05 11:28:09', NULL, '2022-01-05 11:28:09'),
(3805, NULL, 131, 19, '1', '2022-01-05 11:28:09', NULL, '2022-01-05 11:28:09'),
(3806, NULL, 132, 19, '1', '2022-01-05 11:28:09', NULL, '2022-01-05 11:28:09'),
(3807, NULL, 133, 19, '1', '2022-01-05 11:28:09', NULL, '2022-01-05 11:28:09'),
(3808, NULL, 134, 19, '1', '2022-01-05 11:28:09', NULL, '2022-01-05 11:28:09'),
(3809, NULL, 135, 19, '1', '2022-01-05 11:28:09', NULL, '2022-01-05 11:28:09'),
(3810, NULL, 136, 19, '1', '2022-01-05 11:28:09', NULL, '2022-01-05 11:28:09'),
(3811, NULL, 137, 19, '1', '2022-01-05 11:28:09', NULL, '2022-01-05 11:28:09'),
(3812, NULL, 138, 19, '1', '2022-01-05 11:28:09', NULL, '2022-01-05 11:28:09'),
(3813, NULL, 139, 19, '1', '2022-01-05 11:28:09', NULL, '2022-01-05 11:28:09'),
(3814, NULL, 140, 19, '1', '2022-01-05 11:28:09', NULL, '2022-01-05 11:28:09'),
(3815, NULL, 141, 19, '1', '2022-01-05 11:28:09', NULL, '2022-01-05 11:28:09'),
(3816, NULL, 142, 19, '1', '2022-01-05 11:28:09', NULL, '2022-01-05 11:28:09'),
(3817, NULL, 143, 19, '1', '2022-01-05 11:28:09', NULL, '2022-01-05 11:28:09'),
(3818, NULL, 146, 19, '1', '2022-01-05 11:28:09', NULL, '2022-01-05 11:28:09'),
(3819, NULL, 144, 19, '1', '2022-01-05 11:28:09', NULL, '2022-01-05 11:28:09'),
(3820, NULL, 145, 19, '1', '2022-01-05 11:28:09', NULL, '2022-01-05 11:28:09'),
(3821, NULL, 147, 19, '1', '2022-01-05 11:28:09', NULL, '2022-01-05 11:28:09'),
(3822, NULL, 148, 19, '1', '2022-01-05 11:28:09', NULL, '2022-01-05 11:28:09'),
(3823, NULL, 149, 19, '1', '2022-01-05 11:28:09', NULL, '2022-01-05 11:28:09'),
(3824, NULL, 150, 19, '1', '2022-01-05 11:28:09', NULL, '2022-01-05 11:28:09'),
(3825, NULL, 151, 19, '1', '2022-01-05 11:28:09', NULL, '2022-01-05 11:28:09'),
(3826, NULL, 152, 19, '1', '2022-01-05 11:28:09', NULL, '2022-01-05 11:28:09'),
(3827, NULL, 153, 19, '1', '2022-01-05 11:28:09', NULL, '2022-01-05 11:28:09'),
(3828, NULL, 154, 19, '1', '2022-01-05 11:28:09', NULL, '2022-01-05 11:28:09'),
(3829, NULL, 155, 19, '1', '2022-01-05 11:28:09', NULL, '2022-01-05 11:28:09'),
(3830, NULL, 156, 19, '1', '2022-01-05 11:28:09', NULL, '2022-01-05 11:28:09'),
(3831, NULL, 157, 19, '1', '2022-01-05 11:28:09', NULL, '2022-01-05 11:28:09'),
(3832, NULL, 158, 19, '1', '2022-01-05 11:28:09', NULL, '2022-01-05 11:28:09'),
(3833, NULL, 159, 19, '1', '2022-01-05 11:28:09', NULL, '2022-01-05 11:28:09'),
(3834, NULL, 160, 19, '1', '2022-01-05 11:28:09', NULL, '2022-01-05 11:28:09'),
(3835, NULL, 161, 19, '1', '2022-01-05 11:28:09', NULL, '2022-01-05 11:28:09'),
(3836, NULL, 162, 19, '1', '2022-01-05 11:28:09', NULL, '2022-01-05 11:28:09'),
(3837, NULL, 163, 19, '1', '2022-01-05 11:28:09', NULL, '2022-01-05 11:28:09'),
(3838, NULL, 165, 19, '1', '2022-01-05 11:28:09', NULL, '2022-01-05 11:28:09'),
(3839, NULL, 166, 19, '1', '2022-01-05 11:28:09', NULL, '2022-01-05 11:28:09'),
(3840, NULL, 168, 19, '1', '2022-01-05 11:28:09', NULL, '2022-01-05 11:28:09'),
(3841, NULL, 169, 19, '1', '2022-01-05 11:28:09', NULL, '2022-01-05 11:28:09'),
(3842, NULL, 170, 19, '1', '2022-01-05 11:28:09', NULL, '2022-01-05 11:28:09'),
(3843, NULL, 171, 19, '1', '2022-01-05 11:28:09', NULL, '2022-01-05 11:28:09'),
(3844, NULL, 164, 19, '1', '2022-01-05 11:28:09', NULL, '2022-01-05 11:28:09'),
(3845, NULL, 172, 19, '1', '2022-01-05 11:28:09', NULL, '2022-01-05 11:28:09'),
(3846, NULL, 167, 19, '1', '2022-01-05 11:28:09', NULL, '2022-01-05 11:28:09'),
(3847, NULL, 173, 19, '1', '2022-01-05 11:28:09', NULL, '2022-01-05 11:28:09'),
(3848, NULL, 174, 19, '1', '2022-01-05 11:28:09', NULL, '2022-01-05 11:28:09'),
(3849, NULL, 175, 19, '1', '2022-01-05 11:28:09', NULL, '2022-01-05 11:28:09'),
(3850, NULL, 176, 19, '1', '2022-01-05 11:28:09', NULL, '2022-01-05 11:28:09'),
(3851, NULL, 177, 19, '1', '2022-01-05 11:28:09', NULL, '2022-01-05 11:28:09'),
(3852, NULL, 178, 19, '1', '2022-01-05 11:28:09', NULL, '2022-01-05 11:28:09'),
(3853, NULL, 179, 19, '1', '2022-01-05 11:28:09', NULL, '2022-01-05 11:28:09'),
(3854, NULL, 180, 19, '1', '2022-01-05 11:28:09', NULL, '2022-01-05 11:28:09'),
(3855, NULL, 181, 19, '1', '2022-01-05 11:28:09', NULL, '2022-01-05 11:28:09'),
(3856, NULL, 182, 19, '1', '2022-01-05 11:28:09', NULL, '2022-01-05 11:28:09'),
(3857, NULL, 183, 19, '1', '2022-01-05 11:28:09', NULL, '2022-01-05 11:28:09'),
(3858, NULL, 184, 19, '1', '2022-01-05 11:28:09', NULL, '2022-01-05 11:28:09'),
(3859, NULL, 186, 19, '1', '2022-01-05 11:28:09', NULL, '2022-01-05 11:28:09'),
(3860, NULL, 185, 19, '1', '2022-01-05 11:28:09', NULL, '2022-01-05 11:28:09'),
(3861, NULL, 187, 19, '1', '2022-01-05 11:28:09', NULL, '2022-01-05 11:28:09'),
(3862, NULL, 188, 19, '1', '2022-01-05 11:28:09', NULL, '2022-01-05 11:28:09'),
(3863, NULL, 189, 19, '1', '2022-01-05 11:28:09', NULL, '2022-01-05 11:28:09'),
(3864, NULL, 1, 24, '1', '2022-01-06 16:01:04', NULL, '2022-01-06 16:01:04'),
(3865, NULL, 5, 24, '1', '2022-01-06 16:01:04', NULL, '2022-01-06 16:01:04'),
(3866, NULL, 19, 22, '1', '2022-01-07 07:32:43', NULL, '2022-01-07 07:32:43'),
(3867, NULL, 188, 21, '1', '2022-01-07 07:32:53', NULL, '2022-01-07 07:32:53'),
(3868, NULL, 188, 23, '1', '2022-01-07 07:33:04', NULL, '2022-01-07 07:33:04'),
(3869, NULL, 188, 25, '1', '2022-01-12 07:03:34', NULL, '2022-01-12 07:03:34'),
(3870, NULL, 189, 25, '1', '2022-01-12 07:03:34', NULL, '2022-01-12 07:03:34'),
(3871, NULL, 188, 26, '1', '2022-01-13 06:29:42', NULL, '2022-01-13 06:29:42'),
(3872, NULL, 189, 26, '1', '2022-01-13 06:29:42', NULL, '2022-01-13 06:29:42'),
(3873, NULL, 189, 27, '1', '2022-01-13 06:31:13', NULL, '2022-01-13 06:31:13'),
(3876, NULL, 1, 28, '1', '2022-01-22 07:15:02', NULL, '2022-01-22 07:15:02'),
(3877, NULL, 2, 28, '1', '2022-01-22 07:15:02', NULL, '2022-01-22 07:15:02'),
(3878, NULL, 189, 28, '1', '2022-01-22 07:15:02', NULL, '2022-01-22 07:15:02'),
(3879, NULL, 1, 30, '1', '2022-01-25 06:36:16', NULL, '2022-01-25 06:36:16'),
(3880, NULL, 1, 34, '1', '2022-02-18 06:31:28', NULL, '2022-02-18 06:31:28');

-- --------------------------------------------------------

--
-- Table structure for table `roles`
--

CREATE TABLE `roles` (
  `id` int NOT NULL,
  `storeId` int DEFAULT NULL,
  `name` varchar(255) CHARACTER SET utf8mb3 COLLATE utf8mb3_bin DEFAULT NULL,
  `slug` varchar(200) CHARACTER SET utf8mb3 COLLATE utf8mb3_bin DEFAULT NULL,
  `description` text CHARACTER SET utf8mb3 COLLATE utf8mb3_bin,
  `status` enum('Yes','No') CHARACTER SET utf8mb3 COLLATE utf8mb3_bin DEFAULT NULL,
  `createdBy` varchar(100) CHARACTER SET utf8mb3 COLLATE utf8mb3_bin DEFAULT NULL,
  `createdAt` datetime DEFAULT NULL,
  `updatedBy` varchar(100) CHARACTER SET utf8mb3 COLLATE utf8mb3_bin DEFAULT NULL,
  `updatedAt` datetime DEFAULT NULL
) ENGINE=InnoDB DEFAULT CHARSET=utf8mb3 COLLATE=utf8mb3_bin COMMENT='Roles Table';

--
-- Dumping data for table `roles`
--

INSERT INTO `roles` (`id`, `storeId`, `name`, `slug`, `description`, `status`, `createdBy`, `createdAt`, `updatedBy`, `updatedAt`) VALUES
(15, NULL, 'Admin', 'admin-6', 'Admin', 'Yes', '1', '2021-06-30 12:45:19', '1', '2021-10-26 11:38:39'),
(17, NULL, 'Admin', 'admin-6', 'admin', 'Yes', '1', '2021-08-30 08:27:25', '1', '2021-12-01 10:41:22'),
(19, NULL, 'Admin', 'admin-6', 'admin', 'Yes', '1', '2021-10-26 12:03:08', '1', '2022-01-05 11:28:09'),
(20, NULL, 'Admin', 'admin-19', 'admin', 'Yes', '1', '2021-12-30 14:05:44', NULL, '2021-12-30 14:05:44'),
(21, NULL, 'Admin', 'admin', 'admin', 'Yes', '1', '2022-01-06 07:49:56', '1', '2022-01-07 07:32:53'),
(22, NULL, 'Admin', 'admin', 'admin', 'Yes', '1', '2022-01-06 07:50:33', '1', '2022-01-07 07:32:43'),
(23, NULL, 'Admin', 'admin', 'admin', 'Yes', '1', '2022-01-06 07:51:08', '1', '2022-01-07 07:33:04'),
(24, NULL, 'Admin', 'admin', 'admin', 'Yes', '1', '2022-01-06 15:59:55', '1', '2022-01-06 16:01:04'),
(25, NULL, 'Admin', 'admin', 'admin', 'Yes', '1', '2022-01-12 07:03:11', '1', '2022-01-12 07:03:34'),
(26, NULL, 'Admin', 'admin', 'admin', 'Yes', '1', '2022-01-13 06:29:20', '1', '2022-01-13 06:29:42'),
(27, NULL, 'Admin', 'admin', 'admin', 'Yes', '1', '2022-01-13 06:30:40', '1', '2022-01-13 06:31:13'),
(28, NULL, 'Admin', 'admin-6', 'sdsad', 'Yes', '1', '2022-01-22 07:11:36', '1', '2022-01-22 07:15:02'),
(30, NULL, 'Admin', 'admin', 'admin', 'Yes', '1', '2022-01-25 06:35:39', '1', '2022-01-25 06:36:16'),
(32, NULL, 'Admin', 'admin', 'admin', 'Yes', '1', '2022-02-03 09:11:56', NULL, '2022-02-03 09:11:56'),
(33, NULL, 'Admin', 'admin', 'admin', 'Yes', '1', '2022-02-03 12:03:36', NULL, '2022-02-03 12:03:36'),
(34, NULL, 'Admin', 'admin', 'admin', 'Yes', '1', '2022-02-18 06:30:18', '1', '2022-02-18 06:31:28'),
(35, NULL, 'Admin', 'admin', 'admin', 'Yes', '1', '2022-02-22 10:10:59', NULL, '2022-02-22 10:10:59'),
(36, NULL, 'Admin', 'admin', 'admin', 'Yes', '1', '2022-02-23 18:01:41', NULL, '2022-02-23 18:01:41'),
(37, NULL, 'Admin', 'admin', 'admin', 'Yes', '1', '2022-02-25 12:09:49', NULL, '2022-02-25 12:09:49'),
(38, NULL, 'Admin', 'admin', 'admin', 'Yes', '1', '2022-03-01 13:31:25', NULL, '2022-03-01 13:31:25'),
(39, NULL, 'Admin', 'admin', 'admin', 'Yes', '1', '2022-03-04 07:37:17', NULL, '2022-03-04 07:37:17'),
(40, NULL, 'Admin', 'admin', 'admin', 'Yes', '1', '2022-03-04 07:38:10', NULL, '2022-03-04 07:38:10'),
(41, NULL, 'Admin', 'admin', 'admin', 'Yes', '1', '2022-03-04 07:38:59', NULL, '2022-03-04 07:38:59'),
(42, NULL, 'Admin', 'admin', 'admin', 'Yes', '1', '2022-03-14 09:57:00', NULL, '2022-03-14 09:57:00'),
(43, NULL, 'Admin', 'admin', 'admin', 'Yes', '1', '2022-03-14 09:59:04', NULL, '2022-03-14 09:59:04'),
(44, NULL, 'Admin', 'admin', 'admin', 'Yes', '1', '2022-03-16 06:49:00', NULL, '2022-03-16 06:49:00'),
(45, NULL, 'Admin', 'admin', 'admin', 'Yes', '1', '2022-03-16 07:02:49', NULL, '2022-03-16 07:02:49'),
(46, NULL, 'Admin', 'admin', 'admin', 'Yes', '1', '2022-03-16 07:46:57', NULL, '2022-03-16 07:46:57'),
(47, NULL, 'Admin', 'admin', 'admin', 'Yes', '1', '2022-03-16 10:05:01', NULL, '2022-03-16 10:05:01'),
(48, NULL, 'Admin', 'admin', 'admin', 'Yes', '1', '2022-03-17 08:34:52', NULL, '2022-03-17 08:34:52'),
(49, NULL, 'Admin', 'admin', 'admin', 'Yes', '1', '2022-04-06 06:37:21', NULL, '2022-04-06 06:37:21'),
(50, NULL, 'Admin', 'admin', 'admin', 'Yes', '1', '2022-04-18 10:50:16', NULL, '2022-04-18 10:50:16'),
(51, NULL, 'Admin', 'admin', 'admin', 'Yes', '1', '2022-04-27 12:17:04', NULL, '2022-04-27 12:17:04'),
(52, NULL, 'Admin', 'admin', 'admin', 'Yes', '1', '2022-06-03 15:53:27', NULL, '2022-06-03 15:53:27'),
(53, NULL, 'Admin', 'admin', 'admin', 'Yes', '1', '2022-06-08 16:23:23', NULL, '2022-06-08 16:23:23');

-- --------------------------------------------------------

--
-- Table structure for table `salesman`
--

CREATE TABLE `salesman` (
  `id` int NOT NULL,
  `storeId` int DEFAULT NULL,
  `name` varchar(255) DEFAULT NULL,
  `email` varchar(300) DEFAULT NULL,
  `phone` varchar(100) DEFAULT NULL,
  `designation` varchar(255) DEFAULT NULL,
  `otp` int DEFAULT NULL,
  `image` varchar(255) DEFAULT NULL,
  `address` text,
  `pushToken` text,
  `status` enum('active','inactive','archive') DEFAULT NULL,
  `createdAt` datetime NOT NULL,
  `createdBy` varchar(128) DEFAULT NULL,
  `updatedAt` datetime NOT NULL,
  `updatedBy` varchar(128) DEFAULT NULL
) ENGINE=InnoDB DEFAULT CHARSET=utf8mb4 COLLATE=utf8mb4_0900_ai_ci;

--
-- Dumping data for table `salesman`
--

INSERT INTO `salesman` (`id`, `storeId`, `name`, `email`, `phone`, `designation`, `otp`, `image`, `address`, `pushToken`, `status`, `createdAt`, `createdBy`, `updatedAt`, `updatedBy`) VALUES
(1, 17, 'Swapa', 'admin@gmail.com', '6295718285', 'jhgjg', 2878, '1637580431925.jpg', 'Chandrakona, paschim midnapore', 'c5zhN7HHwgs:APA91bFIXfCc8HtU5JuB91mxMoBYXbZYENByso_wcTooNZX0IGAeLnKDhumxeeWq-K0qYZniaG3HURGTHntELx7a7AQaFEPA9Iw4BA3HTEpTQzqxKWDhxHDD8xPRl7vWxIxtJceRqbfh', 'active', '2021-11-03 15:08:49', '18', '2021-12-21 05:23:59', '1'),
(2, 15, 'Debraj Chakraborty', 'debrajckt@gmail.com', '6295718285', 'test', 3666, NULL, 'Chandrakona, paschim midnapore', 'c5zhN7HHwgs:APA91bFIXfCc8HtU5JuB91mxMoBYXbZYENByso_wcTooNZX0IGAeLnKDhumxeeWq-K0qYZniaG3HURGTHntELx7a7AQaFEPA9Iw4BA3HTEpTQzqxKWDhxHDD8xPRl7vWxIxtJceRqbfh', 'active', '2021-11-03 16:32:25', NULL, '2021-12-20 11:47:58', '2'),
(4, 17, 'asifur', 'asifur.rahaman@bluehorse.in', '9477078705', 'dgdf', 2583, '1638258760745.jpg', '', 'dOK8zKWVIvY:APA91bGkch2lqvcYOnm-BBFEnamqDDmqS9RaRlhzKCKtYR1xXVPvJ46-2K68uIzYco6Ug39aOg-_cmfZ3U7qhYkY2hQB0zjmH3sTfi0TCe3oKfR7bxJAj28h1MRVRO2Yr2IQOE9DdNRT', 'active', '2021-11-09 04:43:23', '18', '2022-05-03 12:12:42', '4'),
(5, 15, 'asifur', 'asifur.rahaman@bluehorse.in', '9477078705', NULL, 4927, NULL, NULL, NULL, 'active', '2021-11-09 13:07:41', '17', '2021-12-17 10:24:03', NULL),
(6, 17, 'ujkghb', 'gh@gg.co', '6777777777', 'ghfg', NULL, NULL, NULL, NULL, NULL, '2021-12-01 12:22:29', NULL, '2021-12-01 12:22:29', NULL),
(13, 17, 'Biswaji', 'asifur.rahaman6@gmail.com', '9800998478', 'Delivery boy', 9650, NULL, NULL, 'd474tTTlTIQ:APA91bHkCGjPbwBe8OUrjbtdIa1oMaP6Y66jRrEsj0lCCVcoqMe6Gtj_67jsPosdQsPwbY0Qzxgyx3qxGDT1wldD-c3yYI6aleF1twFwy9Uk0wk_QFS9WOa5zlsHZ8v8KGia4XKwWLlT', 'active', '2021-12-02 08:03:36', NULL, '2021-12-13 11:07:26', '13'),
(14, 17, 'fhf', 'fdgfd@gg.co', '6666666778', 'fghf', NULL, NULL, NULL, NULL, 'active', '2021-12-11 08:19:10', NULL, '2022-05-31 16:02:12', NULL),
(15, 17, 'Suman', 'suman.ghosh2911@gmail.com', '7318854542', 'Supervisor ', NULL, NULL, NULL, NULL, 'active', '2021-12-16 13:26:43', NULL, '2021-12-16 13:26:43', NULL),
(16, 17, 'Suman', 'suman.ghosh2911@gmail.com', '7318854542', 'Supervisor ', NULL, NULL, NULL, NULL, 'active', '2021-12-16 13:26:44', NULL, '2021-12-16 13:26:44', NULL),
(17, 18, 'Sanjay Nandy', 'sanjay.bawd@gmail.com', '9681580218', 'Delivery boy', 2079, NULL, NULL, 'dOK8zKWVIvY:APA91bGkch2lqvcYOnm-BBFEnamqDDmqS9RaRlhzKCKtYR1xXVPvJ46-2K68uIzYco6Ug39aOg-_cmfZ3U7qhYkY2hQB0zjmH3sTfi0TCe3oKfR7bxJAj28h1MRVRO2Yr2IQOE9DdNRT', 'active', '2022-01-17 09:43:30', NULL, '2022-02-22 10:30:27', '17'),
(18, 18, 'Chandan Day', 'chandan.day@gmail.com', '8670211650', 'test', 6375, NULL, NULL, NULL, 'active', '2022-01-24 11:16:43', NULL, '2022-04-20 11:27:33', NULL),
(19, 18, 'sumit', 'sumit@gmil.com', '1111111111', 'test', NULL, NULL, NULL, NULL, 'active', '2022-02-03 11:43:39', NULL, '2022-02-03 11:43:39', NULL),
(20, 22, 'Shre durga', 'jsamrat.ckt@gmail.com', '9999999999', 'Ok', NULL, NULL, NULL, NULL, 'active', '2022-04-17 06:13:36', NULL, '2022-04-17 06:13:36', NULL),
(21, NULL, 'qq', 'qqq@qq.qq', '1234567897', NULL, NULL, NULL, 'qqq', NULL, 'active', '2022-06-22 00:19:39', '1', '2022-06-22 00:19:39', NULL),
(22, NULL, NULL, NULL, NULL, NULL, NULL, '1655840535238.jpg', NULL, NULL, 'active', '2022-06-22 01:12:15', '1', '2022-06-22 01:12:15', NULL),
(23, NULL, NULL, NULL, NULL, NULL, NULL, '1655841419525.jpg', NULL, NULL, 'active', '2022-06-22 01:26:59', '1', '2022-06-22 01:26:59', NULL);

-- --------------------------------------------------------

--
-- Table structure for table `salesmanAttendance`
--

CREATE TABLE `salesmanAttendance` (
  `id` int UNSIGNED NOT NULL,
  `storeId` int DEFAULT NULL,
  `salesmanId` int DEFAULT NULL,
  `date` varchar(200) DEFAULT NULL,
  `fromTime` varchar(200) DEFAULT NULL,
  `toTime` varchar(200) DEFAULT NULL,
  `startLocation` text,
  `endLocation` text,
  `flag` enum('start','end') DEFAULT NULL,
  `startImage` varchar(255) DEFAULT NULL,
  `endImage` varchar(255) DEFAULT NULL,
  `spendTime` varchar(255) DEFAULT NULL,
  `createdBy` varchar(128) DEFAULT NULL,
  `updatedBy` varchar(128) DEFAULT NULL,
  `createdAt` datetime DEFAULT NULL,
  `updatedAt` datetime DEFAULT NULL
) ENGINE=InnoDB DEFAULT CHARSET=utf8mb4 COLLATE=utf8mb4_0900_ai_ci;

--
-- Dumping data for table `salesmanAttendance`
--

INSERT INTO `salesmanAttendance` (`id`, `storeId`, `salesmanId`, `date`, `fromTime`, `toTime`, `startLocation`, `endLocation`, `flag`, `startImage`, `endImage`, `spendTime`, `createdBy`, `updatedBy`, `createdAt`, `updatedAt`) VALUES
(1, 17, 1, '24/11/2021', '10:05', '12:31', 'Judges Court Rd, Saratpally, Midnapore, West Bengal 721101, India', 'Judges Court Rd, Saratpally, Midnapore, West Bengal 721101, India', 'end', 'admin/salesman/attendance/1/start-1637759244756.PNG', 'admin/salesman/attendance/1/end-1637759257222.PNG', '0:54', '1', '1', '2021-11-24 13:07:24', '2021-11-26 07:01:35'),
(2, 17, 1, '25/11/2021', '10:23', NULL, 'Judges Court Rd, Saratpally, Midnapore, West Bengal 721101, India', NULL, 'start', 'admin/salesman/attendance/2/start-1637816016435.PNG', NULL, NULL, '1', NULL, '2021-11-25 04:53:36', '2021-11-25 04:53:36'),
(3, 17, 1, '26/11/2021', '10:43', NULL, 'Judges Court Rd, Saratpally, Midnapore, West Bengal 721101, India', 'Judges Court Rd, Saratpally, Midnapore, West Bengal 721101, India', 'start', 'admin/salesman/attendance/3/start-1637903650752.PNG', 'admin/salesman/attendance/3/end-1637903786728.PNG', NULL, '1', '1', '2021-11-26 05:14:10', '2021-11-26 05:16:26'),
(4, 17, 1, '27/11/2021', '11:55', NULL, NULL, NULL, 'start', 'admin/salesman/attendance/4/start-1637994362614.jpeg', NULL, NULL, '1', NULL, '2021-11-27 06:26:02', '2021-11-27 06:26:02'),
(5, 17, 1, '29/11/2021', '16:14', NULL, '216, Shibpur Rd, Naora, Shibpur, Howrah, West Bengal 711102, India', NULL, 'start', 'admin/salesman/attendance/5/start-1638182694950.PNG', NULL, NULL, '1', NULL, '2021-11-29 10:44:54', '2021-11-29 10:44:54'),
(6, 15, 5, '30/11/2021', '10:53', NULL, 'Judges Court Rd, Saratpally, Midnapore, West Bengal 721101, India', NULL, 'start', 'admin/salesman/attendance/6/start-1638249827651.jpg', NULL, NULL, '5', NULL, '2021-11-30 05:23:47', '2021-11-30 05:23:47'),
(7, 17, 4, '30/11/2021', '11:29', '11:45', 'Judges Court Rd, Saratpally, Midnapore, West Bengal 721101, India', 'Judges Court Rd, Saratpally, Midnapore, West Bengal 721101, India', 'end', 'admin/salesman/attendance/7/start-1638251987896.jpg', 'admin/salesman/attendance/7/end-1638252947528.jpg', '0:16', '4', '4', '2021-11-30 05:59:47', '2021-11-30 06:15:47'),
(8, 15, 2, '30/11/2021', '12:48', '13:15', 'Unnamed Road, Mourigram, Howrah, West Bengal 711109, India', 'Unnamed Road, Mourigram, Howrah, West Bengal 711109, India', 'end', 'admin/salesman/attendance/8/start-1638256745003.PNG', NULL, '0:27', '2', '2', '2021-11-30 07:19:04', '2021-11-30 07:45:50'),
(9, 17, 1, '30/11/2021', '13:40', NULL, NULL, NULL, 'start', 'admin/salesman/attendance/9/start-1638259844699.PNG', NULL, NULL, '1', NULL, '2021-11-30 08:10:44', '2021-11-30 08:10:44'),
(10, 17, 13, '2/12/2021', '13:34', NULL, 'Judges Court Rd, Saratpally, Midnapore, West Bengal 721101, India', NULL, 'start', 'admin/salesman/attendance/10/start-1638432269927.jpg', NULL, NULL, '13', NULL, '2021-12-02 08:04:29', '2021-12-02 08:04:29'),
(11, 17, 1, '8/12/2021', '12:59', NULL, NULL, NULL, 'start', 'admin/salesman/attendance/11/start-1638948600277.jpeg', NULL, NULL, '1', NULL, '2021-12-08 07:30:00', '2021-12-08 07:30:00'),
(12, 17, 1, '10/12/2021', '16:04', NULL, 'Judges Court Rd, Saratpally, Midnapore, West Bengal 721101, India', NULL, 'start', 'admin/salesman/attendance/12/start-1639132466676.png', NULL, NULL, '1', NULL, '2021-12-10 10:34:26', '2021-12-10 10:34:26'),
(13, 17, 1, '11/12/2021', '15:35', NULL, 'Shreegopal Mullick Ln, Newland, College Square, Kolkata, West Bengal 700073, India', NULL, 'start', 'admin/salesman/attendance/13/start-1639217332459.png', NULL, NULL, '1', NULL, '2021-12-11 10:08:52', '2021-12-11 10:08:52'),
(14, 17, 13, '13/12/2021', '16:37', NULL, 'Judges Court Rd, Saratpally, Midnapore, West Bengal 721101, India', NULL, 'start', 'admin/salesman/attendance/14/start-1639393689167.jpg', NULL, NULL, '13', NULL, '2021-12-13 11:08:09', '2021-12-13 11:08:09'),
(15, 17, 4, '14/12/2021', '19:13', NULL, 'Judges Court Rd, Saratpally, Midnapore, West Bengal 721101, India', NULL, 'start', 'admin/salesman/attendance/15/start-1639489408212.jpg', NULL, NULL, '4', NULL, '2021-12-14 13:43:28', '2021-12-14 13:43:28'),
(16, 17, 4, '15/12/2021', '16:52', NULL, 'Judges Court Rd, Saratpally, Midnapore, West Bengal 721101, India', NULL, 'start', 'admin/salesman/attendance/16/start-1639567348004.jpg', NULL, NULL, '4', NULL, '2021-12-15 11:22:27', '2021-12-15 11:22:28'),
(17, 17, 1, '15/12/2021', '18:17', NULL, 'Judges Court Rd, Saratpally, Midnapore, West Bengal 721101, India', NULL, 'start', 'admin/salesman/attendance/17/start-1639572485179.JPG', NULL, NULL, '1', NULL, '2021-12-15 12:48:05', '2021-12-15 12:48:05'),
(18, 15, 5, '17/12/2021', '15:59', NULL, NULL, NULL, 'start', 'admin/salesman/attendance/18/start-1639736954591.jpg', NULL, NULL, '5', NULL, '2021-12-17 10:29:14', '2021-12-17 10:29:14'),
(19, 17, 4, '17/12/2021', '16:00', NULL, NULL, NULL, 'start', 'admin/salesman/attendance/19/start-1639737063012.jpg', NULL, NULL, '4', NULL, '2021-12-17 10:31:02', '2021-12-17 10:31:03'),
(20, 15, 2, '17/12/2021', '16:03', NULL, NULL, NULL, 'start', 'admin/salesman/attendance/20/start-1639737217958.jpg', NULL, NULL, '2', NULL, '2021-12-17 10:33:37', '2021-12-17 10:33:37'),
(21, 17, 4, '20/12/2021', '16:52', '17:18', 'Judges Court Rd, Saratpally, Midnapore, West Bengal 721101, India', 'Judges Court Rd, Saratpally, Midnapore, West Bengal 721101, India', 'end', 'admin/salesman/attendance/21/start-1639999361134.jpg', 'admin/salesman/attendance/21/end-1640000899902.jpeg', '0:26', '4', '4', '2021-12-20 11:22:41', '2021-12-20 11:48:19'),
(22, 17, 1, '20/12/2021', '17:19', NULL, 'Judges Court Rd, Saratpally, Midnapore, West Bengal 721101, India', NULL, 'start', 'admin/salesman/attendance/22/start-1640001014186.jpeg', NULL, NULL, '1', NULL, '2021-12-20 11:50:14', '2021-12-20 11:50:14'),
(23, 17, 4, '21/12/2021', '10:37', NULL, 'Judges Court Rd, Saratpally, Midnapore, West Bengal 721101, India', NULL, 'start', 'admin/salesman/attendance/23/start-1640063260642.jpg', NULL, NULL, '4', NULL, '2021-12-21 05:07:40', '2021-12-21 05:07:40'),
(24, 17, 1, '21/12/2021', '10:53', NULL, 'Judges Court Rd, Saratpally, Midnapore, West Bengal 721101, India', NULL, 'start', 'admin/salesman/attendance/24/start-1640064194396.PNG', NULL, NULL, '1', NULL, '2021-12-21 05:23:14', '2021-12-21 05:23:14'),
(25, 17, 4, '11/1/2022', '14:16', NULL, 'Judges Court Rd, Saratpally, Midnapore, West Bengal 721101, India', NULL, 'start', 'admin/salesman/attendance/25/start-1641890810852.jpeg', NULL, NULL, '4', NULL, '2022-01-11 08:46:50', '2022-01-11 08:46:50'),
(26, 17, 4, '21/1/2022', '15:50', NULL, 'Judges Court Rd, Saratpally, Midnapore, West Bengal 721101, India', NULL, 'start', 'admin/salesman/attendance/26/start-1642760550411.jpeg', NULL, NULL, '4', NULL, '2022-01-21 10:22:30', '2022-01-21 10:22:30'),
(27, 17, 4, '21/1/2022', '17:00', NULL, 'Judges Court Rd, Saratpally, Midnapore, West Bengal 721101, India', NULL, 'start', 'admin/salesman/attendance/27/start-1642764755563.jpeg', NULL, NULL, '4', NULL, '2022-01-21 11:32:35', '2022-01-21 11:32:35'),
(28, 17, 4, '21/1/2022', '17:01', NULL, 'Judges Court Rd, Saratpally, Midnapore, West Bengal 721101, India', NULL, 'start', 'admin/salesman/attendance/28/start-1642764755610.jpeg', NULL, NULL, '4', NULL, '2022-01-21 11:32:35', '2022-01-21 11:32:35'),
(29, 17, 4, '27/1/2022', '12:41', NULL, 'Judges Court Rd, Saratpally, Midnapore, West Bengal 721101, India', NULL, 'start', 'admin/salesman/attendance/29/start-1643267537432.jpeg', NULL, NULL, '4', NULL, '2022-01-27 07:12:17', '2022-01-27 07:12:17'),
(30, 17, 4, '3/2/2022', '11:58', NULL, 'Judges Court Rd, Saratpally, Midnapore, West Bengal 721101, India', NULL, 'start', 'admin/salesman/attendance/30/start-1643869709237.jpeg', NULL, NULL, '4', NULL, '2022-02-03 06:28:29', '2022-02-03 06:28:29'),
(31, 17, 4, '7/2/2022', '12:50', NULL, 'Pritinagar Rd Number 1, Pritinagar, Payradanga, West Bengal 700073, India', NULL, 'start', 'admin/salesman/attendance/31/start-1644218460447.jpeg', NULL, NULL, '4', NULL, '2022-02-07 07:21:00', '2022-02-07 07:21:00'),
(32, 17, 4, '8/2/2022', '15:10', NULL, 'Pritinagar Rd Number 1, Pritinagar, Payradanga, West Bengal 700073, India', NULL, 'start', 'admin/salesman/attendance/32/start-1644313246122.jpeg', NULL, NULL, '4', NULL, '2022-02-08 09:40:46', '2022-02-08 09:40:46'),
(33, 17, 4, '10/2/2022', '11:01', NULL, 'Judges Court Rd, Saratpally, Midnapore, West Bengal 721101, India', NULL, 'start', 'admin/salesman/attendance/33/start-1644471130406.jpeg', NULL, NULL, '4', NULL, '2022-02-10 05:32:10', '2022-02-10 05:32:10'),
(34, 17, 4, '11/2/2022', '12:47', NULL, 'Judges Court Rd, Saratpally, Midnapore, West Bengal 721101, India', NULL, 'start', 'admin/salesman/attendance/34/start-1644563837235.jpeg', NULL, NULL, '4', NULL, '2022-02-11 07:17:17', '2022-02-11 07:17:17'),
(35, 17, 4, '15/2/2022', '10:59', NULL, NULL, NULL, 'start', 'admin/salesman/attendance/35/start-1644902982432.jpeg', NULL, NULL, '4', NULL, '2022-02-15 05:29:42', '2022-02-15 05:29:42'),
(36, 17, 4, '16/2/2022', '11:29', NULL, 'Judges Court Rd, Saratpally, Midnapore, West Bengal 721101, India', NULL, 'start', 'admin/salesman/attendance/36/start-1644991188296.jpeg', NULL, NULL, '4', NULL, '2022-02-16 05:59:48', '2022-02-16 05:59:48'),
(37, 17, 4, '18/2/2022', '10:49', NULL, 'Judges Court Rd, Saratpally, Midnapore, West Bengal 721101, India', NULL, 'start', 'admin/salesman/attendance/37/start-1645161593620.jpeg', NULL, NULL, '4', NULL, '2022-02-18 05:19:53', '2022-02-18 05:19:53'),
(38, 17, 4, '19/2/2022', '11:58', NULL, 'Judges Court Rd, Saratpally, Midnapore, West Bengal 721101, India', NULL, 'start', 'admin/salesman/attendance/38/start-1645252136853.jpeg', NULL, NULL, '4', NULL, '2022-02-19 06:28:56', '2022-02-19 06:28:56'),
(39, 17, 4, '22/2/2022', '16:01', NULL, 'Judges Court Rd, Saratpally, Midnapore, West Bengal 721101, India', NULL, 'start', 'admin/salesman/attendance/39/start-1645525932903.jpeg', NULL, NULL, '4', NULL, '2022-02-22 10:32:12', '2022-02-22 10:32:12'),
(40, 17, 4, '26/2/2022', '12:32', NULL, 'Judges Court Rd, Saratpally, Midnapore, West Bengal 721101, India', NULL, 'start', 'admin/salesman/attendance/40/start-1645858951551.jpeg', NULL, NULL, '4', NULL, '2022-02-26 07:02:31', '2022-02-26 07:02:31'),
(41, 17, 4, '3/3/2022', '11:44', NULL, 'Pritinagar Rd Number 1, Pritinagar, Payradanga, West Bengal 700073, India', NULL, 'start', 'admin/salesman/attendance/41/start-1646288094581.jpeg', NULL, NULL, '4', NULL, '2022-03-03 06:14:54', '2022-03-03 06:14:54'),
(42, 18, 18, '15/3/2022', '13:03', NULL, '2, Hari Pal Ln, Manicktala, Azad Hind Bag, Kolkata, West Bengal 700006, India', NULL, 'start', 'admin/salesman/attendance/42/start-1647329700545.jpg', NULL, NULL, '18', NULL, '2022-03-15 07:35:00', '2022-03-15 07:35:00'),
(43, 18, 18, '16/3/2022', '12:02', NULL, 'Unnamed Road, Kalaikunda, Kharagpur, West Bengal 721303, India', NULL, 'start', 'admin/salesman/attendance/43/start-1647412398487.jpg', NULL, NULL, '18', NULL, '2022-03-16 06:33:18', '2022-03-16 06:33:18'),
(44, 18, 18, '17/3/2022', '11:47', NULL, 'Unnamed Road, Debra, West Bengal 721124, India', NULL, 'start', 'admin/salesman/attendance/44/start-1647497879027.jpg', NULL, NULL, '18', NULL, '2022-03-17 06:17:58', '2022-03-17 06:17:59'),
(45, 17, 4, '4/4/2022', '18:28', NULL, 'Judges Court Rd, Saratpally, Midnapore, West Bengal 721101, India', NULL, 'start', 'admin/salesman/attendance/45/start-1649077136670.jpeg', NULL, NULL, '4', NULL, '2022-04-04 12:58:56', '2022-04-04 12:58:56');

-- --------------------------------------------------------

--
-- Table structure for table `salesmanBreak`
--

CREATE TABLE `salesmanBreak` (
  `id` int UNSIGNED NOT NULL,
  `storeId` int DEFAULT NULL,
  `salesmanId` int DEFAULT NULL,
  `date` varchar(200) DEFAULT NULL,
  `fromTime` varchar(200) DEFAULT NULL,
  `toTime` varchar(200) DEFAULT NULL,
  `flag` enum('start','end') DEFAULT NULL,
  `spendTime` varchar(255) DEFAULT NULL,
  `createdBy` varchar(128) DEFAULT NULL,
  `updatedBy` varchar(128) DEFAULT NULL,
  `createdAt` datetime DEFAULT NULL,
  `updatedAt` datetime DEFAULT NULL
) ENGINE=InnoDB DEFAULT CHARSET=utf8mb4 COLLATE=utf8mb4_0900_ai_ci;

--
-- Dumping data for table `salesmanBreak`
--

INSERT INTO `salesmanBreak` (`id`, `storeId`, `salesmanId`, `date`, `fromTime`, `toTime`, `flag`, `spendTime`, `createdBy`, `updatedBy`, `createdAt`, `updatedAt`) VALUES
(1, 17, 1, '26/11/2021', '11:37', '12:33', 'end', '0:56', '1', '1', '2021-11-26 06:07:59', '2021-11-26 07:03:33'),
(2, 17, 1, '27/11/2021', '23:14', '23:18', 'end', '0:04', '1', '1', '2021-11-27 17:45:03', '2021-11-27 17:48:28'),
(3, 17, 1, '29/11/2021', '16:23', '16:23', 'end', '0:00', '1', '1', '2021-11-29 10:53:42', '2021-11-29 10:53:53'),
(4, 17, 1, '29/11/2021', '16:23', '16:36', 'end', '0:13', '1', '1', '2021-11-29 10:53:56', '2021-11-29 11:06:19'),
(5, 17, 1, '29/11/2021', '16:52', '16:53', 'end', '0:01', '1', '1', '2021-11-29 11:22:09', '2021-11-29 11:23:35'),
(6, 15, 5, '30/11/2021', '11:00', '11:00', 'end', '0:00', '5', '5', '2021-11-30 05:30:36', '2021-11-30 05:30:41'),
(7, 17, 1, '10/12/2021', '16:08', '16:08', 'end', '0:00', '1', '1', '2021-12-10 10:38:03', '2021-12-10 10:38:24'),
(8, 17, 4, '21/12/2021', '11:32', '11:32', 'end', '0:00', '4', '4', '2021-12-21 06:02:26', '2021-12-21 06:02:28'),
(9, 17, 4, '21/1/2022', '17:03', '17:03', 'end', '0:00', '4', '4', '2022-01-21 11:33:30', '2022-01-21 11:33:33'),
(10, 17, 4, '7/2/2022', '12:52', '12:52', 'end', '0:00', '4', '4', '2022-02-07 07:22:19', '2022-02-07 07:22:27'),
(11, 17, 4, '15/2/2022', '11:00', '11:00', 'end', '0:00', '4', '4', '2022-02-15 05:30:14', '2022-02-15 05:30:17'),
(12, 17, 4, '16/2/2022', '12:07', '12:07', 'end', '0:00', '4', '4', '2022-02-16 06:37:05', '2022-02-16 06:37:09'),
(13, 17, 4, '16/2/2022', '13:20', '13:20', 'end', '0:00', '4', '4', '2022-02-16 07:50:06', '2022-02-16 07:50:29'),
(14, 17, 4, '18/2/2022', '11:49', '11:49', 'end', '0:00', '4', '4', '2022-02-18 06:19:16', '2022-02-18 06:19:27'),
(15, 17, 4, '22/2/2022', '16:13', '16:13', 'end', '0:00', '4', '4', '2022-02-22 10:43:12', '2022-02-22 10:43:18'),
(16, 17, 4, '22/2/2022', '16:13', '16:13', 'end', '0:00', '4', '4', '2022-02-22 10:43:27', '2022-02-22 10:43:29'),
(17, 18, 18, '17/3/2022', '11:51', '11:52', 'end', '0:01', '18', '18', '2022-03-17 06:21:54', '2022-03-17 06:22:00');

-- --------------------------------------------------------

--
-- Table structure for table `salesmanOrderReject`
--

CREATE TABLE `salesmanOrderReject` (
  `id` int UNSIGNED NOT NULL,
  `storeId` int DEFAULT NULL,
  `salesmanId` int DEFAULT NULL,
  `orderId` int DEFAULT NULL,
  `remarks` text,
  `createdBy` varchar(128) DEFAULT NULL,
  `updatedBy` varchar(128) DEFAULT NULL,
  `createdAt` datetime DEFAULT NULL,
  `updatedAt` datetime DEFAULT NULL
) ENGINE=InnoDB DEFAULT CHARSET=utf8mb4 COLLATE=utf8mb4_0900_ai_ci;

-- --------------------------------------------------------

--
-- Table structure for table `section`
--

CREATE TABLE `section` (
  `id` int NOT NULL,
  `storeId` int DEFAULT NULL,
  `title` varchar(255) DEFAULT NULL,
  `slug` varchar(255) DEFAULT NULL,
  `shortDescription` text,
  `content` text,
  `sequence` varchar(255) DEFAULT NULL,
  `status` enum('Yes','No') DEFAULT NULL,
  `ar_title` varchar(255) DEFAULT NULL,
  `ar_shortDescription` text,
  `ar_description` text,
  `createdBy` varchar(200) DEFAULT NULL,
  `updatedBy` varchar(200) DEFAULT NULL,
  `createdAt` datetime DEFAULT NULL,
  `updatedAt` datetime DEFAULT NULL
) ENGINE=InnoDB DEFAULT CHARSET=utf8mb4 COLLATE=utf8mb4_0900_ai_ci;

--
-- Dumping data for table `section`
--

INSERT INTO `section` (`id`, `storeId`, `title`, `slug`, `shortDescription`, `content`, `sequence`, `status`, `ar_title`, `ar_shortDescription`, `ar_description`, `createdBy`, `updatedBy`, `createdAt`, `updatedAt`) VALUES
(19, 30, 'home page', 'home-page', '', '<p>Free Shipping</p>\r\n\r\n<p>On order over 500/-</p>\r\n\r\n<p>Cash on Delivery</p>\r\n\r\n<p>100% money back guarantee</p>\r\n\r\n<p>Special Gift Card</p>\r\n\r\n<p>Offer special bonuses with gift</p>\r\n\r\n<p>24/7 Customer Service</p>\r\n\r\n<p>Call us 24/7 at 123-456-789</p>\r\n', NULL, 'No', NULL, NULL, NULL, '30', '1', '2022-01-19 16:42:34', '2022-09-11 23:36:26'),
(20, 30, 'News', 'news', '', '<h3><strong>PERFUME GIFT SETS</strong></h3>\r\n\r\n<h3>&nbsp;</h3>\r\n\r\n<h3>Mawfoor presents Niche perfume gift sets on the occasion of Eid Al Adha. Order your Gift set at the price of Perfume. Limited time Offer!</h3>\r\n\r\n<p>&nbsp;</p>\r\n\r\n<p>5th July 2022</p>\r\n\r\n<p>&nbsp;</p>\r\n\r\n<p>&nbsp;</p>\r\n\r\n<h3><strong>NISHANE</strong></h3>\r\n\r\n<p>NISHANE is the first and only Istanbul based niche perfume brand that is celebrated globally with an exceptional point of view on artistic perfumery. This can easily be recognized by the uniqueness of the scent creations.<br />\r\n&nbsp;</p>\r\n\r\n<p>20th June 2022<br />\r\n&nbsp;</p>\r\n', NULL, 'Yes', NULL, NULL, NULL, NULL, '1', '2022-01-21 14:19:57', '2022-07-05 16:54:14'),
(21, 30, 'Terms and Conditions', 'terms-and-conditions', '', '<p><strong>Terms and Conditions</strong></p>\r\n\r\n<p>Last updated: June 30, 2022</p>\r\n\r\n<p>Please read these terms and conditions carefully before using Our Service.</p>\r\n\r\n<p><strong>Interpretation and Definitions</strong></p>\r\n\r\n<p><strong>Interpretation</strong></p>\r\n\r\n<p>The words of which the initial letter is capitalized have meanings defined under the following conditions. The following definitions shall have the same meaning regardless of whether they appear in singular or in plural.</p>\r\n\r\n<p><strong>Definitions</strong></p>\r\n\r\n<p>For the purposes of these Terms and Conditions:</p>\r\n\r\n<ul>\r\n	<li><strong>Affiliate</strong>&nbsp;means an entity that controls, is controlled by or is under common control with a party, where &quot;control&quot; means ownership of 50% or more of the shares, equity interest or other securities entitled to vote for election of directors or other managing authority.</li>\r\n	<li><strong>Country</strong>&nbsp;refers to: United Arab Emirates</li>\r\n	<li><strong>Company</strong>&nbsp;(referred to as either &quot;the Company&quot;, &quot;We&quot;, &quot;Us&quot; or &quot;Our&quot; in this Agreement) refers to Lasting Sillage Perfumes Trading LLC, 901, Lake Central Tower, Marasi Drive, Business Bay, Dubai, UAE.</li>\r\n	<li><strong>Device</strong>&nbsp;means any device that can access the Service such as a computer, a cellphone or a digital tablet.</li>\r\n	<li><strong>Service</strong>&nbsp;refers to the Website.</li>\r\n	<li><strong>Terms and Conditions</strong>&nbsp;(also referred as &quot;Terms&quot;) mean these Terms and Conditions that form the entire agreement between You and the Company regarding the use of the Service. This Terms and Conditions agreement has been created with the help of the&nbsp;<a href=\"https://www.freeprivacypolicy.com/free-terms-and-conditions-generator/\" target=\"_blank\">Free Terms and Conditions Generator</a>.</li>\r\n	<li><strong>Third-party Social Media Service</strong>&nbsp;means any services or content (including data, information, products or services) provided by a third-party that may be displayed, included or made available by the Service.</li>\r\n	<li><strong>Website</strong>&nbsp;refers to Mawfoor, accessible from&nbsp;<a href=\"https://mawfoor.com/\" target=\"_blank\">https://mawfoor.com</a></li>\r\n	<li><strong>You</strong>&nbsp;means the individual accessing or using the Service, or the company, or other legal entity on behalf of which such individual is accessing or using the Service, as applicable.</li>\r\n</ul>\r\n\r\n<p><strong>Acknowledgment</strong></p>\r\n\r\n<p>These are the Terms and Conditions governing the use of this Service and the agreement that operates between You and the Company. These Terms and Conditions set out the rights and obligations of all users regarding the use of the Service.</p>\r\n\r\n<p>Your access to and use of the Service is conditioned on Your acceptance of and compliance with these Terms and Conditions. These Terms and Conditions apply to all visitors, users and others who access or use the Service.</p>\r\n\r\n<p>By accessing or using the Service You agree to be bound by these Terms and Conditions. If You disagree with any part of these Terms and Conditions then You may not access the Service.</p>\r\n\r\n<p>You represent that you are over the age of 18. The Company does not permit those under 18 to use the Service.</p>\r\n\r\n<p>Your access to and use of the Service is also conditioned on Your acceptance of and compliance with the Privacy Policy of the Company. Our Privacy Policy describes Our policies and procedures on the collection, use and disclosure of Your personal information when You use the Application or the Website and tells You about Your privacy rights and how the law protects You. Please read Our Privacy Policy carefully before using Our Service.</p>\r\n\r\n<p><strong>Links to Other Websites</strong></p>\r\n\r\n<p>Our Service may contain links to third-party web sites or services that are not owned or controlled by the Company.</p>\r\n\r\n<p>The Company has no control over, and assumes no responsibility for, the content, privacy policies, or practices of any third party web sites or services. You further acknowledge and agree that the Company shall not be responsible or liable, directly or indirectly, for any damage or loss caused or alleged to be caused by or in connection with the use of or reliance on any such content, goods or services available on or through any such web sites or services.</p>\r\n\r\n<p>We strongly advise You to read the terms and conditions and privacy policies of any third-party web sites or services that You visit.</p>\r\n\r\n<p><strong>Termination</strong></p>\r\n\r\n<p>We may terminate or suspend Your access immediately, without prior notice or liability, for any reason whatsoever, including without limitation if You breach these Terms and Conditions.</p>\r\n\r\n<p>Upon termination, Your right to use the Service will cease immediately.</p>\r\n\r\n<p><strong>Limitation of Liability</strong></p>\r\n\r\n<p>Notwithstanding any damages that You might incur, the entire liability of the Company and any of its suppliers under any provision of this Terms and Your exclusive remedy for all of the foregoing shall be limited to the amount actually paid by You through the Service or 100 USD if You haven&#39;t purchased anything through the Service.</p>\r\n\r\n<p>To the maximum extent permitted by applicable law, in no event shall the Company or its suppliers be liable for any special, incidental, indirect, or consequential damages whatsoever (including, but not limited to, damages for loss of profits, loss of data or other information, for business interruption, for personal injury, loss of privacy arising out of or in any way related to the use of or inability to use the Service, third-party software and/or third-party hardware used with the Service, or otherwise in connection with any provision of this Terms), even if the Company or any supplier has been advised of the possibility of such damages and even if the remedy fails of its essential purpose.</p>\r\n\r\n<p>Some states do not allow the exclusion of implied warranties or limitation of liability for incidental or consequential damages, which means that some of the above limitations may not apply. In these states, each party&#39;s liability will be limited to the greatest extent permitted by law.</p>\r\n\r\n<p><strong>&quot;AS IS&quot; and &quot;AS AVAILABLE&quot; Disclaimer</strong></p>\r\n\r\n<p>The Service is provided to You &quot;AS IS&quot; and &quot;AS AVAILABLE&quot; and with all faults and defects without warranty of any kind. To the maximum extent permitted under applicable law, the Company, on its own behalf and on behalf of its Affiliates and its and their respective licensors and service providers, expressly disclaims all warranties, whether express, implied, statutory or otherwise, with respect to the Service, including all implied warranties of merchantability, fitness for a particular purpose, title and non-infringement, and warranties that may arise out of course of dealing, course of performance, usage or trade practice. Without limitation to the foregoing, the Company provides no warranty or undertaking, and makes no representation of any kind that the Service will meet Your requirements, achieve any intended results, be compatible or work with any other software, applications, systems or services, operate without interruption, meet any performance or reliability standards or be error free or that any errors or defects can or will be corrected.</p>\r\n\r\n<p>Without limiting the foregoing, neither the Company nor any of the company&#39;s provider makes any representation or warranty of any kind, express or implied: (i) as to the operation or availability of the Service, or the information, content, and materials or products included thereon; (ii) that the Service will be uninterrupted or error-free; (iii) as to the accuracy, reliability, or currency of any information or content provided through the Service; or (iv) that the Service, its servers, the content, or e-mails sent from or on behalf of the Company are free of viruses, scripts, trojan horses, worms, malware, timebombs or other harmful components.</p>\r\n\r\n<p>Some jurisdictions do not allow the exclusion of certain types of warranties or limitations on applicable statutory rights of a consumer, so some or all of the above exclusions and limitations may not apply to You. But in such a case the exclusions and limitations set forth in this section shall be applied to the greatest extent enforceable under applicable law.</p>\r\n\r\n<p><strong>Governing Law</strong></p>\r\n\r\n<p>The laws of the Country, excluding its conflicts of law rules, shall govern this Terms and Your use of the Service. Your use of the Application may also be subject to other local, state, national, or international laws.</p>\r\n\r\n<p><strong>Disputes Resolution</strong></p>\r\n\r\n<p>If You have any concern or dispute about the Service, You agree to first try to resolve the dispute informally by contacting the Company.</p>\r\n\r\n<p><strong>For European Union (EU) Users</strong></p>\r\n\r\n<p>If You are a European Union consumer, you will benefit from any mandatory provisions of the law of the country in which you are resident in.</p>\r\n\r\n<p><strong>United States Legal Compliance</strong></p>\r\n\r\n<p>You represent and warrant that (i) You are not located in a country that is subject to the United States government embargo, or that has been designated by the United States government as a &quot;terrorist supporting&quot; country, and (ii) You are not listed on any United States government list of prohibited or restricted parties.</p>\r\n\r\n<p><strong>Severability and Waiver</strong></p>\r\n\r\n<p><strong>Severability</strong></p>\r\n\r\n<p>If any provision of these Terms is held to be unenforceable or invalid, such provision will be changed and interpreted to accomplish the objectives of such provision to the greatest extent possible under applicable law and the remaining provisions will continue in full force and effect.</p>\r\n\r\n<p><strong>Waiver</strong></p>\r\n\r\n<p>Except as provided herein, the failure to exercise a right or to require performance of an obligation under these Terms shall not effect a party&#39;s ability to exercise such right or require such performance at any time thereafter nor shall the waiver of a breach constitute a waiver of any subsequent breach.</p>\r\n\r\n<p><strong>Translation Interpretation</strong></p>\r\n\r\n<p>These Terms and Conditions may have been translated if We have made them available to You on our Service. You agree that the original English text shall prevail in the case of a dispute.</p>\r\n\r\n<p><strong>Changes to These Terms and Conditions</strong></p>\r\n\r\n<p>We reserve the right, at Our sole discretion, to modify or replace these Terms at any time. If a revision is material We will make reasonable efforts to provide at least 30 days&#39; notice prior to any new terms taking effect. What constitutes a material change will be determined at Our sole discretion.</p>\r\n\r\n<p>By continuing to access or use Our Service after those revisions become effective, You agree to be bound by the revised terms. If You do not agree to the new terms, in whole or in part, please stop using the website and the Service.</p>\r\n\r\n<p><strong>Contact Us</strong></p>\r\n\r\n<p>If you have any questions about these Terms and Conditions, You can contact us:</p>\r\n\r\n<ul>\r\n	<li>By email:&nbsp;customercare@mawfoor.com</li>\r\n</ul>\r\n', NULL, 'Yes', NULL, NULL, NULL, NULL, '1', '2022-01-21 15:33:39', '2022-06-30 21:52:12'),
(22, 30, 'About Us', 'about-us', '', '<h3>About Us</h3>\r\n\r\n<p><br />\r\nMawfoor is an E-commerce platform dedicated to exclusive luxury fragrances, offering the convenience of buying online without any hassle and is completely reliable. We aim to offer you a lavish and enchanting experience. To achieve this, we offer genuine niche fragrances from selective companies around the world. All our products are authentically sourced from authorized distributors and can be trusted for their quality, and uniqueness. Our team of experts believes that fragrance needs are deeply emotional and personal &ndash; we thus focus on a deep understanding of the desires of our customers before offering them the best possible options in niche perfumes.</p>\r\n\r\n<p>Mission</p>\r\n\r\n<p>Our mission is to bring home the best in niche perfumes, delivering essential and authentic fragrances to the discerning clientele.</p>\r\n\r\n<p>Vision</p>\r\n\r\n<p>Our vision is to be the leading E-commerce platform for exclusive niche perfumes in the UAE.</p>\r\n\r\n<p>Credo</p>\r\n\r\n<p>We believe in educating our customers, creating trust through transparency, adapting to their needs, and improving the flow of our products.</p>\r\n', NULL, 'Yes', NULL, NULL, NULL, NULL, '1', '2022-01-21 15:33:01', '2022-09-04 11:36:17'),
(23, 30, 'Privacy Policy', 'privacy-policy', '', '<p><strong>Privacy Policy</strong></p>\r\n\r\n<p>Last updated: June 30, 2022</p>\r\n\r\n<p>This Privacy Policy describes Our policies and procedures on the collection, use, and disclosure of Your information when You use the Service and tells You about Your privacy rights and how the law protects You.</p>\r\n\r\n<p>We use Your Personal data to provide and improve the Service. By using the Service, You agree to the collection and use of information in accordance with this Privacy Policy. This Privacy Policy has been created with the help of the&nbsp;<a href=\"https://www.freeprivacypolicy.com/free-privacy-policy-generator/\" target=\"_blank\">Free Privacy Policy Generator</a>.</p>\r\n\r\n<p><strong>Interpretation and Definitions</strong></p>\r\n\r\n<p><strong>Interpretation</strong></p>\r\n\r\n<p>The words of which the initial letter is capitalized have meanings defined under the following conditions. The following definitions shall have the same meaning regardless of whether they appear in singular or in plural.</p>\r\n\r\n<p><strong>Definitions</strong></p>\r\n\r\n<p>For the purposes of this Privacy Policy:</p>\r\n\r\n<ul>\r\n	<li><strong>Account</strong>&nbsp;means a unique account created for You to access our Service or parts of our Service.</li>\r\n	<li><strong>Company</strong>&nbsp;(referred to as either &quot;the Company&quot;, &quot;We&quot;, &quot;Us&quot; or &quot;Our&quot; in this Agreement) refers to Lasting Sillage Perfumes Trading LLC, 901, Lake Central Tower, Marasi Drive, Dubai, UAE.</li>\r\n	<li><strong>Cookies</strong>&nbsp;are small files that are placed on Your computer, mobile device or any other device by a website, containing the details of Your browsing history on that website among its many uses.</li>\r\n	<li><strong>Country</strong>&nbsp;refers to: United Arab Emirates</li>\r\n	<li><strong>Device</strong>&nbsp;means any device that can access the Service such as a computer, a cellphone or a digital tablet.</li>\r\n	<li><strong>Personal Data</strong>&nbsp;is any information that relates to an identified or identifiable individual.</li>\r\n	<li><strong>Service</strong>&nbsp;refers to the Website.</li>\r\n	<li><strong>Service Provider</strong>&nbsp;means any natural or legal person who processes the data on behalf of the Company. It refers to third-party companies or individuals employed by the Company to facilitate the Service, to provide the Service on behalf of the Company, to perform services related to the Service or to assist the Company in analyzing how the Service is used.</li>\r\n	<li><strong>Third-party Social Media Service</strong>&nbsp;refers to any website or any social network website through which a User can log in or create an account to use the Service.</li>\r\n	<li><strong>Usage Data</strong>&nbsp;refers to data collected automatically, either generated by the use of the Service or from the Service infrastructure itself (for example, the duration of a page visit).</li>\r\n	<li><strong>Website</strong>&nbsp;refers to Mawfoor, accessible from&nbsp;<a href=\"https://mawfoor.com/\" target=\"_blank\">https://mawfoor.com</a></li>\r\n	<li><strong>You</strong>&nbsp;means the individual accessing or using the Service, or the company, or other legal entity on behalf of which such individual is accessing or using the Service, as applicable.</li>\r\n</ul>\r\n\r\n<p><strong>Collecting and Using Your Personal Data</strong></p>\r\n\r\n<p><strong>Types of Data Collected</strong></p>\r\n\r\n<p><strong>Personal Data</strong></p>\r\n\r\n<p>While using Our Service, We may ask You to provide Us with certain personally identifiable information that can be used to contact or identify You. Personally identifiable information may include, but is not limited to:</p>\r\n\r\n<ul>\r\n	<li>Email address</li>\r\n	<li>First name and last name</li>\r\n	<li>Phone number</li>\r\n	<li>Address, State, Province, ZIP/Postal code, City</li>\r\n	<li>Usage Data</li>\r\n</ul>\r\n\r\n<p><strong>Usage Data</strong></p>\r\n\r\n<p>Usage Data is collected automatically when using the Service.</p>\r\n\r\n<p>Usage Data may include information such as Your Device&#39;s Internet Protocol address (e.g. IP address), browser type, browser version, the pages of our Service that You visit, the time and date of Your visit, the time spent on those pages, unique device identifiers and other diagnostic data.</p>\r\n\r\n<p>When You access the Service by or through a mobile device, We may collect certain information automatically, including, but not limited to, the type of mobile device You use, Your mobile device unique ID, the IP address of Your mobile device, Your mobile operating system, the type of mobile Internet browser You use, unique device identifiers and other diagnostic data.</p>\r\n\r\n<p>We may also collect information that Your browser sends whenever You visit our Service or when You access the Service by or through a mobile device.</p>\r\n\r\n<p><strong>Information from Third-Party Social Media Services</strong></p>\r\n\r\n<p>The Company allows You to create an account and log in to use the Service through the following Third-party Social Media Services:</p>\r\n\r\n<ul>\r\n	<li>Google</li>\r\n	<li>Facebook</li>\r\n	<li>Twitter</li>\r\n	<li>LinkedIn</li>\r\n</ul>\r\n\r\n<p>If You decide to register through or otherwise grant us access to a Third-Party Social Media Service, We may collect Personal data that is already associated with Your Third-Party Social Media Service&#39;s account, such as Your name, Your email address, Your activities or Your contact list associated with that account.</p>\r\n\r\n<p>You may also have the option of sharing additional information with the Company through Your Third-Party Social Media Service&#39;s account. If You choose to provide such information and Personal Data, during registration or otherwise, You are giving the Company permission to use, share, and store it in a manner consistent with this Privacy Policy.</p>\r\n\r\n<p><strong>Tracking Technologies and Cookies</strong></p>\r\n\r\n<p>We use Cookies and similar tracking technologies to track the activity on Our Service and store certain information. Tracking technologies used are beacons, tags, and scripts to collect and track information and to improve and analyze Our Service. The technologies We use may include:</p>\r\n\r\n<ul>\r\n	<li><strong>Cookies or Browser Cookies.</strong>&nbsp;A cookie is a small file placed on Your Device. You can instruct Your browser to refuse all Cookies or to indicate when a Cookie is being sent. However, if You do not accept Cookies, You may not be able to use some parts of our Service. Unless you have adjusted Your browser setting so that it will refuse Cookies, our Service may use Cookies.</li>\r\n	<li><strong>Flash Cookies.</strong>&nbsp;Certain features of our Service may use local stored objects (or Flash Cookies) to collect and store information about Your preferences or Your activity on our Service. Flash Cookies are not managed by the same browser settings as those used for Browser Cookies. For more information on how You can delete Flash Cookies, please read &quot;Where can I change the settings for disabling, or deleting local shared objects?&quot; available at&nbsp;<a href=\"https://helpx.adobe.com/flash-player/kb/disable-local-shared-objects-flash.html#main_Where_can_I_change_the_settings_for_disabling__or_deleting_local_shared_objects_\" target=\"_blank\">https://helpx.adobe.com/flash-player/kb/disable-local-shared-objects-flash.html#main_Where_can_I_change_the_settings_for_disabling__or_deleting_local_shared_objects_</a></li>\r\n	<li><strong>Web Beacons.</strong>&nbsp;Certain sections of our Service and our emails may contain small electronic files known as web beacons (also referred to as clear gifs, pixel tags, and single-pixel gifs) that permit the Company, for example, to count users who have visited those pages or opened an email and for other related website statistics (for example, recording the popularity of a certain section and verifying system and server integrity).</li>\r\n</ul>\r\n\r\n<p>Cookies can be &quot;Persistent&quot; or &quot;Session&quot; Cookies. Persistent Cookies remain on Your personal computer or mobile device when You go offline, while Session Cookies are deleted as soon as You close Your web browser. Learn more about cookies on the&nbsp;<a href=\"https://www.freeprivacypolicy.com/blog/sample-privacy-policy-template/#Use_Of_Cookies_And_Tracking\" target=\"_blank\">Free Privacy Policy website</a>&nbsp;article.</p>\r\n\r\n<p>We use both Session and Persistent Cookies for the purposes set out below:</p>\r\n\r\n<ul>\r\n	<li><strong>Necessary / Essential Cookies</strong></li>\r\n</ul>\r\n\r\n<p>Type: Session Cookies</p>\r\n\r\n<p>Administered by: Us</p>\r\n\r\n<p>Purpose: These Cookies are essential to provide You with services available through the Website and to enable You to use some of its features. They help to authenticate users and prevent fraudulent use of user accounts. Without these Cookies, the services that You have asked for cannot be provided, and We only use these Cookies to provide You with those services.</p>\r\n\r\n<ul>\r\n	<li><strong>Cookies Policy / Notice Acceptance Cookies</strong></li>\r\n</ul>\r\n\r\n<p>Type: Persistent Cookies</p>\r\n\r\n<p>Administered by: Us</p>\r\n\r\n<p>Purpose: These Cookies identify if users have accepted the use of cookies on the Website.</p>\r\n\r\n<ul>\r\n	<li><strong>Functionality Cookies</strong></li>\r\n</ul>\r\n\r\n<p>Type: Persistent Cookies</p>\r\n\r\n<p>Administered by: Us</p>\r\n\r\n<p>Purpose: These Cookies allow us to remember choices You make when You use the Website, such as remembering your login details or language preference. The purpose of these Cookies is to provide You with a more personal experience and to avoid You having to re-enter your preferences every time You use the Website.</p>\r\n\r\n<p>For more information about the cookies we use and your choices regarding cookies, please visit our Cookies Policy or the Cookies section of our Privacy Policy.</p>\r\n\r\n<p><strong>Use of Your Personal Data</strong></p>\r\n\r\n<p>The Company may use Personal Data for the following purposes:</p>\r\n\r\n<ul>\r\n	<li><strong>To provide and maintain our Service</strong>, including to monitor the usage of our Service.</li>\r\n	<li><strong>To manage Your Account:</strong>&nbsp;to manage Your registration as a user of the Service. The Personal Data You provide can give You access to different functionalities of the Service that are available to You as a registered user.</li>\r\n	<li><strong>For the performance of a contract:</strong>&nbsp;the development, compliance and undertaking of the purchase contract for the products, items or services You have purchased or of any other contract with Us through the Service.</li>\r\n	<li><strong>To contact You:</strong>&nbsp;To contact You by email, telephone calls, SMS, or other equivalent forms of electronic communication, such as a mobile application&#39;s push notifications regarding updates or informative communications related to the functionalities, products or contracted services, including the security updates, when necessary or reasonable for their implementation.</li>\r\n	<li><strong>To provide You</strong>&nbsp;with news, special offers and general information about other goods, services and events which we offer that are similar to those that you have already purchased or enquired about unless You have opted not to receive such information.</li>\r\n	<li><strong>To manage Your requests:</strong>&nbsp;To attend and manage Your requests to Us.</li>\r\n	<li><strong>For business transfers:</strong>&nbsp;We may use Your information to evaluate or conduct a merger, divestiture, restructuring, reorganization, dissolution, or other sale or transfer of some or all of Our assets, whether as a going concern or as part of bankruptcy, liquidation, or similar proceeding, in which Personal Data held by Us about our Service users is among the assets transferred.</li>\r\n	<li><strong>For other purposes</strong>: We may use Your information for other purposes, such as data analysis, identifying usage trends, determining the effectiveness of our promotional campaigns and to evaluate and improve our Service, products, services, marketing and your experience.</li>\r\n</ul>\r\n\r\n<p>We may share Your personal information in the following situations:</p>\r\n\r\n<ul>\r\n	<li><strong>With Service Providers:</strong>&nbsp;We may share Your personal information with Service Providers to monitor and analyze the use of our Service, to contact You.</li>\r\n	<li><strong>For business transfers:</strong>&nbsp;We may share or transfer Your personal information in connection with, or during negotiations of, any merger, sale of Company assets, financing, or acquisition of all or a portion of Our business to another company.</li>\r\n	<li><strong>With Affiliates:</strong>&nbsp;We may share Your information with Our affiliates, in which case we will require those affiliates to honor this Privacy Policy. Affiliates include Our parent company and any other subsidiaries, joint venture partners or other companies that We control or that are under common control with Us.</li>\r\n	<li><strong>With business partners:</strong>&nbsp;We may share Your information with Our business partners to offer You certain products, services or promotions.</li>\r\n	<li><strong>With other users:</strong>&nbsp;when You share personal information or otherwise interact in the public areas with other users, such information may be viewed by all users and may be publicly distributed outside. If You interact with other users or register through a Third-Party Social Media Service, Your contacts on the Third-Party Social Media Service may see Your name, profile, pictures and description of Your activity. Similarly, other users will be able to view descriptions of Your activity, communicate with You and view Your profile.</li>\r\n	<li><strong>With Your consent</strong>: We may disclose Your personal information for any other purpose with Your consent.</li>\r\n</ul>\r\n\r\n<p><strong>Retention of Your Personal Data</strong></p>\r\n\r\n<p>The Company will retain Your Personal Data only for as long as is necessary for the purposes set out in this Privacy Policy. We will retain and use Your Personal Data to the extent necessary to comply with our legal obligations (for example, if we are required to retain your data to comply with applicable laws), resolve disputes, and enforce our legal agreements and policies.</p>\r\n\r\n<p>The Company will also retain Usage Data for internal analysis purposes. Usage Data is generally retained for a shorter period of time, except when this data is used to strengthen the security or to improve the functionality of Our Service, or We are legally obligated to retain this data for longer time periods.</p>\r\n\r\n<p><strong>Transfer of Your Personal Data</strong></p>\r\n\r\n<p>Your information, including Personal Data, is processed at the Company&#39;s operating offices and in any other places where the parties involved in the processing are located. It means that this information may be transferred to &mdash; and maintained on &mdash; computers located outside of Your state, province, country or other governmental jurisdiction where the data protection laws may differ than those from Your jurisdiction.</p>\r\n\r\n<p>Your consent to this Privacy Policy followed by Your submission of such information represents Your agreement to that transfer.</p>\r\n\r\n<p>The Company will take all steps reasonably necessary to ensure that Your data is treated securely and in accordance with this Privacy Policy and no transfer of Your Personal Data will take place to an organization or a country unless there are adequate controls in place including the security of Your data and other personal information.</p>\r\n\r\n<p><strong>Disclosure of Your Personal Data</strong></p>\r\n\r\n<p><strong>Business Transactions</strong></p>\r\n\r\n<p>If the Company is involved in a merger, acquisition or asset sale, Your Personal Data may be transferred. We will provide notice before Your Personal Data is transferred and becomes subject to a different Privacy Policy.</p>\r\n\r\n<p><strong>Law enforcement</strong></p>\r\n\r\n<p>Under certain circumstances, the Company may be required to disclose Your Personal Data if required to do so by law or in response to valid requests by public authorities (e.g. a court or a government agency).</p>\r\n\r\n<p><strong>Other legal requirements</strong></p>\r\n\r\n<p>The Company may disclose Your Personal Data in the good faith belief that such action is necessary to:</p>\r\n\r\n<ul>\r\n	<li>Comply with a legal obligation</li>\r\n	<li>Protect and defend the rights or property of the Company</li>\r\n	<li>Prevent or investigate possible wrongdoing in connection with the Service</li>\r\n	<li>Protect the personal safety of Users of the Service or the public</li>\r\n	<li>Protect against legal liability</li>\r\n</ul>\r\n\r\n<p><strong>Security of Your Personal Data</strong></p>\r\n\r\n<p>The security of Your Personal Data is important to Us, but remember that no method of transmission over the Internet, or method of electronic storage is 100% secure. While We strive to use commercially acceptable means to protect Your Personal Data, We cannot guarantee its absolute security.</p>\r\n\r\n<p><strong>Children&#39;s Privacy</strong></p>\r\n\r\n<p>Our Service does not address anyone under the age of 13. We do not knowingly collect personally identifiable information from anyone under the age of 13. If You are a parent or guardian and You are aware that Your child has provided Us with Personal Data, please contact Us. If We become aware that We have collected Personal Data from anyone under the age of 13 without verification of parental consent, We take steps to remove that information from Our servers.</p>\r\n\r\n<p>If We need to rely on consent as a legal basis for processing Your information and Your country requires consent from a parent, We may require Your parent&#39;s consent before We collect and use that information.</p>\r\n\r\n<p><strong>Links to Other Websites</strong></p>\r\n\r\n<p>Our Service may contain links to other websites that are not operated by Us. If You click on a third party link, You will be directed to that third party&#39;s site. We strongly advise You to review the Privacy Policy of every site You visit.</p>\r\n\r\n<p>We have no control over and assume no responsibility for the content, privacy policies or practices of any third party sites or services.</p>\r\n\r\n<p><strong>Changes to this Privacy Policy</strong></p>\r\n\r\n<p>We may update Our Privacy Policy from time to time. We will notify You of any changes by posting the new Privacy Policy on this page.</p>\r\n\r\n<p>We will let You know via email and/or a prominent notice on Our Service, prior to the change becoming effective and update the &quot;Last updated&quot; date at the top of this Privacy Policy.</p>\r\n\r\n<p>You are advised to review this Privacy Policy periodically for any changes. Changes to this Privacy Policy are effective when they are posted on this page.</p>\r\n\r\n<p><strong>Contact Us</strong></p>\r\n\r\n<p>If you have any questions about this Privacy Policy, You can contact us:</p>\r\n\r\n<ul>\r\n	<li>By email:&nbsp;customercare@mawfoor.com</li>\r\n</ul>\r\n', NULL, 'Yes', NULL, NULL, NULL, NULL, '1', '2022-01-21 15:31:42', '2022-06-30 21:49:51'),
(31, 30, 'Return and Refund Policy', 'return-and-refund-policy', '', '<p><strong>Return and Refund Policy</strong></p>\r\n\r\n<p>Last updated: June 30, 2022</p>\r\n\r\n<p>Thank you for shopping at Mawfoor.</p>\r\n\r\n<p>If, for any reason, You are not completely satisfied with a purchase We invite You to review our policy on refunds and returns.&nbsp;</p>\r\n\r\n<p>The following terms are applicable for any products that You purchased with Us.</p>\r\n\r\n<p><strong>Interpretation and Definitions</strong></p>\r\n\r\n<p><strong>Interpretation</strong></p>\r\n\r\n<p>The words of which the initial letter is capitalized have meanings defined under the following conditions. The following definitions shall have the same meaning regardless of whether they appear in singular or in plural.</p>\r\n\r\n<p><strong>Definitions</strong></p>\r\n\r\n<p>For the purposes of this Return and Refund Policy:</p>\r\n\r\n<ul>\r\n	<li><strong>Company</strong>&nbsp;(referred to as either &quot;the Company&quot;, &quot;We&quot;, &quot;Us&quot; or &quot;Our&quot; in this Agreement) refers to Lasting Sillage Perfumes Trading LLC, 901, Lake Central Tower, Marasi Drive, Business Bay, Dubai, UAE.</li>\r\n	<li><strong>Goods</strong>&nbsp;refer to the items offered for sale on the Service.</li>\r\n	<li><strong>Orders</strong>&nbsp;mean a request by You to purchase Goods from Us.</li>\r\n	<li><strong>Service</strong>&nbsp;refers to the Website.</li>\r\n	<li><strong>Website</strong>&nbsp;refers to Mawfoor, accessible from&nbsp;<a href=\"https://mawfoor.com/\" target=\"_blank\">https://mawfoor.com</a></li>\r\n	<li><strong>You</strong>&nbsp;means the individual accessing or using the Service, or the company, or other legal entity on behalf of which such individual is accessing or using the Service, as applicable.</li>\r\n</ul>\r\n\r\n<p><strong>Your Order Cancellation Rights</strong></p>\r\n\r\n<p>You are entitled to cancel Your Order within 7 days without giving any reason for doing so.</p>\r\n\r\n<p>The deadline for cancelling an Order is 7 days from the date on which You received the Goods or on which a third party you have appointed, who is not the carrier, takes possession of the product delivered.</p>\r\n\r\n<p>In order to exercise Your right of cancellation, You must inform Us of your decision by means of a clear statement. You can inform us of your decision by:</p>\r\n\r\n<ul>\r\n	<li>By email:&nbsp;customercare@mawfoor.com</li>\r\n</ul>\r\n\r\n<p>We will reimburse You no later than 14 days from the day on which We receive the returned Goods. We will use the same means of payment as You used for the Order, and You will not incur any fees for such reimbursement.</p>\r\n\r\n<p><strong>Conditions for Returns</strong></p>\r\n\r\n<p>In order for the Goods to be eligible for a return, please make sure that:</p>\r\n\r\n<ul>\r\n	<li>The Goods were purchased in the last 7 days</li>\r\n	<li>The Goods are in the original packaging</li>\r\n</ul>\r\n\r\n<p>The following Goods cannot be returned:</p>\r\n\r\n<ul>\r\n	<li>The supply of Goods made to Your specifications or clearly personalized.</li>\r\n	<li>The supply of Goods which according to their nature are not suitable to be returned, deteriorate rapidly or where the date of expiry is over.</li>\r\n	<li>The supply of Goods which are not suitable for return due to health protection or hygiene reasons and were unsealed after delivery.</li>\r\n	<li>The supply of Goods which are, after delivery, according to their nature, inseparably mixed with other items.</li>\r\n</ul>\r\n\r\n<p>We reserve the right to refuse returns of any merchandise that does not meet the above return conditions in our sole discretion.</p>\r\n\r\n<p>Only regular priced Goods may be refunded. Unfortunately, Goods on sale cannot be refunded. This exclusion may not apply to You if it is not permitted by applicable law.</p>\r\n\r\n<p><strong>Returning Goods</strong></p>\r\n\r\n<p>You are responsible for the cost and risk of returning the Goods to Us. You should send the Goods at the following address:</p>\r\n\r\n<p>901, Lake Central Tower, Marasi Drive, Business Bay, Dubai, United Arab Emirates</p>\r\n\r\n<p>We cannot be held responsible for Goods damaged or lost in return shipment. Therefore, We recommend an insured and trackable mail service. We are unable to issue a refund without actual receipt of the Goods or proof of received return delivery.</p>\r\n\r\n<p><strong>Gifts</strong></p>\r\n\r\n<p>If the Goods were marked as a gift when purchased and then shipped directly to you, You&#39;ll receive a gift credit for the value of your return. Once the returned product is received, a gift certificate will be mailed to You.</p>\r\n\r\n<p>If the Goods weren&#39;t marked as a gift when purchased, or the gift giver had the Order shipped to themselves to give it to You later, We will send the refund to the gift giver.</p>\r\n\r\n<p><strong>Contact Us</strong></p>\r\n\r\n<p>If you have any questions about our Returns and Refunds Policy, please contact us:</p>\r\n\r\n<ul>\r\n	<li>By email:&nbsp;customercare@mawfoor.com</li>\r\n</ul>\r\n', NULL, 'Yes', NULL, NULL, NULL, '1', '1', '2022-06-30 21:54:26', '2022-08-08 13:10:39'),
(32, 30, 'Cookies Policy', 'cookies-policy', '', '<p><strong>Cookies Policy</strong></p>\r\n\r\n<p>Last updated: June 30, 2022</p>\r\n\r\n<p>This Cookies Policy explains what Cookies are and how We use them. You should read this policy so You can understand what type of cookies We use, or the information We collect using Cookies and how that information is used.&nbsp;</p>\r\n\r\n<p>Cookies do not typically contain any information that personally identifies a user, but personal information that we store about you may be linked to the information stored in and obtained from Cookies. For further information on how We use, store and keep your personal data secure, see our Privacy Policy.</p>\r\n\r\n<p>We do not store sensitive personal information, such as mailing addresses, account passwords, etc. in the Cookies We use.</p>\r\n\r\n<p><strong>Interpretation and Definitions</strong></p>\r\n\r\n<p><strong>Interpretation</strong></p>\r\n\r\n<p>The words of which the initial letter is capitalized have meanings defined under the following conditions. The following definitions shall have the same meaning regardless of whether they appear in singular or in plural.</p>\r\n\r\n<p><strong>Definitions</strong></p>\r\n\r\n<p>For the purposes of this Cookies Policy:</p>\r\n\r\n<ul>\r\n	<li><strong>Company</strong>&nbsp;(referred to as either &quot;the Company&quot;, &quot;We&quot;, &quot;Us&quot; or &quot;Our&quot; in this Cookies Policy) refers to Lasting Sillage Perfumes Trading LLC, 901, Lake Central Tower, Marasi Drive, Business Bay, Dubai, UAE.</li>\r\n	<li><strong>Cookies</strong>&nbsp;means small files that are placed on Your computer, mobile device or any other device by a website, containing details of your browsing history on that website among its many uses.</li>\r\n	<li><strong>Website</strong>&nbsp;refers to Mawfoor, accessible from&nbsp;<a href=\"https://mawfoor.com/\" target=\"_blank\">https://mawfoor.com</a></li>\r\n	<li><strong>You</strong>&nbsp;means the individual accessing or using the Website, or a company, or any legal entity on behalf of which such individual is accessing or using the Website, as applicable.</li>\r\n</ul>\r\n\r\n<p><strong>The use of the Cookies</strong></p>\r\n\r\n<p><strong>Type of Cookies We Use</strong></p>\r\n\r\n<p>Cookies can be &quot;Persistent&quot; or &quot;Session&quot; Cookies. Persistent Cookies remain on your personal computer or mobile device when You go offline, while Session Cookies are deleted as soon as You close your web browser.</p>\r\n\r\n<p>We use both session and persistent Cookies for the purposes set out below:</p>\r\n\r\n<ul>\r\n	<li><strong>Necessary / Essential Cookies</strong></li>\r\n</ul>\r\n\r\n<p>Type: Session Cookies</p>\r\n\r\n<p>Administered by: Us</p>\r\n\r\n<p>Purpose: These Cookies are essential to provide You with services available through the Website and to enable You to use some of its features. They help to authenticate users and prevent fraudulent use of user accounts. Without these Cookies, the services that You have asked for cannot be provided, and We only use these Cookies to provide You with those services.</p>\r\n\r\n<ul>\r\n	<li><strong>Functionality Cookies</strong></li>\r\n</ul>\r\n\r\n<p>Type: Persistent Cookies</p>\r\n\r\n<p>Administered by: Us</p>\r\n\r\n<p>Purpose: These Cookies allow us to remember choices You make when You use the Website, such as remembering your login details or language preference. The purpose of these Cookies is to provide You with a more personal experience and to avoid You having to re-enter your preferences every time You use the Website.</p>\r\n\r\n<p><strong>Your Choices Regarding Cookies</strong></p>\r\n\r\n<p>If You prefer to avoid the use of Cookies on the Website, first You must disable the use of Cookies in your browser and then delete the Cookies saved in your browser associated with this website. You may use this option for preventing the use of Cookies at any time.</p>\r\n\r\n<p>If You do not accept Our Cookies, You may experience some inconvenience in your use of the Website and some features may not function properly.</p>\r\n\r\n<p>If You&#39;d like to delete Cookies or instruct your web browser to delete or refuse Cookies, please visit the help pages of your web browser.</p>\r\n\r\n<ul>\r\n	<li>For the Chrome web browser, please visit this page from Google:&nbsp;<a href=\"https://support.google.com/accounts/answer/32050\" target=\"_blank\">https://support.google.com/accounts/answer/32050</a></li>\r\n	<li>For the Internet Explorer web browser, please visit this page from Microsoft:&nbsp;<a href=\"http://support.microsoft.com/kb/278835\" target=\"_blank\">http://support.microsoft.com/kb/278835</a></li>\r\n	<li>For the Firefox web browser, please visit this page from Mozilla:&nbsp;<a href=\"https://support.mozilla.org/en-US/kb/delete-cookies-remove-info-websites-stored\" target=\"_blank\">https://support.mozilla.org/en-US/kb/delete-cookies-remove-info-websites-stored</a></li>\r\n	<li>For the Safari web browser, please visit this page from Apple:&nbsp;<a href=\"https://support.apple.com/guide/safari/manage-cookies-and-website-data-sfri11471/mac\" target=\"_blank\">https://support.apple.com/guide/safari/manage-cookies-and-website-data-sfri11471/mac</a></li>\r\n</ul>\r\n\r\n<p>For any other web browser, please visit your web browser&#39;s official web pages.</p>\r\n\r\n<p><strong>More Information about Cookies</strong></p>\r\n\r\n<p>You can learn more about cookies:&nbsp;<a href=\"https://www.freeprivacypolicy.com/blog/cookies/\" target=\"_blank\">Cookies: What Do They Do?</a>.</p>\r\n\r\n<p><strong>Contact Us</strong></p>\r\n\r\n<p>If you have any questions about this Cookies Policy, You can contact us:</p>\r\n\r\n<ul>\r\n	<li>By email:&nbsp;customercare@mawfoor.com</li>\r\n</ul>\r\n', NULL, 'Yes', 'اربك تكست هو اول موقع يسمح لزواره الكرام بتحويل الكتابة العربي الى كتابة مفهومة من قبل اغلب برامج', 'اربك تكست هو اول موقع يسمح لزواره الكرام بتحويل الكتابة العربي الى كتابة مفهومة من قبل اغلب برامج', 'اربك تكست هو اول موقع يسمح لزواره الكرام بتحويل الكتابة العربي الى كتابة مفهومة من قبل اغلب برامج', '1', '1', '2022-06-30 21:56:52', '2022-11-04 17:53:51');

-- --------------------------------------------------------

--
-- Table structure for table `sessions`
--

CREATE TABLE `sessions` (
  `id` int NOT NULL,
  `store_id` int DEFAULT NULL,
  `session_id` varchar(100) DEFAULT NULL,
  `location` varchar(100) DEFAULT NULL,
  `ip_address` varchar(30) DEFAULT NULL,
  `device_name` varchar(100) DEFAULT NULL,
  `device_type` varchar(50) DEFAULT NULL,
  `browser` varchar(50) DEFAULT NULL,
  `path_json` text,
  `reference_url` varchar(100) DEFAULT NULL,
  `no_of_hits` int DEFAULT NULL,
  `createdAt` timestamp NULL DEFAULT NULL,
  `updatedAt` timestamp NULL DEFAULT CURRENT_TIMESTAMP
) ENGINE=InnoDB DEFAULT CHARSET=utf8mb4 COLLATE=utf8mb4_0900_ai_ci COMMENT='Sessions Table';

--
-- Dumping data for table `sessions`
--

INSERT INTO `sessions` (`id`, `store_id`, `session_id`, `location`, `ip_address`, `device_name`, `device_type`, `browser`, `path_json`, `reference_url`, `no_of_hits`, `createdAt`, `updatedAt`) VALUES
(1, 37, 'dMc4NHr9brndrvryAAAB', '', '::ffff:42.105.2.239', 'Windows', 'Windows', ' Google Chrome', '', 'https://sg.tezcommerce.com/', 1, '2022-05-13 15:09:15', '2022-05-13 15:09:15'),
(2, 37, 'OypnG6cY__H4GPufAAAF', '', '::ffff:42.105.2.239', 'Windows', 'Windows', ' Google Chrome', '', 'https://sg.tezcommerce.com/', 1, '2022-05-13 15:16:24', '2022-05-13 15:16:24'),
(3, 37, 'leN7YzAvaXZomAPKAAAF', '', '::ffff:47.11.14.91', 'Windows', 'Windows', ' Google Chrome', '', 'https://sg.tezcommerce.com/', 1, '2022-05-14 11:29:24', '2022-05-14 11:29:24'),
(4, 37, 'rWTTiP34-9CSMEO_AAAJ', '', '::ffff:47.11.14.91', 'Windows', 'Windows', ' Google Chrome', '', 'https://sg.tezcommerce.com/', 1, '2022-05-14 12:01:23', '2022-05-14 12:01:23'),
(5, 37, '3F5xXEDL1BJIPekhAAAN', '', '::ffff:47.11.14.91', 'Windows', 'Windows', ' Google Chrome', '', 'https://sg.tezcommerce.com/', 1, '2022-05-14 12:04:21', '2022-05-14 12:04:21'),
(6, 37, 'F2KpddXtrPNUDL5TAAAR', '', '::ffff:47.11.0.51', 'Windows', 'Windows', ' Google Chrome', '', 'https://sg.tezcommerce.com/', 1, '2022-05-14 12:09:21', '2022-05-14 12:09:21'),
(7, 37, 'gj3nmFvTYT4vTnr-AAAT', '', '::ffff:47.11.0.51', 'Windows', 'Windows', ' Google Chrome', '', 'https://sg.tezcommerce.com/', 1, '2022-05-14 12:30:58', '2022-05-14 12:30:58'),
(8, 37, 'ruTAh3GPPhhnVUmJAAAb', '', '::ffff:47.11.8.0', 'Windows', 'Windows', ' Google Chrome', '', 'https://sg.tezcommerce.com/', 1, '2022-05-14 15:28:24', '2022-05-14 15:28:24'),
(9, 37, '9Gx3KgK3Rq4jsmyMAAAd', '', '::ffff:47.11.197.69', 'Android', 'Android', ' Google Chrome', '', 'https://sg.tezcommerce.com/', 1, '2022-05-14 16:12:51', '2022-05-14 16:12:51'),
(10, 37, 'Pdey1sJHyUyLVztkAAAf', '', '::ffff:47.11.197.69', 'Android', 'Android', ' Google Chrome', '', 'https://sg.tezcommerce.com/', 1, '2022-05-14 16:13:23', '2022-05-14 16:13:23'),
(11, 37, 'AZzlRcP-wn3U1lVqAAAh', '', '::ffff:47.11.197.69', 'Android', 'Android', ' Google Chrome', '', 'https://sg.tezcommerce.com/', 1, '2022-05-14 16:13:36', '2022-05-14 16:13:36'),
(12, 37, 'XGWYvDnbneuSGSIwAAAj', '', '::ffff:47.11.197.69', 'Android', 'Android', ' Google Chrome', '', 'https://sg.tezcommerce.com/', 1, '2022-05-14 16:13:40', '2022-05-14 16:13:40'),
(13, 37, 'fE2bb_k_CHkcvae2AAAl', '', '::ffff:47.11.197.69', 'Android', 'Android', ' Google Chrome', '', 'https://sg.tezcommerce.com/', 1, '2022-05-14 16:13:42', '2022-05-14 16:13:42'),
(14, 37, '3cBWzMakqI3DuAIRAAAn', '', '::ffff:47.11.231.225', 'Windows', 'Windows', ' Google Chrome', '', 'https://sg.tezcommerce.com/', 1, '2022-05-16 05:36:21', '2022-05-16 05:36:21'),
(15, 37, 'ZWYaVELGgjibqBBuAAA3', '', '::ffff:49.37.54.203', 'macOS', 'macOS', ' Google Chrome', '', 'https://sg.tezcommerce.com/', 1, '2022-05-16 06:39:39', '2022-05-16 06:39:39'),
(16, 37, 'Az2gBjk9MYVs2KtaAAA5', '', '::ffff:47.11.231.225', 'Windows', 'Windows', ' Google Chrome', '', 'https://sg.tezcommerce.com/', 1, '2022-05-16 06:42:29', '2022-05-16 06:42:29'),
(17, 37, 'ewNvzF1DGN5fo5uWAABF', '', '::ffff:202.142.99.84', 'Linux', 'Linux', ' Google Chrome', '', 'https://sg.tezcommerce.com/', 1, '2022-05-16 07:13:28', '2022-05-16 07:13:28'),
(18, 37, 'DC7Q9j13Bof3eGQPAABH', '', '::ffff:47.11.231.225', 'Windows', 'Windows', ' Google Chrome', '', 'https://sg.tezcommerce.com/', 1, '2022-05-16 07:14:12', '2022-05-16 07:14:12'),
(19, 37, 'asYdFImNNdEW4x1MAABL', '', '::ffff:202.142.99.84', 'Windows', 'Windows', ' Google Chrome', '', 'https://sg.tezcommerce.com/', 1, '2022-05-16 07:14:44', '2022-05-16 07:14:44'),
(20, 37, '13P-s78gQ0uWQyPeAAAt', '', '::ffff:49.37.54.203', 'Windows', 'Windows', ' Google Chrome', '', 'https://sg.tezcommerce.com/', 1, '2022-05-16 08:22:55', '2022-05-16 08:22:55'),
(21, 37, 'VX_H_4YJbc-8IN3aAAAv', '', '::ffff:49.37.54.203', 'Windows', 'Windows', ' Google Chrome', '', 'https://sg.tezcommerce.com/', 1, '2022-05-16 08:22:59', '2022-05-16 08:22:59'),
(22, 37, 'LAmfEQHF5Z2d_j0JAAA1', '', '::ffff:49.37.54.203', 'Windows', 'Windows', ' Google Chrome', '', 'https://sg.tezcommerce.com/', 1, '2022-05-16 08:28:42', '2022-05-16 08:28:42'),
(23, 37, 'AHS1TO6rr6YYwz_EAAA3', '', '::ffff:49.37.54.203', 'Windows', 'Windows', ' Google Chrome', '', 'https://sg.tezcommerce.com/', 1, '2022-05-16 08:28:49', '2022-05-16 08:28:49'),
(24, 37, 'SmLaSFD7-Bw8uEzhAABL', '', '::ffff:49.37.54.203', 'Windows', 'Windows', ' Google Chrome', '', 'https://sg.tezcommerce.com/', 1, '2022-05-16 08:31:16', '2022-05-16 08:31:16'),
(25, 37, 'CADtTOf8g68Cxv_xAABO', '', '::ffff:49.37.54.203', 'Windows', 'Windows', ' Google Chrome', '', 'https://sg.tezcommerce.com/', 1, '2022-05-16 08:31:19', '2022-05-16 08:31:19'),
(26, 37, '5BUP6SYFQj-1XnugAAAD', '', '::ffff:47.11.231.225', 'Windows', 'Windows', ' Google Chrome', '', 'https://sg.tezcommerce.com/', 1, '2022-05-16 14:00:24', '2022-05-16 14:00:24'),
(27, 37, 'tpK5WYJ502hwMe3SAAAF', '', '::ffff:47.11.231.225', 'Windows', 'Windows', ' Google Chrome', '', 'https://sg.tezcommerce.com/', 1, '2022-05-16 14:00:32', '2022-05-16 14:00:32'),
(28, 37, 'uIaAs5N4ZOI9gxKnAAAB', '', '::ffff:49.37.54.71', 'Windows', 'Windows', ' Google Chrome', '', 'https://sg.tezcommerce.com/', 1, '2022-05-18 05:40:10', '2022-05-18 05:40:10');

-- --------------------------------------------------------

--
-- Table structure for table `shippingMethods`
--

CREATE TABLE `shippingMethods` (
  `id` int NOT NULL,
  `storeId` int DEFAULT NULL,
  `name` varchar(255) CHARACTER SET utf8mb3 COLLATE utf8mb3_bin DEFAULT NULL,
  `slug` varchar(255) CHARACTER SET utf8mb3 COLLATE utf8mb3_bin DEFAULT NULL,
  `price` decimal(12,2) DEFAULT '0.00',
  `fromTime` varchar(255) CHARACTER SET utf8mb3 COLLATE utf8mb3_bin DEFAULT NULL,
  `toTime` varchar(255) CHARACTER SET utf8mb3 COLLATE utf8mb3_bin DEFAULT NULL,
  `createdBy` varchar(128) CHARACTER SET utf8mb3 COLLATE utf8mb3_bin DEFAULT NULL,
  `updatedBy` varchar(128) CHARACTER SET utf8mb3 COLLATE utf8mb3_bin DEFAULT NULL,
  `createdAt` datetime DEFAULT NULL,
  `updatedAt` datetime DEFAULT NULL,
  `active` enum('Yes','No') CHARACTER SET utf8mb3 COLLATE utf8mb3_bin DEFAULT NULL
) ENGINE=InnoDB DEFAULT CHARSET=utf8mb3 COLLATE=utf8mb3_bin COMMENT='Shipping Methods Table';

-- --------------------------------------------------------

--
-- Table structure for table `siteSettings`
--

CREATE TABLE `siteSettings` (
  `id` int NOT NULL,
  `storeId` int DEFAULT NULL,
  `siteSettingsGroupId` int DEFAULT NULL,
  `title` varchar(255) DEFAULT NULL,
  `label` varchar(255) NOT NULL,
  `siteName` varchar(255) DEFAULT NULL,
  `tagline` varchar(255) DEFAULT NULL,
  `email` varchar(255) DEFAULT NULL,
  `mobileNo` varchar(255) DEFAULT NULL,
  `appVersion` varchar(255) DEFAULT NULL,
  `fax` varchar(255) DEFAULT NULL,
  `siteUrl` varchar(255) DEFAULT NULL,
  `address` varchar(255) DEFAULT NULL,
  `siteDescription` varchar(255) DEFAULT NULL,
  `feature` varchar(255) DEFAULT NULL,
  `maxProAvailability` varchar(255) DEFAULT NULL,
  `shippingCharges` varchar(255) DEFAULT NULL,
  `freeShippingLimit` varchar(255) DEFAULT NULL,
  `contactUsContent` varchar(255) DEFAULT NULL,
  `image` varchar(255) DEFAULT NULL,
  `fImage` varchar(255) DEFAULT NULL,
  `value` varchar(255) DEFAULT NULL,
  `sequence` int DEFAULT NULL,
  `facebook` varchar(200) DEFAULT NULL,
  `twitter` varchar(200) DEFAULT NULL,
  `linkedin` varchar(200) DEFAULT NULL,
  `instagram` varchar(200) DEFAULT NULL,
  `youtube` varchar(255) DEFAULT NULL,
  `latitude` varchar(200) DEFAULT NULL,
  `longitude` varchar(200) DEFAULT NULL,
  `googleUrl` varchar(200) DEFAULT NULL,
  `isSystem` enum('Yes','No') DEFAULT NULL,
  `status` enum('Yes','No') NOT NULL DEFAULT 'Yes',
  `createdBy` varchar(100) DEFAULT NULL,
  `updatedBy` varchar(100) DEFAULT NULL,
  `createdAt` datetime NOT NULL,
  `updatedAt` datetime NOT NULL
) ENGINE=InnoDB DEFAULT CHARSET=latin1 COMMENT='Site Settings Table';

--
-- Dumping data for table `siteSettings`
--

INSERT INTO `siteSettings` (`id`, `storeId`, `siteSettingsGroupId`, `title`, `label`, `siteName`, `tagline`, `email`, `mobileNo`, `appVersion`, `fax`, `siteUrl`, `address`, `siteDescription`, `feature`, `maxProAvailability`, `shippingCharges`, `freeShippingLimit`, `contactUsContent`, `image`, `fImage`, `value`, `sequence`, `facebook`, `twitter`, `linkedin`, `instagram`, `youtube`, `latitude`, `longitude`, `googleUrl`, `isSystem`, `status`, `createdBy`, `updatedBy`, `createdAt`, `updatedAt`) VALUES
(3, 30, 3, 'Shipping Charges', '', '', '', '', '123456', '', '', '', '', '', '', NULL, '', '', NULL, NULL, NULL, '30', 1, '', '', '', '', NULL, '', '', '', 'Yes', 'Yes', NULL, NULL, '2021-10-11 13:49:39', '2022-06-28 13:27:54'),
(4, 30, 3, 'Free Shipping Limit', '', NULL, NULL, NULL, NULL, NULL, NULL, NULL, NULL, NULL, NULL, NULL, NULL, NULL, NULL, NULL, NULL, '1000', 2, NULL, NULL, NULL, NULL, NULL, '', '', '', 'Yes', 'Yes', NULL, NULL, '2021-10-11 13:50:16', '2022-06-28 13:27:23'),
(54, 30, 29, 'Facebook', 'Facebook', NULL, NULL, NULL, NULL, NULL, NULL, NULL, NULL, NULL, NULL, NULL, NULL, NULL, NULL, NULL, NULL, 'https://www.facebook.com/mawfoor', 1, NULL, NULL, NULL, NULL, NULL, NULL, NULL, NULL, 'Yes', 'Yes', NULL, NULL, '2022-06-28 18:05:03', '2022-07-05 12:53:13'),
(55, 30, 29, 'Instagram', 'Linkdin', NULL, NULL, NULL, NULL, NULL, NULL, NULL, NULL, NULL, NULL, NULL, NULL, NULL, NULL, NULL, NULL, 'https://www.instagram.com/mawfoor/', 2, NULL, NULL, NULL, NULL, NULL, NULL, NULL, NULL, 'Yes', 'Yes', NULL, NULL, '2022-06-28 18:05:30', '2022-07-05 12:52:43'),
(56, 30, 29, 'Twitter', 'Twitter', NULL, NULL, NULL, NULL, NULL, NULL, NULL, NULL, NULL, NULL, NULL, NULL, NULL, NULL, NULL, NULL, 'https://www.twitter.com/mawfoor', 3, NULL, NULL, NULL, NULL, NULL, NULL, NULL, NULL, 'Yes', 'Yes', NULL, NULL, '2022-06-28 18:06:26', '2022-07-05 12:52:34'),
(57, 30, 30, 'COD', 'COD', NULL, NULL, NULL, NULL, NULL, NULL, NULL, NULL, NULL, NULL, NULL, NULL, NULL, NULL, NULL, NULL, '15', 1, NULL, NULL, NULL, NULL, NULL, NULL, NULL, NULL, 'Yes', 'Yes', NULL, NULL, '2022-06-30 23:16:27', '2022-06-30 23:16:27');

-- --------------------------------------------------------

--
-- Table structure for table `siteSettingsGroups`
--

CREATE TABLE `siteSettingsGroups` (
  `id` int NOT NULL,
  `storeId` int DEFAULT NULL,
  `groupTitle` varchar(255) CHARACTER SET utf8mb3 COLLATE utf8mb3_bin DEFAULT NULL,
  `sequence` int DEFAULT NULL,
  `status` enum('Yes','No') CHARACTER SET utf8mb3 COLLATE utf8mb3_bin NOT NULL DEFAULT 'Yes',
  `createdBy` varchar(100) CHARACTER SET utf8mb3 COLLATE utf8mb3_bin DEFAULT NULL,
  `updatedBy` varchar(100) CHARACTER SET utf8mb3 COLLATE utf8mb3_bin DEFAULT NULL,
  `createdAt` datetime NOT NULL,
  `updatedAt` datetime NOT NULL
) ENGINE=InnoDB DEFAULT CHARSET=utf8mb3 COLLATE=utf8mb3_bin COMMENT='Site Settings Groups Table';

--
-- Dumping data for table `siteSettingsGroups`
--

INSERT INTO `siteSettingsGroups` (`id`, `storeId`, `groupTitle`, `sequence`, `status`, `createdBy`, `updatedBy`, `createdAt`, `updatedAt`) VALUES
(3, NULL, 'Shipping', 2, 'Yes', NULL, NULL, '2021-10-11 13:48:35', '2021-10-11 13:48:35'),
(29, 30, 'Social Midea', 3, 'Yes', NULL, NULL, '2022-06-28 18:03:40', '2022-06-28 18:03:40'),
(30, 30, 'Order', 3, 'Yes', NULL, NULL, '2022-06-30 23:15:48', '2022-06-30 23:15:48');

-- --------------------------------------------------------

--
-- Table structure for table `siteSettingsGroups_bkp`
--

CREATE TABLE `siteSettingsGroups_bkp` (
  `id` int NOT NULL,
  `storeId` int DEFAULT NULL,
  `groupTitle` varchar(255) CHARACTER SET utf8mb3 COLLATE utf8mb3_bin DEFAULT NULL,
  `sequence` int DEFAULT NULL,
  `active` enum('Yes','No') CHARACTER SET utf8mb3 COLLATE utf8mb3_bin DEFAULT NULL,
  `createdBy` varchar(100) CHARACTER SET utf8mb3 COLLATE utf8mb3_bin DEFAULT NULL,
  `createdAt` datetime DEFAULT NULL,
  `updatedBy` varchar(100) CHARACTER SET utf8mb3 COLLATE utf8mb3_bin DEFAULT NULL,
  `updatedAt` datetime DEFAULT NULL
) ENGINE=InnoDB DEFAULT CHARSET=utf8mb3 COLLATE=utf8mb3_bin COMMENT='Site Settings Groups Table';

--
-- Dumping data for table `siteSettingsGroups_bkp`
--

INSERT INTO `siteSettingsGroups_bkp` (`id`, `storeId`, `groupTitle`, `sequence`, `active`, `createdBy`, `createdAt`, `updatedBy`, `updatedAt`) VALUES
(1, NULL, 'ooo', 2, 'Yes', NULL, '2021-09-27 12:03:39', NULL, '2021-09-27 12:03:39');

-- --------------------------------------------------------

--
-- Table structure for table `siteSettings_bkp`
--

CREATE TABLE `siteSettings_bkp` (
  `id` int NOT NULL,
  `storeId` int DEFAULT NULL,
  `siteSettingsGroupId` int DEFAULT NULL,
  `title` varchar(255) CHARACTER SET utf8mb3 COLLATE utf8mb3_bin DEFAULT NULL,
  `value` varchar(255) CHARACTER SET utf8mb3 COLLATE utf8mb3_bin DEFAULT NULL,
  `sequence` int DEFAULT NULL,
  `isSystem` enum('Yes','No') CHARACTER SET utf8mb3 COLLATE utf8mb3_bin DEFAULT NULL,
  `createdBy` varchar(100) CHARACTER SET utf8mb3 COLLATE utf8mb3_bin DEFAULT NULL,
  `createdAt` datetime DEFAULT NULL,
  `updatedBy` varchar(100) CHARACTER SET utf8mb3 COLLATE utf8mb3_bin DEFAULT NULL,
  `updatedAt` datetime DEFAULT NULL
) ENGINE=InnoDB DEFAULT CHARSET=utf8mb3 COLLATE=utf8mb3_bin COMMENT='Site Settings Table';

--
-- Dumping data for table `siteSettings_bkp`
--

INSERT INTO `siteSettings_bkp` (`id`, `storeId`, `siteSettingsGroupId`, `title`, `value`, `sequence`, `isSystem`, `createdBy`, `createdAt`, `updatedBy`, `updatedAt`) VALUES
(1, NULL, 1, NULL, '70', NULL, NULL, NULL, NULL, NULL, NULL),
(2, NULL, NULL, NULL, '100', NULL, NULL, NULL, NULL, NULL, NULL);

-- --------------------------------------------------------

--
-- Table structure for table `sms`
--

CREATE TABLE `sms` (
  `id` int NOT NULL,
  `customerId` int UNSIGNED DEFAULT NULL,
  `sms` text CHARACTER SET utf8mb3 COLLATE utf8mb3_bin,
  `createdBy` varchar(10) CHARACTER SET utf8mb3 COLLATE utf8mb3_bin DEFAULT NULL,
  `createdAt` datetime DEFAULT NULL,
  `updatedBy` varchar(10) CHARACTER SET utf8mb3 COLLATE utf8mb3_bin DEFAULT NULL,
  `updatedAt` datetime DEFAULT NULL
) ENGINE=InnoDB DEFAULT CHARSET=utf8mb3 COLLATE=utf8mb3_bin COMMENT='SMS Table';

-- --------------------------------------------------------

--
-- Table structure for table `smsstore`
--

CREATE TABLE `smsstore` (
  `id` int NOT NULL,
  `customerId` int UNSIGNED DEFAULT NULL,
  `createdAt` datetime NOT NULL,
  `updatedAt` datetime NOT NULL,
  `smId` int DEFAULT NULL
) ENGINE=InnoDB DEFAULT CHARSET=utf8mb3 COLLATE=utf8mb3_bin COMMENT='smsstore Table';

-- --------------------------------------------------------

--
-- Table structure for table `stores`
--

CREATE TABLE `stores` (
  `id` int NOT NULL,
  `storeCode` varchar(50) CHARACTER SET utf8mb3 COLLATE utf8mb3_bin DEFAULT NULL,
  `cCode` varchar(20) CHARACTER SET utf8mb3 COLLATE utf8mb3_bin DEFAULT NULL,
  `slug` varchar(200) CHARACTER SET utf8mb3 COLLATE utf8mb3_bin DEFAULT NULL,
  `storeName` varchar(255) CHARACTER SET utf8mb3 COLLATE utf8mb3_bin DEFAULT NULL,
  `company` varchar(255) CHARACTER SET utf8mb3 COLLATE utf8mb3_bin DEFAULT NULL,
  `storeOwner` varchar(255) CHARACTER SET utf8mb3 COLLATE utf8mb3_bin DEFAULT NULL,
  `email` varchar(255) CHARACTER SET utf8mb3 COLLATE utf8mb3_bin DEFAULT NULL,
  `mobile` varchar(255) CHARACTER SET utf8mb3 COLLATE utf8mb3_bin DEFAULT NULL,
  `fax` varchar(255) CHARACTER SET utf8mb3 COLLATE utf8mb3_bin DEFAULT NULL,
  `gstn` varchar(255) CHARACTER SET utf8mb3 COLLATE utf8mb3_bin DEFAULT NULL,
  `siteURL` varchar(255) CHARACTER SET utf8mb3 COLLATE utf8mb3_bin DEFAULT NULL,
  `sslRedirect` varchar(255) CHARACTER SET utf8mb3 COLLATE utf8mb3_bin DEFAULT NULL,
  `copyright` varchar(255) CHARACTER SET utf8mb3 COLLATE utf8mb3_bin DEFAULT NULL,
  `logo` varchar(255) CHARACTER SET utf8mb3 COLLATE utf8mb3_bin DEFAULT NULL,
  `fabIcon` varchar(255) CHARACTER SET utf8mb3 COLLATE utf8mb3_bin DEFAULT NULL,
  `version` varchar(255) CHARACTER SET utf8mb3 COLLATE utf8mb3_bin DEFAULT NULL,
  `location` varchar(255) CHARACTER SET utf8mb3 COLLATE utf8mb3_bin DEFAULT NULL,
  `country` varchar(255) CHARACTER SET utf8mb3 COLLATE utf8mb3_bin DEFAULT NULL,
  `latitude` varchar(255) CHARACTER SET utf8mb3 COLLATE utf8mb3_bin DEFAULT NULL,
  `longitude` varchar(255) CHARACTER SET utf8mb3 COLLATE utf8mb3_bin DEFAULT NULL,
  `facebookLink` varchar(255) CHARACTER SET utf8mb3 COLLATE utf8mb3_bin DEFAULT NULL,
  `instagramLink` varchar(255) CHARACTER SET utf8mb3 COLLATE utf8mb3_bin DEFAULT NULL,
  `twitterLink` varchar(255) CHARACTER SET utf8mb3 COLLATE utf8mb3_bin DEFAULT NULL,
  `youtubeLink` varchar(255) CHARACTER SET utf8mb3 COLLATE utf8mb3_bin DEFAULT NULL,
  `otherLink` varchar(255) CHARACTER SET utf8mb3 COLLATE utf8mb3_bin DEFAULT NULL,
  `address` text CHARACTER SET utf8mb3 COLLATE utf8mb3_bin,
  `status` enum('Yes','No','Archive') CHARACTER SET utf8mb3 COLLATE utf8mb3_bin DEFAULT NULL,
  `openStore` enum('Start','Open','Closed') CHARACTER SET utf8mb3 COLLATE utf8mb3_bin NOT NULL DEFAULT 'Start',
  `createdBy` varchar(100) CHARACTER SET utf8mb3 COLLATE utf8mb3_bin DEFAULT NULL,
  `createdAt` datetime DEFAULT NULL,
  `updatedBy` varchar(100) CHARACTER SET utf8mb3 COLLATE utf8mb3_bin DEFAULT NULL,
  `updatedAt` datetime DEFAULT NULL
) ENGINE=InnoDB DEFAULT CHARSET=utf8mb3 COLLATE=utf8mb3_bin COMMENT='Stores Table';

--
-- Dumping data for table `stores`
--

INSERT INTO `stores` (`id`, `storeCode`, `cCode`, `slug`, `storeName`, `company`, `storeOwner`, `email`, `mobile`, `fax`, `gstn`, `siteURL`, `sslRedirect`, `copyright`, `logo`, `fabIcon`, `version`, `location`, `country`, `latitude`, `longitude`, `facebookLink`, `instagramLink`, `twitterLink`, `youtubeLink`, `otherLink`, `address`, `status`, `openStore`, `createdBy`, `createdAt`, `updatedBy`, `updatedAt`) VALUES
(30, 'MAW30', 'MAWFOOR', 'mawfoor-8', 'Mawfoor', 'MAWFOOR', 'Zeeshan Anjum', ' info@lastingsillage.com', '0525200772', '', 'TRN – 100448154300003', '', '', '', NULL, NULL, '', 'Lasting Sillage Perfumes Trading LLC Office 901, Lake Central Tower, Marasi Drive, Business Bay, Dubai United Arab Emirates', '', '', '', '', '', '', '', 'Business Central Towers - Tower A - 7th - Al Sufouh - Al Sufouh 2 - Dubai - United Arab Emirates', 'Lasting Sillage Perfumes Trading LLC Office 901, Lake Central Tower, Marasi Drive, Business Bay, Dubai United Arab Emirates', 'Yes', 'Closed', NULL, '2021-12-28 14:08:25', NULL, '2022-07-22 00:38:26');

-- --------------------------------------------------------

--
-- Table structure for table `student`
--

CREATE TABLE `student` (
  `id` int NOT NULL,
  `storeId` int DEFAULT NULL,
  `name` varchar(255) DEFAULT NULL,
  `email` varchar(255) DEFAULT NULL,
  `mobile` varchar(255) DEFAULT NULL,
  `password` text,
  `image` varchar(255) DEFAULT NULL,
  `rememberToken` text,
  `status` enum('active','inactive','archive') DEFAULT 'active',
  `createdBy` varchar(100) DEFAULT NULL,
  `createdAt` datetime DEFAULT NULL,
  `updatedBy` varchar(100) DEFAULT NULL,
  `updatedAt` datetime DEFAULT NULL
) ENGINE=InnoDB DEFAULT CHARSET=utf8mb4 COLLATE=utf8mb4_0900_ai_ci COMMENT='Students Table';

--
-- Dumping data for table `student`
--

INSERT INTO `student` (`id`, `storeId`, `name`, `email`, `mobile`, `password`, `image`, `rememberToken`, `status`, `createdBy`, `createdAt`, `updatedBy`, `updatedAt`) VALUES
(2, NULL, 'Tanbir Hossion', 'tanbir@gmail.com', '9851911670', '$2a$10$cPxomjkJTXDr5cjk4Nlnfe0AfMrcJskNQSdQMmOMDgHmXEvmV/CKy', '1640605793118.jpg', 'TW9uIERlYyAyNyAyMDIxIDE3OjE5OjUzIEdNVCswNTMwIChJbmRpYSBTdGFuZGFyZCBUaW1lKQ==', 'active', NULL, '2021-12-27 11:49:53', NULL, '2021-12-27 11:49:53'),
(4, NULL, 'test', 'test@gmail.com', '9876543210', '$2a$10$zlB8uAArY82JP0sj5VitFuOU9Jf0yfIlS0UcoUHGuCEdOCxGEd2Em', '1640670987017.jpg', 'VHVlIERlYyAyOCAyMDIxIDExOjI2OjI3IEdNVCswNTMwIChJbmRpYSBTdGFuZGFyZCBUaW1lKQ==', 'active', NULL, '2021-12-28 05:56:27', NULL, '2021-12-28 05:56:27');

-- --------------------------------------------------------

--
-- Table structure for table `student_bkp_06`
--

CREATE TABLE `student_bkp_06` (
  `id` int NOT NULL,
  `cId` int DEFAULT NULL,
  `name` varchar(255) DEFAULT NULL,
  `email` varchar(255) DEFAULT NULL,
  `mobile` varchar(255) DEFAULT NULL,
  `password` text,
  `image` varchar(255) DEFAULT NULL,
  `rememberToken` text,
  `status` enum('active','inactive','archive') DEFAULT 'active',
  `createdBy` varchar(100) DEFAULT NULL,
  `createdAt` datetime DEFAULT NULL,
  `updatedBy` varchar(100) DEFAULT NULL,
  `updatedAt` datetime DEFAULT NULL
) ENGINE=InnoDB DEFAULT CHARSET=utf8mb4 COLLATE=utf8mb4_0900_ai_ci COMMENT='Students Table';

--
-- Dumping data for table `student_bkp_06`
--

INSERT INTO `student_bkp_06` (`id`, `cId`, `name`, `email`, `mobile`, `password`, `image`, `rememberToken`, `status`, `createdBy`, `createdAt`, `updatedBy`, `updatedAt`) VALUES
(1, 1, 'Susanta Kumar Das', 'susanta.das@bluehorse.in', '9002557974', '$2a$10$sDH3s6Ke0khM.nQHg5.FnOfSBcemJR.VMk3RkLSHDGLSkfg2UG3EG', '1640592232517.jpg', 'TW9uIERlYyAyNyAyMDIxIDEzOjMzOjUyIEdNVCswNTMwIChJbmRpYSBTdGFuZGFyZCBUaW1lKQ==', 'active', NULL, '2021-12-27 08:03:52', NULL, '2021-12-27 08:03:52'),
(2, 4, 'Tanbir Hossion', 'tanbir@gmail.com', '9851911670', '$2a$10$cPxomjkJTXDr5cjk4Nlnfe0AfMrcJskNQSdQMmOMDgHmXEvmV/CKy', '1640605793118.jpg', 'TW9uIERlYyAyNyAyMDIxIDE3OjE5OjUzIEdNVCswNTMwIChJbmRpYSBTdGFuZGFyZCBUaW1lKQ==', 'active', NULL, '2021-12-27 11:49:53', NULL, '2021-12-27 11:49:53'),
(3, 1, 'Akhil Yadav', 'akhil.das@bluehorse.in', '9002557975', '$2a$10$/YI0gC2lJfyimj7UUlHrSObDyQwOMkvzoPtP8TkmWxIiGpZsdAVOy', '1640606072443.jpg', 'TW9uIERlYyAyNyAyMDIxIDE3OjI0OjMyIEdNVCswNTMwIChJbmRpYSBTdGFuZGFyZCBUaW1lKQ==', 'active', NULL, '2021-12-27 11:54:32', NULL, '2021-12-27 11:54:32'),
(4, 4, 'test', 'test@gmail.com', '9876543210', '$2a$10$zlB8uAArY82JP0sj5VitFuOU9Jf0yfIlS0UcoUHGuCEdOCxGEd2Em', '1640670987017.jpg', 'VHVlIERlYyAyOCAyMDIxIDExOjI2OjI3IEdNVCswNTMwIChJbmRpYSBTdGFuZGFyZCBUaW1lKQ==', 'active', NULL, '2021-12-28 05:56:27', NULL, '2021-12-28 05:56:27'),
(5, 1, 'asifur rahaman', 'asifur.rahaman@bluehorse.in', '9477078705', '$2a$10$pe5df507XVmKzlvsl4WKKuBdiptMewbqFvd6DkNkUCZhTW3YM24.a', '1641189926745.jpg', 'TW9uIEphbiAwMyAyMDIyIDExOjM1OjI2IEdNVCswNTMwIChJbmRpYSBTdGFuZGFyZCBUaW1lKQ==', 'active', NULL, '2022-01-03 06:05:26', NULL, '2022-01-03 06:05:26'),
(6, 1, 'Azim', 'azim.bluehorse@gmail.com', '9932960496', '$2a$10$3sGGl9rHkrKMBEH8V6ZC/uEQHlf3VM/S/fx2wGe0.Q5srXP7fsCl2', '1641216238850.jpg', 'TW9uIEphbiAwMyAyMDIyIDE4OjUzOjU4IEdNVCswNTMwIChJbmRpYSBTdGFuZGFyZCBUaW1lKQ==', 'active', NULL, '2022-01-03 13:23:58', NULL, '2022-01-03 13:23:58'),
(7, 1, 'sdfds', 'kumarakash44863@gmail.com', '78965412310', '$2a$10$E.iR2YiqlhpAUTCJe2TWcuWnkJawsj4YwCcZ2DtRSdqve7LWCxcle', '1641275244086.jpg', 'VHVlIEphbiAwNCAyMDIyIDExOjE3OjI0IEdNVCswNTMwIChJbmRpYSBTdGFuZGFyZCBUaW1lKQ==', 'active', NULL, '2022-01-04 05:47:24', NULL, '2022-01-04 05:47:24'),
(8, 1, 'fsjk', 'hfshnj@gmail.com', '63567', '$2a$10$V8WuiTQYZU6sKl.yaFlBIeFEeuyGD8Yv6CoUnYvN6yutGJQ/fqtRi', '1641277962314.jpg', 'VHVlIEphbiAwNCAyMDIyIDEyOjAyOjQyIEdNVCswNTMwIChJbmRpYSBTdGFuZGFyZCBUaW1lKQ==', 'active', NULL, '2022-01-04 06:32:42', NULL, '2022-01-04 06:32:42'),
(9, 1, 'kjfvjk', 'bhjhjhjjk@gmail.com', '735778', '$2a$10$J.Ii9GdHgq3EXNeX1G1weu4Fzmvaa0xHrRk8VtgMJTgtZ/eY8ataC', '1641278430786.jpg', 'VHVlIEphbiAwNCAyMDIyIDEyOjEwOjMwIEdNVCswNTMwIChJbmRpYSBTdGFuZGFyZCBUaW1lKQ==', 'active', NULL, '2022-01-04 06:40:30', NULL, '2022-01-04 06:40:30'),
(10, 1, 'suman kalyan nag', 'sumankalyannagbluhorse@gmail.com', '7865041471', '$2a$10$wmiaw9fvTypXUUijAR6fLuV91nP.CTfWhFtLmM9fK.vv/03k3miUC', '1641369722247.jpg', 'V2VkIEphbiAwNSAyMDIyIDEzOjMyOjAyIEdNVCswNTMwIChJbmRpYSBTdGFuZGFyZCBUaW1lKQ==', 'active', NULL, '2022-01-05 08:02:02', NULL, '2022-01-05 08:02:02');

-- --------------------------------------------------------

--
-- Table structure for table `subscribers`
--

CREATE TABLE `subscribers` (
  `id` int NOT NULL,
  `storeId` int DEFAULT NULL,
  `email` varchar(128) NOT NULL,
  `status` enum('Yes','No','Blocked') NOT NULL DEFAULT 'Yes',
  `updatedBy` varchar(200) DEFAULT NULL,
  `createdAt` datetime NOT NULL,
  `updatedAt` datetime NOT NULL
) ENGINE=InnoDB DEFAULT CHARSET=latin1 COMMENT='Subscribers Table';

--
-- Dumping data for table `subscribers`
--

INSERT INTO `subscribers` (`id`, `storeId`, `email`, `status`, `updatedBy`, `createdAt`, `updatedAt`) VALUES
(364, 30, 'zeeshananjumin@gmail.com', 'Yes', NULL, '2022-08-22 11:55:22', '2022-08-22 11:55:22'),
(365, 30, 'saif.alsaidi@yahoo.com', 'Yes', NULL, '2022-08-22 12:37:54', '2022-08-22 12:37:54'),
(366, 30, 'mawfoor@gmail.com', 'Yes', NULL, '2022-09-23 14:02:04', '2022-09-23 14:02:04');

-- --------------------------------------------------------

--
-- Table structure for table `subSection`
--

CREATE TABLE `subSection` (
  `id` int NOT NULL,
  `storeId` int DEFAULT NULL,
  `sectionId` int DEFAULT NULL,
  `sequence` int DEFAULT NULL,
  `title` varchar(255) DEFAULT NULL,
  `description` text,
  `shortText` text,
  `longText` text,
  `image` varchar(255) DEFAULT NULL,
  `backgroundImage` varchar(255) DEFAULT NULL,
  `slug` varchar(255) DEFAULT NULL,
  `cssClass` varchar(255) DEFAULT NULL,
  `file` varchar(255) DEFAULT NULL,
  `link` varchar(255) DEFAULT NULL,
  `buttontext` varchar(255) DEFAULT NULL,
  `buttonlink` varchar(255) DEFAULT NULL,
  `metaTitle` varchar(255) DEFAULT NULL,
  `metaKeyword` varchar(255) DEFAULT NULL,
  `metaDescription` text,
  `status` enum('Active','Inactive') DEFAULT 'Active',
  `createdBy` varchar(100) DEFAULT NULL,
  `updatedBy` varchar(100) DEFAULT NULL,
  `createdAt` datetime NOT NULL,
  `updatedAt` datetime NOT NULL
) ENGINE=InnoDB DEFAULT CHARSET=utf8mb4 COLLATE=utf8mb4_0900_ai_ci COMMENT='Dynamic Sub Section Table';

-- --------------------------------------------------------

--
-- Table structure for table `subSection_bkp_06`
--

CREATE TABLE `subSection_bkp_06` (
  `id` int NOT NULL,
  `cId` int DEFAULT NULL,
  `sectionId` int DEFAULT NULL,
  `title` varchar(255) DEFAULT NULL,
  `description` text,
  `shortText` text,
  `longText` text,
  `image` varchar(255) DEFAULT NULL,
  `backgroundImage` varchar(255) DEFAULT NULL,
  `slug` varchar(255) DEFAULT NULL,
  `cssClass` varchar(255) DEFAULT NULL,
  `link` varchar(255) DEFAULT NULL,
  `buttontext` varchar(255) DEFAULT NULL,
  `buttonlink` varchar(255) DEFAULT NULL,
  `metaTitle` varchar(255) DEFAULT NULL,
  `metaKeyword` varchar(255) DEFAULT NULL,
  `metaDescription` text,
  `status` enum('Active','Inactive') DEFAULT 'Active',
  `createdBy` varchar(100) DEFAULT NULL,
  `updatedBy` varchar(100) DEFAULT NULL,
  `createdAt` datetime NOT NULL,
  `updatedAt` datetime NOT NULL
) ENGINE=InnoDB DEFAULT CHARSET=utf8mb4 COLLATE=utf8mb4_0900_ai_ci COMMENT='Dynamic Sub Section Table';

--
-- Dumping data for table `subSection_bkp_06`
--

INSERT INTO `subSection_bkp_06` (`id`, `cId`, `sectionId`, `title`, `description`, `shortText`, `longText`, `image`, `backgroundImage`, `slug`, `cssClass`, `link`, `buttontext`, `buttonlink`, `metaTitle`, `metaKeyword`, `metaDescription`, `status`, `createdBy`, `updatedBy`, `createdAt`, `updatedAt`) VALUES
(1, 1, 104, 'Basic Course', '<h5 class=\"Details\">This course has been specially design to introduce English communication skill as well as to develop your outgoing personality. Here we will teach you how to speak simple English with strong confidence. Those students who have completed their academic courses but unable to get job due to poor confidence lavel. Basic Spoken English and Personality Development Programme will help them to strengthen themselves. This three months session will also help to generate power and faith in you and you will be able to communicate in simple English.<span class=\"Gap\"></span>If you have completed your class 10 or class 12 and preparing yourself for higher studies, Basic Spoken English Course will be the best for you. As our trainer will guid you for your further educatin as well as you will be introduce with the outer world and their activities. BEST OF LUCK.</h5>', '<h4><span class=\"Semi-Bold Orange\">Course Duration</span> : Up to Service</h4>\r\n<h4><span class=\"Semi-Bold Orange\">Timing</span> : 4 Days In A Week</h4>', '<span class=\"Semi-Bold Orange\">Course Structure</span>\r\n<h5 class=\"Structure\"><span><b>1.</b> Introductory Conversation</span>\r\n                <span><b>2.</b> Speech &amp; Debate</span>\r\n                <span><b>3.</b> Group Discussion</span>\r\n                <span><b>4.</b> Personality Development</span>\r\n                <span><b>5.</b> Public Facing</span>\r\n                <span> <b>6.</b> GK &amp; GI</span>\r\n                <span><b>7.</b> Basic Grammar</span>\r\n                <span><b>8.</b> Self introduction</span>\r\n                <span><b>9.</b> Games with English</span>\r\n                <span><b>10.</b> Teaching</span>\r\n                <span><b>11.</b> Quiz</span>\r\n                <span><b>12.</b> Outing</span></h5>', '01.png', NULL, NULL, NULL, NULL, NULL, NULL, NULL, NULL, NULL, 'Active', NULL, NULL, '2021-12-30 13:10:56', '2021-12-30 13:10:56'),
(2, 1, 103, 'Advance Course', '<h5 class=\"Details\">This course has been specially design to introduce English communication skill as well as to develop your outgoing personality. Here we will teach you how to speak simple English with strong confidence. Those students who have completed their academic courses but unable to get job due to poor confidence lavel. Basic Spoken English and Personality Development Programme will help them to strengthen themselves. This three months session will also help to generate power and faith in you and you will be able to communicate in simple English.<span class=\"Gap\"></span>If you have completed your class 10 or class 12 and preparing yourself for higher studies, Basic Spoken English Course will be the best for you. As our trainer will guid you for your further educatin as well as you will be introduce with the outer world and their activities. BEST OF LUCK.</h5>', '<h4><span class=\"Semi-Bold Orange\">Course Duration</span> : 3 Months</h4>\r\n<h4><span class=\"Semi-Bold Orange\">Timing</span> : 3 Days In A Week</h4>', '<h3 class=\"Structure-Head\"><span class=\"Semi-Bold Orange\">Course Structure</span></h3>\r\n<h5 class=\"Structure\"><span><b>1.</b> Communication Skill</span>\r\n                <span><b>2.</b> Group Discussion</span>\r\n                <span><b>3.</b> Speech &amp; Debate</span>\r\n                <span><b>4.</b> Interview Training</span>\r\n                <span><b>5.</b> Movement</span>\r\n                <span><b>6.</b> Quiz</span>\r\n                <span><b>7.</b> Soft Skill</span>\r\n                <span><b>8.</b> Teaching</span>\r\n                <span><b>9.</b> Outing</span>\r\n                <span><b>10.</b> GK &amp; GI</span>\r\n                <span><b>11.</b> Basic Grammar</span>\r\n                <span><b>12.</b> IPA / MTI</span>\r\n                <span><b>13.</b> Public Facing</span>\r\n                <span><b>14.</b> Body Language</span>\r\n                <span><b>15.</b> Personality Development</span>\r\n                <span><b>16.</b> Tele Communication</span>\r\n                <span><b>17.</b> Games with English</span>\r\n                <span><b>18.</b> Phonetic Development</span>\r\n                <span><b>19.</b> Voice Modulation</span></h5>', '02.png', NULL, NULL, NULL, NULL, NULL, NULL, NULL, NULL, NULL, 'Active', NULL, NULL, '2021-12-30 13:19:18', '2021-12-30 13:19:18'),
(4, 1, 105, 'Combined Course', '<h5 class=\"Details\">This course has been specially design to introduce English communication skill as well as to develop your outgoing personality. Here we will teach you how to speak simple English with strong confidence. Those students who have completed their academic courses but unable to get job due to poor confidence lavel. Basic Spoken English and Personality Development Programme will help them to strengthen themselves. This three months session will also help to generate power and faith in you and you will be able to communicate in simple English.<span class=\"Gap\"></span>If you have completed your class 10 or class 12 and preparing yourself for higher studies, Basic Spoken English Course will be the best for you. As our trainer will guid you for your further educatin as well as you will be introduce with the outer world and their activities. BEST OF LUCK.</h5>', '<h4><span class=\"Semi-Bold Orange\">Course Duration</span> : Up to Service</h4>\r\n<h4><span class=\"Semi-Bold Orange\">Timing</span> : 4 Days In A Week</h4>', '<h3 class=\"Structure-Head\"><span class=\"Semi-Bold Orange\">Course Structure</span></h3>\r\n<h5 class=\"Structure\"><span><b>1.</b> Conversational English</span>\r\n                <span><b>2.</b> Speech &amp; Debate</span>\r\n                <span><b>3.</b> Group Discussion</span>\r\n                <span><b>4.</b> Basic Grammer</span>\r\n                <span><b>5.</b> Personality Development</span>\r\n                <span><b>6.</b> Interview training</span>\r\n                <span><b>7.</b> GK &amp; GI</span>\r\n                <span><b>8.</b> Quiz Programme</span>\r\n                <span><b>9.</b> Public Facing</span>\r\n                <span><b>10.</b> Teaching</span>\r\n                <span><b>11.</b> Games in English</span>\r\n                <span><b>12.</b> Movement</span>\r\n                <span><b>13.</b> Phonetic Development</span>\r\n                <span><b>14.</b> IPA</span>\r\n                <span><b>15.</b> Soft Skill</span>\r\n                <span><b>16.</b> Outing</span>\r\n                <span><b>17.</b> Computer Literacy</span>\r\n                <span><b>18.</b> Internet Application</span>\r\n                <span><b>19.</b> Voice Technology</span>\r\n                <span><b>20.</b> Tele Communication</span></h5>', '03.png', NULL, NULL, NULL, NULL, NULL, NULL, NULL, NULL, NULL, 'Active', NULL, NULL, '2021-12-30 13:19:18', '2021-12-30 13:19:18'),
(5, 1, 219, 'Call Centre/BPO', '<h5 class=\"Details\">ADVANCE SPOKEN ENGLISH & COMMUNICATION SKILL</h5>', '<h4><span class=\"Semi-Bold Orange\">Course Duration</span> : Up to Service</h4>\r\n<h4><span class=\"Semi-Bold Orange\">Timing</span> : 4 Days In A Week</h4>', '<h3 class=\"Structure-Head\"><span class=\"Semi-Bold Orange\">Course Structure</span></h3>\r\n<h5 class=\"Structure\"><span><b>1.</b> Conversational English</span>\r\n                <span><b>2.</b> Speech &amp; Debate</span>\r\n                <span><b>3.</b> Group Discussion</span>\r\n                <span><b>4.</b> Basic Grammer</span>\r\n                <span><b>5.</b> Personality Development</span>\r\n                <span><b>6.</b> Interview training</span>\r\n                <span><b>7.</b> GK &amp; GI</span>\r\n                <span><b>8.</b> Quiz Programme</span>\r\n                <span><b>9.</b> Public Facing</span>\r\n                <span><b>10.</b> Teaching</span>\r\n                <span><b>11.</b> Games in English</span>\r\n                <span><b>12.</b> Movement</span>\r\n                <span><b>13.</b> Phonetic Development</span>\r\n                <span><b>14.</b> IPA</span>\r\n                <span><b>15.</b> Soft Skill</span>\r\n                <span><b>16.</b> Outing</span>\r\n                <span><b>17.</b> Computer Literacy</span>\r\n                <span><b>18.</b> Internet Application</span>\r\n                <span><b>19.</b> Voice Technology</span>\r\n                <span><b>20.</b> Tele Communication</span></h5>', '03.png', NULL, NULL, NULL, NULL, NULL, NULL, NULL, NULL, NULL, 'Active', NULL, NULL, '2021-12-30 13:19:18', '2021-12-30 13:19:18'),
(6, 1, 220, 'Kid Section', '<h5 class=\"Details\">We Focuses on developing the four English language skills: Reading, Writing, Listening and Speaking. We build the cornerstones of language, Grammar and Vocabulary, from a young age. This course for kids includes methodology such as teaching pronunciation and materials preparation. The Stages learning to correlate with brain growth in children to allow for the optimum time to present materials and establish cognitive links in the brain.<span class=\"Gap\"></span>We are best in this field because:<span class=\"Gap\"></span>\r\n<li>Fun – Students enjoy their English Language Programs at Smart Education.</li>\r\n<li>We Get Results – Our students are systematically prepared to cover every aspect of the English language.</li>\r\n<li>Caring Teachers – Our dedicated teachers are carefully selected not only for their English Language teaching qualifications and experience, but also for their warm and caring approach</li>\r\n<li>Atmosphere – Our clean and safe classes have been specifically designed with kids in mind. ‘English-only’ is required throughout our facility.</li>\r\n<li>Library – Our library is well stocked with a vast assortment of quality imported books, suitable for varying reading levels, all in support of our English courses.</li>\r\n<li>Reading Program – All English Language students are required to read at their respective reading levels building a regular reading hobby, as well as skills to become more effective readers (and ultimately writers).</li>\r\n<span class=\"Gap\"></span>Your child will need to take a placement test. This is to gauge your child’s level of English and place him/her at a level where he/she will learn best. To arrange an appointment or to take admission please contact our centres.\r\n</h5>', '<h4><span class=\"Semi-Bold Orange\">Course Duration</span> : Up to Service</h4>\r\n<h4><span class=\"Semi-Bold Orange\">Timing</span> : 4 Days In A Week</h4>', '<h3 class=\"Structure-Head\"><span class=\"Semi-Bold Orange\">Course Structure</span></h3>\r\n<h5 class=\"Structure\"><span><b>1.</b> Conversational English</span>\r\n                <span><b>2.</b> Speech &amp; Debate</span>\r\n                <span><b>3.</b> Group Discussion</span>\r\n                <span><b>4.</b> Basic Grammer</span>\r\n                <span><b>5.</b> Personality Development</span>\r\n                <span><b>6.</b> Interview training</span>\r\n                <span><b>7.</b> GK &amp; GI</span>\r\n                <span><b>8.</b> Quiz Programme</span>\r\n                <span><b>9.</b> Public Facing</span>\r\n                <span><b>10.</b> Teaching</span>\r\n                <span><b>11.</b> Games in English</span>\r\n                <span><b>12.</b> Movement</span>\r\n                <span><b>13.</b> Phonetic Development</span>\r\n                <span><b>14.</b> IPA</span>\r\n                <span><b>15.</b> Soft Skill</span>\r\n                <span><b>16.</b> Outing</span>\r\n                <span><b>17.</b> Computer Literacy</span>\r\n                <span><b>18.</b> Internet Application</span>\r\n                <span><b>19.</b> Voice Technology</span>\r\n                <span><b>20.</b> Tele Communication</span></h5>', '03.png', NULL, NULL, NULL, NULL, NULL, NULL, NULL, NULL, NULL, 'Active', NULL, NULL, '2021-12-30 13:19:18', '2021-12-30 13:19:18'),
(7, 1, 221, 'Professional Course', '<h5 class=\"Details\">SPOKEN ENGLISH & PERSONALITY DEVELOPMENT COURSE<span class=\"Gap\"></span>If you are A BUSY PROFESSIONAL and have no time to join full time course, so you can join our professional batch. Maximum students in this batch belong to various field and has left studies years back. we train them from the beginning and also help to do their studies OVER PHONE. Here people feel quite comfortable and relax as they no need to face other junior students. Many doctors, professors, teachers, businessmen, company mangers, and also many job seekers are enjoying their studies and being benefited in their personal and professional life.</h5>', '<h4><span class=\"Semi-Bold Orange\">Course Duration</span> : 3 Months</h4>\r\n<h4><span class=\"Semi-Bold Orange\">Timing</span> : 3 Days In A Week</h4>', '<h3 class=\"Structure-Head\"><span class=\"Semi-Bold Orange\">Course Structure</span></h3>\r\n<h5 class=\"Structure\"><span><b>1.</b> Grammar Practice</span>\r\n                <span><b>2.</b> Public Speaking</span>\r\n                <span><b>3.</b> Group Discussions</span>\r\n                <span><b>4.</b> Role-Plays</span>\r\n                <span><b>5.</b> Personality Development</span>\r\n                <span><b>6.</b> Communication Skills</span>\r\n                <span><b>7.</b> Presentation Skills</span>\r\n                <span><b>8.</b> Business English</span>\r\n                <span><b>9.</b> Attitude Training</span>\r\n                <span><b>10.</b>Body Language</span>\r\n                <span><b>11.</b>Time Management</span>\r\n                <span><b>12.</b> Interview Skills</span>\r\n                <span><b>13.</b> Interview Training Video</span>\r\n                <span><b>14.</b> Voice & Accent</span>\r\n                <span><b>15.</b> Video Recording</span>\r\n                <span><b>16.</b> Email Drafting etc.</span>\r\n                </h5>', '02.png', NULL, NULL, NULL, NULL, NULL, NULL, NULL, NULL, NULL, 'Active', NULL, NULL, '2021-12-30 13:19:18', '2021-12-30 13:19:18'),
(8, 1, 222, 'Bengali & Hindi Medium', '<h5 class=\"Details\">Smart Education offers a wide range of English Language, Soft Skills, Sales & Service and Communication training programs designed to help students and others especially who are from Bengali and Hindi medium realize their true potential and allow them to achieve its goals.<span class=\"Gap\"></span>Our Spoken English Classes available for those Students, Executives, Housewives who are really suffering with the same problem that they are belonging from Bengali or Hindi medium schools.<span class=\"Gap\"></span><li>We use world class content.</li>\r\n<li>Our Trainers are certified English Language trainers having corporate training experience.</li>\r\n<li>Cost Effective, Result Oriented training.</li>\r\n<li>Audio / Video, Multimedia blended learning</li>\r\n<li>LOTS of FUN!!!</li>\r\n<span class=\"Gap\"></span>\r\nOur all type of course structures has been prepared as per the demand of the Bengali and Hindi medium background student. We welcome all this type of people who fear to join or take admission in any professional course. We understand your problem, don’t be nervous and fell free. Please come here, join with us and feel the changes in yourself.\r\n</h5>', '<h4><span class=\"Semi-Bold Orange\">Course Duration</span> : 3 Months</h4>\r\n<h4><span class=\"Semi-Bold Orange\">Timing</span> : 3 Days In A Week</h4>', '', '02.png', NULL, NULL, NULL, NULL, NULL, NULL, NULL, NULL, NULL, 'Active', NULL, NULL, '2021-12-30 13:19:18', '2021-12-30 13:19:18'),
(9, 1, 223, 'Bengali & Hindi Medium', '<h5 class=\"Details\">ADVANCE SPOKEN ENGLISH & COMMUNICATION SKILL<span class=\"Gap\"></span>Coming Soon…\r\n</h5>', '<h4><span class=\"Semi-Bold Orange\">Course Duration</span> : 3 Months</h4>\r\n<h4><span class=\"Semi-Bold Orange\">Timing</span> : 3 Days In A Week</h4>', '', '02.png', NULL, NULL, NULL, NULL, NULL, NULL, NULL, NULL, NULL, 'Active', NULL, NULL, '2021-12-30 13:19:18', '2021-12-30 13:19:18'),
(10, 1, 106, 'Take A Test', '<h4 class=\"Instruction\"><span class=\"Title Orange\">Instructions</span>During the test please do not refresh the page, otherwise all your progress will be erased.<br>Lorem Ipsum is simply dummy text of the printing and typesetting industry. Lorem Ipsum has been the industry\'s standard dummy text ever since the 1500s, when an unknown printer took a galley of type and scrambled it to make a type specimen book. </h4>', '<h1>Test Starts Here</h1>\r\n<p>Best Of Luck</p>', '<h4><span class=\"Title\">What is Lorem Ipsum?</span>Lorem Ipsum is simply dummy text of the printing and typesetting industry. Lorem Ipsum has been the industry\'s standard dummy text ever since the 1500s, when an unknown printer took a galley of type and scrambled it to make a type specimen book. It has survived not only five centuries, but also the leap into electronic typesetting, remaining essentially unchanged. It was popularised in the 1960s with the release of Letraset sheets containing Lorem Ipsum passages, and more recently with desktop publishing software like Aldus PageMaker including versions of Lorem Ipsum.<span class=\"Gap\"></span><span class=\"Title\">Where does it come from?</span>Contrary to popular belief, Lorem Ipsum is not simply random text. It has roots in a piece of classical Latin literature from 45 BC, making it over 2000 years old. Richard McClintock, a Latin professor at Hampden-Sydney College in Virginia, looked up one of the more obscure Latin words, consectetur, from a Lorem Ipsum passage, and going through the cites of the word in classical literature, discovered the undoubtable source. Lorem Ipsum comes from sections 1.10.32 and 1.10.33 of \"de Finibus Bonorum et Malorum\" (The Extremes of Good and Evil) by Cicero, written in 45 BC. This book is a treatise on the theory of ethics, very popular during the Renaissance. The first line of Lorem Ipsum, \"Lorem ipsum dolor sit amet..\", comes from a line in section 1.10.32.</h4>', NULL, NULL, NULL, NULL, NULL, NULL, NULL, NULL, NULL, NULL, 'Active', NULL, NULL, '2022-01-05 13:36:57', '2022-01-05 13:36:57'),
(11, 1, 107, 'Take A Test', '<h4 class=\"Instruction\"><span class=\"Title Orange\">Instructions</span>During the test please do not refresh the page, otherwise all your progress will be erased.<br>Lorem Ipsum is simply dummy text of the printing and typesetting industry. Lorem Ipsum has been the industry\'s standard dummy text ever since the 1500s, when an unknown printer took a galley of type and scrambled it to make a type specimen book. </h4>', '<h1>Test Starts Here</h1>\r\n<p>Best Of Luck</p>', '<h4><span class=\"Title\">What is Lorem Ipsum?</span>Lorem Ipsum is simply dummy text of the printing and typesetting industry. Lorem Ipsum has been the industry\'s standard dummy text ever since the 1500s, when an unknown printer took a galley of type and scrambled it to make a type specimen book. It has survived not only five centuries, but also the leap into electronic typesetting, remaining essentially unchanged. It was popularised in the 1960s with the release of Letraset sheets containing Lorem Ipsum passages, and more recently with desktop publishing software like Aldus PageMaker including versions of Lorem Ipsum.<span class=\"Gap\"></span><span class=\"Title\">Where does it come from?</span>Contrary to popular belief, Lorem Ipsum is not simply random text. It has roots in a piece of classical Latin literature from 45 BC, making it over 2000 years old. Richard McClintock, a Latin professor at Hampden-Sydney College in Virginia, looked up one of the more obscure Latin words, consectetur, from a Lorem Ipsum passage, and going through the cites of the word in classical literature, discovered the undoubtable source. Lorem Ipsum comes from sections 1.10.32 and 1.10.33 of \"de Finibus Bonorum et Malorum\" (The Extremes of Good and Evil) by Cicero, written in 45 BC. This book is a treatise on the theory of ethics, very popular during the Renaissance. The first line of Lorem Ipsum, \"Lorem ipsum dolor sit amet..\", comes from a line in section 1.10.32.</h4>', NULL, NULL, NULL, NULL, NULL, NULL, NULL, NULL, NULL, NULL, 'Active', NULL, NULL, '2022-01-05 13:36:57', '2022-01-05 13:36:57'),
(12, 1, 108, 'Take A Test', '<h4 class=\"Instruction\"><span class=\"Title Orange\">Instructions</span>During the test please do not refresh the page, otherwise all your progress will be erased.<br>Lorem Ipsum is simply dummy text of the printing and typesetting industry. Lorem Ipsum has been the industry\'s standard dummy text ever since the 1500s, when an unknown printer took a galley of type and scrambled it to make a type specimen book. </h4>', '<h1>Test Starts Here</h1>\r\n<p>Best Of Luck</p>', '<h4><span class=\"Title\">What is Lorem Ipsum?</span>Lorem Ipsum is simply dummy text of the printing and typesetting industry. Lorem Ipsum has been the industry\'s standard dummy text ever since the 1500s, when an unknown printer took a galley of type and scrambled it to make a type specimen book. It has survived not only five centuries, but also the leap into electronic typesetting, remaining essentially unchanged. It was popularised in the 1960s with the release of Letraset sheets containing Lorem Ipsum passages, and more recently with desktop publishing software like Aldus PageMaker including versions of Lorem Ipsum.<span class=\"Gap\"></span><span class=\"Title\">Where does it come from?</span>Contrary to popular belief, Lorem Ipsum is not simply random text. It has roots in a piece of classical Latin literature from 45 BC, making it over 2000 years old. Richard McClintock, a Latin professor at Hampden-Sydney College in Virginia, looked up one of the more obscure Latin words, consectetur, from a Lorem Ipsum passage, and going through the cites of the word in classical literature, discovered the undoubtable source. Lorem Ipsum comes from sections 1.10.32 and 1.10.33 of \"de Finibus Bonorum et Malorum\" (The Extremes of Good and Evil) by Cicero, written in 45 BC. This book is a treatise on the theory of ethics, very popular during the Renaissance. The first line of Lorem Ipsum, \"Lorem ipsum dolor sit amet..\", comes from a line in section 1.10.32.</h4>', NULL, NULL, NULL, NULL, NULL, NULL, NULL, NULL, NULL, NULL, 'Active', NULL, NULL, '2022-01-05 13:36:57', '2022-01-05 13:36:57'),
(13, 3, 214, 'AVIK CHANDA', '<p> <strong>Designation:</strong>Assistant Professor<br><strong>Contact Number:</strong>8016552119<br><strong>Department :&nbsp;</strong>GEOGRAPHY &amp; EDUCATION</p>', NULL, NULL, NULL, NULL, NULL, NULL, NULL, NULL, NULL, NULL, NULL, NULL, 'Active', NULL, NULL, '2022-01-06 12:18:29', '2022-01-06 12:18:29');

-- --------------------------------------------------------

--
-- Table structure for table `surveyRemarks`
--

CREATE TABLE `surveyRemarks` (
  `id` int NOT NULL,
  `storeId` int DEFAULT NULL,
  `empId` int DEFAULT NULL,
  `questionaireId` int DEFAULT NULL,
  `surveyResultId` int DEFAULT NULL,
  `marks` varchar(100) DEFAULT NULL,
  `createdBy` varchar(100) DEFAULT NULL,
  `updatedBy` varchar(100) DEFAULT NULL,
  `createdAt` datetime NOT NULL,
  `updatedAt` datetime NOT NULL
) ENGINE=InnoDB DEFAULT CHARSET=utf8mb4 COLLATE=utf8mb4_0900_ai_ci COMMENT='Survey Remarks Table';

-- --------------------------------------------------------

--
-- Table structure for table `surveyResult`
--

CREATE TABLE `surveyResult` (
  `id` int NOT NULL,
  `storeId` int DEFAULT NULL,
  `empId` int DEFAULT NULL,
  `questionaireId` int DEFAULT NULL,
  `name` varchar(255) DEFAULT NULL,
  `mobile` varchar(255) DEFAULT NULL,
  `email` varchar(255) DEFAULT NULL,
  `resultInJson` text,
  `timeInMinute` varchar(100) DEFAULT NULL,
  `createdBy` varchar(100) DEFAULT NULL,
  `updatedBy` varchar(100) DEFAULT NULL,
  `createdAt` datetime NOT NULL,
  `updatedAt` datetime NOT NULL
) ENGINE=InnoDB DEFAULT CHARSET=utf8mb4 COLLATE=utf8mb4_0900_ai_ci COMMENT='Survey Result Table';

-- --------------------------------------------------------

--
-- Table structure for table `surveyResult_bkp_06`
--

CREATE TABLE `surveyResult_bkp_06` (
  `id` int NOT NULL,
  `cId` int DEFAULT NULL,
  `empId` int DEFAULT NULL,
  `questionaireId` int DEFAULT NULL,
  `resultInJson` text,
  `timeInMinute` varchar(100) DEFAULT NULL,
  `createdBy` varchar(100) DEFAULT NULL,
  `updatedBy` varchar(100) DEFAULT NULL,
  `createdAt` datetime NOT NULL,
  `updatedAt` datetime NOT NULL
) ENGINE=InnoDB DEFAULT CHARSET=utf8mb4 COLLATE=utf8mb4_0900_ai_ci COMMENT='Survey Result Table';

--
-- Dumping data for table `surveyResult_bkp_06`
--

INSERT INTO `surveyResult_bkp_06` (`id`, `cId`, `empId`, `questionaireId`, `resultInJson`, `timeInMinute`, `createdBy`, `updatedBy`, `createdAt`, `updatedAt`) VALUES
(1, 1, 1, 1, '[{\"id\":\"27\",\"question\":\"1st Question Starts Here\",\"answer\":\"1st Option\"},{\"id\":\"28\",\"question\":\"2nd Question Starts Here\",\"answer\":\"1\"},{\"id\":\"29\",\"question\":\"3rd Question Starts Here\",\"answer\":\"i@gmail.com\"},{\"id\":\"30\",\"question\":\"4th Question Starts Here\",\"answer\":\"jh\"},{\"id\":\"31\",\"question\":\"5th Question Starts Here\",\"answer\":\"vchgvhds\"},{\"id\":\"32\",\"question\":\"6th Question Starts Here\",\"answer\":\"2021-12-29T18:14\"},{\"id\":\"33\",\"question\":\"7th Question Starts Here\",\"answer\":[\"2nd Option\",\"3rd Option\"]}]', '1', '1', NULL, '2021-12-29 12:44:08', '2021-12-29 12:44:08'),
(2, 1, 1, 1, '[{\"id\":\"27\",\"question\":\"1st Question Starts Here\",\"answer\":null},{\"id\":\"28\",\"question\":\"2nd Question Starts Here\",\"answer\":null},{\"id\":\"29\",\"question\":\"3rd Question Starts Here\",\"answer\":null},{\"id\":\"30\",\"question\":\"4th Question Starts Here\",\"answer\":null},{\"id\":\"31\",\"question\":\"5th Question Starts Here\",\"answer\":null},{\"id\":\"32\",\"question\":\"6th Question Starts Here\",\"answer\":null},{\"id\":\"33\",\"question\":\"7th Question Starts Here\"}]', '12', '1', NULL, '2021-12-29 12:47:48', '2021-12-29 12:47:48'),
(3, 1, 1, 1, '[{\"id\":\"27\",\"question\":\"1st Question Starts Here\",\"answer\":null},{\"id\":\"28\",\"question\":\"2nd Question Starts Here\",\"answer\":null},{\"id\":\"29\",\"question\":\"3rd Question Starts Here\",\"answer\":null},{\"id\":\"30\",\"question\":\"4th Question Starts Here\",\"answer\":null},{\"id\":\"31\",\"question\":\"5th Question Starts Here\",\"answer\":null},{\"id\":\"32\",\"question\":\"6th Question Starts Here\",\"answer\":null},{\"id\":\"33\",\"question\":\"7th Question Starts Here\"}]', '12', '1', NULL, '2022-01-03 05:47:04', '2022-01-03 05:47:04'),
(4, 1, 5, 1, '[{\"id\":\"27\",\"question\":\"1st Question Starts Here\",\"answer\":null},{\"id\":\"28\",\"question\":\"2nd Question Starts Here\",\"answer\":null},{\"id\":\"29\",\"question\":\"3rd Question Starts Here\",\"answer\":null},{\"id\":\"30\",\"question\":\"4th Question Starts Here\",\"answer\":null},{\"id\":\"31\",\"question\":\"5th Question Starts Here\",\"answer\":null},{\"id\":\"32\",\"question\":\"6th Question Starts Here\",\"answer\":null},{\"id\":\"33\",\"question\":\"7th Question Starts Here\",\"answer\":[\"2nd Option\"]}]', '2', '5', NULL, '2022-01-03 06:07:40', '2022-01-03 06:07:40'),
(5, 1, 1, 1, '[{\"id\":\"27\",\"question\":\"1st Question Starts Here\",\"answer\":null},{\"id\":\"28\",\"question\":\"2nd Question Starts Here\",\"answer\":null},{\"id\":\"29\",\"question\":\"3rd Question Starts Here\",\"answer\":null},{\"id\":\"30\",\"question\":\"4th Question Starts Here\",\"answer\":null},{\"id\":\"31\",\"question\":\"5th Question Starts Here\",\"answer\":null},{\"id\":\"32\",\"question\":\"6th Question Starts Here\",\"answer\":null},{\"id\":\"33\",\"question\":\"7th Question Starts Here\"}]', '3', '1', NULL, '2022-01-03 12:14:57', '2022-01-03 12:14:57'),
(6, 1, 1, 1, '[{\"id\":\"27\",\"question\":\"1st Question Starts Here\",\"answer\":\"1st Option\"},{\"id\":\"28\",\"question\":\"2nd Question Starts Here\",\"answer\":null},{\"id\":\"29\",\"question\":\"3rd Question Starts Here\",\"answer\":null},{\"id\":\"30\",\"question\":\"4th Question Starts Here\",\"answer\":null},{\"id\":\"31\",\"question\":\"5th Question Starts Here\",\"answer\":null},{\"id\":\"32\",\"question\":\"6th Question Starts Here\",\"answer\":null},{\"id\":\"33\",\"question\":\"7th Question Starts Here\"}]', '1', '1', NULL, '2022-01-03 12:15:04', '2022-01-03 12:15:04'),
(7, 1, 1, 1, '[{\"id\":\"27\",\"question\":\"1st Question Starts Here\",\"answer\":\"1st Option\"},{\"id\":\"28\",\"question\":\"2nd Question Starts Here\",\"answer\":null},{\"id\":\"29\",\"question\":\"3rd Question Starts Here\",\"answer\":null},{\"id\":\"30\",\"question\":\"4th Question Starts Here\",\"answer\":\"ygygy\"},{\"id\":\"31\",\"question\":\"5th Question Starts Here\",\"answer\":null},{\"id\":\"32\",\"question\":\"6th Question Starts Here\",\"answer\":null},{\"id\":\"33\",\"question\":\"7th Question Starts Here\"}]', '1', '1', NULL, '2022-01-03 12:15:52', '2022-01-03 12:15:52'),
(8, 1, 1, 1, '[{\"id\":\"27\",\"question\":\"1st Question Starts Here\",\"answer\":null},{\"id\":\"28\",\"question\":\"2nd Question Starts Here\",\"answer\":null},{\"id\":\"29\",\"question\":\"3rd Question Starts Here\",\"answer\":null},{\"id\":\"30\",\"question\":\"4th Question Starts Here\",\"answer\":null},{\"id\":\"31\",\"question\":\"5th Question Starts Here\",\"answer\":\"ujghujg\"},{\"id\":\"32\",\"question\":\"6th Question Starts Here\",\"answer\":null},{\"id\":\"33\",\"question\":\"7th Question Starts Here\"}]', '1', '1', NULL, '2022-01-03 12:16:13', '2022-01-03 12:16:13'),
(9, 1, 1, 1, '[{\"id\":\"27\",\"question\":\"1st Question Starts Here\",\"answer\":null},{\"id\":\"28\",\"question\":\"2nd Question Starts Here\",\"answer\":\"654\"},{\"id\":\"29\",\"question\":\"3rd Question Starts Here\",\"answer\":null},{\"id\":\"30\",\"question\":\"4th Question Starts Here\",\"answer\":null},{\"id\":\"31\",\"question\":\"5th Question Starts Here\",\"answer\":null},{\"id\":\"32\",\"question\":\"6th Question Starts Here\",\"answer\":null},{\"id\":\"33\",\"question\":\"7th Question Starts Here\"}]', '1', '1', NULL, '2022-01-03 12:16:33', '2022-01-03 12:16:33'),
(10, 1, 1, 1, '[{\"id\":\"27\",\"question\":\"1st Question Starts Here\",\"answer\":\"1st Option\"},{\"id\":\"28\",\"question\":\"2nd Question Starts Here\",\"answer\":null},{\"id\":\"29\",\"question\":\"3rd Question Starts Here\",\"answer\":null},{\"id\":\"30\",\"question\":\"4th Question Starts Here\",\"answer\":null},{\"id\":\"31\",\"question\":\"5th Question Starts Here\",\"answer\":null},{\"id\":\"32\",\"question\":\"6th Question Starts Here\",\"answer\":null},{\"id\":\"33\",\"question\":\"7th Question Starts Here\"}]', '1', '1', NULL, '2022-01-03 12:16:43', '2022-01-03 12:16:43'),
(11, 1, 1, 1, '[{\"id\":\"27\",\"question\":\"1st Question Starts Here\",\"answer\":\"2nd Option\"},{\"id\":\"28\",\"question\":\"2nd Question Starts Here\",\"answer\":\"87676\"},{\"id\":\"29\",\"question\":\"3rd Question Starts Here\",\"answer\":null},{\"id\":\"30\",\"question\":\"4th Question Starts Here\",\"answer\":null},{\"id\":\"31\",\"question\":\"5th Question Starts Here\",\"answer\":null},{\"id\":\"32\",\"question\":\"6th Question Starts Here\",\"answer\":null},{\"id\":\"33\",\"question\":\"7th Question Starts Here\"}]', '1', '1', NULL, '2022-01-03 12:17:08', '2022-01-03 12:17:08'),
(12, 1, 1, 1, '[{\"id\":\"27\",\"question\":\"1st Question Starts Here\",\"answer\":\"1st Option\"},{\"id\":\"28\",\"question\":\"2nd Question Starts Here\",\"answer\":\"5\"},{\"id\":\"29\",\"question\":\"3rd Question Starts Here\",\"answer\":\"i@gmail.com\"},{\"id\":\"30\",\"question\":\"4th Question Starts Here\",\"answer\":\"jh\"},{\"id\":\"31\",\"question\":\"5th Question Starts Here\",\"answer\":null},{\"id\":\"32\",\"question\":\"6th Question Starts Here\",\"answer\":null},{\"id\":\"33\",\"question\":\"7th Question Starts Here\"}]', '12', '1', NULL, '2022-01-03 12:24:15', '2022-01-03 12:24:15'),
(13, 1, 1, 1, '[{\"id\":\"27\",\"question\":\"1st Question Starts Here\",\"answer\":null},{\"id\":\"28\",\"question\":\"2nd Question Starts Here\",\"answer\":null},{\"id\":\"29\",\"question\":\"3rd Question Starts Here\",\"answer\":null},{\"id\":\"30\",\"question\":\"4th Question Starts Here\",\"answer\":null},{\"id\":\"31\",\"question\":\"5th Question Starts Here\",\"answer\":null},{\"id\":\"32\",\"question\":\"6th Question Starts Here\",\"answer\":null},{\"id\":\"33\",\"question\":\"7th Question Starts Here\"}]', '12', '1', NULL, '2022-01-03 12:29:09', '2022-01-03 12:29:09'),
(14, 1, 6, 1, '[{\"id\":\"27\",\"question\":\"1st Question Starts Here\",\"answer\":\"2nd Option\"},{\"id\":\"28\",\"question\":\"2nd Question Starts Here\",\"answer\":null},{\"id\":\"29\",\"question\":\"3rd Question Starts Here\",\"answer\":null},{\"id\":\"30\",\"question\":\"4th Question Starts Here\",\"answer\":null},{\"id\":\"31\",\"question\":\"5th Question Starts Here\",\"answer\":null},{\"id\":\"32\",\"question\":\"6th Question Starts Here\",\"answer\":null},{\"id\":\"33\",\"question\":\"7th Question Starts Here\",\"answer\":[\"2nd Option\"]}]', '1', '6', NULL, '2022-01-03 13:25:23', '2022-01-03 13:25:23'),
(15, 1, 1, 1, '[{\"id\":\"27\",\"question\":\"1st Question Starts Here\",\"answer\":\"1st Option\"},{\"id\":\"28\",\"question\":\"2nd Question Starts Here\",\"answer\":null},{\"id\":\"29\",\"question\":\"3rd Question Starts Here\",\"answer\":null},{\"id\":\"30\",\"question\":\"4th Question Starts Here\",\"answer\":null},{\"id\":\"31\",\"question\":\"5th Question Starts Here\",\"answer\":null},{\"id\":\"32\",\"question\":\"6th Question Starts Here\",\"answer\":null},{\"id\":\"33\",\"question\":\"7th Question Starts Here\"}]', '1', '1', NULL, '2022-01-04 05:52:37', '2022-01-04 05:52:37'),
(16, 1, 1, 1, '[{\"id\":\"27\",\"question\":\"1st Question Starts Here\",\"answer\":\"2nd Option\"},{\"id\":\"28\",\"question\":\"2nd Question Starts Here\",\"answer\":\"5\"},{\"id\":\"29\",\"question\":\"3rd Question Starts Here\",\"answer\":\"amitsaraogi1@anmolgroups.com\"},{\"id\":\"30\",\"question\":\"4th Question Starts Here\",\"answer\":\"jh\"},{\"id\":\"31\",\"question\":\"5th Question Starts Here\",\"answer\":\"fdsf\"},{\"id\":\"32\",\"question\":\"6th Question Starts Here\",\"answer\":\"2022-01-04T11:36\"},{\"id\":\"33\",\"question\":\"7th Question Starts Here\",\"answer\":[\"1st Option\",\"2nd Option\"]}]', '1', '1', NULL, '2022-01-04 06:07:09', '2022-01-04 06:07:09'),
(17, 1, 1, 1, '[{\"id\":\"27\",\"question\":\"1st Question Starts Here\",\"answer\":\"1st Option\"},{\"id\":\"28\",\"question\":\"2nd Question Starts Here\",\"answer\":\"5\"},{\"id\":\"29\",\"question\":\"3rd Question Starts Here\",\"answer\":\"garvit.jain@mahafeeds.com\"},{\"id\":\"30\",\"question\":\"4th Question Starts Here\",\"answer\":\"dsf\"},{\"id\":\"31\",\"question\":\"5th Question Starts Here\",\"answer\":\"fsdafds\"},{\"id\":\"32\",\"question\":\"6th Question Starts Here\",\"answer\":\"2022-01-04T11:39\"},{\"id\":\"33\",\"question\":\"7th Question Starts Here\",\"answer\":[\"1st Option\",\"2nd Option\"]}]', '1', '1', NULL, '2022-01-04 06:10:00', '2022-01-04 06:10:00'),
(18, 1, 1, 1, '[{\"id\":\"27\",\"question\":\"1st Question Starts Here\",\"answer\":null},{\"id\":\"28\",\"question\":\"2nd Question Starts Here\",\"answer\":null},{\"id\":\"29\",\"question\":\"3rd Question Starts Here\",\"answer\":null},{\"id\":\"30\",\"question\":\"4th Question Starts Here\",\"answer\":null},{\"id\":\"31\",\"question\":\"5th Question Starts Here\",\"answer\":null},{\"id\":\"32\",\"question\":\"6th Question Starts Here\",\"answer\":null},{\"id\":\"33\",\"question\":\"7th Question Starts Here\"}]', '12', '1', NULL, '2022-01-04 07:09:52', '2022-01-04 07:09:52'),
(19, 1, 1, 1, '[{\"id\":\"27\",\"question\":\"1st Question Starts Here\",\"answer\":null},{\"id\":\"28\",\"question\":\"2nd Question Starts Here\",\"answer\":null},{\"id\":\"29\",\"question\":\"3rd Question Starts Here\",\"answer\":null},{\"id\":\"30\",\"question\":\"4th Question Starts Here\",\"answer\":null},{\"id\":\"31\",\"question\":\"5th Question Starts Here\",\"answer\":null},{\"id\":\"32\",\"question\":\"6th Question Starts Here\",\"answer\":\"2022-01-04T15:26\"},{\"id\":\"33\",\"question\":\"7th Question Starts Here\"}]', '12', '1', NULL, '2022-01-04 07:13:00', '2022-01-04 07:13:00'),
(20, 1, 1, 1, '[{\"id\":\"27\",\"question\":\"1st Question Starts Here\",\"answer\":null},{\"id\":\"28\",\"question\":\"2nd Question Starts Here\",\"answer\":null},{\"id\":\"29\",\"question\":\"3rd Question Starts Here\",\"answer\":null},{\"id\":\"30\",\"question\":\"4th Question Starts Here\",\"answer\":null},{\"id\":\"31\",\"question\":\"5th Question Starts Here\",\"answer\":null},{\"id\":\"32\",\"question\":\"6th Question Starts Here\",\"answer\":null},{\"id\":\"33\",\"question\":\"7th Question Starts Here\"}]', '12', '1', NULL, '2022-01-04 07:23:34', '2022-01-04 07:23:34'),
(21, 1, 1, 1, '[{\"id\":\"27\",\"question\":\"1st Question Starts Here\",\"answer\":null},{\"id\":\"28\",\"question\":\"2nd Question Starts Here\",\"answer\":null},{\"id\":\"29\",\"question\":\"3rd Question Starts Here\",\"answer\":null},{\"id\":\"30\",\"question\":\"4th Question Starts Here\",\"answer\":null},{\"id\":\"31\",\"question\":\"5th Question Starts Here\",\"answer\":null},{\"id\":\"32\",\"question\":\"6th Question Starts Here\",\"answer\":null},{\"id\":\"33\",\"question\":\"7th Question Starts Here\"},{\"id\":\"34\",\"question\":\"I ____ you if you say that word again\",\"answer\":null}]', '12', '1', NULL, '2022-01-04 07:52:47', '2022-01-04 07:52:47'),
(22, 1, 1, 1, '[{\"id\":\"27\",\"question\":\"1st Question Starts Here\",\"answer\":null},{\"id\":\"28\",\"question\":\"2nd Question Starts Here\",\"answer\":null},{\"id\":\"29\",\"question\":\"3rd Question Starts Here\",\"answer\":null},{\"id\":\"30\",\"question\":\"4th Question Starts Here\",\"answer\":null},{\"id\":\"31\",\"question\":\"5th Question Starts Here\",\"answer\":null},{\"id\":\"32\",\"question\":\"6th Question Starts Here\",\"answer\":null},{\"id\":\"33\",\"question\":\"7th Question Starts Here\"},{\"id\":\"34\",\"question\":\"I ____ you if you say that word again\",\"answer\":null}]', '12', '1', NULL, '2022-01-04 08:00:06', '2022-01-04 08:00:06'),
(23, 1, 1, 1, '[{\"id\":\"27\",\"question\":\"1st Question Starts Here\",\"answer\":null},{\"id\":\"28\",\"question\":\"2nd Question Starts Here\",\"answer\":null},{\"id\":\"29\",\"question\":\"3rd Question Starts Here\",\"answer\":null},{\"id\":\"30\",\"question\":\"4th Question Starts Here\",\"answer\":null},{\"id\":\"31\",\"question\":\"5th Question Starts Here\",\"answer\":null},{\"id\":\"32\",\"question\":\"6th Question Starts Here\",\"answer\":null},{\"id\":\"33\",\"question\":\"7th Question Starts Here\"},{\"id\":\"34\",\"question\":\"I ____ you if you say that word again\",\"answer\":null}]', '12', '1', NULL, '2022-01-04 08:26:50', '2022-01-04 08:26:50'),
(24, 1, 1, 1, '[{\"id\":\"27\",\"question\":\"1st Question Starts Here\",\"answer\":null},{\"id\":\"28\",\"question\":\"2nd Question Starts Here\",\"answer\":null},{\"id\":\"29\",\"question\":\"3rd Question Starts Here\",\"answer\":null},{\"id\":\"30\",\"question\":\"4th Question Starts Here\",\"answer\":null},{\"id\":\"31\",\"question\":\"5th Question Starts Here\",\"answer\":null},{\"id\":\"32\",\"question\":\"6th Question Starts Here\",\"answer\":null},{\"id\":\"33\",\"question\":\"7th Question Starts Here\"},{\"id\":\"34\",\"question\":\"I ____ you if you say that word again\",\"answer\":null}]', '12', '1', NULL, '2022-01-04 09:23:23', '2022-01-04 09:23:23'),
(25, 1, 1, 1, '[{\"id\":\"27\",\"question\":\"1st Question Starts Here\",\"answer\":null},{\"id\":\"28\",\"question\":\"2nd Question Starts Here\",\"answer\":null},{\"id\":\"29\",\"question\":\"3rd Question Starts Here\",\"answer\":null},{\"id\":\"30\",\"question\":\"4th Question Starts Here\",\"answer\":null},{\"id\":\"31\",\"question\":\"5th Question Starts Here\",\"answer\":null},{\"id\":\"32\",\"question\":\"6th Question Starts Here\",\"answer\":null},{\"id\":\"33\",\"question\":\"7th Question Starts Here\"},{\"id\":\"34\",\"question\":\"I ____ you if you say that word again\",\"answer\":null}]', '12', '1', NULL, '2022-01-04 09:51:09', '2022-01-04 09:51:09'),
(26, 1, 1, 1, '[{\"id\":\"27\",\"question\":\"Question Starts Here\",\"answer\":null},{\"id\":\"28\",\"question\":\"Question Starts Here\",\"answer\":null},{\"id\":\"29\",\"question\":\"Question Starts Here\",\"answer\":null},{\"id\":\"30\",\"question\":\"Question Starts Here\",\"answer\":null},{\"id\":\"31\",\"question\":\"Question Starts Here\",\"answer\":null},{\"id\":\"32\",\"question\":\"Question Starts Here\",\"answer\":null},{\"id\":\"33\",\"question\":\"Question Starts Here\"},{\"id\":\"34\",\"question\":\"I ____ you if you say that word again\",\"answer\":null},{\"id\":\"35\",\"question\":\"Question Starts Here\",\"answer\":null},{\"id\":\"36\",\"question\":\"Question Starts Here\"},{\"id\":\"37\",\"question\":\"Question Starts Here\",\"answer\":null},{\"id\":\"38\",\"question\":\"Question Starts Here\"}]', '12', '1', NULL, '2022-01-04 10:10:06', '2022-01-04 10:10:06'),
(27, 1, 1, 1, '[{\"id\":\"27\",\"question\":\"I …………… you if you say that word again.\",\"answer\":\"am hitting\"},{\"id\":\"28\",\"question\":\"I think our team …………\",\"answer\":\"will win\"},{\"id\":\"29\",\"question\":\"…………….. I help you with the housework?\",\"answer\":\"Will\"},{\"id\":\"30\",\"question\":\"This time tomorrow I ……………. a discussion with my boss.\",\"answer\":\"will have\"},{\"id\":\"31\",\"question\":\"By next Christmas we ……………….. in this city for twenty-five years.\",\"answer\":\"have lived\"},{\"id\":\"32\",\"question\":\"I ………………….. home late tonight.\",\"answer\":\"am\"},{\"id\":\"33\",\"question\":\"She …………….. before too long.\",\"answer\":\"will arrive\"},{\"id\":\"34\",\"question\":\"I will phone you when I …………… time.\",\"answer\":\"have\"},{\"id\":\"35\",\"question\":\"I will discuss your situation with my boss when I …………. him tomorrow.\",\"answer\":\"meet\"},{\"id\":\"36\",\"question\":\"I will follow you wherever you ………….\",\"answer\":\"go\"},{\"id\":\"37\",\"question\":\"You can take anything I ……………\",\"answer\":\"find\"},{\"id\":\"38\",\"question\":\"She ……………. upset when she finds out what you have done.\",\"answer\":\"will be\"}]', '1', '1', NULL, '2022-01-04 10:16:48', '2022-01-04 10:16:48'),
(28, 1, 1, 1, '[{\"id\":\"27\",\"question\":\"I …………… you if you say that word again.\",\"answer\":null},{\"id\":\"28\",\"question\":\"I think our team …………\",\"answer\":null},{\"id\":\"29\",\"question\":\"…………….. I help you with the housework?\",\"answer\":null},{\"id\":\"30\",\"question\":\"This time tomorrow I ……………. a discussion with my boss.\",\"answer\":null},{\"id\":\"31\",\"question\":\"By next Christmas we ……………….. in this city for twenty-five years.\",\"answer\":null},{\"id\":\"32\",\"question\":\"I ………………….. home late tonight.\",\"answer\":null},{\"id\":\"33\",\"question\":\"She …………….. before too long.\",\"answer\":null},{\"id\":\"34\",\"question\":\"I will phone you when I …………… time.\",\"answer\":null},{\"id\":\"35\",\"question\":\"I will discuss your situation with my boss when I …………. him tomorrow.\",\"answer\":null},{\"id\":\"36\",\"question\":\"I will follow you wherever you ………….\",\"answer\":null},{\"id\":\"37\",\"question\":\"You can take anything I ……………\",\"answer\":null},{\"id\":\"38\",\"question\":\"Question Starts Here\"}]', '12', '1', NULL, '2022-01-04 10:22:12', '2022-01-04 10:22:12'),
(29, 1, 1, 1, '[{\"id\":\"27\",\"question\":\"I …………… you if you say that word again.\"},{\"id\":\"28\",\"question\":\"I think our team …………\"},{\"id\":\"29\",\"question\":\"…………….. I help you with the housework?\"},{\"id\":\"30\",\"question\":\"This time tomorrow I ……………. a discussion with my boss.\"},{\"id\":\"31\",\"question\":\"By next Christmas we ……………….. in this city for twenty-five years.\"},{\"id\":\"32\",\"question\":\"I ………………….. home late tonight.\"},{\"id\":\"33\",\"question\":\"She …………….. before too long.\"},{\"id\":\"34\",\"question\":\"I will phone you when I …………… time.\"},{\"id\":\"35\",\"question\":\"I will discuss your situation with my boss when I …………. him tomorrow.\"},{\"id\":\"36\",\"question\":\"I will follow you wherever you ………….\"},{\"id\":\"37\",\"question\":\"You can take anything I ……………\"},{\"id\":\"38\",\"question\":\"She ……………. upset when she finds out what you have done.\"}]', '12', '1', NULL, '2022-01-04 10:35:50', '2022-01-04 10:35:50'),
(30, 1, 1, 1, '[{\"id\":\"27\",\"question\":\"I …………… you if you say that word again.\"},{\"id\":\"28\",\"question\":\"I think our team …………\"},{\"id\":\"29\",\"question\":\"…………….. I help you with the housework?\"},{\"id\":\"30\",\"question\":\"This time tomorrow I ……………. a discussion with my boss.\"},{\"id\":\"31\",\"question\":\"By next Christmas we ……………….. in this city for twenty-five years.\"},{\"id\":\"32\",\"question\":\"I ………………….. home late tonight.\"},{\"id\":\"33\",\"question\":\"She …………….. before too long.\"},{\"id\":\"34\",\"question\":\"I will phone you when I …………… time.\"},{\"id\":\"35\",\"question\":\"I will discuss your situation with my boss when I …………. him tomorrow.\"},{\"id\":\"36\",\"question\":\"I will follow you wherever you ………….\"},{\"id\":\"37\",\"question\":\"You can take anything I ……………\"},{\"id\":\"38\",\"question\":\"She ……………. upset when she finds out what you have done.\"}]', '12', '1', NULL, '2022-01-04 10:37:49', '2022-01-04 10:37:49'),
(31, 1, 1, 1, '[{\"id\":\"27\",\"question\":\"I …………… you if you say that word again.\"},{\"id\":\"28\",\"question\":\"I think our team …………\"},{\"id\":\"29\",\"question\":\"…………….. I help you with the housework?\"},{\"id\":\"30\",\"question\":\"This time tomorrow I ……………. a discussion with my boss.\"},{\"id\":\"31\",\"question\":\"By next Christmas we ……………….. in this city for twenty-five years.\"},{\"id\":\"32\",\"question\":\"I ………………….. home late tonight.\"},{\"id\":\"33\",\"question\":\"She …………….. before too long.\"},{\"id\":\"34\",\"question\":\"I will phone you when I …………… time.\"},{\"id\":\"35\",\"question\":\"I will discuss your situation with my boss when I …………. him tomorrow.\"},{\"id\":\"36\",\"question\":\"I will follow you wherever you ………….\"},{\"id\":\"37\",\"question\":\"You can take anything I ……………\"},{\"id\":\"38\",\"question\":\"She ……………. upset when she finds out what you have done.\"}]', '12', '1', NULL, '2022-01-04 10:50:24', '2022-01-04 10:50:24'),
(32, 1, 1, 1, '[{\"id\":\"27\",\"question\":\"I …………… you if you say that word again.\"},{\"id\":\"28\",\"question\":\"I think our team …………\"},{\"id\":\"29\",\"question\":\"…………….. I help you with the housework?\"},{\"id\":\"30\",\"question\":\"This time tomorrow I ……………. a discussion with my boss.\"},{\"id\":\"31\",\"question\":\"By next Christmas we ……………….. in this city for twenty-five years.\"},{\"id\":\"32\",\"question\":\"I ………………….. home late tonight.\"},{\"id\":\"33\",\"question\":\"She …………….. before too long.\"},{\"id\":\"34\",\"question\":\"I will phone you when I …………… time.\"},{\"id\":\"35\",\"question\":\"I will discuss your situation with my boss when I …………. him tomorrow.\"},{\"id\":\"36\",\"question\":\"I will follow you wherever you ………….\"},{\"id\":\"37\",\"question\":\"You can take anything I ……………\"},{\"id\":\"38\",\"question\":\"She ……………. upset when she finds out what you have done.\"}]', '12', '1', NULL, '2022-01-04 11:09:31', '2022-01-04 11:09:31'),
(33, 1, 1, 1, '[{\"id\":\"27\",\"question\":\"I …………… you if you say that word again.\"},{\"id\":\"28\",\"question\":\"I think our team …………\"},{\"id\":\"29\",\"question\":\"…………….. I help you with the housework?\"},{\"id\":\"30\",\"question\":\"This time tomorrow I ……………. a discussion with my boss.\"},{\"id\":\"31\",\"question\":\"By next Christmas we ……………….. in this city for twenty-five years.\"},{\"id\":\"32\",\"question\":\"I ………………….. home late tonight.\"},{\"id\":\"33\",\"question\":\"She …………….. before too long.\"},{\"id\":\"34\",\"question\":\"I will phone you when I …………… time.\"},{\"id\":\"35\",\"question\":\"I will discuss your situation with my boss when I …………. him tomorrow.\"},{\"id\":\"36\",\"question\":\"I will follow you wherever you ………….\"},{\"id\":\"37\",\"question\":\"You can take anything I ……………\"},{\"id\":\"38\",\"question\":\"She ……………. upset when she finds out what you have done.\"}]', '12', '1', NULL, '2022-01-04 11:21:44', '2022-01-04 11:21:44'),
(34, 1, 1, 1, '[{\"id\":\"27\",\"question\":\"I …………… you if you say that word again.\",\"answer\":\"will be hitting\"},{\"id\":\"28\",\"question\":\"I think our team …………\",\"answer\":\"would win\"},{\"id\":\"29\",\"question\":\"…………….. I help you with the housework?\",\"answer\":\"Shall\"},{\"id\":\"30\",\"question\":\"This time tomorrow I ……………. a discussion with my boss.\",\"answer\":\"will have\"},{\"id\":\"31\",\"question\":\"By next Christmas we ……………….. in this city for twenty-five years.\",\"answer\":\"will be living\"},{\"id\":\"32\",\"question\":\"I ………………….. home late tonight.\",\"answer\":\"would be\"},{\"id\":\"33\",\"question\":\"She …………….. before too long.\",\"answer\":\"will arrive\"},{\"id\":\"34\",\"question\":\"I will phone you when I …………… time.\",\"answer\":\"would have\"},{\"id\":\"35\",\"question\":\"I will discuss your situation with my boss when I …………. him tomorrow.\",\"answer\":\"will meet\"},{\"id\":\"36\",\"question\":\"I will follow you wherever you ………….\",\"answer\":\"go\"},{\"id\":\"37\",\"question\":\"You can take anything I ……………\",\"answer\":\"will find\"},{\"id\":\"38\",\"question\":\"She ……………. upset when she finds out what you have done.\",\"answer\":\"would be\"}]', '3', '1', NULL, '2022-01-04 11:25:36', '2022-01-04 11:25:36'),
(35, 1, 1, 1, '[{\"id\":\"27\",\"question\":\"I …………… you if you say that word again.\"},{\"id\":\"28\",\"question\":\"I think our team …………\"},{\"id\":\"29\",\"question\":\"…………….. I help you with the housework?\"},{\"id\":\"30\",\"question\":\"This time tomorrow I ……………. a discussion with my boss.\"},{\"id\":\"31\",\"question\":\"By next Christmas we ……………….. in this city for twenty-five years.\"},{\"id\":\"32\",\"question\":\"I ………………….. home late tonight.\"},{\"id\":\"33\",\"question\":\"She …………….. before too long.\"},{\"id\":\"34\",\"question\":\"I will phone you when I …………… time.\"},{\"id\":\"35\",\"question\":\"I will discuss your situation with my boss when I …………. him tomorrow.\"},{\"id\":\"36\",\"question\":\"I will follow you wherever you ………….\"},{\"id\":\"37\",\"question\":\"You can take anything I ……………\"},{\"id\":\"38\",\"question\":\"She ……………. upset when she finds out what you have done.\"}]', '12', '1', NULL, '2022-01-04 11:34:47', '2022-01-04 11:34:47'),
(36, 1, 1, 1, '[{\"id\":\"27\",\"question\":\"I …………… you if you say that word again.\"},{\"id\":\"28\",\"question\":\"I think our team …………\"},{\"id\":\"29\",\"question\":\"…………….. I help you with the housework?\"},{\"id\":\"30\",\"question\":\"This time tomorrow I ……………. a discussion with my boss.\"},{\"id\":\"31\",\"question\":\"By next Christmas we ……………….. in this city for twenty-five years.\"},{\"id\":\"32\",\"question\":\"I ………………….. home late tonight.\"},{\"id\":\"33\",\"question\":\"She …………….. before too long.\"},{\"id\":\"34\",\"question\":\"I will phone you when I …………… time.\"},{\"id\":\"35\",\"question\":\"I will discuss your situation with my boss when I …………. him tomorrow.\"},{\"id\":\"36\",\"question\":\"I will follow you wherever you ………….\"},{\"id\":\"37\",\"question\":\"You can take anything I ……………\"},{\"id\":\"38\",\"question\":\"She ……………. upset when she finds out what you have done.\"}]', '12', '1', NULL, '2022-01-04 12:28:35', '2022-01-04 12:28:35'),
(37, 1, 1, 1, '[{\"id\":\"27\",\"question\":\"I …………… you if you say that word again.\",\"answer\":\"am hitting\"},{\"id\":\"28\",\"question\":\"I think our team …………\",\"answer\":\"will win\"},{\"id\":\"29\",\"question\":\"…………….. I help you with the housework?\",\"answer\":\"Will\"},{\"id\":\"30\",\"question\":\"This time tomorrow I ……………. a discussion with my boss.\",\"answer\":\"will have\"},{\"id\":\"31\",\"question\":\"By next Christmas we ……………….. in this city for twenty-five years.\",\"answer\":\"have lived\"},{\"id\":\"32\",\"question\":\"I ………………….. home late tonight.\",\"answer\":\"will be\"},{\"id\":\"33\",\"question\":\"She …………….. before too long.\",\"answer\":\"will arrive\"},{\"id\":\"34\",\"question\":\"I will phone you when I …………… time.\",\"answer\":\"will have\"},{\"id\":\"35\",\"question\":\"I will discuss your situation with my boss when I …………. him tomorrow.\",\"answer\":\"meet\"},{\"id\":\"36\",\"question\":\"I will follow you wherever you ………….\",\"answer\":\"go\"},{\"id\":\"37\",\"question\":\"You can take anything I ……………\",\"answer\":\"find\"},{\"id\":\"38\",\"question\":\"She ……………. upset when she finds out what you have done.\",\"answer\":\"will be\"}]', '12', '1', NULL, '2022-01-05 06:44:00', '2022-01-05 06:44:00'),
(38, 1, 1, 1, '[{\"id\":\"27\",\"question\":\"I …………… you if you say that word again.\"},{\"id\":\"28\",\"question\":\"I think our team …………\"},{\"id\":\"29\",\"question\":\"…………….. I help you with the housework?\"},{\"id\":\"30\",\"question\":\"This time tomorrow I ……………. a discussion with my boss.\"},{\"id\":\"31\",\"question\":\"By next Christmas we ……………….. in this city for twenty-five years.\"},{\"id\":\"32\",\"question\":\"I ………………….. home late tonight.\"},{\"id\":\"33\",\"question\":\"She …………….. before too long.\"},{\"id\":\"34\",\"question\":\"I will phone you when I …………… time.\"},{\"id\":\"35\",\"question\":\"I will discuss your situation with my boss when I …………. him tomorrow.\"},{\"id\":\"36\",\"question\":\"I will follow you wherever you ………….\"},{\"id\":\"37\",\"question\":\"You can take anything I ……………\"},{\"id\":\"38\",\"question\":\"She ……………. upset when she finds out what you have done.\"}]', '12', '1', NULL, '2022-01-05 06:59:41', '2022-01-05 06:59:41'),
(39, 1, 1, 1, '[{\"id\":\"27\",\"question\":\"I …………… you if you say that word again.\"},{\"id\":\"28\",\"question\":\"I think our team …………\"},{\"id\":\"29\",\"question\":\"…………….. I help you with the housework?\"},{\"id\":\"30\",\"question\":\"This time tomorrow I ……………. a discussion with my boss.\"},{\"id\":\"31\",\"question\":\"By next Christmas we ……………….. in this city for twenty-five years.\"},{\"id\":\"32\",\"question\":\"I ………………….. home late tonight.\"},{\"id\":\"33\",\"question\":\"She …………….. before too long.\"},{\"id\":\"34\",\"question\":\"I will phone you when I …………… time.\"},{\"id\":\"35\",\"question\":\"I will discuss your situation with my boss when I …………. him tomorrow.\"},{\"id\":\"36\",\"question\":\"I will follow you wherever you ………….\"},{\"id\":\"37\",\"question\":\"You can take anything I ……………\"},{\"id\":\"38\",\"question\":\"She ……………. upset when she finds out what you have done.\"}]', '12', '1', NULL, '2022-01-05 07:08:21', '2022-01-05 07:08:21'),
(40, 1, 10, 1, '[{\"id\":\"27\",\"question\":\"I …………… you if you say that word again.\"},{\"id\":\"28\",\"question\":\"I think our team …………\"},{\"id\":\"29\",\"question\":\"…………….. I help you with the housework?\"},{\"id\":\"30\",\"question\":\"This time tomorrow I ……………. a discussion with my boss.\"},{\"id\":\"31\",\"question\":\"By next Christmas we ……………….. in this city for twenty-five years.\"},{\"id\":\"32\",\"question\":\"I ………………….. home late tonight.\"},{\"id\":\"33\",\"question\":\"She …………….. before too long.\"},{\"id\":\"34\",\"question\":\"I will phone you when I …………… time.\"},{\"id\":\"35\",\"question\":\"I will discuss your situation with my boss when I …………. him tomorrow.\"},{\"id\":\"36\",\"question\":\"I will follow you wherever you ………….\"},{\"id\":\"37\",\"question\":\"You can take anything I ……………\"},{\"id\":\"38\",\"question\":\"She ……………. upset when she finds out what you have done.\"}]', '12', '10', NULL, '2022-01-05 08:23:26', '2022-01-05 08:23:26'),
(41, 1, 1, 1, '[{\"id\":\"27\",\"question\":\"I …………… you if you say that word again.\"},{\"id\":\"28\",\"question\":\"I think our team …………\"},{\"id\":\"29\",\"question\":\"…………….. I help you with the housework?\"},{\"id\":\"30\",\"question\":\"This time tomorrow I ……………. a discussion with my boss.\"},{\"id\":\"31\",\"question\":\"By next Christmas we ……………….. in this city for twenty-five years.\"},{\"id\":\"32\",\"question\":\"I ………………….. home late tonight.\"},{\"id\":\"33\",\"question\":\"She …………….. before too long.\"},{\"id\":\"34\",\"question\":\"I will phone you when I …………… time.\"},{\"id\":\"35\",\"question\":\"I will discuss your situation with my boss when I …………. him tomorrow.\"},{\"id\":\"36\",\"question\":\"I will follow you wherever you ………….\"},{\"id\":\"37\",\"question\":\"You can take anything I ……………\"},{\"id\":\"38\",\"question\":\"She ……………. upset when she finds out what you have done.\"}]', '12', '1', NULL, '2022-01-05 09:39:00', '2022-01-05 09:39:00'),
(42, 1, 1, 1, '[{\"id\":\"1\",\"question\":\"I …………… you if you say that word again.\",\"answer\":\"am hitting\"},{\"id\":\"2\",\"question\":\"I think our team …………\",\"answer\":\"will win\"},{\"id\":\"3\",\"question\":\"…………….. I help you with the housework?\",\"answer\":\"Shall\"},{\"id\":\"4\",\"question\":\"This time tomorrow I ……………. a discussion with my boss.\",\"answer\":\"will have\"},{\"id\":\"5\",\"question\":\"By next Christmas we ……………….. in this city for twenty-five years.\",\"answer\":\"have lived\"},{\"id\":\"6\",\"question\":\"I ………………….. home late tonight.\",\"answer\":\"will be\"},{\"id\":\"7\",\"question\":\"She …………….. before too long.\",\"answer\":\"will arrive\"},{\"id\":\"8\",\"question\":\"I will phone you when I …………… time.\",\"answer\":\"will have\"},{\"id\":\"9\",\"question\":\"I will discuss your situation with my boss when I …………. him tomorrow.\",\"answer\":\"meet\"},{\"id\":\"10\",\"question\":\"I will follow you wherever you ………….\",\"answer\":\"go\"},{\"id\":\"11\",\"question\":\"You can take anything I ……………\",\"answer\":\"find\"},{\"id\":\"12\",\"question\":\"She ……………. upset when she finds out what you have done.\",\"answer\":\"will be\"}]', '3', '1', NULL, '2022-01-06 06:45:15', '2022-01-06 06:45:15'),
(43, 1, 1, 1, '[{\"id\":\"1\",\"question\":\"I …………… you if you say that word again.\",\"answer\":\"am hitting\"},{\"id\":\"2\",\"question\":\"I think our team …………\",\"answer\":\"will win\"},{\"id\":\"3\",\"question\":\"…………….. I help you with the housework?\",\"answer\":\"Shall\"},{\"id\":\"4\",\"question\":\"This time tomorrow I ……………. a discussion with my boss.\",\"answer\":\"will have\"},{\"id\":\"5\",\"question\":\"By next Christmas we ……………….. in this city for twenty-five years.\",\"answer\":\"have lived\"},{\"id\":\"6\",\"question\":\"I ………………….. home late tonight.\",\"answer\":\"will be\"},{\"id\":\"7\",\"question\":\"She …………….. before too long.\",\"answer\":\"will arrive\"},{\"id\":\"8\",\"question\":\"I will phone you when I …………… time.\",\"answer\":\"will have\"},{\"id\":\"9\",\"question\":\"I will discuss your situation with my boss when I …………. him tomorrow.\",\"answer\":\"meet\"},{\"id\":\"10\",\"question\":\"I will follow you wherever you ………….\",\"answer\":\"go\"},{\"id\":\"11\",\"question\":\"You can take anything I ……………\",\"answer\":\"find\"},{\"id\":\"12\",\"question\":\"She ……………. upset when she finds out what you have done.\",\"answer\":\"will be\"}]', '3', '1', NULL, '2022-01-06 06:54:47', '2022-01-06 06:54:47');

-- --------------------------------------------------------

--
-- Table structure for table `termsConditions`
--

CREATE TABLE `termsConditions` (
  `id` int UNSIGNED NOT NULL,
  `storeId` int DEFAULT NULL,
  `question` varchar(255) DEFAULT NULL,
  `answer` text,
  `status` enum('active','inactive') DEFAULT NULL,
  `createdAt` datetime NOT NULL,
  `createdBy` varchar(128) DEFAULT NULL,
  `updatedAt` datetime NOT NULL,
  `updatedBy` varchar(128) DEFAULT NULL
) ENGINE=InnoDB DEFAULT CHARSET=utf8mb4 COLLATE=utf8mb4_0900_ai_ci;

--
-- Dumping data for table `termsConditions`
--

INSERT INTO `termsConditions` (`id`, `storeId`, `question`, `answer`, `status`, `createdAt`, `createdBy`, `updatedAt`, `updatedBy`) VALUES
(5, 15, 'In return case what are the terms and condition?', 'Lorem ipsum dolor sit amet, consectetur adipisicing elit, sed do eiusmod tempor incididunt ut labore et dolore magna aliqua. Ut enim ad minim veniam, quis nostrud exercitation ullamco laboris nisi ut aliquip ex ea commodo consequat.', 'active', '2021-11-05 13:39:53', NULL, '2021-11-05 13:39:53', NULL),
(6, 15, 'I choose the wrong product, can I change the product?', 'Lorem ipsum dolor sit amet, consectetur adipisicing elit, sed do eiusmod tempor incididunt ut labore et dolore magna aliqua. Ut enim ad minim veniam, quis nostrud exercitation ullamco laboris nisi ut aliquip ex ea commodo consequat.', 'active', '2021-11-05 13:39:53', NULL, '2021-11-05 13:39:53', NULL),
(7, 15, 'I entered the wrong CVV, why did my transaction still go through?', ' Lorem ipsum dolor sit amet, consectetur adipisicing elit, sed do eiusmod tempor incididunt ut labore et dolore magna aliqua. Ut enim ad minim veniam, quis nostrud exercitation ullamco laboris nisi ut aliquip ex ea commodo consequat.', 'active', '2021-11-05 13:41:15', NULL, '2021-11-05 13:41:15', NULL),
(8, 15, 'I want to partner my restaurant with Plywale', ' Lorem ipsum dolor sit amet, consectetur adipisicing elit, sed do eiusmod tempor incididunt ut labore et dolore magna aliqua. Ut enim ad minim veniam, quis nostrud exercitation ullamco laboris nisi ut aliquip ex ea commodo consequat.', 'active', '2021-11-05 13:41:15', NULL, '2021-11-05 13:41:15', NULL),
(9, 15, ' I entered the wrong pin, why did my transaction still go through?', 'Lorem ipsum dolor sit amet, consectetur adipisicing elit, sed do eiusmod tempor incididunt ut labore et dolore magna aliqua. Ut enim ad minim veniam, quis nostrud exercitation ullamco laboris nisi ut aliquip ex ea commodo consequat', 'active', '2021-11-05 13:42:34', NULL, '2021-11-05 13:42:34', NULL),
(10, 15, 'What is Plywale Customer Care Number?', 'Lorem ipsum dolor sit amet, consectetur adipisicing elit, sed do eiusmod tempor incididunt ut labore et dolore magna aliqua. Ut enim ad minim veniam, quis nostrud exercitation ullamco laboris nisi ut aliquip ex ea commodo consequat', 'active', '2021-11-05 13:42:34', NULL, '2021-11-05 13:42:34', NULL);

-- --------------------------------------------------------

--
-- Table structure for table `testimonials`
--

CREATE TABLE `testimonials` (
  `id` int NOT NULL,
  `storeId` int DEFAULT NULL,
  `title` varchar(255) CHARACTER SET utf8mb3 COLLATE utf8mb3_bin DEFAULT NULL,
  `image` varchar(255) CHARACTER SET utf8mb3 COLLATE utf8mb3_bin DEFAULT NULL,
  `company` varchar(255) CHARACTER SET utf8mb3 COLLATE utf8mb3_bin DEFAULT NULL,
  `designation` varchar(100) CHARACTER SET utf8mb3 COLLATE utf8mb3_bin DEFAULT NULL,
  `description` text CHARACTER SET utf8mb3 COLLATE utf8mb3_bin,
  `status` enum('Yes','No') CHARACTER SET utf8mb3 COLLATE utf8mb3_bin DEFAULT NULL,
  `ar_title` varchar(255) COLLATE utf8mb3_bin DEFAULT NULL,
  `ar_company` varchar(255) COLLATE utf8mb3_bin DEFAULT NULL,
  `ar_designation` varchar(100) COLLATE utf8mb3_bin DEFAULT NULL,
  `ar_description` text COLLATE utf8mb3_bin,
  `createdBy` varchar(100) CHARACTER SET utf8mb3 COLLATE utf8mb3_bin DEFAULT NULL,
  `createdAt` datetime DEFAULT NULL,
  `updatedBy` varchar(100) CHARACTER SET utf8mb3 COLLATE utf8mb3_bin DEFAULT NULL,
  `updatedAt` datetime DEFAULT NULL
) ENGINE=InnoDB DEFAULT CHARSET=utf8mb3 COLLATE=utf8mb3_bin COMMENT='Testimonials Table';

-- --------------------------------------------------------

--
-- Table structure for table `transactionsOffer`
--

CREATE TABLE `transactionsOffer` (
  `id` int NOT NULL,
  `storeId` int DEFAULT NULL,
  `offerStatus` enum('Signup','Refer','Share') DEFAULT NULL,
  `credit` int DEFAULT NULL,
  `offerFrom` varchar(200) DEFAULT NULL,
  `offerTo` varchar(200) DEFAULT NULL,
  `status` enum('Yes','No') DEFAULT NULL,
  `createdBy` varchar(100) DEFAULT NULL,
  `updatedBy` varchar(100) DEFAULT NULL,
  `createdAt` datetime NOT NULL,
  `updatedAt` datetime NOT NULL
) ENGINE=InnoDB DEFAULT CHARSET=latin1;

-- --------------------------------------------------------

--
-- Table structure for table `transactionsOffer_bkp`
--

CREATE TABLE `transactionsOffer_bkp` (
  `id` int NOT NULL,
  `storeId` int DEFAULT NULL,
  `offerStatus` enum('Signup','Refer','Share') CHARACTER SET utf8mb3 COLLATE utf8mb3_bin DEFAULT NULL,
  `credit` int DEFAULT NULL,
  `offerFrom` varchar(255) CHARACTER SET utf8mb3 COLLATE utf8mb3_bin DEFAULT NULL,
  `offerTo` varchar(255) CHARACTER SET utf8mb3 COLLATE utf8mb3_bin DEFAULT NULL,
  `status` enum('Active','Inactive') CHARACTER SET utf8mb3 COLLATE utf8mb3_bin DEFAULT NULL,
  `createdBy` varchar(100) CHARACTER SET utf8mb3 COLLATE utf8mb3_bin DEFAULT NULL,
  `updatedBy` varchar(100) CHARACTER SET utf8mb3 COLLATE utf8mb3_bin DEFAULT NULL,
  `createdAt` datetime DEFAULT NULL,
  `updatedAt` datetime DEFAULT NULL
) ENGINE=InnoDB DEFAULT CHARSET=utf8mb3 COLLATE=utf8mb3_bin;

-- --------------------------------------------------------

--
-- Table structure for table `users`
--

CREATE TABLE `users` (
  `id` int NOT NULL,
  `storeId` int DEFAULT NULL,
  `otp` varchar(20) CHARACTER SET utf8mb3 COLLATE utf8mb3_bin DEFAULT NULL,
  `firstName` varchar(200) CHARACTER SET utf8mb3 COLLATE utf8mb3_bin DEFAULT NULL,
  `lastName` varchar(200) CHARACTER SET utf8mb3 COLLATE utf8mb3_bin DEFAULT NULL,
  `email` varchar(300) CHARACTER SET utf8mb3 COLLATE utf8mb3_bin DEFAULT NULL,
  `username` varchar(300) CHARACTER SET utf8mb3 COLLATE utf8mb3_bin DEFAULT NULL,
  `phone` varchar(20) CHARACTER SET utf8mb3 COLLATE utf8mb3_bin DEFAULT NULL,
  `password` text CHARACTER SET utf8mb3 COLLATE utf8mb3_bin,
  `image` varchar(255) CHARACTER SET utf8mb3 COLLATE utf8mb3_bin DEFAULT NULL,
  `role` varchar(200) CHARACTER SET utf8mb3 COLLATE utf8mb3_bin DEFAULT NULL,
  `address` text CHARACTER SET utf8mb3 COLLATE utf8mb3_bin,
  `designation` text CHARACTER SET utf8mb3 COLLATE utf8mb3_bin,
  `managerId` int DEFAULT NULL,
  `status` enum('active','inactive','unapproved','archive') CHARACTER SET utf8mb3 COLLATE utf8mb3_bin DEFAULT 'active',
  `createdBy` varchar(100) CHARACTER SET utf8mb3 COLLATE utf8mb3_bin DEFAULT NULL,
  `createdAt` datetime DEFAULT NULL,
  `updatedBy` varchar(100) CHARACTER SET utf8mb3 COLLATE utf8mb3_bin DEFAULT NULL,
  `updatedAt` datetime DEFAULT NULL
) ENGINE=InnoDB DEFAULT CHARSET=utf8mb3 COLLATE=utf8mb3_bin COMMENT='Users Table';

--
-- Dumping data for table `users`
--

INSERT INTO `users` (`id`, `storeId`, `otp`, `firstName`, `lastName`, `email`, `username`, `phone`, `password`, `image`, `role`, `address`, `designation`, `managerId`, `status`, `createdBy`, `createdAt`, `updatedBy`, `updatedAt`) VALUES
(1, NULL, '7420', 'Avijit', 'Das', 'avijit.das@bluehorse.in', NULL, '9332375463', NULL, NULL, NULL, NULL, NULL, NULL, 'active', NULL, NULL, NULL, '2021-08-20 06:06:22'),
(2, NULL, '7424', 'Samrat', 'Jana', 'samrat.jana@bluehorse.in', NULL, '7547905968', NULL, NULL, NULL, NULL, NULL, NULL, 'active', NULL, NULL, NULL, '2021-08-26 05:23:47');

-- --------------------------------------------------------

--
-- Table structure for table `version`
--

CREATE TABLE `version` (
  `id` int NOT NULL,
  `version` varchar(100) CHARACTER SET utf8mb3 COLLATE utf8mb3_bin DEFAULT NULL,
  `createdBy` varchar(100) CHARACTER SET utf8mb3 COLLATE utf8mb3_bin DEFAULT NULL,
  `createdAt` datetime DEFAULT NULL,
  `updatedBy` varchar(100) CHARACTER SET utf8mb3 COLLATE utf8mb3_bin DEFAULT NULL,
  `updatedAt` datetime DEFAULT NULL
) ENGINE=InnoDB DEFAULT CHARSET=utf8mb3 COLLATE=utf8mb3_bin COMMENT='Version Table';

-- --------------------------------------------------------

--
-- Table structure for table `wallets`
--

CREATE TABLE `wallets` (
  `id` int NOT NULL,
  `storeId` int DEFAULT NULL,
  `customerId` int DEFAULT NULL,
  `orderId` int DEFAULT NULL,
  `balanceAmount` int DEFAULT NULL,
  `amount` varchar(255) CHARACTER SET utf8mb3 COLLATE utf8mb3_bin DEFAULT NULL,
  `amountType` enum('debit','credit') CHARACTER SET utf8mb3 COLLATE utf8mb3_bin DEFAULT NULL,
  `status` enum('Yes','No','Archive') CHARACTER SET utf8mb3 COLLATE utf8mb3_bin DEFAULT NULL,
  `createdBy` varchar(100) CHARACTER SET utf8mb3 COLLATE utf8mb3_bin DEFAULT NULL,
  `createdAt` datetime DEFAULT NULL,
  `updatedBy` varchar(100) CHARACTER SET utf8mb3 COLLATE utf8mb3_bin DEFAULT NULL,
  `updatedAt` datetime DEFAULT NULL
) ENGINE=InnoDB DEFAULT CHARSET=utf8mb3 COLLATE=utf8mb3_bin COMMENT='Wallets Table';

--
-- Dumping data for table `wallets`
--

INSERT INTO `wallets` (`id`, `storeId`, `customerId`, `orderId`, `balanceAmount`, `amount`, `amountType`, `status`, `createdBy`, `createdAt`, `updatedBy`, `updatedAt`) VALUES
(3, NULL, NULL, 144, 32, '+32', 'credit', 'Yes', NULL, '2021-11-15 13:38:32', NULL, '2021-11-15 13:38:32'),
(4, NULL, NULL, 144, 32, '+32', 'credit', 'Yes', NULL, '2021-11-16 10:00:21', NULL, '2021-11-16 10:00:21'),
(5, NULL, NULL, 174, 52, '+52', 'credit', 'Yes', NULL, '2021-11-24 09:48:19', NULL, '2021-11-24 09:48:19'),
(6, NULL, NULL, 177, 30, '+30', 'credit', 'Yes', NULL, '2021-11-29 10:50:26', NULL, '2021-11-29 10:50:26'),
(7, NULL, NULL, 196, 30, '+30', 'credit', 'Yes', NULL, '2021-11-30 06:59:04', NULL, '2021-11-30 06:59:04'),
(8, NULL, NULL, 196, 30, '+30', 'credit', 'Yes', NULL, '2021-11-30 06:59:04', NULL, '2021-11-30 06:59:04'),
(9, NULL, NULL, 179, 30, '+30', 'credit', 'Yes', NULL, '2021-11-30 07:00:23', NULL, '2021-11-30 07:00:23'),
(10, NULL, NULL, 206, 21, '+21', 'credit', 'Yes', NULL, '2021-11-30 09:54:38', NULL, '2021-11-30 09:54:38'),
(11, NULL, NULL, 202, 30, '+30', 'credit', 'Yes', NULL, '2021-11-30 10:03:04', NULL, '2021-11-30 10:03:04');

-- --------------------------------------------------------

--
-- Table structure for table `walletTransaction`
--

CREATE TABLE `walletTransaction` (
  `id` int NOT NULL,
  `storeId` int DEFAULT NULL,
  `walletId` int DEFAULT NULL,
  `customerId` int DEFAULT NULL,
  `orderId` int DEFAULT NULL,
  `transactionType` enum('debit','credit') CHARACTER SET utf8mb3 COLLATE utf8mb3_bin DEFAULT NULL,
  `amount` decimal(10,2) DEFAULT NULL,
  `remarks` varchar(255) CHARACTER SET utf8mb3 COLLATE utf8mb3_bin DEFAULT NULL,
  `balance` decimal(10,2) DEFAULT NULL,
  `createdBy` varchar(100) CHARACTER SET utf8mb3 COLLATE utf8mb3_bin DEFAULT NULL,
  `createdAt` datetime DEFAULT NULL,
  `updatedBy` varchar(100) CHARACTER SET utf8mb3 COLLATE utf8mb3_bin DEFAULT NULL,
  `updatedAt` datetime DEFAULT NULL
) ENGINE=InnoDB DEFAULT CHARSET=utf8mb3 COLLATE=utf8mb3_bin COMMENT='Wallet Transaction Table';

--
-- Dumping data for table `walletTransaction`
--

INSERT INTO `walletTransaction` (`id`, `storeId`, `walletId`, `customerId`, `orderId`, `transactionType`, `amount`, `remarks`, `balance`, `createdBy`, `createdAt`, `updatedBy`, `updatedAt`) VALUES
(1, NULL, NULL, NULL, NULL, 'credit', '30.00', NULL, '30.00', NULL, '2021-11-27 13:00:26', NULL, '2021-11-27 13:00:26'),
(2, NULL, NULL, NULL, 209, 'credit', '82.00', '10 % cash back added', '82.00', NULL, '2021-12-01 06:09:51', NULL, '2021-12-01 06:09:51'),
(3, NULL, NULL, NULL, 210, 'credit', '69.00', '10 % cash back added', '151.00', NULL, '2021-12-01 06:12:07', NULL, '2021-12-01 06:12:07'),
(4, NULL, NULL, NULL, 211, 'credit', '50.00', '10 % cash back added', '201.00', NULL, '2021-12-01 06:18:45', NULL, '2021-12-01 06:18:45'),
(5, NULL, NULL, NULL, 191, 'credit', '30.00', '10 % cash back added', '30.00', NULL, '2021-12-01 08:26:38', NULL, '2021-12-01 08:26:38'),
(6, NULL, NULL, NULL, 205, 'credit', '30.00', '10 % cash back added', '60.00', NULL, '2021-12-01 08:28:44', NULL, '2021-12-01 08:28:44'),
(7, NULL, NULL, NULL, 219, 'debit', '60.00', '', '0.00', NULL, '2021-12-01 10:05:33', NULL, '2021-12-01 10:05:33'),
(8, NULL, NULL, NULL, 220, 'credit', '25.00', '10 % cash back added', '25.00', NULL, '2021-12-01 10:17:58', NULL, '2021-12-01 10:17:58'),
(9, NULL, NULL, NULL, 221, 'debit', '25.00', '', '0.00', NULL, '2021-12-01 10:18:27', NULL, '2021-12-01 10:18:27'),
(10, NULL, NULL, NULL, 221, 'credit', '23.00', '10 % cash back added', '23.00', NULL, '2021-12-01 10:19:19', NULL, '2021-12-01 10:19:19'),
(11, NULL, NULL, NULL, 239, 'debit', '23.00', '', '0.00', NULL, '2021-12-13 10:49:19', NULL, '2021-12-13 10:49:19'),
(12, NULL, NULL, NULL, 239, 'credit', '222.00', '10 % cash back added', '222.00', NULL, '2021-12-13 10:50:50', NULL, '2021-12-13 10:50:50'),
(13, NULL, NULL, NULL, 239, 'credit', '222.00', '10 % cash back added', '222.00', NULL, '2021-12-13 10:50:50', NULL, '2021-12-13 10:50:50'),
(14, NULL, NULL, NULL, 240, 'debit', '222.00', '', '0.00', NULL, '2021-12-13 10:53:21', NULL, '2021-12-13 10:53:21'),
(15, NULL, NULL, NULL, 241, 'debit', '0.00', '', '0.00', NULL, '2021-12-13 11:05:34', NULL, '2021-12-13 11:05:34'),
(16, NULL, NULL, NULL, 242, 'debit', '0.00', '', '0.00', NULL, '2021-12-13 11:05:59', NULL, '2021-12-13 11:05:59'),
(17, NULL, NULL, NULL, 243, 'debit', '0.00', '', '0.00', NULL, '2021-12-14 09:36:47', NULL, '2021-12-14 09:36:47'),
(18, NULL, NULL, NULL, 243, 'credit', '72.00', '10 % cash back added', '72.00', NULL, '2021-12-14 09:37:36', NULL, '2021-12-14 09:37:36'),
(19, NULL, NULL, NULL, 141, 'credit', '65.00', '10 % cash back added', '137.00', NULL, '2021-12-14 09:42:53', NULL, '2021-12-14 09:42:53'),
(20, NULL, NULL, NULL, 244, 'debit', '137.00', '', '0.00', NULL, '2021-12-14 09:43:39', NULL, '2021-12-14 09:43:39'),
(21, NULL, NULL, NULL, 244, 'credit', '384.00', '10 % cash back added', '384.00', NULL, '2021-12-14 09:45:03', NULL, '2021-12-14 09:45:03'),
(22, NULL, NULL, NULL, 245, 'debit', '384.00', '', '0.00', NULL, '2021-12-14 09:47:48', NULL, '2021-12-14 09:47:48'),
(23, NULL, NULL, NULL, 246, 'debit', '0.00', '', '0.00', NULL, '2021-12-14 10:51:45', NULL, '2021-12-14 10:51:45'),
(24, NULL, NULL, NULL, 246, 'credit', '100.00', '10 % cash back added', '100.00', NULL, '2021-12-14 10:53:16', NULL, '2021-12-14 10:53:16'),
(25, NULL, NULL, NULL, 247, 'debit', '0.00', '', '100.00', NULL, '2021-12-14 10:54:07', NULL, '2021-12-14 10:54:07'),
(26, NULL, NULL, NULL, 248, 'debit', '0.00', '', '100.00', NULL, '2021-12-14 10:56:42', NULL, '2021-12-14 10:56:42'),
(27, NULL, NULL, NULL, 249, 'debit', '0.00', '', '100.00', NULL, '2021-12-14 10:59:15', NULL, '2021-12-14 10:59:15'),
(28, NULL, NULL, NULL, 250, 'debit', '70.00', '', '30.00', NULL, '2021-12-14 11:07:41', NULL, '2021-12-14 11:07:41'),
(29, NULL, NULL, NULL, 251, 'debit', '30.00', '', '0.00', NULL, '2021-12-14 13:29:49', NULL, '2021-12-14 13:29:49'),
(30, NULL, NULL, NULL, 251, 'credit', '46.00', '10 % cash back added', '46.00', NULL, '2021-12-14 13:31:26', NULL, '2021-12-14 13:31:26'),
(31, NULL, NULL, NULL, 252, 'debit', '46.00', '', '0.00', NULL, '2021-12-14 13:38:51', NULL, '2021-12-14 13:38:51'),
(32, NULL, NULL, NULL, 253, 'debit', '0.00', '', '0.00', NULL, '2021-12-15 08:12:04', NULL, '2021-12-15 08:12:04'),
(33, NULL, NULL, NULL, 254, 'debit', '0.00', '', '0.00', NULL, '2021-12-15 09:56:41', NULL, '2021-12-15 09:56:41'),
(34, NULL, NULL, NULL, 256, 'debit', '0.00', '', '0.00', NULL, '2021-12-15 10:05:05', NULL, '2021-12-15 10:05:05'),
(35, NULL, NULL, NULL, 257, 'debit', '0.00', '', '0.00', NULL, '2021-12-15 11:17:23', NULL, '2021-12-15 11:17:23'),
(36, NULL, NULL, NULL, 258, 'debit', '0.00', '', '0.00', NULL, '2021-12-15 11:17:23', NULL, '2021-12-15 11:17:23'),
(37, NULL, NULL, NULL, 259, 'debit', '0.00', '', '0.00', NULL, '2021-12-15 11:53:29', NULL, '2021-12-15 11:53:29'),
(38, NULL, NULL, NULL, 260, 'debit', '0.00', '', '0.00', NULL, '2021-12-15 11:53:29', NULL, '2021-12-15 11:53:29'),
(39, NULL, NULL, NULL, 260, 'credit', '30.00', '10 % cash back added', '30.00', NULL, '2021-12-15 11:54:23', NULL, '2021-12-15 11:54:23'),
(40, NULL, NULL, NULL, 170, 'credit', '21.00', '10 % cash back added', '21.00', NULL, '2021-12-15 12:05:24', NULL, '2021-12-15 12:05:24'),
(41, NULL, NULL, NULL, 261, 'debit', '21.00', '', '0.00', NULL, '2021-12-15 12:07:15', NULL, '2021-12-15 12:07:15'),
(42, NULL, NULL, NULL, 264, 'debit', '30.00', '', '0.00', NULL, '2021-12-15 12:48:32', NULL, '2021-12-15 12:48:32'),
(43, NULL, NULL, NULL, 265, 'debit', '0.00', '', '0.00', NULL, '2021-12-16 12:55:15', NULL, '2021-12-16 12:55:15'),
(44, NULL, NULL, NULL, 266, 'debit', '0.00', '', '0.00', NULL, '2021-12-16 12:58:08', NULL, '2021-12-16 12:58:08'),
(45, NULL, NULL, NULL, 266, 'credit', '30.00', '10 % cash back added', '30.00', NULL, '2021-12-16 12:59:36', NULL, '2021-12-16 12:59:36'),
(46, NULL, NULL, NULL, 267, 'debit', '30.00', '', '0.00', NULL, '2021-12-16 13:09:45', NULL, '2021-12-16 13:09:45'),
(47, NULL, NULL, NULL, 268, 'debit', '0.00', '', '0.00', NULL, '2021-12-16 13:16:46', NULL, '2021-12-16 13:16:46'),
(48, NULL, NULL, NULL, 269, 'debit', '0.00', '', '0.00', NULL, '2021-12-16 13:43:10', NULL, '2021-12-16 13:43:10'),
(49, NULL, NULL, NULL, 270, 'debit', '0.00', '', '0.00', NULL, '2021-12-16 13:51:09', NULL, '2021-12-16 13:51:09'),
(50, NULL, NULL, NULL, 271, 'debit', '0.00', '', '0.00', NULL, '2021-12-17 03:56:54', NULL, '2021-12-17 03:56:54'),
(51, NULL, NULL, NULL, 275, 'debit', '0.00', '', '0.00', NULL, '2021-12-17 15:11:10', NULL, '2021-12-17 15:11:10'),
(52, NULL, NULL, NULL, 276, 'debit', '0.00', '', '0.00', NULL, '2021-12-20 11:16:42', NULL, '2021-12-20 11:16:42'),
(53, NULL, NULL, NULL, 277, 'debit', '0.00', '', '0.00', NULL, '2021-12-20 11:29:26', NULL, '2021-12-20 11:29:26'),
(54, NULL, NULL, NULL, 278, 'debit', '0.00', '', '0.00', NULL, '2021-12-20 11:34:52', NULL, '2021-12-20 11:34:52'),
(55, NULL, NULL, NULL, 279, 'debit', '0.00', '', '0.00', NULL, '2021-12-20 11:38:54', NULL, '2021-12-20 11:38:54'),
(56, NULL, NULL, NULL, 280, 'debit', '0.00', '', '0.00', NULL, '2021-12-20 11:38:54', NULL, '2021-12-20 11:38:54'),
(57, NULL, NULL, NULL, 281, 'debit', '0.00', '', '0.00', NULL, '2021-12-20 11:38:54', NULL, '2021-12-20 11:38:54'),
(58, NULL, NULL, NULL, 282, 'debit', '0.00', '', '0.00', NULL, '2021-12-20 11:44:10', NULL, '2021-12-20 11:44:10'),
(59, NULL, NULL, NULL, 283, 'debit', '0.00', '', '0.00', NULL, '2021-12-20 11:44:10', NULL, '2021-12-20 11:44:10'),
(60, NULL, NULL, NULL, 283, 'credit', '30.00', '10 % cash back added', '30.00', NULL, '2021-12-20 12:14:13', NULL, '2021-12-20 12:14:13'),
(61, NULL, NULL, NULL, 284, 'debit', '30.00', '', '0.00', NULL, '2021-12-21 05:03:21', NULL, '2021-12-21 05:03:21'),
(62, NULL, NULL, NULL, 285, 'debit', '0.00', '', '0.00', NULL, '2021-12-21 05:26:56', NULL, '2021-12-21 05:26:56'),
(63, NULL, NULL, NULL, 282, 'credit', '30.00', '10 % cash back added', '30.00', NULL, '2021-12-21 05:26:59', NULL, '2021-12-21 05:26:59'),
(64, NULL, NULL, NULL, 286, 'debit', '0.00', '', '0.00', NULL, '2021-12-21 05:33:05', NULL, '2021-12-21 05:33:05'),
(65, NULL, NULL, NULL, 287, 'debit', '30.00', '', '0.00', NULL, '2021-12-21 05:40:39', NULL, '2021-12-21 05:40:39'),
(66, NULL, NULL, NULL, 288, 'debit', '0.00', '', '0.00', NULL, '2021-12-21 05:56:27', NULL, '2021-12-21 05:56:27'),
(67, NULL, NULL, NULL, 289, 'debit', '0.00', '', '0.00', NULL, '2021-12-21 06:00:46', NULL, '2021-12-21 06:00:46'),
(68, NULL, NULL, NULL, 290, 'debit', '0.00', '', '0.00', NULL, '2021-12-21 06:01:52', NULL, '2021-12-21 06:01:52'),
(69, NULL, NULL, NULL, 291, 'debit', '0.00', '', '0.00', NULL, '2021-12-21 06:08:20', NULL, '2021-12-21 06:08:20'),
(70, NULL, NULL, NULL, 292, 'debit', '0.00', '', '0.00', NULL, '2021-12-21 06:13:44', NULL, '2021-12-21 06:13:44'),
(71, NULL, NULL, NULL, 293, 'debit', '0.00', '', '0.00', NULL, '2021-12-21 07:29:27', NULL, '2021-12-21 07:29:27'),
(72, NULL, NULL, NULL, 294, 'debit', '0.00', '', '0.00', NULL, '2021-12-21 07:33:07', NULL, '2021-12-21 07:33:07'),
(73, NULL, NULL, NULL, 295, 'debit', '0.00', '', '0.00', NULL, '2021-12-21 07:53:18', NULL, '2021-12-21 07:53:18'),
(74, NULL, NULL, NULL, 296, 'debit', '0.00', '', '0.00', NULL, '2021-12-21 13:53:07', NULL, '2021-12-21 13:53:07'),
(75, NULL, NULL, NULL, 297, 'debit', '0.00', '', '0.00', NULL, '2021-12-22 10:11:10', NULL, '2021-12-22 10:11:10'),
(76, NULL, NULL, NULL, 298, 'debit', '0.00', '', '0.00', NULL, '2021-12-22 13:47:13', NULL, '2021-12-22 13:47:13'),
(77, NULL, NULL, NULL, 299, 'debit', '0.00', '', '0.00', NULL, '2021-12-23 05:26:07', NULL, '2021-12-23 05:26:07'),
(78, NULL, NULL, NULL, 300, 'debit', '0.00', '', '0.00', NULL, '2021-12-23 06:43:59', NULL, '2021-12-23 06:43:59'),
(79, NULL, NULL, NULL, 320, 'debit', '0.00', '', '0.00', NULL, '2022-01-05 10:23:26', NULL, '2022-01-05 10:23:26'),
(80, NULL, NULL, NULL, 321, 'debit', '0.00', '', '0.00', NULL, '2022-01-05 12:31:05', NULL, '2022-01-05 12:31:05'),
(81, NULL, NULL, NULL, 322, 'debit', '0.00', '', '0.00', NULL, '2022-01-06 11:01:37', NULL, '2022-01-06 11:01:37'),
(82, NULL, NULL, NULL, 324, 'debit', '0.00', '', '0.00', NULL, '2022-01-06 12:36:32', NULL, '2022-01-06 12:36:32'),
(83, NULL, NULL, NULL, 325, 'debit', '0.00', '', '0.00', NULL, '2022-01-06 12:39:53', NULL, '2022-01-06 12:39:53'),
(84, NULL, NULL, NULL, 326, 'debit', '0.00', '', '0.00', NULL, '2022-01-06 12:41:06', NULL, '2022-01-06 12:41:06'),
(85, NULL, NULL, NULL, 327, 'debit', '0.00', '', '0.00', NULL, '2022-01-06 13:07:15', NULL, '2022-01-06 13:07:15'),
(86, NULL, NULL, NULL, 338, 'debit', '0.00', '', '0.00', NULL, '2022-01-11 08:45:36', NULL, '2022-01-11 08:45:36'),
(87, NULL, NULL, NULL, 339, 'debit', '0.00', '', '0.00', NULL, '2022-01-11 11:55:11', NULL, '2022-01-11 11:55:11'),
(88, NULL, NULL, NULL, 340, 'debit', '0.00', '', '0.00', NULL, '2022-01-11 13:20:09', NULL, '2022-01-11 13:20:09'),
(89, NULL, NULL, NULL, 341, 'debit', '0.00', '', '0.00', NULL, '2022-01-11 13:21:04', NULL, '2022-01-11 13:21:04'),
(90, NULL, NULL, NULL, 342, 'debit', '0.00', '', '0.00', NULL, '2022-01-11 13:42:32', NULL, '2022-01-11 13:42:32'),
(91, NULL, NULL, NULL, 343, 'debit', '0.00', '', '0.00', NULL, '2022-01-11 13:45:18', NULL, '2022-01-11 13:45:18'),
(92, NULL, NULL, NULL, 344, 'debit', '0.00', '', '0.00', NULL, '2022-01-11 13:46:17', NULL, '2022-01-11 13:46:17'),
(93, NULL, NULL, NULL, 345, 'debit', '0.00', '', '0.00', NULL, '2022-01-11 13:47:24', NULL, '2022-01-11 13:47:24'),
(94, NULL, NULL, NULL, 346, 'debit', '0.00', '', '0.00', NULL, '2022-01-11 13:47:29', NULL, '2022-01-11 13:47:29'),
(95, NULL, NULL, NULL, 347, 'debit', '0.00', '', '0.00', NULL, '2022-01-11 13:48:25', NULL, '2022-01-11 13:48:25'),
(96, NULL, NULL, NULL, 348, 'debit', '0.00', '', '0.00', NULL, '2022-01-11 14:26:04', NULL, '2022-01-11 14:26:04'),
(97, NULL, NULL, NULL, 349, 'debit', '0.00', '', '0.00', NULL, '2022-01-12 05:26:06', NULL, '2022-01-12 05:26:06'),
(98, NULL, NULL, NULL, 352, 'debit', '0.00', '', '0.00', NULL, '2022-01-12 12:25:31', NULL, '2022-01-12 12:25:31'),
(99, NULL, NULL, NULL, 358, 'debit', '201.00', '', '0.00', NULL, '2022-01-14 20:28:51', NULL, '2022-01-14 20:28:51'),
(100, NULL, NULL, NULL, 371, 'debit', '0.00', '', '0.00', NULL, '2022-01-17 12:14:11', NULL, '2022-01-17 12:14:11'),
(101, NULL, NULL, NULL, 372, 'debit', '0.00', '', '0.00', NULL, '2022-01-17 12:59:57', NULL, '2022-01-17 12:59:57'),
(102, NULL, NULL, NULL, 373, 'debit', '0.00', '', '0.00', NULL, '2022-01-17 13:29:29', NULL, '2022-01-17 13:29:29'),
(103, NULL, NULL, NULL, 374, 'debit', '0.00', '', '0.00', NULL, '2022-01-17 14:13:05', NULL, '2022-01-17 14:13:05'),
(104, NULL, NULL, NULL, 384, 'debit', '0.00', '', '0.00', NULL, '2022-01-20 14:00:40', NULL, '2022-01-20 14:00:40'),
(105, NULL, NULL, NULL, 388, 'debit', '0.00', '', '0.00', NULL, '2022-01-21 10:17:21', NULL, '2022-01-21 10:17:21'),
(106, NULL, NULL, NULL, 388, 'credit', '30.00', '10 % cash back added', '30.00', NULL, '2022-01-21 11:20:07', NULL, '2022-01-21 11:20:07'),
(107, NULL, NULL, NULL, 391, 'debit', '30.00', '', '0.00', NULL, '2022-01-21 11:29:46', NULL, '2022-01-21 11:29:46'),
(108, NULL, NULL, NULL, 397, 'debit', '0.00', '', '0.00', NULL, '2022-01-24 11:38:23', NULL, '2022-01-24 11:38:23'),
(109, NULL, NULL, NULL, 399, 'debit', '0.00', '', '0.00', NULL, '2022-01-27 07:09:40', NULL, '2022-01-27 07:09:40'),
(110, NULL, NULL, NULL, 400, 'debit', '0.00', '', '0.00', NULL, '2022-01-27 07:17:12', NULL, '2022-01-27 07:17:12'),
(111, NULL, NULL, NULL, 401, 'debit', '0.00', '', '0.00', NULL, '2022-01-27 09:48:34', NULL, '2022-01-27 09:48:34'),
(112, NULL, NULL, NULL, 402, 'debit', '0.00', '', '0.00', NULL, '2022-01-27 10:40:40', NULL, '2022-01-27 10:40:40'),
(113, NULL, NULL, NULL, 403, 'debit', '0.00', '', '0.00', NULL, '2022-01-28 06:22:55', NULL, '2022-01-28 06:22:55'),
(114, NULL, NULL, NULL, 403, 'credit', '50.00', '10 % cash back added', '50.00', NULL, '2022-01-28 07:25:08', NULL, '2022-01-28 07:25:08'),
(115, NULL, NULL, NULL, 404, 'debit', '50.00', '', '0.00', NULL, '2022-01-28 07:51:29', NULL, '2022-01-28 07:51:29'),
(116, NULL, NULL, NULL, 405, 'debit', '0.00', '', '0.00', NULL, '2022-01-28 08:05:14', NULL, '2022-01-28 08:05:14'),
(117, NULL, NULL, NULL, 406, 'debit', '0.00', '', '0.00', NULL, '2022-01-28 08:07:10', NULL, '2022-01-28 08:07:10'),
(118, NULL, NULL, NULL, 406, 'credit', '80.00', '10 % cash back added', '80.00', NULL, '2022-01-28 08:07:58', NULL, '2022-01-28 08:07:58'),
(119, NULL, NULL, NULL, 407, 'debit', '80.00', '', '0.00', NULL, '2022-02-01 05:13:24', NULL, '2022-02-01 05:13:24'),
(120, NULL, NULL, NULL, 408, 'debit', '0.00', '', '0.00', NULL, '2022-02-01 10:06:22', NULL, '2022-02-01 10:06:22'),
(121, NULL, NULL, NULL, 409, 'debit', '0.00', '', '0.00', NULL, '2022-02-01 10:06:24', NULL, '2022-02-01 10:06:24'),
(122, NULL, NULL, NULL, 410, 'debit', '0.00', '', '0.00', NULL, '2022-02-02 13:14:54', NULL, '2022-02-02 13:14:54'),
(123, NULL, NULL, NULL, 411, 'debit', '0.00', '', '0.00', NULL, '2022-02-03 06:26:51', NULL, '2022-02-03 06:26:51'),
(124, NULL, NULL, NULL, 414, 'debit', '0.00', '', '0.00', NULL, '2022-02-03 08:17:02', NULL, '2022-02-03 08:17:02'),
(125, NULL, NULL, NULL, 415, 'debit', '0.00', '', '0.00', NULL, '2022-02-03 08:17:53', NULL, '2022-02-03 08:17:53'),
(126, NULL, NULL, NULL, 419, 'debit', '0.00', '', '0.00', NULL, '2022-02-03 10:07:29', NULL, '2022-02-03 10:07:29'),
(127, NULL, NULL, NULL, 420, 'debit', '0.00', '', '0.00', NULL, '2022-02-03 14:37:02', NULL, '2022-02-03 14:37:02'),
(128, NULL, NULL, NULL, 421, 'debit', '0.00', '', '0.00', NULL, '2022-02-03 14:49:18', NULL, '2022-02-03 14:49:18'),
(129, NULL, NULL, NULL, 422, 'debit', '0.00', '', '0.00', NULL, '2022-02-04 09:04:02', NULL, '2022-02-04 09:04:02'),
(130, NULL, NULL, NULL, 423, 'debit', '0.00', '', '0.00', NULL, '2022-02-04 09:10:05', NULL, '2022-02-04 09:10:05'),
(131, NULL, NULL, NULL, 424, 'debit', '0.00', '', '0.00', NULL, '2022-02-04 09:12:32', NULL, '2022-02-04 09:12:32'),
(132, NULL, NULL, NULL, 425, 'debit', '0.00', '', '0.00', NULL, '2022-02-04 09:43:57', NULL, '2022-02-04 09:43:57'),
(133, NULL, NULL, NULL, 426, 'debit', '0.00', '', '0.00', NULL, '2022-02-04 09:48:32', NULL, '2022-02-04 09:48:32'),
(134, NULL, NULL, NULL, 426, 'credit', '28.00', '10 % cash back added', '28.00', NULL, '2022-02-04 09:56:37', NULL, '2022-02-04 09:56:37'),
(135, NULL, NULL, NULL, 427, 'debit', '28.00', '', '0.00', NULL, '2022-02-04 09:57:32', NULL, '2022-02-04 09:57:32'),
(136, NULL, NULL, NULL, 428, 'debit', '0.00', '', '0.00', NULL, '2022-02-07 04:47:01', NULL, '2022-02-07 04:47:01'),
(137, NULL, NULL, NULL, 429, 'debit', '0.00', '', '0.00', NULL, '2022-02-07 07:00:11', NULL, '2022-02-07 07:00:11'),
(138, NULL, NULL, NULL, 430, 'debit', '0.00', '', '0.00', NULL, '2022-02-07 07:17:27', NULL, '2022-02-07 07:17:27'),
(139, NULL, NULL, NULL, NULL, 'credit', '20.00', '10 % cash back added', '20.00', NULL, '2022-02-07 11:20:03', NULL, '2022-02-07 11:20:03'),
(140, NULL, NULL, NULL, NULL, 'credit', '20.00', '10 % cash back added', '40.00', NULL, '2022-02-07 11:20:27', NULL, '2022-02-07 11:20:27'),
(141, NULL, NULL, NULL, NULL, 'credit', '20.00', '10 % cash back added', '60.00', NULL, '2022-02-07 11:40:36', NULL, '2022-02-07 11:40:36'),
(142, NULL, NULL, NULL, 431, 'debit', '60.00', '', '0.00', NULL, '2022-02-07 11:43:35', NULL, '2022-02-07 11:43:35'),
(143, NULL, NULL, NULL, 432, 'debit', '0.00', '', '0.00', NULL, '2022-02-08 08:57:39', NULL, '2022-02-08 08:57:39'),
(144, NULL, NULL, NULL, 433, 'debit', '0.00', '', '0.00', NULL, '2022-02-08 09:00:27', NULL, '2022-02-08 09:00:27'),
(145, NULL, NULL, NULL, 434, 'debit', '0.00', '', '0.00', NULL, '2022-02-08 09:38:52', NULL, '2022-02-08 09:38:52'),
(146, NULL, NULL, NULL, NULL, 'credit', '10.00', '10 % cash back added', '10.00', NULL, '2022-02-08 16:10:22', NULL, '2022-02-08 16:10:22'),
(147, NULL, NULL, NULL, NULL, 'credit', '10.00', '10 % cash back added', '20.00', NULL, '2022-02-08 16:10:31', NULL, '2022-02-08 16:10:31'),
(148, NULL, NULL, NULL, 435, 'debit', '20.00', '', '0.00', NULL, '2022-02-08 16:17:37', NULL, '2022-02-08 16:17:37'),
(149, NULL, NULL, NULL, 436, 'debit', '0.00', '', '0.00', NULL, '2022-02-08 17:13:40', NULL, '2022-02-08 17:13:40'),
(150, NULL, NULL, NULL, 437, 'debit', '0.00', '', '0.00', NULL, '2022-02-10 05:30:51', NULL, '2022-02-10 05:30:51'),
(151, NULL, NULL, NULL, NULL, 'credit', '10.00', '10 % cash back added', '10.00', NULL, '2022-02-11 06:24:43', NULL, '2022-02-11 06:24:43'),
(152, NULL, NULL, NULL, 438, 'debit', '10.00', '', '0.00', NULL, '2022-02-11 06:25:45', NULL, '2022-02-11 06:25:45'),
(153, NULL, NULL, NULL, 439, 'debit', '0.00', '', '0.00', NULL, '2022-02-11 07:09:34', NULL, '2022-02-11 07:09:34'),
(154, NULL, NULL, NULL, 440, 'debit', '0.00', '', '0.00', NULL, '2022-02-11 07:11:50', NULL, '2022-02-11 07:11:50'),
(155, NULL, NULL, NULL, 441, 'debit', '0.00', '', '0.00', NULL, '2022-02-11 07:13:59', NULL, '2022-02-11 07:13:59'),
(156, NULL, NULL, NULL, 442, 'debit', '0.00', '', '0.00', NULL, '2022-02-11 07:14:39', NULL, '2022-02-11 07:14:39'),
(157, NULL, NULL, NULL, 443, 'debit', '0.00', '', '0.00', NULL, '2022-02-11 09:40:36', NULL, '2022-02-11 09:40:36'),
(158, NULL, NULL, NULL, 444, 'debit', '0.00', '', '0.00', NULL, '2022-02-11 09:46:00', NULL, '2022-02-11 09:46:00'),
(159, NULL, NULL, NULL, 445, 'debit', '0.00', '', '0.00', NULL, '2022-02-11 09:49:39', NULL, '2022-02-11 09:49:39'),
(160, NULL, NULL, NULL, 446, 'debit', '0.00', '', '0.00', NULL, '2022-02-14 05:26:33', NULL, '2022-02-14 05:26:33'),
(161, NULL, NULL, NULL, NULL, 'credit', '2222.00', '10 % cash back added', '2222.00', NULL, '2022-02-14 05:27:57', NULL, '2022-02-14 05:27:57'),
(162, NULL, NULL, NULL, NULL, 'credit', '2222.00', '10 % cash back added', '4444.00', NULL, '2022-02-14 05:28:10', NULL, '2022-02-14 05:28:10'),
(163, NULL, NULL, NULL, NULL, 'credit', '2222.00', '10 % cash back added', '6666.00', NULL, '2022-02-14 05:28:12', NULL, '2022-02-14 05:28:12'),
(164, NULL, NULL, NULL, NULL, 'credit', '2222.00', '10 % cash back added', '8888.00', NULL, '2022-02-14 05:28:16', NULL, '2022-02-14 05:28:16'),
(165, NULL, NULL, NULL, NULL, 'credit', '2222.00', '10 % cash back added', '11110.00', NULL, '2022-02-14 05:28:21', NULL, '2022-02-14 05:28:21'),
(166, NULL, NULL, NULL, NULL, 'credit', '2222.00', '10 % cash back added', '13332.00', NULL, '2022-02-14 05:28:36', NULL, '2022-02-14 05:28:36'),
(167, NULL, NULL, NULL, NULL, 'credit', '2222.00', '10 % cash back added', '15554.00', NULL, '2022-02-14 05:28:49', NULL, '2022-02-14 05:28:49'),
(168, NULL, NULL, NULL, NULL, 'credit', '2222.00', '10 % cash back added', '17776.00', NULL, '2022-02-14 05:28:50', NULL, '2022-02-14 05:28:50'),
(169, NULL, NULL, NULL, NULL, 'credit', '2222.00', '10 % cash back added', '19998.00', NULL, '2022-02-14 05:28:52', NULL, '2022-02-14 05:28:52'),
(170, NULL, NULL, NULL, NULL, 'credit', '2222.00', '10 % cash back added', '22220.00', NULL, '2022-02-14 05:28:53', NULL, '2022-02-14 05:28:53'),
(171, NULL, NULL, NULL, NULL, 'credit', '2222.00', '10 % cash back added', '24442.00', NULL, '2022-02-14 05:28:54', NULL, '2022-02-14 05:28:54'),
(172, NULL, NULL, NULL, NULL, 'credit', '2222.00', '10 % cash back added', '26664.00', NULL, '2022-02-14 05:28:54', NULL, '2022-02-14 05:28:54'),
(173, NULL, NULL, NULL, NULL, 'credit', '2222.00', '10 % cash back added', '28886.00', NULL, '2022-02-14 05:28:55', NULL, '2022-02-14 05:28:55'),
(174, NULL, NULL, NULL, NULL, 'credit', '2222.00', '10 % cash back added', '31108.00', NULL, '2022-02-14 05:28:55', NULL, '2022-02-14 05:28:55'),
(175, NULL, NULL, NULL, 447, 'debit', '0.00', '', '0.00', NULL, '2022-02-15 05:28:16', NULL, '2022-02-15 05:28:16'),
(176, NULL, NULL, NULL, 448, 'debit', '0.00', '', '0.00', NULL, '2022-02-15 05:35:10', NULL, '2022-02-15 05:35:10'),
(177, NULL, NULL, NULL, NULL, 'credit', '10.00', '10 % cash back added', '10.00', NULL, '2022-02-15 08:42:44', NULL, '2022-02-15 08:42:44'),
(178, NULL, NULL, NULL, 449, 'debit', '0.00', '', '0.00', NULL, '2022-02-16 05:54:15', NULL, '2022-02-16 05:54:15'),
(179, NULL, NULL, NULL, 450, 'debit', '0.00', '', '0.00', NULL, '2022-02-16 06:33:30', NULL, '2022-02-16 06:33:30'),
(180, NULL, NULL, NULL, 451, 'debit', '0.00', '', '0.00', NULL, '2022-02-16 07:43:07', NULL, '2022-02-16 07:43:07'),
(181, NULL, NULL, NULL, 453, 'debit', '0.00', '', '0.00', NULL, '2022-02-17 08:30:56', NULL, '2022-02-17 08:30:56'),
(182, NULL, NULL, NULL, 454, 'debit', '0.00', '', '0.00', NULL, '2022-02-18 05:20:06', NULL, '2022-02-18 05:20:06'),
(183, NULL, NULL, NULL, 455, 'debit', '0.00', '', '0.00', NULL, '2022-02-18 06:16:13', NULL, '2022-02-18 06:16:13'),
(184, NULL, NULL, NULL, 456, 'debit', '0.00', '', '0.00', NULL, '2022-02-18 08:13:12', NULL, '2022-02-18 08:13:12'),
(185, NULL, NULL, NULL, 457, 'debit', '0.00', '', '0.00', NULL, '2022-02-18 08:13:12', NULL, '2022-02-18 08:13:12'),
(186, NULL, NULL, NULL, 458, 'debit', '0.00', '', '0.00', NULL, '2022-02-19 07:26:18', NULL, '2022-02-19 07:26:18'),
(187, NULL, NULL, NULL, 459, 'debit', '0.00', '', '0.00', NULL, '2022-02-21 07:27:50', NULL, '2022-02-21 07:27:50'),
(188, NULL, NULL, NULL, 461, 'debit', '0.00', '', '0.00', NULL, '2022-02-22 10:41:48', NULL, '2022-02-22 10:41:48'),
(189, NULL, NULL, NULL, 461, 'credit', '32.00', '10 % cash back added', '32.00', NULL, '2022-02-22 10:54:28', NULL, '2022-02-22 10:54:28'),
(190, NULL, NULL, NULL, 466, 'debit', '0.00', '', '0.00', NULL, '2022-02-26 07:04:05', NULL, '2022-02-26 07:04:05'),
(191, NULL, NULL, NULL, 467, 'debit', '0.00', '', '0.00', NULL, '2022-03-02 09:08:16', NULL, '2022-03-02 09:08:16'),
(192, NULL, NULL, NULL, 468, 'debit', '0.00', '', '0.00', NULL, '2022-03-02 09:08:17', NULL, '2022-03-02 09:08:17'),
(193, NULL, NULL, NULL, 469, 'debit', '0.00', '', '0.00', NULL, '2022-03-02 09:08:17', NULL, '2022-03-02 09:08:17'),
(194, NULL, NULL, NULL, 470, 'debit', '0.00', '', '0.00', NULL, '2022-03-02 09:08:17', NULL, '2022-03-02 09:08:17'),
(195, NULL, NULL, NULL, 471, 'debit', '0.00', '', '0.00', NULL, '2022-03-02 09:08:18', NULL, '2022-03-02 09:08:18'),
(196, NULL, NULL, NULL, 472, 'debit', '0.00', '', '0.00', NULL, '2022-03-02 09:08:18', NULL, '2022-03-02 09:08:18'),
(197, NULL, NULL, NULL, 473, 'debit', '0.00', '', '0.00', NULL, '2022-03-02 09:08:18', NULL, '2022-03-02 09:08:18'),
(198, NULL, NULL, NULL, 474, 'debit', '0.00', '', '0.00', NULL, '2022-03-02 09:08:18', NULL, '2022-03-02 09:08:18'),
(199, NULL, NULL, NULL, 475, 'debit', '0.00', '', '0.00', NULL, '2022-03-02 09:08:19', NULL, '2022-03-02 09:08:19'),
(200, NULL, NULL, NULL, 476, 'debit', '0.00', '', '0.00', NULL, '2022-03-02 09:08:19', NULL, '2022-03-02 09:08:19'),
(201, NULL, NULL, NULL, 477, 'debit', '0.00', '', '0.00', NULL, '2022-03-02 09:08:19', NULL, '2022-03-02 09:08:19'),
(202, NULL, NULL, NULL, 478, 'debit', '0.00', '', '0.00', NULL, '2022-03-02 09:08:20', NULL, '2022-03-02 09:08:20'),
(203, NULL, NULL, NULL, 479, 'debit', '0.00', '', '0.00', NULL, '2022-03-02 09:08:20', NULL, '2022-03-02 09:08:20'),
(204, NULL, NULL, NULL, 480, 'debit', '0.00', '', '0.00', NULL, '2022-03-02 09:08:20', NULL, '2022-03-02 09:08:20'),
(205, NULL, NULL, NULL, 481, 'debit', '0.00', '', '0.00', NULL, '2022-03-02 09:08:20', NULL, '2022-03-02 09:08:20'),
(206, NULL, NULL, NULL, 482, 'debit', '0.00', '', '0.00', NULL, '2022-03-02 09:08:21', NULL, '2022-03-02 09:08:21'),
(207, NULL, NULL, NULL, 483, 'debit', '0.00', '', '0.00', NULL, '2022-03-02 09:08:21', NULL, '2022-03-02 09:08:21'),
(208, NULL, NULL, NULL, 484, 'debit', '0.00', '', '0.00', NULL, '2022-03-02 09:08:22', NULL, '2022-03-02 09:08:22'),
(209, NULL, NULL, NULL, 485, 'debit', '0.00', '', '0.00', NULL, '2022-03-02 09:08:22', NULL, '2022-03-02 09:08:22'),
(210, NULL, NULL, NULL, 486, 'debit', '0.00', '', '0.00', NULL, '2022-03-02 09:08:23', NULL, '2022-03-02 09:08:23'),
(211, NULL, NULL, NULL, 487, 'debit', '0.00', '', '0.00', NULL, '2022-03-02 09:08:23', NULL, '2022-03-02 09:08:23'),
(212, NULL, NULL, NULL, 488, 'debit', '0.00', '', '0.00', NULL, '2022-03-02 09:08:23', NULL, '2022-03-02 09:08:23'),
(213, NULL, NULL, NULL, 489, 'debit', '0.00', '', '0.00', NULL, '2022-03-02 09:08:24', NULL, '2022-03-02 09:08:24'),
(214, NULL, NULL, NULL, 490, 'debit', '0.00', '', '0.00', NULL, '2022-03-02 09:08:27', NULL, '2022-03-02 09:08:27'),
(215, NULL, NULL, NULL, 495, 'debit', '32.00', '', '0.00', NULL, '2022-03-03 06:08:17', NULL, '2022-03-03 06:08:17'),
(216, NULL, NULL, NULL, 496, 'debit', '0.00', '', '0.00', NULL, '2022-03-07 06:55:34', NULL, '2022-03-07 06:55:34'),
(217, NULL, NULL, NULL, 497, 'debit', '0.00', '', '0.00', NULL, '2022-03-07 07:00:42', NULL, '2022-03-07 07:00:42'),
(218, NULL, NULL, NULL, 555, 'debit', '0.00', '', '0.00', NULL, '2022-04-04 13:00:23', NULL, '2022-04-04 13:00:23'),
(219, NULL, NULL, NULL, 555, 'credit', '39.00', '10 % cash back added', '39.00', NULL, '2022-04-04 13:02:50', NULL, '2022-04-04 13:02:50'),
(220, NULL, NULL, NULL, 582, 'debit', '0.00', '', '0.00', NULL, '2022-05-13 19:57:29', NULL, '2022-05-13 19:57:29'),
(221, NULL, NULL, NULL, 583, 'debit', '0.00', '', '0.00', NULL, '2022-05-21 16:15:15', NULL, '2022-05-21 16:15:15'),
(222, NULL, NULL, NULL, 584, 'debit', '0.00', '', '0.00', NULL, '2022-05-22 14:41:57', NULL, '2022-05-22 14:41:57'),
(223, NULL, NULL, NULL, 585, 'debit', '0.00', '', '0.00', NULL, '2022-05-22 14:55:00', NULL, '2022-05-22 14:55:00'),
(224, NULL, NULL, NULL, 586, 'debit', '0.00', '', '0.00', NULL, '2022-05-22 15:04:24', NULL, '2022-05-22 15:04:24'),
(225, NULL, NULL, NULL, 587, 'debit', '0.00', '', '0.00', NULL, '2022-05-23 16:57:39', NULL, '2022-05-23 16:57:39'),
(226, NULL, NULL, NULL, 588, 'debit', '0.00', '', '0.00', NULL, '2022-05-23 20:48:30', NULL, '2022-05-23 20:48:30'),
(227, NULL, NULL, NULL, 589, 'debit', '0.00', '', '0.00', NULL, '2022-05-24 20:15:37', NULL, '2022-05-24 20:15:37'),
(228, NULL, NULL, NULL, 590, 'debit', '0.00', '', '0.00', NULL, '2022-05-24 20:15:37', NULL, '2022-05-24 20:15:37'),
(229, NULL, NULL, NULL, 591, 'debit', '0.00', '', '0.00', NULL, '2022-05-24 22:03:43', NULL, '2022-05-24 22:03:43'),
(230, NULL, NULL, NULL, 592, 'debit', '0.00', '', '0.00', NULL, '2022-05-26 20:30:04', NULL, '2022-05-26 20:30:04'),
(231, NULL, NULL, NULL, 593, 'debit', '0.00', '', '0.00', NULL, '2022-05-27 21:48:59', NULL, '2022-05-27 21:48:59'),
(232, NULL, NULL, NULL, 594, 'debit', '0.00', '', '0.00', NULL, '2022-05-28 17:45:14', NULL, '2022-05-28 17:45:14'),
(233, NULL, NULL, NULL, 595, 'debit', '0.00', '', '0.00', NULL, '2022-05-30 13:31:12', NULL, '2022-05-30 13:31:12'),
(234, NULL, NULL, NULL, 596, 'debit', '0.00', '', '0.00', NULL, '2022-05-30 18:30:06', NULL, '2022-05-30 18:30:06'),
(235, NULL, NULL, NULL, 597, 'debit', '0.00', '', '0.00', NULL, '2022-05-31 11:57:16', NULL, '2022-05-31 11:57:16'),
(236, NULL, NULL, NULL, 598, 'debit', '0.00', '', '0.00', NULL, '2022-05-31 12:01:43', NULL, '2022-05-31 12:01:43'),
(237, NULL, NULL, NULL, 599, 'debit', '0.00', '', '0.00', NULL, '2022-05-31 12:04:47', NULL, '2022-05-31 12:04:47'),
(238, NULL, NULL, NULL, 600, 'debit', '0.00', '', '0.00', NULL, '2022-06-01 15:44:01', NULL, '2022-06-01 15:44:01'),
(239, NULL, NULL, NULL, 601, 'debit', '0.00', '', '0.00', NULL, '2022-06-02 14:12:14', NULL, '2022-06-02 14:12:14'),
(240, NULL, NULL, NULL, 602, 'debit', '0.00', '', '0.00', NULL, '2022-06-02 14:14:53', NULL, '2022-06-02 14:14:53'),
(241, NULL, NULL, NULL, 603, 'debit', '0.00', '', '0.00', NULL, '2022-06-02 16:39:49', NULL, '2022-06-02 16:39:49'),
(242, NULL, NULL, NULL, 604, 'debit', '0.00', '', '0.00', NULL, '2022-06-02 16:55:53', NULL, '2022-06-02 16:55:53'),
(243, NULL, NULL, NULL, 605, 'debit', '0.00', '', '0.00', NULL, '2022-06-02 17:01:04', NULL, '2022-06-02 17:01:04'),
(244, NULL, NULL, NULL, 606, 'debit', '0.00', '', '0.00', NULL, '2022-06-02 17:16:41', NULL, '2022-06-02 17:16:41'),
(245, NULL, NULL, NULL, 607, 'debit', '0.00', '', '0.00', NULL, '2022-06-02 17:31:26', NULL, '2022-06-02 17:31:26'),
(246, NULL, NULL, NULL, 608, 'debit', '0.00', '', '0.00', NULL, '2022-06-02 17:34:05', NULL, '2022-06-02 17:34:05'),
(247, NULL, NULL, NULL, 609, 'debit', '0.00', '', '0.00', NULL, '2022-06-05 17:47:26', NULL, '2022-06-05 17:47:26'),
(248, NULL, NULL, NULL, 610, 'debit', '0.00', '', '0.00', NULL, '2022-06-05 20:23:40', NULL, '2022-06-05 20:23:40'),
(249, NULL, NULL, NULL, 611, 'debit', '0.00', '', '0.00', NULL, '2022-06-07 12:32:17', NULL, '2022-06-07 12:32:17');

-- --------------------------------------------------------

--
-- Table structure for table `zipcode`
--

CREATE TABLE `zipcode` (
  `id` int NOT NULL,
  `storeId` int DEFAULT NULL,
  `zipcode` varchar(255) CHARACTER SET utf8mb3 COLLATE utf8mb3_bin DEFAULT NULL,
  `status` enum('Yes','No') CHARACTER SET utf8mb3 COLLATE utf8mb3_bin DEFAULT NULL,
  `createdBy` varchar(100) CHARACTER SET utf8mb3 COLLATE utf8mb3_bin DEFAULT NULL,
  `createdAt` datetime DEFAULT NULL,
  `updatedBy` varchar(100) CHARACTER SET utf8mb3 COLLATE utf8mb3_bin DEFAULT NULL,
  `updatedAt` datetime DEFAULT NULL
) ENGINE=InnoDB DEFAULT CHARSET=utf8mb3 COLLATE=utf8mb3_bin COMMENT='Zipcode Table';

--
-- Indexes for dumped tables
--

--
-- Indexes for table `admins`
--
ALTER TABLE `admins`
  ADD PRIMARY KEY (`id`),
  ADD KEY `storeId` (`storeId`),
  ADD KEY `parentId` (`parentId`);

--
-- Indexes for table `admins_bkp_05_01_2022`
--
ALTER TABLE `admins_bkp_05_01_2022`
  ADD PRIMARY KEY (`id`),
  ADD UNIQUE KEY `username` (`username`),
  ADD UNIQUE KEY `email` (`email`),
  ADD UNIQUE KEY `mobile` (`mobile`),
  ADD KEY `storeId` (`storeId`),
  ADD KEY `parentId` (`parentId`);

--
-- Indexes for table `admins_bkp_06_01`
--
ALTER TABLE `admins_bkp_06_01`
  ADD PRIMARY KEY (`id`),
  ADD KEY `storeId` (`storeId`),
  ADD KEY `cId` (`cId`),
  ADD KEY `parentId` (`parentId`);

--
-- Indexes for table `attributesetting`
--
ALTER TABLE `attributesetting`
  ADD PRIMARY KEY (`id`),
  ADD KEY `storeId` (`storeId`);

--
-- Indexes for table `attributevalue`
--
ALTER TABLE `attributevalue`
  ADD PRIMARY KEY (`id`),
  ADD KEY `storeId` (`storeId`),
  ADD KEY `attrSettingId` (`attrSettingId`);

--
-- Indexes for table `banner`
--
ALTER TABLE `banner`
  ADD PRIMARY KEY (`id`),
  ADD KEY `storeId` (`storeId`);

--
-- Indexes for table `bannerdisplay`
--
ALTER TABLE `bannerdisplay`
  ADD PRIMARY KEY (`id`),
  ADD KEY `storeId` (`storeId`);

--
-- Indexes for table `bannersection`
--
ALTER TABLE `bannersection`
  ADD PRIMARY KEY (`id`),
  ADD KEY `storeId` (`storeId`);

--
-- Indexes for table `billingFeedback`
--
ALTER TABLE `billingFeedback`
  ADD PRIMARY KEY (`id`);

--
-- Indexes for table `blogauthor`
--
ALTER TABLE `blogauthor`
  ADD PRIMARY KEY (`id`),
  ADD KEY `storeId` (`storeId`);

--
-- Indexes for table `blogcategory`
--
ALTER TABLE `blogcategory`
  ADD PRIMARY KEY (`id`),
  ADD KEY `storeId` (`storeId`);

--
-- Indexes for table `blogcomments`
--
ALTER TABLE `blogcomments`
  ADD PRIMARY KEY (`id`),
  ADD KEY `storeId` (`storeId`),
  ADD KEY `blogId` (`blogId`);

--
-- Indexes for table `blogs`
--
ALTER TABLE `blogs`
  ADD PRIMARY KEY (`id`),
  ADD KEY `storeId` (`storeId`),
  ADD KEY `authorId` (`authorId`);

--
-- Indexes for table `blogselectedcategory`
--
ALTER TABLE `blogselectedcategory`
  ADD PRIMARY KEY (`id`),
  ADD KEY `storeId` (`storeId`),
  ADD KEY `categoryId` (`categoryId`),
  ADD KEY `blogId` (`blogId`);

--
-- Indexes for table `brands`
--
ALTER TABLE `brands`
  ADD PRIMARY KEY (`id`),
  ADD KEY `storeId` (`storeId`);

--
-- Indexes for table `brandsIsoImage`
--
ALTER TABLE `brandsIsoImage`
  ADD PRIMARY KEY (`id`),
  ADD KEY `storeId` (`storeId`),
  ADD KEY `brandId` (`brandId`);

--
-- Indexes for table `campaignDetails`
--
ALTER TABLE `campaignDetails`
  ADD PRIMARY KEY (`id`),
  ADD KEY `storeId` (`storeId`),
  ADD KEY `contactId` (`contactId`),
  ADD KEY `configurationId` (`configurationId`);

--
-- Indexes for table `campaignDetailsEmail`
--
ALTER TABLE `campaignDetailsEmail`
  ADD PRIMARY KEY (`id`),
  ADD KEY `storeId` (`storeId`),
  ADD KEY `campaignId` (`campaignId`);

--
-- Indexes for table `carpenter`
--
ALTER TABLE `carpenter`
  ADD PRIMARY KEY (`id`);

--
-- Indexes for table `carpenterregistration15`
--
ALTER TABLE `carpenterregistration15`
  ADD PRIMARY KEY (`id`);

--
-- Indexes for table `cartAddon`
--
ALTER TABLE `cartAddon`
  ADD PRIMARY KEY (`id`);

--
-- Indexes for table `cartPriceRule`
--
ALTER TABLE `cartPriceRule`
  ADD PRIMARY KEY (`id`),
  ADD KEY `storeId` (`storeId`);

--
-- Indexes for table `cartPriceRuleAttributes`
--
ALTER TABLE `cartPriceRuleAttributes`
  ADD PRIMARY KEY (`id`),
  ADD KEY `storeId` (`storeId`),
  ADD KEY `cartPriceRuleId` (`cartPriceRuleId`);

--
-- Indexes for table `carts`
--
ALTER TABLE `carts`
  ADD PRIMARY KEY (`id`),
  ADD KEY `storeId` (`storeId`),
  ADD KEY `customerId` (`customerId`),
  ADD KEY `productId` (`productId`);

--
-- Indexes for table `catalogPriceRule`
--
ALTER TABLE `catalogPriceRule`
  ADD PRIMARY KEY (`id`),
  ADD KEY `storeId` (`storeId`);

--
-- Indexes for table `catalogPriceRuleAttributes`
--
ALTER TABLE `catalogPriceRuleAttributes`
  ADD PRIMARY KEY (`id`),
  ADD KEY `storeId` (`storeId`),
  ADD KEY `catalogPriceRuleId` (`catalogPriceRuleId`);

--
-- Indexes for table `categories`
--
ALTER TABLE `categories`
  ADD PRIMARY KEY (`id`),
  ADD KEY `storeId` (`storeId`);

--
-- Indexes for table `chatMessages`
--
ALTER TABLE `chatMessages`
  ADD PRIMARY KEY (`id`),
  ADD KEY `chatUserId` (`chatUserId`);

--
-- Indexes for table `chatUsers`
--
ALTER TABLE `chatUsers`
  ADD PRIMARY KEY (`id`);

--
-- Indexes for table `city`
--
ALTER TABLE `city`
  ADD PRIMARY KEY (`id`),
  ADD KEY `storeId` (`storeId`);

--
-- Indexes for table `client`
--
ALTER TABLE `client`
  ADD PRIMARY KEY (`id`);

--
-- Indexes for table `cms`
--
ALTER TABLE `cms`
  ADD PRIMARY KEY (`id`),
  ADD KEY `storeId` (`storeId`);

--
-- Indexes for table `contacts`
--
ALTER TABLE `contacts`
  ADD PRIMARY KEY (`id`),
  ADD KEY `storeId` (`storeId`);

--
-- Indexes for table `contactsEmail`
--
ALTER TABLE `contactsEmail`
  ADD PRIMARY KEY (`id`),
  ADD KEY `storeId` (`storeId`),
  ADD KEY `contactId` (`contactId`);

--
-- Indexes for table `contactUs`
--
ALTER TABLE `contactUs`
  ADD PRIMARY KEY (`id`),
  ADD KEY `storeId` (`storeId`);

--
-- Indexes for table `contactUsIudyog`
--
ALTER TABLE `contactUsIudyog`
  ADD PRIMARY KEY (`id`),
  ADD KEY `cId` (`cId`);

--
-- Indexes for table `contactUs_bkp`
--
ALTER TABLE `contactUs_bkp`
  ADD PRIMARY KEY (`id`);

--
-- Indexes for table `contentBlocks`
--
ALTER TABLE `contentBlocks`
  ADD PRIMARY KEY (`id`),
  ADD KEY `storeId` (`storeId`),
  ADD KEY `parentId` (`parentId`);

--
-- Indexes for table `coupon`
--
ALTER TABLE `coupon`
  ADD PRIMARY KEY (`id`),
  ADD KEY `storeId` (`storeId`);

--
-- Indexes for table `couponCustomer`
--
ALTER TABLE `couponCustomer`
  ADD PRIMARY KEY (`id`);

--
-- Indexes for table `couponTransaction`
--
ALTER TABLE `couponTransaction`
  ADD PRIMARY KEY (`id`),
  ADD KEY `storeId` (`storeId`);

--
-- Indexes for table `couponTransaction_bkp`
--
ALTER TABLE `couponTransaction_bkp`
  ADD PRIMARY KEY (`id`);

--
-- Indexes for table `customerAddresses`
--
ALTER TABLE `customerAddresses`
  ADD PRIMARY KEY (`id`),
  ADD KEY `storeId` (`storeId`),
  ADD KEY `customerId` (`customerId`);

--
-- Indexes for table `customerCouponRequest`
--
ALTER TABLE `customerCouponRequest`
  ADD PRIMARY KEY (`id`);

--
-- Indexes for table `customerReview`
--
ALTER TABLE `customerReview`
  ADD PRIMARY KEY (`id`);

--
-- Indexes for table `customers`
--
ALTER TABLE `customers`
  ADD PRIMARY KEY (`id`),
  ADD KEY `storeId` (`storeId`);

--
-- Indexes for table `customerWishlist`
--
ALTER TABLE `customerWishlist`
  ADD PRIMARY KEY (`id`),
  ADD KEY `storeId` (`storeId`),
  ADD KEY `customerId` (`customerId`),
  ADD KEY `productId` (`productId`);

--
-- Indexes for table `deliveryTimeSlot`
--
ALTER TABLE `deliveryTimeSlot`
  ADD PRIMARY KEY (`id`),
  ADD KEY `storeId` (`storeId`);

--
-- Indexes for table `deliverytimeslot_bkp`
--
ALTER TABLE `deliverytimeslot_bkp`
  ADD PRIMARY KEY (`id`),
  ADD KEY `storeId` (`storeId`);

--
-- Indexes for table `deliverytimeslot_bkp_24_09`
--
ALTER TABLE `deliverytimeslot_bkp_24_09`
  ADD PRIMARY KEY (`id`),
  ADD KEY `storeId` (`storeId`);

--
-- Indexes for table `demo13`
--
ALTER TABLE `demo13`
  ADD PRIMARY KEY (`id`);

--
-- Indexes for table `dropdownSettings`
--
ALTER TABLE `dropdownSettings`
  ADD PRIMARY KEY (`id`),
  ADD KEY `storeId` (`storeId`);

--
-- Indexes for table `dropdownSettingsOptions`
--
ALTER TABLE `dropdownSettingsOptions`
  ADD PRIMARY KEY (`id`),
  ADD KEY `dropdownSettingId` (`dropdownSettingId`),
  ADD KEY `storeId` (`storeId`);

--
-- Indexes for table `dynamicformfields`
--
ALTER TABLE `dynamicformfields`
  ADD PRIMARY KEY (`id`),
  ADD KEY `dynamicFormId` (`dynamicFormId`);

--
-- Indexes for table `dynamicformfieldvalues`
--
ALTER TABLE `dynamicformfieldvalues`
  ADD PRIMARY KEY (`id`),
  ADD KEY `dynamicFormFieldId` (`dynamicFormFieldId`);

--
-- Indexes for table `dynamicforms`
--
ALTER TABLE `dynamicforms`
  ADD PRIMARY KEY (`id`),
  ADD KEY `storeId` (`storeId`);

--
-- Indexes for table `dynamicSection`
--
ALTER TABLE `dynamicSection`
  ADD PRIMARY KEY (`id`),
  ADD KEY `storeId` (`storeId`),
  ADD KEY `moduleId` (`moduleId`),
  ADD KEY `moduleItemId` (`moduleItemId`);

--
-- Indexes for table `dynamicSection_bkp_06`
--
ALTER TABLE `dynamicSection_bkp_06`
  ADD PRIMARY KEY (`id`),
  ADD KEY `cId` (`cId`),
  ADD KEY `moduleId` (`moduleId`),
  ADD KEY `moduleItemId` (`moduleItemId`);

--
-- Indexes for table `emailConfiguration`
--
ALTER TABLE `emailConfiguration`
  ADD PRIMARY KEY (`id`),
  ADD KEY `storeId` (`storeId`);

--
-- Indexes for table `emailList`
--
ALTER TABLE `emailList`
  ADD PRIMARY KEY (`id`),
  ADD KEY `storeId` (`storeId`);

--
-- Indexes for table `faq`
--
ALTER TABLE `faq`
  ADD PRIMARY KEY (`id`),
  ADD KEY `storeId` (`storeId`),
  ADD KEY `faqGroupId` (`faqGroupId`);

--
-- Indexes for table `faqGroups`
--
ALTER TABLE `faqGroups`
  ADD PRIMARY KEY (`id`),
  ADD KEY `storeId` (`storeId`);

--
-- Indexes for table `favouriteProduct`
--
ALTER TABLE `favouriteProduct`
  ADD PRIMARY KEY (`id`);

--
-- Indexes for table `feedback`
--
ALTER TABLE `feedback`
  ADD PRIMARY KEY (`id`),
  ADD KEY `storeId` (`storeId`),
  ADD KEY `customerId` (`customerId`);

--
-- Indexes for table `fileUploads`
--
ALTER TABLE `fileUploads`
  ADD PRIMARY KEY (`id`);

--
-- Indexes for table `formMasters`
--
ALTER TABLE `formMasters`
  ADD PRIMARY KEY (`id`),
  ADD KEY `storeId` (`storeId`);

--
-- Indexes for table `franchise`
--
ALTER TABLE `franchise`
  ADD PRIMARY KEY (`id`),
  ADD KEY `storeId` (`storeId`);

--
-- Indexes for table `franchisee17`
--
ALTER TABLE `franchisee17`
  ADD PRIMARY KEY (`id`);

--
-- Indexes for table `galleries`
--
ALTER TABLE `galleries`
  ADD PRIMARY KEY (`id`);

--
-- Indexes for table `getACallback`
--
ALTER TABLE `getACallback`
  ADD PRIMARY KEY (`id`),
  ADD KEY `storeId` (`storeId`);

--
-- Indexes for table `giftSet`
--
ALTER TABLE `giftSet`
  ADD PRIMARY KEY (`id`);

--
-- Indexes for table `guestCustomerAddresses`
--
ALTER TABLE `guestCustomerAddresses`
  ADD PRIMARY KEY (`id`);

--
-- Indexes for table `guestCustomers`
--
ALTER TABLE `guestCustomers`
  ADD PRIMARY KEY (`id`);

--
-- Indexes for table `imageResize`
--
ALTER TABLE `imageResize`
  ADD PRIMARY KEY (`id`),
  ADD KEY `storeId` (`storeId`);

--
-- Indexes for table `inventory`
--
ALTER TABLE `inventory`
  ADD PRIMARY KEY (`id`),
  ADD KEY `productId` (`productId`),
  ADD KEY `storeId` (`storeId`);

--
-- Indexes for table `invitation`
--
ALTER TABLE `invitation`
  ADD PRIMARY KEY (`id`);

--
-- Indexes for table `iUdyogBlogAuthor`
--
ALTER TABLE `iUdyogBlogAuthor`
  ADD PRIMARY KEY (`id`),
  ADD KEY `cId` (`cId`);

--
-- Indexes for table `iUdyogBlogCategory`
--
ALTER TABLE `iUdyogBlogCategory`
  ADD PRIMARY KEY (`id`),
  ADD KEY `storeId` (`storeId`);

--
-- Indexes for table `iUdyogBlogCategory_bkp_06_01`
--
ALTER TABLE `iUdyogBlogCategory_bkp_06_01`
  ADD PRIMARY KEY (`id`),
  ADD KEY `storeId` (`cId`) USING BTREE;

--
-- Indexes for table `iUdyogBlogComments`
--
ALTER TABLE `iUdyogBlogComments`
  ADD PRIMARY KEY (`id`),
  ADD KEY `cId` (`cId`),
  ADD KEY `blogId` (`blogId`);

--
-- Indexes for table `iUdyogBlogs`
--
ALTER TABLE `iUdyogBlogs`
  ADD PRIMARY KEY (`id`),
  ADD KEY `cId` (`cId`),
  ADD KEY `authorId` (`authorId`);

--
-- Indexes for table `iUdyogBlogSelectedCategory`
--
ALTER TABLE `iUdyogBlogSelectedCategory`
  ADD PRIMARY KEY (`id`),
  ADD KEY `cId` (`cId`),
  ADD KEY `categoryId` (`categoryId`),
  ADD KEY `blogId` (`blogId`);

--
-- Indexes for table `iUdyogSubscribers`
--
ALTER TABLE `iUdyogSubscribers`
  ADD PRIMARY KEY (`id`),
  ADD KEY `storeId` (`storeId`);

--
-- Indexes for table `menus`
--
ALTER TABLE `menus`
  ADD PRIMARY KEY (`id`),
  ADD KEY `storeId` (`storeId`),
  ADD KEY `parentMenuId` (`parentMenuId`),
  ADD KEY `moduleId` (`moduleId`),
  ADD KEY `moduleItemId` (`moduleItemId`);

--
-- Indexes for table `menus_bkp`
--
ALTER TABLE `menus_bkp`
  ADD PRIMARY KEY (`id`),
  ADD KEY `menuId` (`menuId`);

--
-- Indexes for table `menus_bkp_06`
--
ALTER TABLE `menus_bkp_06`
  ADD PRIMARY KEY (`id`),
  ADD KEY `cId` (`cId`),
  ADD KEY `parentMenuId` (`parentMenuId`),
  ADD KEY `moduleId` (`moduleId`),
  ADD KEY `moduleItemId` (`moduleItemId`);

--
-- Indexes for table `menus_bkp_2`
--
ALTER TABLE `menus_bkp_2`
  ADD PRIMARY KEY (`id`),
  ADD KEY `cId` (`cId`),
  ADD KEY `parentMenuId` (`parentMenuId`),
  ADD KEY `moduleId` (`moduleId`),
  ADD KEY `moduleItemId` (`moduleItemId`);

--
-- Indexes for table `message`
--
ALTER TABLE `message`
  ADD PRIMARY KEY (`id`);

--
-- Indexes for table `modelHasRoles`
--
ALTER TABLE `modelHasRoles`
  ADD PRIMARY KEY (`id`),
  ADD KEY `storeId` (`storeId`),
  ADD KEY `roleId` (`roleId`),
  ADD KEY `userId` (`userId`);

--
-- Indexes for table `modelHasRoles_bkp`
--
ALTER TABLE `modelHasRoles_bkp`
  ADD PRIMARY KEY (`id`),
  ADD KEY `storeId` (`storeId`),
  ADD KEY `roleId` (`roleId`),
  ADD KEY `userId` (`userId`);

--
-- Indexes for table `modelHasRoles_bkp_06_01`
--
ALTER TABLE `modelHasRoles_bkp_06_01`
  ADD PRIMARY KEY (`id`),
  ADD KEY `cId` (`cId`),
  ADD KEY `storeId` (`storeId`),
  ADD KEY `roleId` (`roleId`),
  ADD KEY `userId` (`userId`);

--
-- Indexes for table `module`
--
ALTER TABLE `module`
  ADD PRIMARY KEY (`id`),
  ADD KEY `storeId` (`storeId`);

--
-- Indexes for table `moduleItem`
--
ALTER TABLE `moduleItem`
  ADD PRIMARY KEY (`id`),
  ADD KEY `storeId` (`storeId`),
  ADD KEY `moduleId` (`moduleId`);

--
-- Indexes for table `moduleItem_bkp`
--
ALTER TABLE `moduleItem_bkp`
  ADD PRIMARY KEY (`id`),
  ADD KEY `moduleId` (`moduleId`);

--
-- Indexes for table `moduleItem_bkp_06`
--
ALTER TABLE `moduleItem_bkp_06`
  ADD PRIMARY KEY (`id`),
  ADD KEY `cId` (`cId`),
  ADD KEY `moduleId` (`moduleId`);

--
-- Indexes for table `moduleSetting`
--
ALTER TABLE `moduleSetting`
  ADD PRIMARY KEY (`id`),
  ADD KEY `storeId` (`storeId`);

--
-- Indexes for table `moduleSetting_bkp_06`
--
ALTER TABLE `moduleSetting_bkp_06`
  ADD PRIMARY KEY (`id`),
  ADD KEY `cId` (`cId`);

--
-- Indexes for table `module_bkp`
--
ALTER TABLE `module_bkp`
  ADD PRIMARY KEY (`id`);

--
-- Indexes for table `module_bkp_06`
--
ALTER TABLE `module_bkp_06`
  ADD PRIMARY KEY (`id`),
  ADD KEY `cId` (`cId`);

--
-- Indexes for table `msgUserLogin`
--
ALTER TABLE `msgUserLogin`
  ADD PRIMARY KEY (`id`);

--
-- Indexes for table `news`
--
ALTER TABLE `news`
  ADD PRIMARY KEY (`id`);

--
-- Indexes for table `newsLetter`
--
ALTER TABLE `newsLetter`
  ADD PRIMARY KEY (`id`),
  ADD KEY `storeId` (`storeId`);

--
-- Indexes for table `newsLetterEmail`
--
ALTER TABLE `newsLetterEmail`
  ADD PRIMARY KEY (`id`),
  ADD KEY `storeId` (`storeId`),
  ADD KEY `newsLetterId` (`newsLetterId`);

--
-- Indexes for table `optionMaster`
--
ALTER TABLE `optionMaster`
  ADD PRIMARY KEY (`id`),
  ADD KEY `storeId` (`storeId`);

--
-- Indexes for table `optionProduct`
--
ALTER TABLE `optionProduct`
  ADD PRIMARY KEY (`id`),
  ADD KEY `storeId` (`storeId`),
  ADD KEY `optionId` (`optionId`),
  ADD KEY `productId` (`productId`);

--
-- Indexes for table `optionValue`
--
ALTER TABLE `optionValue`
  ADD PRIMARY KEY (`id`),
  ADD KEY `storeId` (`storeId`),
  ADD KEY `optionId` (`optionId`);

--
-- Indexes for table `orderItems`
--
ALTER TABLE `orderItems`
  ADD PRIMARY KEY (`id`),
  ADD KEY `storeId` (`storeId`),
  ADD KEY `orderId` (`orderId`),
  ADD KEY `productId` (`productId`);

--
-- Indexes for table `orders`
--
ALTER TABLE `orders`
  ADD PRIMARY KEY (`id`),
  ADD KEY `storeId` (`storeId`),
  ADD KEY `customerId` (`customerId`);

--
-- Indexes for table `orderStatusHistory`
--
ALTER TABLE `orderStatusHistory`
  ADD PRIMARY KEY (`id`),
  ADD KEY `storeId` (`storeId`),
  ADD KEY `orderId` (`orderId`);

--
-- Indexes for table `pages`
--
ALTER TABLE `pages`
  ADD PRIMARY KEY (`id`),
  ADD KEY `storeId` (`storeId`);

--
-- Indexes for table `permissionGroup`
--
ALTER TABLE `permissionGroup`
  ADD PRIMARY KEY (`id`);

--
-- Indexes for table `permissionLog`
--
ALTER TABLE `permissionLog`
  ADD PRIMARY KEY (`id`),
  ADD KEY `storeId` (`storeId`),
  ADD KEY `permissionGroupId` (`permissionGroupId`);

--
-- Indexes for table `permissions`
--
ALTER TABLE `permissions`
  ADD PRIMARY KEY (`id`),
  ADD KEY `storeId` (`storeId`);

--
-- Indexes for table `popupMessage`
--
ALTER TABLE `popupMessage`
  ADD PRIMARY KEY (`id`);

--
-- Indexes for table `productCategory`
--
ALTER TABLE `productCategory`
  ADD PRIMARY KEY (`id`),
  ADD KEY `storeId` (`storeId`),
  ADD KEY `categoryId` (`categoryId`),
  ADD KEY `productId` (`productId`);

--
-- Indexes for table `productImages`
--
ALTER TABLE `productImages`
  ADD PRIMARY KEY (`id`),
  ADD KEY `storeId` (`storeId`),
  ADD KEY `productId` (`productId`);

--
-- Indexes for table `products`
--
ALTER TABLE `products`
  ADD PRIMARY KEY (`id`),
  ADD KEY `storeId` (`storeId`);

--
-- Indexes for table `questionaire`
--
ALTER TABLE `questionaire`
  ADD PRIMARY KEY (`id`),
  ADD KEY `storeId` (`storeId`);

--
-- Indexes for table `questionaire_bkp_06`
--
ALTER TABLE `questionaire_bkp_06`
  ADD PRIMARY KEY (`id`),
  ADD KEY `cId` (`cId`);

--
-- Indexes for table `questionoptions`
--
ALTER TABLE `questionoptions`
  ADD PRIMARY KEY (`id`),
  ADD KEY `storeId` (`storeId`),
  ADD KEY `questionaireId` (`questionaireId`),
  ADD KEY `questionId` (`questionId`);

--
-- Indexes for table `questionoptions_bkp_06`
--
ALTER TABLE `questionoptions_bkp_06`
  ADD PRIMARY KEY (`id`),
  ADD KEY `cId` (`cId`),
  ADD KEY `questionaireId` (`questionaireId`),
  ADD KEY `questionId` (`questionId`);

--
-- Indexes for table `questions`
--
ALTER TABLE `questions`
  ADD PRIMARY KEY (`id`),
  ADD KEY `storeId` (`storeId`),
  ADD KEY `questionaireId` (`questionaireId`);

--
-- Indexes for table `questions_bkp_06`
--
ALTER TABLE `questions_bkp_06`
  ADD PRIMARY KEY (`id`),
  ADD KEY `cId` (`cId`),
  ADD KEY `questionaireId` (`questionaireId`);

--
-- Indexes for table `razorpay`
--
ALTER TABLE `razorpay`
  ADD PRIMARY KEY (`id`),
  ADD KEY `storeId` (`storeId`);

--
-- Indexes for table `relatedProduct`
--
ALTER TABLE `relatedProduct`
  ADD PRIMARY KEY (`id`),
  ADD KEY `storeId` (`storeId`),
  ADD KEY `productId` (`productId`);

--
-- Indexes for table `reservation17`
--
ALTER TABLE `reservation17`
  ADD PRIMARY KEY (`id`);

--
-- Indexes for table `reservations`
--
ALTER TABLE `reservations`
  ADD PRIMARY KEY (`id`),
  ADD KEY `storeId` (`storeId`),
  ADD KEY `timeId` (`timeId`);

--
-- Indexes for table `reservations_bkp`
--
ALTER TABLE `reservations_bkp`
  ADD PRIMARY KEY (`id`),
  ADD KEY `storeId` (`storeId`),
  ADD KEY `timeId` (`timeId`);

--
-- Indexes for table `reservationTimeSlot`
--
ALTER TABLE `reservationTimeSlot`
  ADD PRIMARY KEY (`id`),
  ADD KEY `storeId` (`storeId`);

--
-- Indexes for table `reservationtimeslot_bkp`
--
ALTER TABLE `reservationtimeslot_bkp`
  ADD PRIMARY KEY (`id`),
  ADD KEY `storeId` (`storeId`);

--
-- Indexes for table `roleHasPermissions`
--
ALTER TABLE `roleHasPermissions`
  ADD PRIMARY KEY (`id`),
  ADD KEY `storeId` (`storeId`),
  ADD KEY `permissionId` (`permissionId`),
  ADD KEY `roleId` (`roleId`);

--
-- Indexes for table `roles`
--
ALTER TABLE `roles`
  ADD PRIMARY KEY (`id`),
  ADD KEY `storeId` (`storeId`);

--
-- Indexes for table `salesman`
--
ALTER TABLE `salesman`
  ADD PRIMARY KEY (`id`);

--
-- Indexes for table `salesmanAttendance`
--
ALTER TABLE `salesmanAttendance`
  ADD PRIMARY KEY (`id`);

--
-- Indexes for table `salesmanBreak`
--
ALTER TABLE `salesmanBreak`
  ADD PRIMARY KEY (`id`);

--
-- Indexes for table `salesmanOrderReject`
--
ALTER TABLE `salesmanOrderReject`
  ADD PRIMARY KEY (`id`);

--
-- Indexes for table `section`
--
ALTER TABLE `section`
  ADD PRIMARY KEY (`id`);

--
-- Indexes for table `sessions`
--
ALTER TABLE `sessions`
  ADD PRIMARY KEY (`id`);

--
-- Indexes for table `shippingMethods`
--
ALTER TABLE `shippingMethods`
  ADD PRIMARY KEY (`id`),
  ADD KEY `storeId` (`storeId`);

--
-- Indexes for table `siteSettings`
--
ALTER TABLE `siteSettings`
  ADD PRIMARY KEY (`id`),
  ADD KEY `storeId` (`storeId`),
  ADD KEY `siteSettingsGroupId` (`siteSettingsGroupId`);

--
-- Indexes for table `siteSettingsGroups`
--
ALTER TABLE `siteSettingsGroups`
  ADD PRIMARY KEY (`id`),
  ADD KEY `storeId` (`storeId`);

--
-- Indexes for table `siteSettingsGroups_bkp`
--
ALTER TABLE `siteSettingsGroups_bkp`
  ADD PRIMARY KEY (`id`),
  ADD KEY `storeId` (`storeId`);

--
-- Indexes for table `siteSettings_bkp`
--
ALTER TABLE `siteSettings_bkp`
  ADD PRIMARY KEY (`id`),
  ADD KEY `storeId` (`storeId`),
  ADD KEY `siteSettingsGroupId` (`siteSettingsGroupId`);

--
-- Indexes for table `sms`
--
ALTER TABLE `sms`
  ADD PRIMARY KEY (`id`);

--
-- Indexes for table `smsstore`
--
ALTER TABLE `smsstore`
  ADD PRIMARY KEY (`id`),
  ADD KEY `smId` (`smId`);

--
-- Indexes for table `stores`
--
ALTER TABLE `stores`
  ADD PRIMARY KEY (`id`);

--
-- Indexes for table `student`
--
ALTER TABLE `student`
  ADD PRIMARY KEY (`id`),
  ADD UNIQUE KEY `email` (`email`),
  ADD UNIQUE KEY `mobile` (`mobile`),
  ADD KEY `storeId` (`storeId`);

--
-- Indexes for table `student_bkp_06`
--
ALTER TABLE `student_bkp_06`
  ADD PRIMARY KEY (`id`),
  ADD UNIQUE KEY `email` (`email`),
  ADD UNIQUE KEY `mobile` (`mobile`),
  ADD KEY `cId` (`cId`);

--
-- Indexes for table `subscribers`
--
ALTER TABLE `subscribers`
  ADD PRIMARY KEY (`id`),
  ADD KEY `storeId` (`storeId`);

--
-- Indexes for table `subSection`
--
ALTER TABLE `subSection`
  ADD PRIMARY KEY (`id`),
  ADD KEY `storeId` (`storeId`),
  ADD KEY `sectionId` (`sectionId`);

--
-- Indexes for table `subSection_bkp_06`
--
ALTER TABLE `subSection_bkp_06`
  ADD PRIMARY KEY (`id`),
  ADD KEY `cId` (`cId`),
  ADD KEY `sectionId` (`sectionId`);

--
-- Indexes for table `surveyRemarks`
--
ALTER TABLE `surveyRemarks`
  ADD PRIMARY KEY (`id`),
  ADD KEY `storeId` (`storeId`),
  ADD KEY `questionaireId` (`questionaireId`),
  ADD KEY `surveyResultId` (`surveyResultId`);

--
-- Indexes for table `surveyResult`
--
ALTER TABLE `surveyResult`
  ADD PRIMARY KEY (`id`),
  ADD KEY `storeId` (`storeId`),
  ADD KEY `questionaireId` (`questionaireId`);

--
-- Indexes for table `surveyResult_bkp_06`
--
ALTER TABLE `surveyResult_bkp_06`
  ADD PRIMARY KEY (`id`),
  ADD KEY `cId` (`cId`),
  ADD KEY `questionaireId` (`questionaireId`);

--
-- Indexes for table `termsConditions`
--
ALTER TABLE `termsConditions`
  ADD PRIMARY KEY (`id`);

--
-- Indexes for table `testimonials`
--
ALTER TABLE `testimonials`
  ADD PRIMARY KEY (`id`),
  ADD KEY `storeId` (`storeId`);

--
-- Indexes for table `transactionsOffer`
--
ALTER TABLE `transactionsOffer`
  ADD PRIMARY KEY (`id`),
  ADD KEY `storeId` (`storeId`);

--
-- Indexes for table `transactionsOffer_bkp`
--
ALTER TABLE `transactionsOffer_bkp`
  ADD PRIMARY KEY (`id`);

--
-- Indexes for table `users`
--
ALTER TABLE `users`
  ADD PRIMARY KEY (`id`),
  ADD KEY `storeId` (`storeId`);

--
-- Indexes for table `version`
--
ALTER TABLE `version`
  ADD PRIMARY KEY (`id`);

--
-- Indexes for table `wallets`
--
ALTER TABLE `wallets`
  ADD PRIMARY KEY (`id`),
  ADD KEY `storeId` (`storeId`),
  ADD KEY `customerId` (`customerId`);

--
-- Indexes for table `walletTransaction`
--
ALTER TABLE `walletTransaction`
  ADD PRIMARY KEY (`id`),
  ADD KEY `storeId` (`storeId`),
  ADD KEY `walletId` (`walletId`),
  ADD KEY `customerId` (`customerId`);

--
-- Indexes for table `zipcode`
--
ALTER TABLE `zipcode`
  ADD PRIMARY KEY (`id`),
  ADD KEY `storeId` (`storeId`);

--
-- AUTO_INCREMENT for dumped tables
--

--
-- AUTO_INCREMENT for table `admins`
--
ALTER TABLE `admins`
  MODIFY `id` int NOT NULL AUTO_INCREMENT, AUTO_INCREMENT=46;

--
-- AUTO_INCREMENT for table `admins_bkp_05_01_2022`
--
ALTER TABLE `admins_bkp_05_01_2022`
  MODIFY `id` int NOT NULL AUTO_INCREMENT, AUTO_INCREMENT=26;

--
-- AUTO_INCREMENT for table `admins_bkp_06_01`
--
ALTER TABLE `admins_bkp_06_01`
  MODIFY `id` int NOT NULL AUTO_INCREMENT, AUTO_INCREMENT=9;

--
-- AUTO_INCREMENT for table `attributesetting`
--
ALTER TABLE `attributesetting`
  MODIFY `id` int NOT NULL AUTO_INCREMENT, AUTO_INCREMENT=24;

--
-- AUTO_INCREMENT for table `attributevalue`
--
ALTER TABLE `attributevalue`
  MODIFY `id` int NOT NULL AUTO_INCREMENT, AUTO_INCREMENT=20;

--
-- AUTO_INCREMENT for table `banner`
--
ALTER TABLE `banner`
  MODIFY `id` int NOT NULL AUTO_INCREMENT, AUTO_INCREMENT=58;

--
-- AUTO_INCREMENT for table `bannerdisplay`
--
ALTER TABLE `bannerdisplay`
  MODIFY `id` int NOT NULL AUTO_INCREMENT, AUTO_INCREMENT=3;

--
-- AUTO_INCREMENT for table `bannersection`
--
ALTER TABLE `bannersection`
  MODIFY `id` int NOT NULL AUTO_INCREMENT, AUTO_INCREMENT=3;

--
-- AUTO_INCREMENT for table `billingFeedback`
--
ALTER TABLE `billingFeedback`
  MODIFY `id` int NOT NULL AUTO_INCREMENT, AUTO_INCREMENT=25;

--
-- AUTO_INCREMENT for table `blogauthor`
--
ALTER TABLE `blogauthor`
  MODIFY `id` int NOT NULL AUTO_INCREMENT, AUTO_INCREMENT=8;

--
-- AUTO_INCREMENT for table `blogcategory`
--
ALTER TABLE `blogcategory`
  MODIFY `id` int NOT NULL AUTO_INCREMENT, AUTO_INCREMENT=6;

--
-- AUTO_INCREMENT for table `blogcomments`
--
ALTER TABLE `blogcomments`
  MODIFY `id` int NOT NULL AUTO_INCREMENT, AUTO_INCREMENT=3;

--
-- AUTO_INCREMENT for table `blogs`
--
ALTER TABLE `blogs`
  MODIFY `id` int NOT NULL AUTO_INCREMENT, AUTO_INCREMENT=8;

--
-- AUTO_INCREMENT for table `blogselectedcategory`
--
ALTER TABLE `blogselectedcategory`
  MODIFY `id` int NOT NULL AUTO_INCREMENT, AUTO_INCREMENT=11;

--
-- AUTO_INCREMENT for table `brands`
--
ALTER TABLE `brands`
  MODIFY `id` int NOT NULL AUTO_INCREMENT, AUTO_INCREMENT=25;

--
-- AUTO_INCREMENT for table `brandsIsoImage`
--
ALTER TABLE `brandsIsoImage`
  MODIFY `id` int NOT NULL AUTO_INCREMENT;

--
-- AUTO_INCREMENT for table `campaignDetails`
--
ALTER TABLE `campaignDetails`
  MODIFY `id` int NOT NULL AUTO_INCREMENT, AUTO_INCREMENT=26;

--
-- AUTO_INCREMENT for table `campaignDetailsEmail`
--
ALTER TABLE `campaignDetailsEmail`
  MODIFY `id` int NOT NULL AUTO_INCREMENT, AUTO_INCREMENT=85;

--
-- AUTO_INCREMENT for table `carpenter`
--
ALTER TABLE `carpenter`
  MODIFY `id` int NOT NULL AUTO_INCREMENT, AUTO_INCREMENT=8;

--
-- AUTO_INCREMENT for table `carpenterregistration15`
--
ALTER TABLE `carpenterregistration15`
  MODIFY `id` int NOT NULL AUTO_INCREMENT, AUTO_INCREMENT=2;

--
-- AUTO_INCREMENT for table `cartAddon`
--
ALTER TABLE `cartAddon`
  MODIFY `id` int NOT NULL AUTO_INCREMENT;

--
-- AUTO_INCREMENT for table `cartPriceRule`
--
ALTER TABLE `cartPriceRule`
  MODIFY `id` int NOT NULL AUTO_INCREMENT, AUTO_INCREMENT=16;

--
-- AUTO_INCREMENT for table `cartPriceRuleAttributes`
--
ALTER TABLE `cartPriceRuleAttributes`
  MODIFY `id` int NOT NULL AUTO_INCREMENT, AUTO_INCREMENT=34;

--
-- AUTO_INCREMENT for table `carts`
--
ALTER TABLE `carts`
  MODIFY `id` int NOT NULL AUTO_INCREMENT, AUTO_INCREMENT=524;

--
-- AUTO_INCREMENT for table `catalogPriceRule`
--
ALTER TABLE `catalogPriceRule`
  MODIFY `id` int NOT NULL AUTO_INCREMENT, AUTO_INCREMENT=12;

--
-- AUTO_INCREMENT for table `catalogPriceRuleAttributes`
--
ALTER TABLE `catalogPriceRuleAttributes`
  MODIFY `id` int NOT NULL AUTO_INCREMENT, AUTO_INCREMENT=40;

--
-- AUTO_INCREMENT for table `categories`
--
ALTER TABLE `categories`
  MODIFY `id` int NOT NULL AUTO_INCREMENT, AUTO_INCREMENT=274;

--
-- AUTO_INCREMENT for table `chatMessages`
--
ALTER TABLE `chatMessages`
  MODIFY `id` int NOT NULL AUTO_INCREMENT, AUTO_INCREMENT=296;

--
-- AUTO_INCREMENT for table `chatUsers`
--
ALTER TABLE `chatUsers`
  MODIFY `id` int NOT NULL AUTO_INCREMENT, AUTO_INCREMENT=81;

--
-- AUTO_INCREMENT for table `city`
--
ALTER TABLE `city`
  MODIFY `id` int NOT NULL AUTO_INCREMENT;

--
-- AUTO_INCREMENT for table `client`
--
ALTER TABLE `client`
  MODIFY `id` int NOT NULL AUTO_INCREMENT, AUTO_INCREMENT=5;

--
-- AUTO_INCREMENT for table `cms`
--
ALTER TABLE `cms`
  MODIFY `id` int NOT NULL AUTO_INCREMENT, AUTO_INCREMENT=6;

--
-- AUTO_INCREMENT for table `contacts`
--
ALTER TABLE `contacts`
  MODIFY `id` int NOT NULL AUTO_INCREMENT, AUTO_INCREMENT=12;

--
-- AUTO_INCREMENT for table `contactsEmail`
--
ALTER TABLE `contactsEmail`
  MODIFY `id` int NOT NULL AUTO_INCREMENT, AUTO_INCREMENT=240;

--
-- AUTO_INCREMENT for table `contactUs`
--
ALTER TABLE `contactUs`
  MODIFY `id` int NOT NULL AUTO_INCREMENT, AUTO_INCREMENT=3552;

--
-- AUTO_INCREMENT for table `contactUsIudyog`
--
ALTER TABLE `contactUsIudyog`
  MODIFY `id` int NOT NULL AUTO_INCREMENT, AUTO_INCREMENT=22;

--
-- AUTO_INCREMENT for table `contactUs_bkp`
--
ALTER TABLE `contactUs_bkp`
  MODIFY `id` int NOT NULL AUTO_INCREMENT, AUTO_INCREMENT=11;

--
-- AUTO_INCREMENT for table `contentBlocks`
--
ALTER TABLE `contentBlocks`
  MODIFY `id` int NOT NULL AUTO_INCREMENT, AUTO_INCREMENT=14;

--
-- AUTO_INCREMENT for table `coupon`
--
ALTER TABLE `coupon`
  MODIFY `id` int NOT NULL AUTO_INCREMENT, AUTO_INCREMENT=32;

--
-- AUTO_INCREMENT for table `couponCustomer`
--
ALTER TABLE `couponCustomer`
  MODIFY `id` int NOT NULL AUTO_INCREMENT, AUTO_INCREMENT=164;

--
-- AUTO_INCREMENT for table `couponTransaction`
--
ALTER TABLE `couponTransaction`
  MODIFY `id` int NOT NULL AUTO_INCREMENT, AUTO_INCREMENT=50;

--
-- AUTO_INCREMENT for table `couponTransaction_bkp`
--
ALTER TABLE `couponTransaction_bkp`
  MODIFY `id` int UNSIGNED NOT NULL AUTO_INCREMENT, AUTO_INCREMENT=2;

--
-- AUTO_INCREMENT for table `customerAddresses`
--
ALTER TABLE `customerAddresses`
  MODIFY `id` int NOT NULL AUTO_INCREMENT, AUTO_INCREMENT=234;

--
-- AUTO_INCREMENT for table `customerCouponRequest`
--
ALTER TABLE `customerCouponRequest`
  MODIFY `id` int NOT NULL AUTO_INCREMENT, AUTO_INCREMENT=6;

--
-- AUTO_INCREMENT for table `customerReview`
--
ALTER TABLE `customerReview`
  MODIFY `id` int NOT NULL AUTO_INCREMENT, AUTO_INCREMENT=346;

--
-- AUTO_INCREMENT for table `customers`
--
ALTER TABLE `customers`
  MODIFY `id` int NOT NULL AUTO_INCREMENT, AUTO_INCREMENT=353;

--
-- AUTO_INCREMENT for table `customerWishlist`
--
ALTER TABLE `customerWishlist`
  MODIFY `id` int NOT NULL AUTO_INCREMENT;

--
-- AUTO_INCREMENT for table `deliveryTimeSlot`
--
ALTER TABLE `deliveryTimeSlot`
  MODIFY `id` int NOT NULL AUTO_INCREMENT, AUTO_INCREMENT=32;

--
-- AUTO_INCREMENT for table `deliverytimeslot_bkp`
--
ALTER TABLE `deliverytimeslot_bkp`
  MODIFY `id` int NOT NULL AUTO_INCREMENT;

--
-- AUTO_INCREMENT for table `deliverytimeslot_bkp_24_09`
--
ALTER TABLE `deliverytimeslot_bkp_24_09`
  MODIFY `id` int NOT NULL AUTO_INCREMENT, AUTO_INCREMENT=4;

--
-- AUTO_INCREMENT for table `demo13`
--
ALTER TABLE `demo13`
  MODIFY `id` int NOT NULL AUTO_INCREMENT, AUTO_INCREMENT=4;

--
-- AUTO_INCREMENT for table `dropdownSettings`
--
ALTER TABLE `dropdownSettings`
  MODIFY `id` int NOT NULL AUTO_INCREMENT, AUTO_INCREMENT=5;

--
-- AUTO_INCREMENT for table `dropdownSettingsOptions`
--
ALTER TABLE `dropdownSettingsOptions`
  MODIFY `id` int NOT NULL AUTO_INCREMENT, AUTO_INCREMENT=129;

--
-- AUTO_INCREMENT for table `dynamicformfields`
--
ALTER TABLE `dynamicformfields`
  MODIFY `id` int NOT NULL AUTO_INCREMENT, AUTO_INCREMENT=48;

--
-- AUTO_INCREMENT for table `dynamicformfieldvalues`
--
ALTER TABLE `dynamicformfieldvalues`
  MODIFY `id` int NOT NULL AUTO_INCREMENT, AUTO_INCREMENT=36;

--
-- AUTO_INCREMENT for table `dynamicforms`
--
ALTER TABLE `dynamicforms`
  MODIFY `id` int NOT NULL AUTO_INCREMENT, AUTO_INCREMENT=6;

--
-- AUTO_INCREMENT for table `dynamicSection`
--
ALTER TABLE `dynamicSection`
  MODIFY `id` int NOT NULL AUTO_INCREMENT, AUTO_INCREMENT=4684;

--
-- AUTO_INCREMENT for table `dynamicSection_bkp_06`
--
ALTER TABLE `dynamicSection_bkp_06`
  MODIFY `id` int NOT NULL AUTO_INCREMENT, AUTO_INCREMENT=258;

--
-- AUTO_INCREMENT for table `emailConfiguration`
--
ALTER TABLE `emailConfiguration`
  MODIFY `id` int NOT NULL AUTO_INCREMENT, AUTO_INCREMENT=9;

--
-- AUTO_INCREMENT for table `emailList`
--
ALTER TABLE `emailList`
  MODIFY `id` int NOT NULL AUTO_INCREMENT, AUTO_INCREMENT=15;

--
-- AUTO_INCREMENT for table `faq`
--
ALTER TABLE `faq`
  MODIFY `id` int NOT NULL AUTO_INCREMENT, AUTO_INCREMENT=53;

--
-- AUTO_INCREMENT for table `faqGroups`
--
ALTER TABLE `faqGroups`
  MODIFY `id` int NOT NULL AUTO_INCREMENT, AUTO_INCREMENT=9;

--
-- AUTO_INCREMENT for table `favouriteProduct`
--
ALTER TABLE `favouriteProduct`
  MODIFY `id` int UNSIGNED NOT NULL AUTO_INCREMENT, AUTO_INCREMENT=191;

--
-- AUTO_INCREMENT for table `feedback`
--
ALTER TABLE `feedback`
  MODIFY `id` int NOT NULL AUTO_INCREMENT, AUTO_INCREMENT=53;

--
-- AUTO_INCREMENT for table `fileUploads`
--
ALTER TABLE `fileUploads`
  MODIFY `id` int NOT NULL AUTO_INCREMENT;

--
-- AUTO_INCREMENT for table `formMasters`
--
ALTER TABLE `formMasters`
  MODIFY `id` int NOT NULL AUTO_INCREMENT;

--
-- AUTO_INCREMENT for table `franchise`
--
ALTER TABLE `franchise`
  MODIFY `id` int NOT NULL AUTO_INCREMENT, AUTO_INCREMENT=8;

--
-- AUTO_INCREMENT for table `franchisee17`
--
ALTER TABLE `franchisee17`
  MODIFY `id` int NOT NULL AUTO_INCREMENT, AUTO_INCREMENT=12;

--
-- AUTO_INCREMENT for table `galleries`
--
ALTER TABLE `galleries`
  MODIFY `id` int UNSIGNED NOT NULL AUTO_INCREMENT, AUTO_INCREMENT=25;

--
-- AUTO_INCREMENT for table `getACallback`
--
ALTER TABLE `getACallback`
  MODIFY `id` int NOT NULL AUTO_INCREMENT, AUTO_INCREMENT=173;

--
-- AUTO_INCREMENT for table `giftSet`
--
ALTER TABLE `giftSet`
  MODIFY `id` int NOT NULL AUTO_INCREMENT, AUTO_INCREMENT=5;

--
-- AUTO_INCREMENT for table `guestCustomerAddresses`
--
ALTER TABLE `guestCustomerAddresses`
  MODIFY `id` int NOT NULL AUTO_INCREMENT, AUTO_INCREMENT=19;

--
-- AUTO_INCREMENT for table `guestCustomers`
--
ALTER TABLE `guestCustomers`
  MODIFY `id` int NOT NULL AUTO_INCREMENT, AUTO_INCREMENT=21;

--
-- AUTO_INCREMENT for table `imageResize`
--
ALTER TABLE `imageResize`
  MODIFY `id` int NOT NULL AUTO_INCREMENT, AUTO_INCREMENT=208;

--
-- AUTO_INCREMENT for table `inventory`
--
ALTER TABLE `inventory`
  MODIFY `id` int NOT NULL AUTO_INCREMENT, AUTO_INCREMENT=1728;

--
-- AUTO_INCREMENT for table `invitation`
--
ALTER TABLE `invitation`
  MODIFY `id` int NOT NULL AUTO_INCREMENT, AUTO_INCREMENT=12;

--
-- AUTO_INCREMENT for table `iUdyogBlogAuthor`
--
ALTER TABLE `iUdyogBlogAuthor`
  MODIFY `id` int NOT NULL AUTO_INCREMENT, AUTO_INCREMENT=6;

--
-- AUTO_INCREMENT for table `iUdyogBlogCategory`
--
ALTER TABLE `iUdyogBlogCategory`
  MODIFY `id` int NOT NULL AUTO_INCREMENT, AUTO_INCREMENT=4;

--
-- AUTO_INCREMENT for table `iUdyogBlogCategory_bkp_06_01`
--
ALTER TABLE `iUdyogBlogCategory_bkp_06_01`
  MODIFY `id` int NOT NULL AUTO_INCREMENT, AUTO_INCREMENT=4;

--
-- AUTO_INCREMENT for table `iUdyogBlogComments`
--
ALTER TABLE `iUdyogBlogComments`
  MODIFY `id` int NOT NULL AUTO_INCREMENT, AUTO_INCREMENT=3;

--
-- AUTO_INCREMENT for table `iUdyogBlogs`
--
ALTER TABLE `iUdyogBlogs`
  MODIFY `id` int NOT NULL AUTO_INCREMENT, AUTO_INCREMENT=4;

--
-- AUTO_INCREMENT for table `iUdyogBlogSelectedCategory`
--
ALTER TABLE `iUdyogBlogSelectedCategory`
  MODIFY `id` int NOT NULL AUTO_INCREMENT, AUTO_INCREMENT=35;

--
-- AUTO_INCREMENT for table `iUdyogSubscribers`
--
ALTER TABLE `iUdyogSubscribers`
  MODIFY `id` int NOT NULL AUTO_INCREMENT;

--
-- AUTO_INCREMENT for table `menus`
--
ALTER TABLE `menus`
  MODIFY `id` int NOT NULL AUTO_INCREMENT, AUTO_INCREMENT=824;

--
-- AUTO_INCREMENT for table `menus_bkp`
--
ALTER TABLE `menus_bkp`
  MODIFY `id` int NOT NULL AUTO_INCREMENT, AUTO_INCREMENT=8;

--
-- AUTO_INCREMENT for table `menus_bkp_06`
--
ALTER TABLE `menus_bkp_06`
  MODIFY `id` int NOT NULL AUTO_INCREMENT, AUTO_INCREMENT=159;

--
-- AUTO_INCREMENT for table `menus_bkp_2`
--
ALTER TABLE `menus_bkp_2`
  MODIFY `id` int NOT NULL AUTO_INCREMENT, AUTO_INCREMENT=9;

--
-- AUTO_INCREMENT for table `message`
--
ALTER TABLE `message`
  MODIFY `id` int NOT NULL AUTO_INCREMENT, AUTO_INCREMENT=19;

--
-- AUTO_INCREMENT for table `modelHasRoles`
--
ALTER TABLE `modelHasRoles`
  MODIFY `id` int NOT NULL AUTO_INCREMENT, AUTO_INCREMENT=37;

--
-- AUTO_INCREMENT for table `modelHasRoles_bkp`
--
ALTER TABLE `modelHasRoles_bkp`
  MODIFY `id` int NOT NULL AUTO_INCREMENT, AUTO_INCREMENT=9;

--
-- AUTO_INCREMENT for table `modelHasRoles_bkp_06_01`
--
ALTER TABLE `modelHasRoles_bkp_06_01`
  MODIFY `id` int NOT NULL AUTO_INCREMENT, AUTO_INCREMENT=7;

--
-- AUTO_INCREMENT for table `module`
--
ALTER TABLE `module`
  MODIFY `id` int NOT NULL AUTO_INCREMENT, AUTO_INCREMENT=1446;

--
-- AUTO_INCREMENT for table `moduleItem`
--
ALTER TABLE `moduleItem`
  MODIFY `id` int NOT NULL AUTO_INCREMENT, AUTO_INCREMENT=1246;

--
-- AUTO_INCREMENT for table `moduleItem_bkp`
--
ALTER TABLE `moduleItem_bkp`
  MODIFY `id` int NOT NULL AUTO_INCREMENT, AUTO_INCREMENT=4;

--
-- AUTO_INCREMENT for table `moduleItem_bkp_06`
--
ALTER TABLE `moduleItem_bkp_06`
  MODIFY `id` int NOT NULL AUTO_INCREMENT, AUTO_INCREMENT=108;

--
-- AUTO_INCREMENT for table `moduleSetting`
--
ALTER TABLE `moduleSetting`
  MODIFY `id` int NOT NULL AUTO_INCREMENT, AUTO_INCREMENT=6;

--
-- AUTO_INCREMENT for table `moduleSetting_bkp_06`
--
ALTER TABLE `moduleSetting_bkp_06`
  MODIFY `id` int NOT NULL AUTO_INCREMENT, AUTO_INCREMENT=2;

--
-- AUTO_INCREMENT for table `module_bkp`
--
ALTER TABLE `module_bkp`
  MODIFY `id` int NOT NULL AUTO_INCREMENT, AUTO_INCREMENT=6;

--
-- AUTO_INCREMENT for table `module_bkp_06`
--
ALTER TABLE `module_bkp_06`
  MODIFY `id` int NOT NULL AUTO_INCREMENT, AUTO_INCREMENT=78;

--
-- AUTO_INCREMENT for table `msgUserLogin`
--
ALTER TABLE `msgUserLogin`
  MODIFY `id` int NOT NULL AUTO_INCREMENT, AUTO_INCREMENT=4;

--
-- AUTO_INCREMENT for table `news`
--
ALTER TABLE `news`
  MODIFY `id` int NOT NULL AUTO_INCREMENT, AUTO_INCREMENT=4;

--
-- AUTO_INCREMENT for table `newsLetter`
--
ALTER TABLE `newsLetter`
  MODIFY `id` int NOT NULL AUTO_INCREMENT, AUTO_INCREMENT=17;

--
-- AUTO_INCREMENT for table `newsLetterEmail`
--
ALTER TABLE `newsLetterEmail`
  MODIFY `id` int NOT NULL AUTO_INCREMENT, AUTO_INCREMENT=28;

--
-- AUTO_INCREMENT for table `optionMaster`
--
ALTER TABLE `optionMaster`
  MODIFY `id` int NOT NULL AUTO_INCREMENT, AUTO_INCREMENT=38;

--
-- AUTO_INCREMENT for table `optionProduct`
--
ALTER TABLE `optionProduct`
  MODIFY `id` int NOT NULL AUTO_INCREMENT, AUTO_INCREMENT=39;

--
-- AUTO_INCREMENT for table `optionValue`
--
ALTER TABLE `optionValue`
  MODIFY `id` int NOT NULL AUTO_INCREMENT, AUTO_INCREMENT=97;

--
-- AUTO_INCREMENT for table `orderItems`
--
ALTER TABLE `orderItems`
  MODIFY `id` int NOT NULL AUTO_INCREMENT, AUTO_INCREMENT=10;

--
-- AUTO_INCREMENT for table `orders`
--
ALTER TABLE `orders`
  MODIFY `id` int NOT NULL AUTO_INCREMENT, AUTO_INCREMENT=849;

--
-- AUTO_INCREMENT for table `orderStatusHistory`
--
ALTER TABLE `orderStatusHistory`
  MODIFY `id` int NOT NULL AUTO_INCREMENT, AUTO_INCREMENT=10;

--
-- AUTO_INCREMENT for table `pages`
--
ALTER TABLE `pages`
  MODIFY `id` int NOT NULL AUTO_INCREMENT, AUTO_INCREMENT=3;

--
-- AUTO_INCREMENT for table `permissionGroup`
--
ALTER TABLE `permissionGroup`
  MODIFY `id` int NOT NULL AUTO_INCREMENT, AUTO_INCREMENT=18;

--
-- AUTO_INCREMENT for table `permissionLog`
--
ALTER TABLE `permissionLog`
  MODIFY `id` int NOT NULL AUTO_INCREMENT, AUTO_INCREMENT=607;

--
-- AUTO_INCREMENT for table `permissions`
--
ALTER TABLE `permissions`
  MODIFY `id` int NOT NULL AUTO_INCREMENT, AUTO_INCREMENT=190;

--
-- AUTO_INCREMENT for table `popupMessage`
--
ALTER TABLE `popupMessage`
  MODIFY `id` int NOT NULL AUTO_INCREMENT, AUTO_INCREMENT=3;

--
-- AUTO_INCREMENT for table `productCategory`
--
ALTER TABLE `productCategory`
  MODIFY `id` int NOT NULL AUTO_INCREMENT, AUTO_INCREMENT=2261;

--
-- AUTO_INCREMENT for table `productImages`
--
ALTER TABLE `productImages`
  MODIFY `id` int NOT NULL AUTO_INCREMENT, AUTO_INCREMENT=1239;

--
-- AUTO_INCREMENT for table `products`
--
ALTER TABLE `products`
  MODIFY `id` int NOT NULL AUTO_INCREMENT, AUTO_INCREMENT=1317;

--
-- AUTO_INCREMENT for table `questionaire`
--
ALTER TABLE `questionaire`
  MODIFY `id` int NOT NULL AUTO_INCREMENT, AUTO_INCREMENT=39;

--
-- AUTO_INCREMENT for table `questionaire_bkp_06`
--
ALTER TABLE `questionaire_bkp_06`
  MODIFY `id` int NOT NULL AUTO_INCREMENT, AUTO_INCREMENT=4;

--
-- AUTO_INCREMENT for table `questionoptions`
--
ALTER TABLE `questionoptions`
  MODIFY `id` int NOT NULL AUTO_INCREMENT, AUTO_INCREMENT=1070;

--
-- AUTO_INCREMENT for table `questionoptions_bkp_06`
--
ALTER TABLE `questionoptions_bkp_06`
  MODIFY `id` int NOT NULL AUTO_INCREMENT, AUTO_INCREMENT=39;

--
-- AUTO_INCREMENT for table `questions`
--
ALTER TABLE `questions`
  MODIFY `id` int NOT NULL AUTO_INCREMENT, AUTO_INCREMENT=352;

--
-- AUTO_INCREMENT for table `questions_bkp_06`
--
ALTER TABLE `questions_bkp_06`
  MODIFY `id` int NOT NULL AUTO_INCREMENT, AUTO_INCREMENT=37;

--
-- AUTO_INCREMENT for table `razorpay`
--
ALTER TABLE `razorpay`
  MODIFY `id` int NOT NULL AUTO_INCREMENT, AUTO_INCREMENT=52;

--
-- AUTO_INCREMENT for table `relatedProduct`
--
ALTER TABLE `relatedProduct`
  MODIFY `id` int NOT NULL AUTO_INCREMENT, AUTO_INCREMENT=24;

--
-- AUTO_INCREMENT for table `reservation17`
--
ALTER TABLE `reservation17`
  MODIFY `id` int NOT NULL AUTO_INCREMENT, AUTO_INCREMENT=29;

--
-- AUTO_INCREMENT for table `reservations`
--
ALTER TABLE `reservations`
  MODIFY `id` int UNSIGNED NOT NULL AUTO_INCREMENT, AUTO_INCREMENT=3;

--
-- AUTO_INCREMENT for table `reservations_bkp`
--
ALTER TABLE `reservations_bkp`
  MODIFY `id` int UNSIGNED NOT NULL AUTO_INCREMENT, AUTO_INCREMENT=2;

--
-- AUTO_INCREMENT for table `reservationTimeSlot`
--
ALTER TABLE `reservationTimeSlot`
  MODIFY `id` int NOT NULL AUTO_INCREMENT, AUTO_INCREMENT=7;

--
-- AUTO_INCREMENT for table `reservationtimeslot_bkp`
--
ALTER TABLE `reservationtimeslot_bkp`
  MODIFY `id` int NOT NULL AUTO_INCREMENT;

--
-- AUTO_INCREMENT for table `roleHasPermissions`
--
ALTER TABLE `roleHasPermissions`
  MODIFY `id` int NOT NULL AUTO_INCREMENT, AUTO_INCREMENT=3881;

--
-- AUTO_INCREMENT for table `roles`
--
ALTER TABLE `roles`
  MODIFY `id` int NOT NULL AUTO_INCREMENT, AUTO_INCREMENT=54;

--
-- AUTO_INCREMENT for table `salesman`
--
ALTER TABLE `salesman`
  MODIFY `id` int NOT NULL AUTO_INCREMENT, AUTO_INCREMENT=25;

--
-- AUTO_INCREMENT for table `salesmanAttendance`
--
ALTER TABLE `salesmanAttendance`
  MODIFY `id` int UNSIGNED NOT NULL AUTO_INCREMENT, AUTO_INCREMENT=46;

--
-- AUTO_INCREMENT for table `salesmanBreak`
--
ALTER TABLE `salesmanBreak`
  MODIFY `id` int UNSIGNED NOT NULL AUTO_INCREMENT, AUTO_INCREMENT=18;

--
-- AUTO_INCREMENT for table `salesmanOrderReject`
--
ALTER TABLE `salesmanOrderReject`
  MODIFY `id` int UNSIGNED NOT NULL AUTO_INCREMENT;

--
-- AUTO_INCREMENT for table `section`
--
ALTER TABLE `section`
  MODIFY `id` int NOT NULL AUTO_INCREMENT, AUTO_INCREMENT=33;

--
-- AUTO_INCREMENT for table `sessions`
--
ALTER TABLE `sessions`
  MODIFY `id` int NOT NULL AUTO_INCREMENT, AUTO_INCREMENT=29;

--
-- AUTO_INCREMENT for table `shippingMethods`
--
ALTER TABLE `shippingMethods`
  MODIFY `id` int NOT NULL AUTO_INCREMENT;

--
-- AUTO_INCREMENT for table `siteSettings`
--
ALTER TABLE `siteSettings`
  MODIFY `id` int NOT NULL AUTO_INCREMENT, AUTO_INCREMENT=58;

--
-- AUTO_INCREMENT for table `siteSettingsGroups`
--
ALTER TABLE `siteSettingsGroups`
  MODIFY `id` int NOT NULL AUTO_INCREMENT, AUTO_INCREMENT=31;

--
-- AUTO_INCREMENT for table `siteSettingsGroups_bkp`
--
ALTER TABLE `siteSettingsGroups_bkp`
  MODIFY `id` int NOT NULL AUTO_INCREMENT, AUTO_INCREMENT=2;

--
-- AUTO_INCREMENT for table `siteSettings_bkp`
--
ALTER TABLE `siteSettings_bkp`
  MODIFY `id` int NOT NULL AUTO_INCREMENT, AUTO_INCREMENT=3;

--
-- AUTO_INCREMENT for table `sms`
--
ALTER TABLE `sms`
  MODIFY `id` int NOT NULL AUTO_INCREMENT;

--
-- AUTO_INCREMENT for table `smsstore`
--
ALTER TABLE `smsstore`
  MODIFY `id` int NOT NULL AUTO_INCREMENT;

--
-- AUTO_INCREMENT for table `stores`
--
ALTER TABLE `stores`
  MODIFY `id` int NOT NULL AUTO_INCREMENT, AUTO_INCREMENT=58;

--
-- AUTO_INCREMENT for table `student`
--
ALTER TABLE `student`
  MODIFY `id` int NOT NULL AUTO_INCREMENT, AUTO_INCREMENT=618;

--
-- AUTO_INCREMENT for table `student_bkp_06`
--
ALTER TABLE `student_bkp_06`
  MODIFY `id` int NOT NULL AUTO_INCREMENT, AUTO_INCREMENT=11;

--
-- AUTO_INCREMENT for table `subscribers`
--
ALTER TABLE `subscribers`
  MODIFY `id` int NOT NULL AUTO_INCREMENT, AUTO_INCREMENT=367;

--
-- AUTO_INCREMENT for table `subSection`
--
ALTER TABLE `subSection`
  MODIFY `id` int NOT NULL AUTO_INCREMENT, AUTO_INCREMENT=389;

--
-- AUTO_INCREMENT for table `subSection_bkp_06`
--
ALTER TABLE `subSection_bkp_06`
  MODIFY `id` int NOT NULL AUTO_INCREMENT, AUTO_INCREMENT=14;

--
-- AUTO_INCREMENT for table `surveyRemarks`
--
ALTER TABLE `surveyRemarks`
  MODIFY `id` int NOT NULL AUTO_INCREMENT;

--
-- AUTO_INCREMENT for table `surveyResult`
--
ALTER TABLE `surveyResult`
  MODIFY `id` int NOT NULL AUTO_INCREMENT, AUTO_INCREMENT=2341;

--
-- AUTO_INCREMENT for table `surveyResult_bkp_06`
--
ALTER TABLE `surveyResult_bkp_06`
  MODIFY `id` int NOT NULL AUTO_INCREMENT, AUTO_INCREMENT=44;

--
-- AUTO_INCREMENT for table `termsConditions`
--
ALTER TABLE `termsConditions`
  MODIFY `id` int UNSIGNED NOT NULL AUTO_INCREMENT, AUTO_INCREMENT=11;

--
-- AUTO_INCREMENT for table `testimonials`
--
ALTER TABLE `testimonials`
  MODIFY `id` int NOT NULL AUTO_INCREMENT, AUTO_INCREMENT=13;

--
-- AUTO_INCREMENT for table `transactionsOffer`
--
ALTER TABLE `transactionsOffer`
  MODIFY `id` int NOT NULL AUTO_INCREMENT, AUTO_INCREMENT=5;

--
-- AUTO_INCREMENT for table `transactionsOffer_bkp`
--
ALTER TABLE `transactionsOffer_bkp`
  MODIFY `id` int NOT NULL AUTO_INCREMENT;

--
-- AUTO_INCREMENT for table `users`
--
ALTER TABLE `users`
  MODIFY `id` int NOT NULL AUTO_INCREMENT, AUTO_INCREMENT=3;

--
-- AUTO_INCREMENT for table `version`
--
ALTER TABLE `version`
  MODIFY `id` int NOT NULL AUTO_INCREMENT;

--
-- AUTO_INCREMENT for table `wallets`
--
ALTER TABLE `wallets`
  MODIFY `id` int NOT NULL AUTO_INCREMENT, AUTO_INCREMENT=12;

--
-- AUTO_INCREMENT for table `walletTransaction`
--
ALTER TABLE `walletTransaction`
  MODIFY `id` int NOT NULL AUTO_INCREMENT, AUTO_INCREMENT=250;

--
-- AUTO_INCREMENT for table `zipcode`
--
ALTER TABLE `zipcode`
  MODIFY `id` int NOT NULL AUTO_INCREMENT;

--
-- Constraints for dumped tables
--

--
-- Constraints for table `admins`
--
ALTER TABLE `admins`
  ADD CONSTRAINT `admins_ibfk_1` FOREIGN KEY (`storeId`) REFERENCES `stores` (`id`) ON DELETE SET NULL ON UPDATE CASCADE,
  ADD CONSTRAINT `admins_ibfk_2` FOREIGN KEY (`parentId`) REFERENCES `admins` (`id`) ON DELETE CASCADE ON UPDATE CASCADE;

--
-- Constraints for table `admins_bkp_05_01_2022`
--
ALTER TABLE `admins_bkp_05_01_2022`
  ADD CONSTRAINT `admins_bkp_05_01_2022_ibfk_1` FOREIGN KEY (`storeId`) REFERENCES `stores` (`id`) ON DELETE SET NULL ON UPDATE CASCADE,
  ADD CONSTRAINT `admins_bkp_05_01_2022_ibfk_2` FOREIGN KEY (`parentId`) REFERENCES `admins_bkp_05_01_2022` (`id`) ON DELETE SET NULL ON UPDATE CASCADE;

--
-- Constraints for table `admins_bkp_06_01`
--
ALTER TABLE `admins_bkp_06_01`
  ADD CONSTRAINT `admins_bkp_06_01_ibfk_1` FOREIGN KEY (`storeId`) REFERENCES `stores` (`id`) ON DELETE SET NULL ON UPDATE CASCADE,
  ADD CONSTRAINT `admins_bkp_06_01_ibfk_2` FOREIGN KEY (`cId`) REFERENCES `client` (`id`) ON DELETE SET NULL ON UPDATE CASCADE,
  ADD CONSTRAINT `admins_bkp_06_01_ibfk_3` FOREIGN KEY (`parentId`) REFERENCES `admins_bkp_06_01` (`id`) ON DELETE CASCADE ON UPDATE CASCADE;

--
-- Constraints for table `attributesetting`
--
ALTER TABLE `attributesetting`
  ADD CONSTRAINT `attributesetting_ibfk_1` FOREIGN KEY (`storeId`) REFERENCES `stores` (`id`) ON DELETE CASCADE ON UPDATE CASCADE;

--
-- Constraints for table `attributevalue`
--
ALTER TABLE `attributevalue`
  ADD CONSTRAINT `attributevalue_ibfk_1` FOREIGN KEY (`storeId`) REFERENCES `stores` (`id`) ON DELETE CASCADE ON UPDATE CASCADE,
  ADD CONSTRAINT `attributevalue_ibfk_2` FOREIGN KEY (`attrSettingId`) REFERENCES `attributesetting` (`id`) ON DELETE CASCADE ON UPDATE CASCADE;

--
-- Constraints for table `banner`
--
ALTER TABLE `banner`
  ADD CONSTRAINT `banner_ibfk_1` FOREIGN KEY (`storeId`) REFERENCES `stores` (`id`) ON DELETE SET NULL ON UPDATE CASCADE;

--
-- Constraints for table `bannerdisplay`
--
ALTER TABLE `bannerdisplay`
  ADD CONSTRAINT `bannerdisplay_ibfk_1` FOREIGN KEY (`storeId`) REFERENCES `stores` (`id`) ON DELETE SET NULL ON UPDATE CASCADE;

--
-- Constraints for table `bannersection`
--
ALTER TABLE `bannersection`
  ADD CONSTRAINT `bannersection_ibfk_1` FOREIGN KEY (`storeId`) REFERENCES `stores` (`id`) ON DELETE SET NULL ON UPDATE CASCADE;

--
-- Constraints for table `blogauthor`
--
ALTER TABLE `blogauthor`
  ADD CONSTRAINT `blogauthor_ibfk_1` FOREIGN KEY (`storeId`) REFERENCES `stores` (`id`) ON DELETE SET NULL ON UPDATE CASCADE;

--
-- Constraints for table `blogcategory`
--
ALTER TABLE `blogcategory`
  ADD CONSTRAINT `blogcategory_ibfk_1` FOREIGN KEY (`storeId`) REFERENCES `stores` (`id`) ON DELETE SET NULL ON UPDATE CASCADE;

--
-- Constraints for table `blogcomments`
--
ALTER TABLE `blogcomments`
  ADD CONSTRAINT `blogcomments_ibfk_1` FOREIGN KEY (`storeId`) REFERENCES `stores` (`id`) ON DELETE SET NULL ON UPDATE CASCADE,
  ADD CONSTRAINT `blogcomments_ibfk_2` FOREIGN KEY (`blogId`) REFERENCES `blogs` (`id`) ON DELETE CASCADE ON UPDATE CASCADE;

--
-- Constraints for table `blogs`
--
ALTER TABLE `blogs`
  ADD CONSTRAINT `blogs_ibfk_1` FOREIGN KEY (`storeId`) REFERENCES `stores` (`id`) ON DELETE SET NULL ON UPDATE CASCADE,
  ADD CONSTRAINT `blogs_ibfk_2` FOREIGN KEY (`authorId`) REFERENCES `blogauthor` (`id`) ON DELETE SET NULL ON UPDATE CASCADE;

--
-- Constraints for table `blogselectedcategory`
--
ALTER TABLE `blogselectedcategory`
  ADD CONSTRAINT `blogselectedcategory_ibfk_1` FOREIGN KEY (`storeId`) REFERENCES `stores` (`id`) ON DELETE SET NULL ON UPDATE CASCADE,
  ADD CONSTRAINT `blogselectedcategory_ibfk_2` FOREIGN KEY (`categoryId`) REFERENCES `blogcategory` (`id`) ON DELETE SET NULL ON UPDATE CASCADE,
  ADD CONSTRAINT `blogselectedcategory_ibfk_3` FOREIGN KEY (`blogId`) REFERENCES `blogs` (`id`) ON DELETE SET NULL ON UPDATE CASCADE;

--
-- Constraints for table `brands`
--
ALTER TABLE `brands`
  ADD CONSTRAINT `brands_ibfk_1` FOREIGN KEY (`storeId`) REFERENCES `stores` (`id`) ON DELETE SET NULL ON UPDATE CASCADE;

--
-- Constraints for table `brandsIsoImage`
--
ALTER TABLE `brandsIsoImage`
  ADD CONSTRAINT `brandsIsoImage_ibfk_1` FOREIGN KEY (`storeId`) REFERENCES `stores` (`id`) ON DELETE SET NULL ON UPDATE CASCADE,
  ADD CONSTRAINT `brandsIsoImage_ibfk_2` FOREIGN KEY (`brandId`) REFERENCES `brands` (`id`) ON DELETE SET NULL ON UPDATE CASCADE;

--
-- Constraints for table `campaignDetails`
--
ALTER TABLE `campaignDetails`
  ADD CONSTRAINT `campaignDetails_ibfk_1` FOREIGN KEY (`storeId`) REFERENCES `stores` (`id`) ON DELETE CASCADE ON UPDATE CASCADE,
  ADD CONSTRAINT `campaignDetails_ibfk_2` FOREIGN KEY (`contactId`) REFERENCES `contacts` (`id`) ON DELETE CASCADE ON UPDATE CASCADE,
  ADD CONSTRAINT `campaignDetails_ibfk_3` FOREIGN KEY (`configurationId`) REFERENCES `emailConfiguration` (`id`) ON DELETE CASCADE ON UPDATE CASCADE;

--
-- Constraints for table `campaignDetailsEmail`
--
ALTER TABLE `campaignDetailsEmail`
  ADD CONSTRAINT `campaignDetailsEmail_ibfk_1` FOREIGN KEY (`storeId`) REFERENCES `stores` (`id`) ON DELETE CASCADE ON UPDATE CASCADE,
  ADD CONSTRAINT `campaignDetailsEmail_ibfk_2` FOREIGN KEY (`campaignId`) REFERENCES `campaignDetails` (`id`) ON DELETE CASCADE ON UPDATE CASCADE;

--
-- Constraints for table `cartPriceRule`
--
ALTER TABLE `cartPriceRule`
  ADD CONSTRAINT `cartPriceRule_ibfk_1` FOREIGN KEY (`storeId`) REFERENCES `stores` (`id`) ON DELETE CASCADE ON UPDATE CASCADE;

--
-- Constraints for table `cartPriceRuleAttributes`
--
ALTER TABLE `cartPriceRuleAttributes`
  ADD CONSTRAINT `cartPriceRuleAttributes_ibfk_1` FOREIGN KEY (`storeId`) REFERENCES `stores` (`id`) ON DELETE CASCADE ON UPDATE CASCADE,
  ADD CONSTRAINT `cartPriceRuleAttributes_ibfk_2` FOREIGN KEY (`cartPriceRuleId`) REFERENCES `cartPriceRule` (`id`) ON DELETE CASCADE ON UPDATE CASCADE;

--
-- Constraints for table `carts`
--
ALTER TABLE `carts`
  ADD CONSTRAINT `carts_ibfk_1` FOREIGN KEY (`storeId`) REFERENCES `stores` (`id`) ON DELETE SET NULL ON UPDATE CASCADE,
  ADD CONSTRAINT `carts_ibfk_2` FOREIGN KEY (`customerId`) REFERENCES `customers` (`id`) ON DELETE SET NULL ON UPDATE CASCADE,
  ADD CONSTRAINT `carts_ibfk_3` FOREIGN KEY (`productId`) REFERENCES `products` (`id`) ON DELETE SET NULL ON UPDATE CASCADE;

--
-- Constraints for table `catalogPriceRule`
--
ALTER TABLE `catalogPriceRule`
  ADD CONSTRAINT `catalogPriceRule_ibfk_1` FOREIGN KEY (`storeId`) REFERENCES `stores` (`id`) ON DELETE CASCADE ON UPDATE CASCADE;

--
-- Constraints for table `catalogPriceRuleAttributes`
--
ALTER TABLE `catalogPriceRuleAttributes`
  ADD CONSTRAINT `catalogPriceRuleAttributes_ibfk_1` FOREIGN KEY (`storeId`) REFERENCES `stores` (`id`) ON DELETE CASCADE ON UPDATE CASCADE,
  ADD CONSTRAINT `catalogPriceRuleAttributes_ibfk_2` FOREIGN KEY (`catalogPriceRuleId`) REFERENCES `catalogPriceRule` (`id`) ON DELETE CASCADE ON UPDATE CASCADE;

--
-- Constraints for table `categories`
--
ALTER TABLE `categories`
  ADD CONSTRAINT `categories_ibfk_1` FOREIGN KEY (`storeId`) REFERENCES `stores` (`id`) ON DELETE SET NULL ON UPDATE CASCADE;

--
-- Constraints for table `city`
--
ALTER TABLE `city`
  ADD CONSTRAINT `city_ibfk_1` FOREIGN KEY (`storeId`) REFERENCES `stores` (`id`) ON DELETE SET NULL ON UPDATE CASCADE;

--
-- Constraints for table `cms`
--
ALTER TABLE `cms`
  ADD CONSTRAINT `cms_ibfk_1` FOREIGN KEY (`storeId`) REFERENCES `stores` (`id`) ON DELETE SET NULL ON UPDATE CASCADE;

--
-- Constraints for table `contacts`
--
ALTER TABLE `contacts`
  ADD CONSTRAINT `contacts_ibfk_1` FOREIGN KEY (`storeId`) REFERENCES `stores` (`id`) ON DELETE CASCADE ON UPDATE CASCADE;

--
-- Constraints for table `contactsEmail`
--
ALTER TABLE `contactsEmail`
  ADD CONSTRAINT `contactsEmail_ibfk_1` FOREIGN KEY (`storeId`) REFERENCES `stores` (`id`) ON DELETE CASCADE ON UPDATE CASCADE,
  ADD CONSTRAINT `contactsEmail_ibfk_2` FOREIGN KEY (`contactId`) REFERENCES `contacts` (`id`) ON DELETE CASCADE ON UPDATE CASCADE;

--
-- Constraints for table `contactUs`
--
ALTER TABLE `contactUs`
  ADD CONSTRAINT `contactUs_ibfk_1` FOREIGN KEY (`storeId`) REFERENCES `stores` (`id`) ON DELETE CASCADE ON UPDATE CASCADE;

--
-- Constraints for table `contactUsIudyog`
--
ALTER TABLE `contactUsIudyog`
  ADD CONSTRAINT `contactUsIudyog_ibfk_1` FOREIGN KEY (`cId`) REFERENCES `client` (`id`) ON DELETE CASCADE ON UPDATE CASCADE;

--
-- Constraints for table `contentBlocks`
--
ALTER TABLE `contentBlocks`
  ADD CONSTRAINT `contentBlocks_ibfk_1` FOREIGN KEY (`storeId`) REFERENCES `stores` (`id`) ON DELETE SET NULL ON UPDATE CASCADE,
  ADD CONSTRAINT `contentBlocks_ibfk_2` FOREIGN KEY (`parentId`) REFERENCES `contentBlocks` (`id`) ON DELETE CASCADE ON UPDATE CASCADE;

--
-- Constraints for table `coupon`
--
ALTER TABLE `coupon`
  ADD CONSTRAINT `coupon_ibfk_1` FOREIGN KEY (`storeId`) REFERENCES `stores` (`id`) ON DELETE CASCADE ON UPDATE CASCADE;

--
-- Constraints for table `couponTransaction`
--
ALTER TABLE `couponTransaction`
  ADD CONSTRAINT `couponTransaction_ibfk_1` FOREIGN KEY (`storeId`) REFERENCES `stores` (`id`) ON DELETE CASCADE ON UPDATE CASCADE;

--
-- Constraints for table `customerAddresses`
--
ALTER TABLE `customerAddresses`
  ADD CONSTRAINT `customerAddresses_ibfk_1` FOREIGN KEY (`storeId`) REFERENCES `stores` (`id`) ON DELETE SET NULL ON UPDATE CASCADE,
  ADD CONSTRAINT `customerAddresses_ibfk_2` FOREIGN KEY (`customerId`) REFERENCES `customers` (`id`) ON DELETE SET NULL ON UPDATE CASCADE;

--
-- Constraints for table `customers`
--
ALTER TABLE `customers`
  ADD CONSTRAINT `customers_ibfk_1` FOREIGN KEY (`storeId`) REFERENCES `stores` (`id`) ON DELETE SET NULL ON UPDATE CASCADE;

--
-- Constraints for table `customerWishlist`
--
ALTER TABLE `customerWishlist`
  ADD CONSTRAINT `customerWishlist_ibfk_1` FOREIGN KEY (`storeId`) REFERENCES `stores` (`id`) ON DELETE SET NULL ON UPDATE CASCADE,
  ADD CONSTRAINT `customerWishlist_ibfk_2` FOREIGN KEY (`customerId`) REFERENCES `customers` (`id`) ON DELETE SET NULL ON UPDATE CASCADE,
  ADD CONSTRAINT `customerWishlist_ibfk_3` FOREIGN KEY (`productId`) REFERENCES `products` (`id`) ON DELETE SET NULL ON UPDATE CASCADE;

--
-- Constraints for table `deliverytimeslot_bkp_24_09`
--
ALTER TABLE `deliverytimeslot_bkp_24_09`
  ADD CONSTRAINT `deliveryTimeSlot_ibfk_1` FOREIGN KEY (`storeId`) REFERENCES `stores` (`id`) ON DELETE SET NULL ON UPDATE CASCADE;

--
-- Constraints for table `dropdownSettings`
--
ALTER TABLE `dropdownSettings`
  ADD CONSTRAINT `dropdownSettings_ibfk_1` FOREIGN KEY (`storeId`) REFERENCES `stores` (`id`) ON DELETE SET NULL ON UPDATE CASCADE;

--
-- Constraints for table `dropdownSettingsOptions`
--
ALTER TABLE `dropdownSettingsOptions`
  ADD CONSTRAINT `dropdownSettingsOptions_ibfk_1` FOREIGN KEY (`dropdownSettingId`) REFERENCES `dropdownSettings` (`id`) ON DELETE SET NULL ON UPDATE CASCADE,
  ADD CONSTRAINT `dropdownSettingsOptions_ibfk_2` FOREIGN KEY (`storeId`) REFERENCES `stores` (`id`) ON DELETE SET NULL ON UPDATE CASCADE;

--
-- Constraints for table `dynamicformfields`
--
ALTER TABLE `dynamicformfields`
  ADD CONSTRAINT `dynamicformfields_ibfk_1` FOREIGN KEY (`dynamicFormId`) REFERENCES `dynamicforms` (`id`) ON DELETE CASCADE ON UPDATE CASCADE;

--
-- Constraints for table `dynamicformfieldvalues`
--
ALTER TABLE `dynamicformfieldvalues`
  ADD CONSTRAINT `dynamicformfieldvalues_ibfk_1` FOREIGN KEY (`dynamicFormFieldId`) REFERENCES `dynamicformfields` (`id`) ON DELETE CASCADE ON UPDATE CASCADE;

--
-- Constraints for table `dynamicforms`
--
ALTER TABLE `dynamicforms`
  ADD CONSTRAINT `dynamicforms_ibfk_1` FOREIGN KEY (`storeId`) REFERENCES `stores` (`id`) ON DELETE CASCADE ON UPDATE CASCADE;

--
-- Constraints for table `dynamicSection`
--
ALTER TABLE `dynamicSection`
  ADD CONSTRAINT `dynamicSection_ibfk_1` FOREIGN KEY (`storeId`) REFERENCES `stores` (`id`) ON DELETE CASCADE ON UPDATE CASCADE,
  ADD CONSTRAINT `dynamicSection_ibfk_2` FOREIGN KEY (`moduleId`) REFERENCES `module` (`id`) ON DELETE CASCADE ON UPDATE CASCADE,
  ADD CONSTRAINT `dynamicSection_ibfk_3` FOREIGN KEY (`moduleItemId`) REFERENCES `moduleItem` (`id`) ON DELETE CASCADE ON UPDATE CASCADE;

--
-- Constraints for table `dynamicSection_bkp_06`
--
ALTER TABLE `dynamicSection_bkp_06`
  ADD CONSTRAINT `dynamicSection_bkp_06_ibfk_1` FOREIGN KEY (`cId`) REFERENCES `client` (`id`) ON DELETE CASCADE ON UPDATE CASCADE,
  ADD CONSTRAINT `dynamicSection_bkp_06_ibfk_2` FOREIGN KEY (`moduleId`) REFERENCES `module_bkp_06` (`id`) ON DELETE CASCADE ON UPDATE CASCADE,
  ADD CONSTRAINT `dynamicSection_bkp_06_ibfk_3` FOREIGN KEY (`moduleItemId`) REFERENCES `moduleItem_bkp_06` (`id`) ON DELETE CASCADE ON UPDATE CASCADE;

--
-- Constraints for table `emailConfiguration`
--
ALTER TABLE `emailConfiguration`
  ADD CONSTRAINT `emailConfiguration_ibfk_1` FOREIGN KEY (`storeId`) REFERENCES `stores` (`id`) ON DELETE CASCADE ON UPDATE CASCADE;

--
-- Constraints for table `emailList`
--
ALTER TABLE `emailList`
  ADD CONSTRAINT `emailList_ibfk_1` FOREIGN KEY (`storeId`) REFERENCES `stores` (`id`) ON DELETE CASCADE ON UPDATE CASCADE;

--
-- Constraints for table `faq`
--
ALTER TABLE `faq`
  ADD CONSTRAINT `faq_ibfk_1` FOREIGN KEY (`storeId`) REFERENCES `stores` (`id`) ON DELETE SET NULL ON UPDATE CASCADE,
  ADD CONSTRAINT `faq_ibfk_2` FOREIGN KEY (`faqGroupId`) REFERENCES `faqGroups` (`id`) ON DELETE SET NULL ON UPDATE CASCADE;

--
-- Constraints for table `faqGroups`
--
ALTER TABLE `faqGroups`
  ADD CONSTRAINT `faqGroups_ibfk_1` FOREIGN KEY (`storeId`) REFERENCES `stores` (`id`) ON DELETE SET NULL ON UPDATE CASCADE;

--
-- Constraints for table `feedback`
--
ALTER TABLE `feedback`
  ADD CONSTRAINT `feedback_ibfk_1` FOREIGN KEY (`storeId`) REFERENCES `stores` (`id`) ON DELETE CASCADE ON UPDATE CASCADE,
  ADD CONSTRAINT `feedback_ibfk_2` FOREIGN KEY (`customerId`) REFERENCES `customers` (`id`) ON DELETE CASCADE ON UPDATE CASCADE;

--
-- Constraints for table `formMasters`
--
ALTER TABLE `formMasters`
  ADD CONSTRAINT `formMasters_ibfk_1` FOREIGN KEY (`storeId`) REFERENCES `stores` (`id`) ON DELETE SET NULL ON UPDATE CASCADE;

--
-- Constraints for table `franchise`
--
ALTER TABLE `franchise`
  ADD CONSTRAINT `franchise_ibfk_1` FOREIGN KEY (`storeId`) REFERENCES `stores` (`id`) ON DELETE SET NULL ON UPDATE CASCADE;

--
-- Constraints for table `getACallback`
--
ALTER TABLE `getACallback`
  ADD CONSTRAINT `getACallback_ibfk_1` FOREIGN KEY (`storeId`) REFERENCES `stores` (`id`) ON DELETE CASCADE ON UPDATE CASCADE;

--
-- Constraints for table `imageResize`
--
ALTER TABLE `imageResize`
  ADD CONSTRAINT `imageResize_ibfk_1` FOREIGN KEY (`storeId`) REFERENCES `stores` (`id`) ON DELETE CASCADE ON UPDATE CASCADE;

--
-- Constraints for table `inventory`
--
ALTER TABLE `inventory`
  ADD CONSTRAINT `inventory_ibfk_1` FOREIGN KEY (`productId`) REFERENCES `products` (`id`) ON DELETE CASCADE ON UPDATE CASCADE,
  ADD CONSTRAINT `inventory_ibfk_2` FOREIGN KEY (`storeId`) REFERENCES `stores` (`id`) ON DELETE CASCADE ON UPDATE CASCADE;

--
-- Constraints for table `iUdyogBlogAuthor`
--
ALTER TABLE `iUdyogBlogAuthor`
  ADD CONSTRAINT `iUdyogBlogAuthor_ibfk_1` FOREIGN KEY (`cId`) REFERENCES `client` (`id`) ON DELETE CASCADE ON UPDATE CASCADE;

--
-- Constraints for table `iUdyogBlogCategory_bkp_06_01`
--
ALTER TABLE `iUdyogBlogCategory_bkp_06_01`
  ADD CONSTRAINT `iUdyogBlogCategory_bkp_06_01_ibfk_1` FOREIGN KEY (`cId`) REFERENCES `client` (`id`) ON DELETE CASCADE ON UPDATE CASCADE;

--
-- Constraints for table `iUdyogBlogComments`
--
ALTER TABLE `iUdyogBlogComments`
  ADD CONSTRAINT `iUdyogBlogComments_ibfk_1` FOREIGN KEY (`cId`) REFERENCES `client` (`id`) ON DELETE CASCADE ON UPDATE CASCADE,
  ADD CONSTRAINT `iUdyogBlogComments_ibfk_2` FOREIGN KEY (`blogId`) REFERENCES `iUdyogBlogs` (`id`) ON DELETE CASCADE ON UPDATE CASCADE;

--
-- Constraints for table `iUdyogBlogs`
--
ALTER TABLE `iUdyogBlogs`
  ADD CONSTRAINT `iUdyogBlogs_ibfk_1` FOREIGN KEY (`cId`) REFERENCES `client` (`id`) ON DELETE CASCADE ON UPDATE CASCADE,
  ADD CONSTRAINT `iUdyogBlogs_ibfk_2` FOREIGN KEY (`authorId`) REFERENCES `iUdyogBlogAuthor` (`id`) ON DELETE CASCADE ON UPDATE CASCADE;

--
-- Constraints for table `iUdyogBlogSelectedCategory`
--
ALTER TABLE `iUdyogBlogSelectedCategory`
  ADD CONSTRAINT `iUdyogBlogSelectedCategory_ibfk_1` FOREIGN KEY (`cId`) REFERENCES `client` (`id`) ON DELETE CASCADE ON UPDATE CASCADE,
  ADD CONSTRAINT `iUdyogBlogSelectedCategory_ibfk_2` FOREIGN KEY (`categoryId`) REFERENCES `iUdyogBlogCategory_bkp_06_01` (`id`) ON DELETE CASCADE ON UPDATE CASCADE,
  ADD CONSTRAINT `iUdyogBlogSelectedCategory_ibfk_3` FOREIGN KEY (`blogId`) REFERENCES `iUdyogBlogs` (`id`) ON DELETE CASCADE ON UPDATE CASCADE;

--
-- Constraints for table `iUdyogSubscribers`
--
ALTER TABLE `iUdyogSubscribers`
  ADD CONSTRAINT `iUdyogSubscribers_ibfk_1` FOREIGN KEY (`storeId`) REFERENCES `stores` (`id`) ON DELETE CASCADE ON UPDATE CASCADE;

--
-- Constraints for table `menus`
--
ALTER TABLE `menus`
  ADD CONSTRAINT `menus_ibfk_1` FOREIGN KEY (`storeId`) REFERENCES `stores` (`id`) ON DELETE CASCADE ON UPDATE CASCADE,
  ADD CONSTRAINT `menus_ibfk_2` FOREIGN KEY (`parentMenuId`) REFERENCES `menus` (`id`) ON DELETE CASCADE ON UPDATE CASCADE,
  ADD CONSTRAINT `menus_ibfk_3` FOREIGN KEY (`moduleId`) REFERENCES `module` (`id`) ON DELETE CASCADE ON UPDATE CASCADE,
  ADD CONSTRAINT `menus_ibfk_4` FOREIGN KEY (`moduleItemId`) REFERENCES `moduleItem` (`id`) ON DELETE CASCADE ON UPDATE CASCADE;

--
-- Constraints for table `menus_bkp`
--
ALTER TABLE `menus_bkp`
  ADD CONSTRAINT `menus_bkp_ibfk_1` FOREIGN KEY (`menuId`) REFERENCES `menus_bkp` (`id`) ON DELETE CASCADE ON UPDATE CASCADE;

--
-- Constraints for table `menus_bkp_06`
--
ALTER TABLE `menus_bkp_06`
  ADD CONSTRAINT `menus_bkp_06_ibfk_1` FOREIGN KEY (`cId`) REFERENCES `client` (`id`) ON DELETE CASCADE ON UPDATE CASCADE,
  ADD CONSTRAINT `menus_bkp_06_ibfk_2` FOREIGN KEY (`parentMenuId`) REFERENCES `menus_bkp_06` (`id`) ON DELETE CASCADE ON UPDATE CASCADE,
  ADD CONSTRAINT `menus_bkp_06_ibfk_3` FOREIGN KEY (`moduleId`) REFERENCES `module_bkp_06` (`id`) ON DELETE CASCADE ON UPDATE CASCADE,
  ADD CONSTRAINT `menus_bkp_06_ibfk_4` FOREIGN KEY (`moduleItemId`) REFERENCES `moduleItem_bkp_06` (`id`) ON DELETE CASCADE ON UPDATE CASCADE;

--
-- Constraints for table `menus_bkp_2`
--
ALTER TABLE `menus_bkp_2`
  ADD CONSTRAINT `menus_bkp_2_ibfk_1` FOREIGN KEY (`cId`) REFERENCES `client` (`id`) ON DELETE CASCADE ON UPDATE CASCADE,
  ADD CONSTRAINT `menus_bkp_2_ibfk_2` FOREIGN KEY (`parentMenuId`) REFERENCES `menus_bkp_2` (`id`) ON DELETE CASCADE ON UPDATE CASCADE,
  ADD CONSTRAINT `menus_bkp_2_ibfk_3` FOREIGN KEY (`moduleId`) REFERENCES `module_bkp` (`id`) ON DELETE CASCADE ON UPDATE CASCADE,
  ADD CONSTRAINT `menus_bkp_2_ibfk_4` FOREIGN KEY (`moduleItemId`) REFERENCES `moduleItem_bkp` (`id`) ON DELETE CASCADE ON UPDATE CASCADE;

--
-- Constraints for table `modelHasRoles`
--
ALTER TABLE `modelHasRoles`
  ADD CONSTRAINT `modelHasRoles_ibfk_1` FOREIGN KEY (`storeId`) REFERENCES `stores` (`id`) ON DELETE CASCADE ON UPDATE CASCADE,
  ADD CONSTRAINT `modelHasRoles_ibfk_2` FOREIGN KEY (`roleId`) REFERENCES `roles` (`id`) ON DELETE CASCADE ON UPDATE CASCADE,
  ADD CONSTRAINT `modelHasRoles_ibfk_3` FOREIGN KEY (`userId`) REFERENCES `admins` (`id`) ON DELETE CASCADE ON UPDATE CASCADE;

--
-- Constraints for table `modelHasRoles_bkp`
--
ALTER TABLE `modelHasRoles_bkp`
  ADD CONSTRAINT `modelHasRoles_bkp_ibfk_1` FOREIGN KEY (`storeId`) REFERENCES `stores` (`id`) ON DELETE SET NULL ON UPDATE CASCADE,
  ADD CONSTRAINT `modelHasRoles_bkp_ibfk_2` FOREIGN KEY (`roleId`) REFERENCES `roles` (`id`) ON DELETE SET NULL ON UPDATE CASCADE,
  ADD CONSTRAINT `modelHasRoles_bkp_ibfk_3` FOREIGN KEY (`userId`) REFERENCES `admins_bkp_05_01_2022` (`id`) ON DELETE SET NULL ON UPDATE CASCADE;

--
-- Constraints for table `modelHasRoles_bkp_06_01`
--
ALTER TABLE `modelHasRoles_bkp_06_01`
  ADD CONSTRAINT `modelHasRoles_bkp_06_01_ibfk_1` FOREIGN KEY (`cId`) REFERENCES `client` (`id`) ON DELETE CASCADE ON UPDATE CASCADE,
  ADD CONSTRAINT `modelHasRoles_bkp_06_01_ibfk_2` FOREIGN KEY (`storeId`) REFERENCES `stores` (`id`) ON DELETE CASCADE ON UPDATE CASCADE,
  ADD CONSTRAINT `modelHasRoles_bkp_06_01_ibfk_3` FOREIGN KEY (`roleId`) REFERENCES `roles` (`id`) ON DELETE CASCADE ON UPDATE CASCADE,
  ADD CONSTRAINT `modelHasRoles_bkp_06_01_ibfk_4` FOREIGN KEY (`userId`) REFERENCES `admins_bkp_06_01` (`id`) ON DELETE CASCADE ON UPDATE CASCADE;

--
-- Constraints for table `module`
--
ALTER TABLE `module`
  ADD CONSTRAINT `module_ibfk_1` FOREIGN KEY (`storeId`) REFERENCES `stores` (`id`) ON DELETE CASCADE ON UPDATE CASCADE;

--
-- Constraints for table `moduleItem`
--
ALTER TABLE `moduleItem`
  ADD CONSTRAINT `moduleItem_ibfk_1` FOREIGN KEY (`storeId`) REFERENCES `stores` (`id`) ON DELETE CASCADE ON UPDATE CASCADE,
  ADD CONSTRAINT `moduleItem_ibfk_2` FOREIGN KEY (`moduleId`) REFERENCES `module` (`id`) ON DELETE CASCADE ON UPDATE CASCADE;

--
-- Constraints for table `moduleItem_bkp`
--
ALTER TABLE `moduleItem_bkp`
  ADD CONSTRAINT `moduleItem_bkp_ibfk_1` FOREIGN KEY (`moduleId`) REFERENCES `module_bkp` (`id`) ON DELETE CASCADE ON UPDATE CASCADE;

--
-- Constraints for table `moduleItem_bkp_06`
--
ALTER TABLE `moduleItem_bkp_06`
  ADD CONSTRAINT `moduleItem_bkp_06_ibfk_1` FOREIGN KEY (`cId`) REFERENCES `client` (`id`) ON DELETE CASCADE ON UPDATE CASCADE,
  ADD CONSTRAINT `moduleItem_bkp_06_ibfk_2` FOREIGN KEY (`moduleId`) REFERENCES `module_bkp_06` (`id`) ON DELETE CASCADE ON UPDATE CASCADE;

--
-- Constraints for table `moduleSetting`
--
ALTER TABLE `moduleSetting`
  ADD CONSTRAINT `moduleSetting_ibfk_1` FOREIGN KEY (`storeId`) REFERENCES `stores` (`id`) ON DELETE CASCADE ON UPDATE CASCADE;

--
-- Constraints for table `moduleSetting_bkp_06`
--
ALTER TABLE `moduleSetting_bkp_06`
  ADD CONSTRAINT `moduleSetting_bkp_06_ibfk_1` FOREIGN KEY (`cId`) REFERENCES `client` (`id`) ON DELETE CASCADE ON UPDATE CASCADE;

--
-- Constraints for table `module_bkp_06`
--
ALTER TABLE `module_bkp_06`
  ADD CONSTRAINT `module_bkp_06_ibfk_1` FOREIGN KEY (`cId`) REFERENCES `client` (`id`) ON DELETE CASCADE ON UPDATE CASCADE;

--
-- Constraints for table `newsLetter`
--
ALTER TABLE `newsLetter`
  ADD CONSTRAINT `newsLetter_ibfk_1` FOREIGN KEY (`storeId`) REFERENCES `stores` (`id`) ON DELETE CASCADE ON UPDATE CASCADE;

--
-- Constraints for table `newsLetterEmail`
--
ALTER TABLE `newsLetterEmail`
  ADD CONSTRAINT `newsLetterEmail_ibfk_1` FOREIGN KEY (`storeId`) REFERENCES `stores` (`id`) ON DELETE CASCADE ON UPDATE CASCADE,
  ADD CONSTRAINT `newsLetterEmail_ibfk_2` FOREIGN KEY (`newsLetterId`) REFERENCES `newsLetter` (`id`) ON DELETE CASCADE ON UPDATE CASCADE;

--
-- Constraints for table `optionMaster`
--
ALTER TABLE `optionMaster`
  ADD CONSTRAINT `optionMaster_ibfk_1` FOREIGN KEY (`storeId`) REFERENCES `stores` (`id`) ON DELETE SET NULL ON UPDATE CASCADE;

--
-- Constraints for table `optionProduct`
--
ALTER TABLE `optionProduct`
  ADD CONSTRAINT `optionProduct_ibfk_1` FOREIGN KEY (`storeId`) REFERENCES `stores` (`id`) ON DELETE SET NULL ON UPDATE CASCADE,
  ADD CONSTRAINT `optionProduct_ibfk_2` FOREIGN KEY (`optionId`) REFERENCES `optionMaster` (`id`) ON DELETE SET NULL ON UPDATE CASCADE,
  ADD CONSTRAINT `optionProduct_ibfk_3` FOREIGN KEY (`productId`) REFERENCES `products` (`id`) ON DELETE SET NULL ON UPDATE CASCADE;

--
-- Constraints for table `optionValue`
--
ALTER TABLE `optionValue`
  ADD CONSTRAINT `optionValue_ibfk_1` FOREIGN KEY (`storeId`) REFERENCES `stores` (`id`) ON DELETE SET NULL ON UPDATE CASCADE,
  ADD CONSTRAINT `optionValue_ibfk_2` FOREIGN KEY (`optionId`) REFERENCES `optionMaster` (`id`) ON DELETE SET NULL ON UPDATE CASCADE;

--
-- Constraints for table `orderItems`
--
ALTER TABLE `orderItems`
  ADD CONSTRAINT `orderItems_ibfk_1` FOREIGN KEY (`storeId`) REFERENCES `stores` (`id`) ON DELETE SET NULL ON UPDATE CASCADE,
  ADD CONSTRAINT `orderItems_ibfk_2` FOREIGN KEY (`orderId`) REFERENCES `orders` (`id`) ON DELETE SET NULL ON UPDATE CASCADE,
  ADD CONSTRAINT `orderItems_ibfk_3` FOREIGN KEY (`productId`) REFERENCES `products` (`id`) ON DELETE SET NULL ON UPDATE CASCADE;

--
-- Constraints for table `orders`
--
ALTER TABLE `orders`
  ADD CONSTRAINT `orders_ibfk_1` FOREIGN KEY (`storeId`) REFERENCES `stores` (`id`) ON DELETE SET NULL ON UPDATE CASCADE,
  ADD CONSTRAINT `orders_ibfk_2` FOREIGN KEY (`customerId`) REFERENCES `customers` (`id`) ON DELETE SET NULL ON UPDATE CASCADE;

--
-- Constraints for table `orderStatusHistory`
--
ALTER TABLE `orderStatusHistory`
  ADD CONSTRAINT `orderStatusHistory_ibfk_1` FOREIGN KEY (`storeId`) REFERENCES `stores` (`id`) ON DELETE SET NULL ON UPDATE CASCADE,
  ADD CONSTRAINT `orderStatusHistory_ibfk_2` FOREIGN KEY (`orderId`) REFERENCES `orders` (`id`) ON DELETE SET NULL ON UPDATE CASCADE;

--
-- Constraints for table `pages`
--
ALTER TABLE `pages`
  ADD CONSTRAINT `pages_ibfk_1` FOREIGN KEY (`storeId`) REFERENCES `stores` (`id`) ON DELETE SET NULL ON UPDATE CASCADE;

--
-- Constraints for table `permissionLog`
--
ALTER TABLE `permissionLog`
  ADD CONSTRAINT `permissionLog_ibfk_1` FOREIGN KEY (`storeId`) REFERENCES `stores` (`id`) ON DELETE CASCADE ON UPDATE CASCADE,
  ADD CONSTRAINT `permissionLog_ibfk_2` FOREIGN KEY (`permissionGroupId`) REFERENCES `permissionGroup` (`id`) ON DELETE CASCADE ON UPDATE CASCADE;

--
-- Constraints for table `permissions`
--
ALTER TABLE `permissions`
  ADD CONSTRAINT `permissions_ibfk_1` FOREIGN KEY (`storeId`) REFERENCES `stores` (`id`) ON DELETE SET NULL ON UPDATE CASCADE;

--
-- Constraints for table `productCategory`
--
ALTER TABLE `productCategory`
  ADD CONSTRAINT `productCategory_ibfk_1` FOREIGN KEY (`storeId`) REFERENCES `stores` (`id`) ON DELETE SET NULL ON UPDATE CASCADE,
  ADD CONSTRAINT `productCategory_ibfk_2` FOREIGN KEY (`categoryId`) REFERENCES `categories` (`id`) ON DELETE SET NULL ON UPDATE CASCADE,
  ADD CONSTRAINT `productCategory_ibfk_3` FOREIGN KEY (`productId`) REFERENCES `products` (`id`) ON DELETE SET NULL ON UPDATE CASCADE;

--
-- Constraints for table `productImages`
--
ALTER TABLE `productImages`
  ADD CONSTRAINT `productImages_ibfk_1` FOREIGN KEY (`storeId`) REFERENCES `stores` (`id`) ON DELETE SET NULL ON UPDATE CASCADE,
  ADD CONSTRAINT `productImages_ibfk_2` FOREIGN KEY (`productId`) REFERENCES `products` (`id`) ON DELETE SET NULL ON UPDATE CASCADE;

--
-- Constraints for table `products`
--
ALTER TABLE `products`
  ADD CONSTRAINT `products_ibfk_1` FOREIGN KEY (`storeId`) REFERENCES `stores` (`id`) ON DELETE SET NULL ON UPDATE CASCADE;

--
-- Constraints for table `questionaire`
--
ALTER TABLE `questionaire`
  ADD CONSTRAINT `questionaire_ibfk_1` FOREIGN KEY (`storeId`) REFERENCES `stores` (`id`) ON DELETE CASCADE ON UPDATE CASCADE;

--
-- Constraints for table `questionaire_bkp_06`
--
ALTER TABLE `questionaire_bkp_06`
  ADD CONSTRAINT `questionaire_bkp_06_ibfk_1` FOREIGN KEY (`cId`) REFERENCES `client` (`id`) ON DELETE CASCADE ON UPDATE CASCADE;

--
-- Constraints for table `questionoptions`
--
ALTER TABLE `questionoptions`
  ADD CONSTRAINT `questionoptions_ibfk_1` FOREIGN KEY (`storeId`) REFERENCES `stores` (`id`) ON DELETE CASCADE ON UPDATE CASCADE,
  ADD CONSTRAINT `questionoptions_ibfk_2` FOREIGN KEY (`questionaireId`) REFERENCES `questionaire` (`id`) ON DELETE CASCADE ON UPDATE CASCADE,
  ADD CONSTRAINT `questionoptions_ibfk_3` FOREIGN KEY (`questionId`) REFERENCES `questions` (`id`) ON DELETE CASCADE ON UPDATE CASCADE;

--
-- Constraints for table `questionoptions_bkp_06`
--
ALTER TABLE `questionoptions_bkp_06`
  ADD CONSTRAINT `questionoptions_bkp_06_ibfk_1` FOREIGN KEY (`cId`) REFERENCES `client` (`id`) ON DELETE CASCADE ON UPDATE CASCADE,
  ADD CONSTRAINT `questionoptions_bkp_06_ibfk_2` FOREIGN KEY (`questionaireId`) REFERENCES `questionaire_bkp_06` (`id`) ON DELETE CASCADE ON UPDATE CASCADE,
  ADD CONSTRAINT `questionoptions_bkp_06_ibfk_3` FOREIGN KEY (`questionId`) REFERENCES `questions_bkp_06` (`id`) ON DELETE CASCADE ON UPDATE CASCADE;

--
-- Constraints for table `questions`
--
ALTER TABLE `questions`
  ADD CONSTRAINT `questions_ibfk_1` FOREIGN KEY (`storeId`) REFERENCES `stores` (`id`) ON DELETE CASCADE ON UPDATE CASCADE,
  ADD CONSTRAINT `questions_ibfk_2` FOREIGN KEY (`questionaireId`) REFERENCES `questionaire` (`id`) ON DELETE CASCADE ON UPDATE CASCADE;

--
-- Constraints for table `questions_bkp_06`
--
ALTER TABLE `questions_bkp_06`
  ADD CONSTRAINT `questions_bkp_06_ibfk_1` FOREIGN KEY (`cId`) REFERENCES `client` (`id`) ON DELETE CASCADE ON UPDATE CASCADE,
  ADD CONSTRAINT `questions_bkp_06_ibfk_2` FOREIGN KEY (`questionaireId`) REFERENCES `questionaire_bkp_06` (`id`) ON DELETE CASCADE ON UPDATE CASCADE;

--
-- Constraints for table `razorpay`
--
ALTER TABLE `razorpay`
  ADD CONSTRAINT `razorpay_ibfk_1` FOREIGN KEY (`storeId`) REFERENCES `stores` (`id`) ON DELETE CASCADE ON UPDATE CASCADE;

--
-- Constraints for table `relatedProduct`
--
ALTER TABLE `relatedProduct`
  ADD CONSTRAINT `relatedProduct_ibfk_1` FOREIGN KEY (`storeId`) REFERENCES `stores` (`id`) ON DELETE SET NULL ON UPDATE CASCADE,
  ADD CONSTRAINT `relatedProduct_ibfk_2` FOREIGN KEY (`productId`) REFERENCES `products` (`id`) ON DELETE SET NULL ON UPDATE CASCADE;

--
-- Constraints for table `reservationTimeSlot`
--
ALTER TABLE `reservationTimeSlot`
  ADD CONSTRAINT `reservationTimeSlot_ibfk_1` FOREIGN KEY (`storeId`) REFERENCES `stores` (`id`) ON DELETE CASCADE ON UPDATE CASCADE;

--
-- Constraints for table `reservationtimeslot_bkp`
--
ALTER TABLE `reservationtimeslot_bkp`
  ADD CONSTRAINT `reservationtimeslot_bkp_ibfk_1` FOREIGN KEY (`storeId`) REFERENCES `stores` (`id`) ON DELETE CASCADE ON UPDATE CASCADE;

--
-- Constraints for table `roleHasPermissions`
--
ALTER TABLE `roleHasPermissions`
  ADD CONSTRAINT `roleHasPermissions_ibfk_1` FOREIGN KEY (`storeId`) REFERENCES `stores` (`id`) ON DELETE SET NULL ON UPDATE CASCADE,
  ADD CONSTRAINT `roleHasPermissions_ibfk_2` FOREIGN KEY (`permissionId`) REFERENCES `permissions` (`id`) ON DELETE SET NULL ON UPDATE CASCADE,
  ADD CONSTRAINT `roleHasPermissions_ibfk_3` FOREIGN KEY (`roleId`) REFERENCES `roles` (`id`) ON DELETE SET NULL ON UPDATE CASCADE;

--
-- Constraints for table `roles`
--
ALTER TABLE `roles`
  ADD CONSTRAINT `roles_ibfk_1` FOREIGN KEY (`storeId`) REFERENCES `stores` (`id`) ON DELETE SET NULL ON UPDATE CASCADE;

--
-- Constraints for table `shippingMethods`
--
ALTER TABLE `shippingMethods`
  ADD CONSTRAINT `shippingMethods_ibfk_1` FOREIGN KEY (`storeId`) REFERENCES `stores` (`id`) ON DELETE SET NULL ON UPDATE CASCADE;

--
-- Constraints for table `siteSettingsGroups`
--
ALTER TABLE `siteSettingsGroups`
  ADD CONSTRAINT `siteSettingsGroups_ibfk_1` FOREIGN KEY (`storeId`) REFERENCES `stores` (`id`) ON DELETE SET NULL ON UPDATE CASCADE;

--
-- Constraints for table `siteSettingsGroups_bkp`
--
ALTER TABLE `siteSettingsGroups_bkp`
  ADD CONSTRAINT `siteSettingsGroups_bkp_ibfk_1` FOREIGN KEY (`storeId`) REFERENCES `stores` (`id`) ON DELETE SET NULL ON UPDATE CASCADE;

--
-- Constraints for table `siteSettings_bkp`
--
ALTER TABLE `siteSettings_bkp`
  ADD CONSTRAINT `siteSettings_bkp_ibfk_1` FOREIGN KEY (`storeId`) REFERENCES `stores` (`id`) ON DELETE SET NULL ON UPDATE CASCADE,
  ADD CONSTRAINT `siteSettings_bkp_ibfk_2` FOREIGN KEY (`siteSettingsGroupId`) REFERENCES `siteSettingsGroups_bkp` (`id`) ON DELETE SET NULL ON UPDATE CASCADE;

--
-- Constraints for table `smsstore`
--
ALTER TABLE `smsstore`
  ADD CONSTRAINT `smsstore_ibfk_1` FOREIGN KEY (`smId`) REFERENCES `sms` (`id`) ON DELETE CASCADE ON UPDATE CASCADE;

--
-- Constraints for table `student`
--
ALTER TABLE `student`
  ADD CONSTRAINT `student_ibfk_1` FOREIGN KEY (`storeId`) REFERENCES `stores` (`id`) ON DELETE CASCADE ON UPDATE CASCADE;

--
-- Constraints for table `student_bkp_06`
--
ALTER TABLE `student_bkp_06`
  ADD CONSTRAINT `student_bkp_06_ibfk_1` FOREIGN KEY (`cId`) REFERENCES `client` (`id`) ON DELETE CASCADE ON UPDATE CASCADE;

--
-- Constraints for table `subscribers`
--
ALTER TABLE `subscribers`
  ADD CONSTRAINT `subscribers_ibfk_1` FOREIGN KEY (`storeId`) REFERENCES `stores` (`id`) ON DELETE SET NULL ON UPDATE CASCADE;

--
-- Constraints for table `subSection`
--
ALTER TABLE `subSection`
  ADD CONSTRAINT `subSection_ibfk_1` FOREIGN KEY (`storeId`) REFERENCES `stores` (`id`) ON DELETE CASCADE ON UPDATE CASCADE,
  ADD CONSTRAINT `subSection_ibfk_2` FOREIGN KEY (`sectionId`) REFERENCES `dynamicSection` (`id`) ON DELETE CASCADE ON UPDATE CASCADE;

--
-- Constraints for table `subSection_bkp_06`
--
ALTER TABLE `subSection_bkp_06`
  ADD CONSTRAINT `subSection_bkp_06_ibfk_1` FOREIGN KEY (`cId`) REFERENCES `client` (`id`) ON DELETE CASCADE ON UPDATE CASCADE,
  ADD CONSTRAINT `subSection_bkp_06_ibfk_2` FOREIGN KEY (`sectionId`) REFERENCES `dynamicSection_bkp_06` (`id`) ON DELETE CASCADE ON UPDATE CASCADE;

--
-- Constraints for table `surveyRemarks`
--
ALTER TABLE `surveyRemarks`
  ADD CONSTRAINT `surveyRemarks_ibfk_1` FOREIGN KEY (`storeId`) REFERENCES `stores` (`id`) ON DELETE CASCADE ON UPDATE CASCADE,
  ADD CONSTRAINT `surveyRemarks_ibfk_2` FOREIGN KEY (`questionaireId`) REFERENCES `questionaire` (`id`) ON DELETE CASCADE ON UPDATE CASCADE,
  ADD CONSTRAINT `surveyRemarks_ibfk_3` FOREIGN KEY (`surveyResultId`) REFERENCES `surveyResult` (`id`) ON DELETE CASCADE ON UPDATE CASCADE;

--
-- Constraints for table `surveyResult`
--
ALTER TABLE `surveyResult`
  ADD CONSTRAINT `surveyResult_ibfk_1` FOREIGN KEY (`storeId`) REFERENCES `stores` (`id`) ON DELETE CASCADE ON UPDATE CASCADE,
  ADD CONSTRAINT `surveyResult_ibfk_2` FOREIGN KEY (`questionaireId`) REFERENCES `questionaire` (`id`) ON DELETE CASCADE ON UPDATE CASCADE;

--
-- Constraints for table `surveyResult_bkp_06`
--
ALTER TABLE `surveyResult_bkp_06`
  ADD CONSTRAINT `surveyResult_bkp_06_ibfk_1` FOREIGN KEY (`cId`) REFERENCES `client` (`id`) ON DELETE CASCADE ON UPDATE CASCADE,
  ADD CONSTRAINT `surveyResult_bkp_06_ibfk_2` FOREIGN KEY (`questionaireId`) REFERENCES `questionaire_bkp_06` (`id`) ON DELETE CASCADE ON UPDATE CASCADE;

--
-- Constraints for table `testimonials`
--
ALTER TABLE `testimonials`
  ADD CONSTRAINT `testimonials_ibfk_1` FOREIGN KEY (`storeId`) REFERENCES `stores` (`id`) ON DELETE SET NULL ON UPDATE CASCADE;

--
-- Constraints for table `transactionsOffer`
--
ALTER TABLE `transactionsOffer`
  ADD CONSTRAINT `transactionsOffer_ibfk_1` FOREIGN KEY (`storeId`) REFERENCES `stores` (`id`) ON DELETE CASCADE ON UPDATE CASCADE;

--
-- Constraints for table `users`
--
ALTER TABLE `users`
  ADD CONSTRAINT `users_ibfk_1` FOREIGN KEY (`storeId`) REFERENCES `stores` (`id`) ON DELETE SET NULL ON UPDATE CASCADE;

--
-- Constraints for table `wallets`
--
ALTER TABLE `wallets`
  ADD CONSTRAINT `wallets_ibfk_1` FOREIGN KEY (`storeId`) REFERENCES `stores` (`id`) ON DELETE SET NULL ON UPDATE CASCADE,
  ADD CONSTRAINT `wallets_ibfk_2` FOREIGN KEY (`customerId`) REFERENCES `customers` (`id`) ON DELETE SET NULL ON UPDATE CASCADE;

--
-- Constraints for table `walletTransaction`
--
ALTER TABLE `walletTransaction`
  ADD CONSTRAINT `walletTransaction_ibfk_1` FOREIGN KEY (`storeId`) REFERENCES `stores` (`id`) ON DELETE SET NULL ON UPDATE CASCADE,
  ADD CONSTRAINT `walletTransaction_ibfk_2` FOREIGN KEY (`walletId`) REFERENCES `wallets` (`id`) ON DELETE SET NULL ON UPDATE CASCADE,
  ADD CONSTRAINT `walletTransaction_ibfk_3` FOREIGN KEY (`customerId`) REFERENCES `customers` (`id`) ON DELETE SET NULL ON UPDATE CASCADE;

--
-- Constraints for table `zipcode`
--
ALTER TABLE `zipcode`
  ADD CONSTRAINT `zipcode_ibfk_1` FOREIGN KEY (`storeId`) REFERENCES `stores` (`id`) ON DELETE SET NULL ON UPDATE CASCADE;
COMMIT;

/*!40101 SET CHARACTER_SET_CLIENT=@OLD_CHARACTER_SET_CLIENT */;
/*!40101 SET CHARACTER_SET_RESULTS=@OLD_CHARACTER_SET_RESULTS */;
/*!40101 SET COLLATION_CONNECTION=@OLD_COLLATION_CONNECTION */;
